artist,track,release_title,release_year,label,release_id,duration
Jakatta,American Dream (Afterlife Remix),The Chillout Session,2001,Ministry Of Sound,89064,5:40
Schiller,Das Glockenspiel (Schill Out Mix),The Chillout Session,2001,Ministry Of Sound,89064,5:13
System F,Insolation,The Chillout Session,2001,Ministry Of Sound,89064,6:37
"G-Club, Banda Sonora",Guitarra G (Original Chill Out Mix),The Chillout Session,2001,Ministry Of Sound,89064,7:18
Breezin',Clouds,The Chillout Session,2001,Ministry Of Sound,89064,7:29
Kruder & Dorfmeister,Original Bedroom Rockers,The Ultimate Chillout Album,2002,Ministry Of Sound,288544,6:08
Static Revenger,Happy People (Christian J Rhodes Remix),The Ultimate Chillout Album,2002,Ministry Of Sound,288544,4:47
"A Man Called Adam, Coco Steel & Lovebomb",Yachts,The Ultimate Chillout Album,2002,Ministry Of Sound,288544,5:57
Hazard Project,Flipmode Flute,The Ultimate Chillout Album,2002,Ministry Of Sound,288544,5:31
Duffer Club,Undertone,The Ultimate Chillout Album,2002,Ministry Of Sound,288544,5:15
Quarter,S. Toned,The Ultimate Chillout Album,2002,Ministry Of Sound,288544,5:14
Da Rockery,Intense,The Ultimate Chillout Album,2002,Ministry Of Sound,288544,5:40
Energy 52,Café Del Mar (Michael Woods Ambient Mix),The Ultimate Chillout Album,2002,Ministry Of Sound,288544,10:25
Rae & Christian,Blazing The Crop,The Ultimate Chillout Album,2002,Ministry Of Sound,288544,2:06
Hazard Project,Numb,The Ultimate Chillout Album,2002,Ministry Of Sound,288544,5:27
Quarter,Bongo Tune,The Ultimate Chillout Album,2002,Ministry Of Sound,288544,5:51
Careless,Early Dawn,The Ultimate Chillout Album,2002,Ministry Of Sound,288544,5:49
Indica,Greenman,The Ultimate Chillout Album,2002,Ministry Of Sound,288544,6:12
Moonchild (8),Gardens Of Eden,The Ultimate Chillout Album,2002,Ministry Of Sound,288544,5:14
Los Clavelitos,Havanna,The Ultimate Chillout Album,2002,Ministry Of Sound,288544,5:36
The Herbaliser,A Mother (For Your Mind),The Ultimate Chillout Album,2002,Ministry Of Sound,288544,6:37
Da Lata,Pra Manha,The Ultimate Chillout Album,2002,Ministry Of Sound,288544,6:12
Fingathing,You Fly Me,The Ultimate Chillout Album,2002,Ministry Of Sound,288544,3:08
Contract Chillers,"Love, Come Run To Me",The Ultimate Chillout Album,2002,Ministry Of Sound,288544,5:29
Carl Vega,Stand Firm,The Ultimate Chillout Album,2002,Ministry Of Sound,288544,7:30
"Jose Canasta, Joey Peanuts",Dominigo's Flaming,The Ultimate Chillout Album,2002,Ministry Of Sound,288544,3:35
Infrasound,Song To The Summer,The Ultimate Chillout Album,2002,Ministry Of Sound,288544,3:56
Groove Science,On A Level,The Ultimate Chillout Album,2002,Ministry Of Sound,288544,6:13
Repesquo,In The Shallows,The Ultimate Chillout Album,2002,Ministry Of Sound,288544,5:42
Hazy Roomz,Herbal Essance,The Ultimate Chillout Album,2002,Ministry Of Sound,288544,5:48
London Funk Allstars,Listen To The Beat,The Ultimate Chillout Album,2002,Ministry Of Sound,288544,4:42
"The Thrillseekers, Alexis Strum",Dreaming Of You (Tranquilo's Ambient Mix),The Ultimate Chillout Album,2002,Ministry Of Sound,288544,7:04
Futuremind,Thru Da Mist,The Ultimate Chillout Album,2002,Ministry Of Sound,288544,4:53
Smokee,Golden Skyes,The Ultimate Chillout Album,2002,Ministry Of Sound,288544,2:23
Careless,Fields Of Green,The Ultimate Chillout Album,2002,Ministry Of Sound,288544,4:52
Duffer Club,Bionic Force,The Ultimate Chillout Album,2002,Ministry Of Sound,288544,5:16
Smokee,Dual Power,The Ultimate Chillout Album,2002,Ministry Of Sound,288544,3:47
Casa La Luna,Music's My Life,The Ultimate Chillout Album,2002,Ministry Of Sound,288544,4:35
Indica,Magical Thing,The Ultimate Chillout Album,2002,Ministry Of Sound,288544,4:57
Lost Witness,Did I Dream (Song To The Siren) (Bollywood Mix),The Ultimate Chillout Album,2002,Ministry Of Sound,288544,4:44
Solar Sound Club,One Time Too Many,The Ultimate Chillout Album,2002,Ministry Of Sound,288544,5:28
Quarter,Bubbleberry,The Ultimate Chillout Album,2002,Ministry Of Sound,288544,3:25
Indica,Blue,The Ultimate Chillout Album,2002,Ministry Of Sound,288544,5:39
Black On White,Serious Visions,The Ultimate Chillout Album,2002,Ministry Of Sound,288544,4:27
Careless,No Connection Made,The Ultimate Chillout Album,2002,Ministry Of Sound,288544,3:28
As One,Meridian (Max 404 Mix),The Ultimate Chillout Album,2002,Ministry Of Sound,288544,6:14
Contract Chillers,Style Smooth,The Ultimate Chillout Album,2002,Ministry Of Sound,288544,7:30
Skygazer,Arizona,The Ultimate Chillout Album,2002,Ministry Of Sound,288544,8:47
Orion,Eternity (Acoustic Mix),The Ultimate Chillout Album,2002,Ministry Of Sound,288544,4:54
ATB,9pm (Til I Come) (Bent Mix),The Ultimate Chillout Album,2002,Ministry Of Sound,288544,7:45
Amber,Sexual (Afterlife Mix),The Ultimate Chillout Album,2002,Ministry Of Sound,288544,4:16
Carl Vega,Blue Sun,The Ultimate Chillout Album,2002,Ministry Of Sound,288544,6:05
Hookah,Sunrise Kos,The Ultimate Chillout Album,2002,Ministry Of Sound,288544,7:33
Base Number,Touch Tone,The Ultimate Chillout Album,2002,Ministry Of Sound,288544,2:58
Ill Smith,Lime Wave,The Ultimate Chillout Album,2002,Ministry Of Sound,288544,6:46
Mobius Strip,Natural,The Ultimate Chillout Album,2002,Ministry Of Sound,288544,9:18
Beat Knowledge,Drop Out,The Ultimate Chillout Album,2002,Ministry Of Sound,288544,7:13
Rhythm Method (20),Inhibitor,The Ultimate Chillout Album,2002,Ministry Of Sound,288544,7:20
Dido,Here With Me (Radio Edit),The Chillout Session 2,2001,Ministry Of Sound,359770,
Groove Armada,At The River (Radio Edit),The Chillout Session 2,2001,Ministry Of Sound,359770,
Massive Attack,Weather Storm,The Chillout Session 2,2001,Ministry Of Sound,359770,
Chicane,Offshore (Album Mix),The Chillout Session 2,2001,Ministry Of Sound,359770,
Jakatta,American Dream (Afterlife Mix),The Chillout Session 2,2001,Ministry Of Sound,359770,
Zero 7,Give It Away,The Chillout Session 2,2001,Ministry Of Sound,359770,
Smoke City,Underwater Love (Radio Edit),The Chillout Session 2,2001,Ministry Of Sound,359770,
Kinobe,Slip Into Something More Comfortable (Instrumental),The Chillout Session 2,2001,Ministry Of Sound,359770,
"Rae & Christian, Veba",Spellbound (Radio Edit),The Chillout Session 2,2001,Ministry Of Sound,359770,
Pepe Deluxé,Before You Leave (Radio Edit),The Chillout Session 2,2001,Ministry Of Sound,359770,
Bentley Rhythm Ace,Bentley's Gonna Sort You Out,The Chillout Session 2,2001,Ministry Of Sound,359770,
Hairy Diamond,Givin Up (Radio Edit),The Chillout Session 2,2001,Ministry Of Sound,359770,
Skinny,Worth It,The Chillout Session 2,2001,Ministry Of Sound,359770,
Lemon Jelly,Come,The Chillout Session 2,2001,Ministry Of Sound,359770,
Mr. Natural,Playing To Win (Instrumental),The Chillout Session 2,2001,Ministry Of Sound,359770,
Radiohead,Street Spirit (Fade Out),The Chillout Session 2,2001,Ministry Of Sound,359770,
"Everything But The Girl, Soul Vision",Tracey In My Room (Original Mix),The Chillout Session 2,2001,Ministry Of Sound,359770,
Dubtribe Sound System,Do It Now (Original Mix),The Chillout Session 2,2001,Ministry Of Sound,359770,
Underworld,Jumbo (Futureshock World's Apart Vox),The Chillout Session 2,2001,Ministry Of Sound,359770,
Faithless,Drifting Away (Album Mix),The Chillout Session 2,2001,Ministry Of Sound,359770,
Deadly Avenger,Day One,The Chillout Session 2,2001,Ministry Of Sound,359770,
Roger Sanchez,Another Chance (Afterlife Mix),The Chillout Session 2,2001,Ministry Of Sound,359770,
"Full Intention, Shena",I'll Be Waiting (Lux Remix),The Chillout Session 2,2001,Ministry Of Sound,359770,
Ruff Driverz,Savannah,The Chillout Session 2,2001,Ministry Of Sound,359770,
Santos,Hear My Soul,The Chillout Session 2,2001,Ministry Of Sound,359770,
Kristine Blond,Love Shy (Sandgate Remix),The Chillout Session 2,2001,Ministry Of Sound,359770,
Pilgrims Of The Mind,Nothing Can Pull Us Apart,The Chillout Session 2,2001,Ministry Of Sound,359770,
BT,Shame (Bent Instrumental),The Chillout Session 2,2001,Ministry Of Sound,359770,
Origin,Refined Intricacy (Full Vox),The Chillout Session 2,2001,Ministry Of Sound,359770,
The Aloof,"One Night Stand (7"" Edit)",The Chillout Session 2,2001,Ministry Of Sound,359770,
Leftfield,Fanfare Of Life,The Ultimate Chillout Ibiza Album,2004,Ministry Of Sound,947937,6:02
The Sabres Of Paradise,Smokebelch II (Beatless Mix),The Ultimate Chillout Ibiza Album,2004,Ministry Of Sound,947937,4:16
The Farm,All Together Now,The Ultimate Chillout Ibiza Album,2004,Ministry Of Sound,947937,5:41
The Shamen,Phorever People ((The Beatmasters Heavenly Edit)),The Ultimate Chillout Ibiza Album,2004,Ministry Of Sound,947937,3:45
A Man Called Adam,Love Forgotten,The Ultimate Chillout Ibiza Album,2004,Ministry Of Sound,947937,8:22
Prefuse 73,One Word Extinguisher,The Ultimate Chillout Ibiza Album,2004,Ministry Of Sound,947937,4:06
Basement Jaxx,Romeo (Acoustic Version),The Ultimate Chillout Ibiza Album,2004,Ministry Of Sound,947937,3:33
Moloko,Sing It Back (Herbert’s Tasteful Dub),The Ultimate Chillout Ibiza Album,2004,Ministry Of Sound,947937,6:00
Nightmares On Wax,What I’m Feeling (Rae & Christian Mix),The Ultimate Chillout Ibiza Album,2004,Ministry Of Sound,947937,6:29
Groove Armada,Fireside Favourite,The Ultimate Chillout Ibiza Album,2004,Ministry Of Sound,947937,4:23
Digby Jones,Idea 11,The Ultimate Chillout Ibiza Album,2004,Ministry Of Sound,947937,2:52
Burnie Ranking,Fire Truck Riddim,The Ultimate Chillout Ibiza Album,2004,Ministry Of Sound,947937,3:44
Michelle Shaprow,If I Lost You (King Britt Scuba Mix),The Ultimate Chillout Ibiza Album,2004,Ministry Of Sound,947937,8:47
Troubleman,Change Is What We Need,The Ultimate Chillout Ibiza Album,2004,Ministry Of Sound,947937,8:50
Tiefschwarz,Never,The Ultimate Chillout Ibiza Album,2004,Ministry Of Sound,947937,6:44
Zoot Woman,It’s Automatic,The Ultimate Chillout Ibiza Album,2004,Ministry Of Sound,947937,4:06
Raven Maize,Fascinated (Rodox Dub),The Ultimate Chillout Ibiza Album,2004,Ministry Of Sound,947937,7:17
Jaimeson,Complete,The Ultimate Chillout Ibiza Album,2004,Ministry Of Sound,947937,3:44
"Tiga, Jake Shears",Hot In Herre,The Ultimate Chillout Ibiza Album,2004,Ministry Of Sound,947937,3:52
Chungking,World Of A Thousand Suns,The Ultimate Chillout Ibiza Album,2004,Ministry Of Sound,947937,5:03
The Original Roots,Play Some Music For I,The Ultimate Chillout Ibiza Album,2004,Ministry Of Sound,947937,4:29
Static Revenger,Happy People (Christian J 'Rhodes Island Remix),The Ultimate Chillout Ibiza Album,2004,Ministry Of Sound,947937,4:48
"DJ Sammy, Yanou, Do",Heaven (Candlelight Mix),The Ultimate Chillout Ibiza Album,2004,Ministry Of Sound,947937,4:03
"Agnelli & Nelson, Aureas",Holding Onto Nothing (Chillout Remix),The Ultimate Chillout Ibiza Album,2004,Ministry Of Sound,947937,6:31
The Thrillseekers,Dreaming Of You (Tranquilo’s Ambient Mix),The Ultimate Chillout Ibiza Album,2004,Ministry Of Sound,947937,7:05
"Full Intention, Shena",I’ll Be Waiting (The Lux Sunset Edit),The Ultimate Chillout Ibiza Album,2004,Ministry Of Sound,947937,4:16
"Brother Brown, Frank'ee",Star Catching Girl,The Ultimate Chillout Ibiza Album,2004,Ministry Of Sound,947937,4:26
Seraphim Suite,Heart,The Ultimate Chillout Ibiza Album,2004,Ministry Of Sound,947937,3:25
Jamie Cullum,High And Dry,The Ultimate Chillout Ibiza Album,2004,Ministry Of Sound,947937,4:54
Crackpot,8 Little Sheep,The Ultimate Chillout Ibiza Album,2004,Ministry Of Sound,947937,4:13
Digby Jones,Under The Sea,The Ultimate Chillout Ibiza Album,2004,Ministry Of Sound,947937,5:55
Ikon (2),Vai E Vem,The Ultimate Chillout Ibiza Album,2004,Ministry Of Sound,947937,3:40
Carl Vega,Summer Lady,The Ultimate Chillout Ibiza Album,2004,Ministry Of Sound,947937,4:23
Kirsten Stoikev,Laura (Carl Vega Dub),The Ultimate Chillout Ibiza Album,2004,Ministry Of Sound,947937,6:12
Simon Burnett,Love From Rio (Simon’s Dub),The Ultimate Chillout Ibiza Album,2004,Ministry Of Sound,947937,4:57
"Contract Chillers, Smokin Roots",River Rock,The Ultimate Chillout Ibiza Album,2004,Ministry Of Sound,947937,3:49
Digby Jones,Kitty’s Theme (1973 Mix),The Ultimate Chillout Ibiza Album,2004,Ministry Of Sound,947937,6:06
Smokin Roots,The Time (Spatial Dub Mix),The Ultimate Chillout Ibiza Album,2004,Ministry Of Sound,947937,4:16
Cagedbaby,Strawberry Letter 23,The Ultimate Chillout Ibiza Album,2004,Ministry Of Sound,947937,5:00
Funkdust,Street Feet Skank,The Ultimate Chillout Ibiza Album,2004,Ministry Of Sound,947937,2:18
"Carl Vega, Angrave",In Time,The Ultimate Chillout Ibiza Album,2004,Ministry Of Sound,947937,4:49
Beat Knowledge,Any Contest,The Ultimate Chillout Ibiza Album,2004,Ministry Of Sound,947937,5:23
DJ Fidelity,Keep On Steppin’,The Ultimate Chillout Ibiza Album,2004,Ministry Of Sound,947937,3:14
Carl Vega,One Ten Story,The Ultimate Chillout Ibiza Album,2004,Ministry Of Sound,947937,4:54
Solar Budd,Drifting,The Ultimate Chillout Ibiza Album,2004,Ministry Of Sound,947937,3:27
Lion Zimma,Lost Station Dub,The Ultimate Chillout Ibiza Album,2004,Ministry Of Sound,947937,3:58
Winstone Nino & The Humble-Ites,Jah Mash Down The Wicked,The Ultimate Chillout Ibiza Album,2004,Ministry Of Sound,947937,3:44
Rhythm Method,Inhibitor,The Ultimate Chillout Album,2002,Ministry Of Sound,14620446,7:20
Kinobe,Slip Into Something More Comfortable,Karma Chillout (The Finest Selection Of Chillout Music),2002,Ministry Of Sound,133288,4:40
Swan Lee,Tomorrow Never Dies (Single Edit),Karma Chillout (The Finest Selection Of Chillout Music),2002,Ministry Of Sound,133288,3:46
"Goldtrix, Andrea Brown",It's Love (Wacaria Symphony Mix),Karma Chillout (The Finest Selection Of Chillout Music),2002,Ministry Of Sound,133288,5:01
Black Mighty Orchestra,Ocean Beach (Cybophonia Cinematic Remix),Karma Chillout (The Finest Selection Of Chillout Music),2002,Ministry Of Sound,133288,4:12
Northern Comfort,The Servant,Karma Chillout (The Finest Selection Of Chillout Music),2002,Ministry Of Sound,133288,7:19
Fluff,Late Night Session (Radio Edit),Karma Chillout (The Finest Selection Of Chillout Music),2002,Ministry Of Sound,133288,3:22
Groove Armada,My Friend,Karma Chillout (The Finest Selection Of Chillout Music),2002,Ministry Of Sound,133288,3:50
The Future Sound Of London,Papua New Guinea (Blue States Mix),Karma Chillout (The Finest Selection Of Chillout Music),2002,Ministry Of Sound,133288,3:52
Nitin Sawhney,Sunset,Karma Chillout (The Finest Selection Of Chillout Music),2002,Ministry Of Sound,133288,3:06
4 Strings,Take Me Away (Into The Night) (Chill Out Mix),Karma Chillout (The Finest Selection Of Chillout Music),2002,Ministry Of Sound,133288,4:02
Disco Valente,I See Music (Chili Fashion Mix),Karma Chillout (The Finest Selection Of Chillout Music),2002,Ministry Of Sound,133288,3:21
Out Of Phase,Arabella,Karma Chillout (The Finest Selection Of Chillout Music),2002,Ministry Of Sound,133288,5:14
RinneRadio,Kuvala (CCC Chill Out Mix),Karma Chillout (The Finest Selection Of Chillout Music),2002,Ministry Of Sound,133288,6:24
Desmond Dekker,Israelites (Ibizarre Mix),Karma Chillout (The Finest Selection Of Chillout Music),2002,Ministry Of Sound,133288,2:15
Zero 7,Destiny,Karma Chillout (The Finest Selection Of Chillout Music),2002,Ministry Of Sound,133288,3:31
Breeze (69),Sun & Air,Karma Chillout (The Finest Selection Of Chillout Music),2002,Ministry Of Sound,133288,2:02
Out Of Phase,Do You,Karma Chillout (The Finest Selection Of Chillout Music),2002,Ministry Of Sound,133288,4:10
Coldplay,Midnight (Kygo Remix),Chilled House Session 6,2015,Ministry Of Sound,6726597,5:17
London Grammar,If You Wait (Jacques Lu Cont Remix),Chilled House Session 6,2015,Ministry Of Sound,6726597,4:48
"Wankelmut, Emma Louise (3)",My Head Is A Jungle (MK Remix Radio Edit),Chilled House Session 6,2015,Ministry Of Sound,6726597,4:10
Tom Odell,Another Love (Zwette Edit),Chilled House Session 6,2015,Ministry Of Sound,6726597,4:14
Kiesza,Giant In My Heart (No Artifical Colours Remix),Chilled House Session 6,2015,Ministry Of Sound,6726597,2:53
ZHU,Faded,Chilled House Session 6,2015,Ministry Of Sound,6726597,3:24
Henry Krinkle,Stay (Justin Martin Remix),Chilled House Session 6,2015,Ministry Of Sound,6726597,5:13
Lana Del Rey,West Coast (ZHU Remix),Chilled House Session 6,2015,Ministry Of Sound,6726597,2:08
"Gorgon City, Zak Abel",Unmissable (Huxley Remix),Chilled House Session 6,2015,Ministry Of Sound,6726597,3:20
"Secondcity, Ali Love",What Can I Do (Extended Re-Edit),Chilled House Session 6,2015,Ministry Of Sound,6726597,2:39
"Luvbug (5), Talay Riley",Resonance (The White N3rd Remix),Chilled House Session 6,2015,Ministry Of Sound,6726597,3:52
Metronomy,Im Aquarius (Claptone Remix),Chilled House Session 6,2015,Ministry Of Sound,6726597,5:12
Milky Chance,Stolen Dance (FlicFlac Club Edit),Chilled House Session 6,2015,Ministry Of Sound,6726597,4:36
Jan Blomqvist,Time Again (Peer Kusiv Remix),Chilled House Session 6,2015,Ministry Of Sound,6726597,5:35
Caribou,Can't Do Without You (Tale Of Us & Mano Le Tough Remix),Chilled House Session 6,2015,Ministry Of Sound,6726597,4:16
Kwabs,Walk (Sasha Remix),Chilled House Session 6,2015,Ministry Of Sound,6726597,4:51
SOHN,Lights,Chilled House Session 6,2015,Ministry Of Sound,6726597,3:29
Jamie XX,Sleep Sound,Chilled House Session 6,2015,Ministry Of Sound,6726597,3:52
Joris Voorn,The Wild,Chilled House Session 6,2015,Ministry Of Sound,6726597,3:58
Fritz Kalkbrenner,Back Home,Chilled House Session 6,2015,Ministry Of Sound,6726597,2:30
Bonobo,Flashlight,Chilled House Session 6,2015,Ministry Of Sound,6726597,3:20
"Maya Jane Coles, Möggli",From The Dark,Chilled House Session 6,2015,Ministry Of Sound,6726597,4:01
Konstantin Sibold,Daniel,Chilled House Session 6,2015,Ministry Of Sound,6726597,3:49
Recondite,Levo (Club Edit),Chilled House Session 6,2015,Ministry Of Sound,6726597,4:38
Gui Boratto,Indigo,Chilled House Session 6,2015,Ministry Of Sound,6726597,3:40
Bob Moses (5),Grace,Chilled House Session 6,2015,Ministry Of Sound,6726597,2:54
Agoria,Scala,Chilled House Session 6,2015,Ministry Of Sound,6726597,4:43
The 2 Bears,Not This Time (andhim Remix),Chilled House Session 6,2015,Ministry Of Sound,6726597,2:32
Röyksopp,Sordid Affair (Maceo Plex Mix),Chilled House Session 6,2015,Ministry Of Sound,6726597,5:23
"Audion, Troels Abrahamsen",Dem Howl (Joris Voorn Remix),Chilled House Session 6,2015,Ministry Of Sound,6726597,4:26
David August,Epikur,Chilled House Session 6,2015,Ministry Of Sound,6726597,5:29
Hunter/Game,Ice,Chilled House Session 6,2015,Ministry Of Sound,6726597,3:31
Black (2),Wonderful Life,Chilled Electronic 80s,2016,Ministry Of Sound,8584610,4:47
Pet Shop Boys,Love Comes Quickly,Chilled Electronic 80s,2016,Ministry Of Sound,8584610,3:37
Soft Cell,"Say Hello, Wave Goodbye",Chilled Electronic 80s,2016,Ministry Of Sound,8584610,4:44
Orchestral Manoeuvres In The Dark,Souvenir,Chilled Electronic 80s,2016,Ministry Of Sound,8584610,3:15
Icehouse,Hey Little Girl,Chilled Electronic 80s,2016,Ministry Of Sound,8584610,4:16
Tears For Fears,Head Over Heels,Chilled Electronic 80s,2016,Ministry Of Sound,8584610,4:13
The Stranglers,Strange Little Girl,Chilled Electronic 80s,2016,Ministry Of Sound,8584610,2:41
Cocteau Twins,Pearly-Dewdrops' Drops,Chilled Electronic 80s,2016,Ministry Of Sound,8584610,3:53
Cyndi Lauper,Time After Time,Chilled Electronic 80s,2016,Ministry Of Sound,8584610,3:43
Kim Carnes,Bette Davis Eyes,Chilled Electronic 80s,2016,Ministry Of Sound,8584610,3:44
Kate Bush,Running Up That Hill (A Deal With God),Chilled Electronic 80s,2016,Ministry Of Sound,8584610,4:43
The Blow Monkeys,Digging Your Scene,Chilled Electronic 80s,2016,Ministry Of Sound,8584610,4:03
The Style Council,You're The Best Thing,Chilled Electronic 80s,2016,Ministry Of Sound,8584610,4:12
The Cars,Drive,Chilled Electronic 80s,2016,Ministry Of Sound,8584610,3:50
Vangelis,Love Theme From Blade Runner,Chilled Electronic 80s,2016,Ministry Of Sound,8584610,4:53
"David Bowie, Pat Metheny Group",This Is Not America,Chilled Electronic 80s,2016,Ministry Of Sound,8584610,3:46
Jan Hammer,Crockett's Theme,Chilled Electronic 80s,2016,Ministry Of Sound,8584610,3:23
Grace Jones,La Vie En Rose,Chilled Electronic 80s,2016,Ministry Of Sound,8584610,3:33
Roxy Music,Avalon,Chilled Electronic 80s,2016,Ministry Of Sound,8584610,4:07
Flash & The Pan,Waiting For A Train,Chilled Electronic 80s,2016,Ministry Of Sound,8584610,3:34
Yazoo,Nobody's Diary,Chilled Electronic 80s,2016,Ministry Of Sound,8584610,4:28
Howard Jones,What Is Love?,Chilled Electronic 80s,2016,Ministry Of Sound,8584610,3:38
Fine Young Cannibals,I'm Not The Man I Used To Be,Chilled Electronic 80s,2016,Ministry Of Sound,8584610,4:19
Alison Moyet,All Cried Out,Chilled Electronic 80s,2016,Ministry Of Sound,8584610,3:39
Alphaville,Big In Japan,Chilled Electronic 80s,2016,Ministry Of Sound,8584610,3:46
Double,The Captain Of Her Heart,Chilled Electronic 80s,2016,Ministry Of Sound,8584610,3:54
Scritti Politti,The Word Girl,Chilled Electronic 80s,2016,Ministry Of Sound,8584610,3:16
The Pretenders,I Go To Sleep,Chilled Electronic 80s,2016,Ministry Of Sound,8584610,2:52
Billy Idol,Eyes Without A Face,Chilled Electronic 80s,2016,Ministry Of Sound,8584610,4:08
Yello,Of Course I'm Lying,Chilled Electronic 80s,2016,Ministry Of Sound,8584610,3:49
Giorgio Moroder,Chase,Chilled Electronic 80s,2016,Ministry Of Sound,8584610,3:38
Japan,Ghosts,Chilled Electronic 80s,2016,Ministry Of Sound,8584610,4:28
The Dream Academy,Life In A Northern Town,Chilled Electronic 80s,2016,Ministry Of Sound,8584610,4:05
The Cure,Lullaby,Chilled Electronic 80s,2016,Ministry Of Sound,8584610,4:07
Talk Talk,Life's What You Make It,Chilled Electronic 80s,2016,Ministry Of Sound,8584610,3:41
The Human League,Human,Chilled Electronic 80s,2016,Ministry Of Sound,8584610,3:46
Thompson Twins,Hold Me Now,Chilled Electronic 80s,2016,Ministry Of Sound,8584610,4:07
The Passions,I'm In Love With A German Film Star,Chilled Electronic 80s,2016,Ministry Of Sound,8584610,3:54
Prefab Sprout,When Love Breaks Down,Chilled Electronic 80s,2016,Ministry Of Sound,8584610,3:44
Heaven 17,Come Live With Me,Chilled Electronic 80s,2016,Ministry Of Sound,8584610,3:31
Dusty Springfield,Nothing Has Been Proved,Chilled Electronic 80s,2016,Ministry Of Sound,8584610,4:00
Boy George,The Crying Game,Chilled Electronic 80s,2016,Ministry Of Sound,8584610,5:23
Spandau Ballet,True,Chilled Electronic 80s,2016,Ministry Of Sound,8584610,4:12
Talking Heads,This Must Be The Place (Naive Melody),Chilled Electronic 80s,2016,Ministry Of Sound,8584610,4:00
Electronic,Getting Away With It,Chilled Electronic 80s,2016,Ministry Of Sound,8584610,5:23
New Order,Regret,Chilled Electronic 80s,2016,Ministry Of Sound,8584610,4:12
Bryan Ferry,Slave To Love,Chilled Electronic 80s,2016,Ministry Of Sound,8584610,4:00
a-ha,Hunting High And Low,Chilled Electronic 80s,2016,Ministry Of Sound,8584610,3:41
Erasure,Blue Savannah,Chilled Electronic 80s,2016,Ministry Of Sound,8584610,4:17
Tangerine Dream,Love On A Real Train,Chilled Electronic 80s,2016,Ministry Of Sound,8584610,3:52
Frankie Goes To Hollywood,The Power Of Love,Chilled Electronic 80s,2016,Ministry Of Sound,8584610,5:28
The R.E.G. Project,Chillin' Sunset,Chillout Sessions Arabia Vol. 1,2007,Ministry Of Sound,3376130,
Enigma,Good Bye Milky Way,Chillout Sessions Arabia Vol. 1,2007,Ministry Of Sound,3376130,
Susheela Raman,What Silence Said,Chillout Sessions Arabia Vol. 1,2007,Ministry Of Sound,3376130,
Rim Banna,This Was Not My Story,Chillout Sessions Arabia Vol. 1,2007,Ministry Of Sound,3376130,
Blue Bedouin,After The Future,Chillout Sessions Arabia Vol. 1,2007,Ministry Of Sound,3376130,
Last Breath (11),Whispers From Arabia,Chillout Sessions Arabia Vol. 1,2007,Ministry Of Sound,3376130,
Dead Can Dance,Song Of The Nile,Chillout Sessions Arabia Vol. 1,2007,Ministry Of Sound,3376130,
"1 Giant Leap, Michael Stipe, Asha Bhosle",The Way You Dream,Chillout Sessions Arabia Vol. 1,2007,Ministry Of Sound,3376130,
Oryx (2),Stars Of The Orient,Chillout Sessions Arabia Vol. 1,2007,Ministry Of Sound,3376130,
Natacha Atlas,Ghanwah Bossanova,Chillout Sessions Arabia Vol. 1,2007,Ministry Of Sound,3376130,
Nitin Sawhney,Mousam,Chillout Sessions Arabia Vol. 1,2007,Ministry Of Sound,3376130,
"Beirut Biloma, أميمة الخليل",Mazaj,Chillout Sessions Arabia Vol. 1,2007,Ministry Of Sound,3376130,
Harem,Virtual Voices,Chillout Sessions Arabia Vol. 1,2007,Ministry Of Sound,3376130,
Guy Manoukian,Yasmina,Chillout Sessions Arabia Vol. 1,2007,Ministry Of Sound,3376130,
Spiritual Brothers,Avaz,Chillout Sessions Arabia Vol. 1,2007,Ministry Of Sound,3376130,
Karizma (11),The Crossing,Chillout Sessions Arabia Vol. 1,2007,Ministry Of Sound,3376130,
Depeche Mode,Martyr (Paul Van Dyk Vonyc Lounge Mix),Chillout Sessions Arabia Vol. 1,2007,Ministry Of Sound,3376130,
Massive Attack,Butterfly Caught,Chillout Sessions Arabia Vol. 1,2007,Ministry Of Sound,3376130,
Coldplay,The Scientist,Chillout Sessions Arabia Vol. 1,2007,Ministry Of Sound,3376130,
Radiohead,Climbing Up The Walls (Zero 7 Mix),Chillout Sessions Arabia Vol. 1,2007,Ministry Of Sound,3376130,
Solu Music,Fade (Solid State Carnival Mix),Chillout Sessions Arabia Vol. 1,2007,Ministry Of Sound,3376130,
GoldFrapp,Fly Me Away,Chillout Sessions Arabia Vol. 1,2007,Ministry Of Sound,3376130,
Everything But The Girl,Walking Wounded,Chillout Sessions Arabia Vol. 1,2007,Ministry Of Sound,3376130,
Lemon Jelly,Spacewalk,Chillout Sessions Arabia Vol. 1,2007,Ministry Of Sound,3376130,
Jakatta,American Dream (AfterlifeMix),Chillout Sessions Arabia Vol. 1,2007,Ministry Of Sound,3376130,
Doves,Firesuite,Chillout Sessions Arabia Vol. 1,2007,Ministry Of Sound,3376130,
Badly Drawn Boy,Centerpeace,Chillout Sessions Arabia Vol. 1,2007,Ministry Of Sound,3376130,
Turin Brakes,Nowhere,Chillout Sessions Arabia Vol. 1,2007,Ministry Of Sound,3376130,
George Michael,Roxanne,Chillout Sessions Arabia Vol. 1,2007,Ministry Of Sound,3376130,
Fortunato & Montresor,Imagine (Radio Edit),The Chillout Guide,2001,Ministry Of Sound,1505281,3:45
Yonderboi,Papadam,The Chillout Guide,2001,Ministry Of Sound,1505281,3:43
Chicane,Offshore (Original Album Mix),The Chillout Guide,2001,Ministry Of Sound,1505281,3:22
Brooke Russell,So Sweet (Rae & Christian Remix),The Chillout Guide,2001,Ministry Of Sound,1505281,3:27
Trio Elétrico,Return Of The Coconut Groove (Raw Deal Mix),The Chillout Guide,2001,Ministry Of Sound,1505281,3:49
Trüby Trio,A Go Go (Boozoo Bajou Mix),The Chillout Guide,2001,Ministry Of Sound,1505281,3:59
Boozoo Bajou,Night Over Manaus,The Chillout Guide,2001,Ministry Of Sound,1505281,4:34
Serge Gainsbourg,Je T'Aime (Dzihan & Kamien Remix),The Chillout Guide,2001,Ministry Of Sound,1505281,4:33
Mo' Horizons,Foto Viva (Radio Edit),The Chillout Guide,2001,Ministry Of Sound,1505281,3:35
Ultra Naté,Twisted (4 Hero Mix),The Chillout Guide,2001,Ministry Of Sound,1505281,3:48
Nils Petter Molvær,Vilderness (Chilluminati Remix),The Chillout Guide,2001,Ministry Of Sound,1505281,3:50
Beanfield,The Season (Video Edit),The Chillout Guide,2001,Ministry Of Sound,1505281,3:39
Waldeck,This Isn't Maybe (Radio Edit),The Chillout Guide,2001,Ministry Of Sound,1505281,3:54
Seelenluft,Wasser-Kür 1,The Chillout Guide,2001,Ministry Of Sound,1505281,1:45
Paul van Dyk,Vega (Album Mix),The Chillout Guide,2001,Ministry Of Sound,1505281,3:17
Chicane,No Ordinary Morning (Original Mix),The Chillout Guide,2001,Ministry Of Sound,1505281,5:05
Mathias Schaffhäuser,Hey Little Girl (Extended Blue Mix),The Chillout Guide,2001,Ministry Of Sound,1505281,4:45
Afro Medusa,Pasilda (Afterlife Mix),The Chillout Guide,2001,Ministry Of Sound,1505281,4:04
Wamdue Project,King Of My Castle (Original Radio Edit),The Chillout Guide,2001,Ministry Of Sound,1505281,3:33
Alex Gopher,The Child,The Chillout Guide,2001,Ministry Of Sound,1505281,4:08
Nalin & Kane,Beachball (Original Mix),The Chillout Guide,2001,Ministry Of Sound,1505281,3:46
Energy 52,Café Del Mar (Nalin & Kane Remix),The Chillout Guide,2001,Ministry Of Sound,1505281,3:48
Underworld,Cups (Salt City Orchestra's Vertical Bacon Vocal),The Chillout Guide,2001,Ministry Of Sound,1505281,3:24
Aural Float,At The Crossroads (Video Edit),The Chillout Guide,2001,Ministry Of Sound,1505281,3:54
The Beloved,The Sunrising (Album Mix),The Chillout Guide,2001,Ministry Of Sound,1505281,4:07
Leftfield,Melt,The Chillout Guide,2001,Ministry Of Sound,1505281,4:56
Gregory Isaacs,Night Nurse (Kruder & Dorfmeister Remix),The Chillout Guide,2001,Ministry Of Sound,1505281,3:45
Dusted,"Always Remember To Respect And Honour Your Mother) (7"" Mix)",The Chillout Guide,2001,Ministry Of Sound,1505281,3:35
Fischerspooner,The 15th (Album Mix),The Chillout Guide,2001,Ministry Of Sound,1505281,3:45
"Bent, Zoë Johnston",Swollen (Dusted Vocal),The Chillout Selection: Selected Tracks Exclusive To Baileys,2002,Ministry Of Sound,6643992,
Télépopmusik,Breathe (Extended Mix),The Chillout Selection: Selected Tracks Exclusive To Baileys,2002,Ministry Of Sound,6643992,
Prokane,Funk De Jour,The Chillout Selection: Selected Tracks Exclusive To Baileys,2002,Ministry Of Sound,6643992,
Toby Neal,Lost In Thought,The Chillout Selection: Selected Tracks Exclusive To Baileys,2002,Ministry Of Sound,6643992,
Hi Fi Mike,Stereo Flavas (Lum's Original Flava),The Chillout Selection: Selected Tracks Exclusive To Baileys,2002,Ministry Of Sound,6643992,
"Wok Institute, Morika Elek",Libertina (Tonemeister Remix),The Chillout Selection: Selected Tracks Exclusive To Baileys,2002,Ministry Of Sound,6643992,
[Love] Tattoo,Have A Puff,The Chillout Selection: Selected Tracks Exclusive To Baileys,2002,Ministry Of Sound,6643992,
"Kygo, Ellie Goulding",First Time,Ministry Of Sound (Chilled),2017,Ministry Of Sound,26129231,
London Grammar,Oh Woman Oh Man (Radio Edit),Ministry Of Sound (Chilled),2017,Ministry Of Sound,26129231,
Noah Cyrus,Make Me (Cry),Ministry Of Sound (Chilled),2017,Ministry Of Sound,26129231,
The Chainsmokers,Paris,Ministry Of Sound (Chilled),2017,Ministry Of Sound,26129231,
"Robin Schulz, David Guetta, Cheat Codes",Shed A Light,Ministry Of Sound (Chilled),2017,Ministry Of Sound,26129231,
Goodluck,Saved By The Summer,Ministry Of Sound (Chilled),2017,Ministry Of Sound,26129231,
Alex Ross (12),Dreams (Acoustic Mix),Ministry Of Sound (Chilled),2017,Ministry Of Sound,26129231,
"Leo Stannard, Frances (9)",Gravity,Ministry Of Sound (Chilled),2017,Ministry Of Sound,26129231,
Kiiara,Gold,Ministry Of Sound (Chilled),2017,Ministry Of Sound,26129231,
Shaun Frank,Upsidedown,Ministry Of Sound (Chilled),2017,Ministry Of Sound,26129231,
Filous,Knots,Ministry Of Sound (Chilled),2017,Ministry Of Sound,26129231,
Haux (2),Homegrown,Ministry Of Sound (Chilled),2017,Ministry Of Sound,26129231,
Tom Walker (12),Just You And I,Ministry Of Sound (Chilled),2017,Ministry Of Sound,26129231,
Wet (8),Deadwater,Ministry Of Sound (Chilled),2017,Ministry Of Sound,26129231,
Chambers,Heaven's Got No Place,Ministry Of Sound (Chilled),2017,Ministry Of Sound,26129231,
Black Coast (2),Feel Something,Ministry Of Sound (Chilled),2017,Ministry Of Sound,26129231,
"Mako (31), Kwesi (6)",Wish You Back,Ministry Of Sound (Chilled),2017,Ministry Of Sound,26129231,
"Phlake (2), Alina Baraz",Gone,Ministry Of Sound (Chilled),2017,Ministry Of Sound,26129231,
Wrabel,Poetry,Ministry Of Sound (Chilled),2017,Ministry Of Sound,26129231,
Josef Salvat,Diamonds,Ministry Of Sound (Chilled),2017,Ministry Of Sound,26129231,
"Martin Garrix, Dua Lipa",Scared To Be Lonely (Acoustic Version),Ministry Of Sound (Chilled),2017,Ministry Of Sound,26129231,
Alan Walker (9),Alone [Restrung],Ministry Of Sound (Chilled),2017,Ministry Of Sound,26129231,
John Legend,Surefire [Piano Version],Ministry Of Sound (Chilled),2017,Ministry Of Sound,26129231,
Craig David,Ain't Giving Up [Acoustic],Ministry Of Sound (Chilled),2017,Ministry Of Sound,26129231,
Mr. Probz,Till You're Loved,Ministry Of Sound (Chilled),2017,Ministry Of Sound,26129231,
Goldfish (4),Deep Of The Night (Slaptop Remix),Ministry Of Sound (Chilled),2017,Ministry Of Sound,26129231,
Kygo,Stay,Ministry Of Sound (Chilled),2017,Ministry Of Sound,26129231,
Sia,Elastic Heart (Piano Version),Ministry Of Sound (Chilled),2017,Ministry Of Sound,26129231,
DJ Sliqe,On It,Ministry Of Sound (Chilled),2017,Ministry Of Sound,26129231,
Haux (2),Touch,Ministry Of Sound (Chilled),2017,Ministry Of Sound,26129231,
"Mako (2), Rat City",Run For Your Life,Ministry Of Sound (Chilled),2017,Ministry Of Sound,26129231,
The Kiffness,Soul Safari,Ministry Of Sound (Chilled),2017,Ministry Of Sound,26129231,
MS MR,Hurricane (Goldroom Remix),Ministry Of Sound (Chilled),2017,Ministry Of Sound,26129231,
TRINIX,Ocean Hill,Ministry Of Sound (Chilled),2017,Ministry Of Sound,26129231,
"Mankind (30), Future Kings",North,Ministry Of Sound (Chilled),2017,Ministry Of Sound,26129231,
Attom,Afterglow,Ministry Of Sound (Chilled),2017,Ministry Of Sound,26129231,
Filous,Dusk,Ministry Of Sound (Chilled),2017,Ministry Of Sound,26129231,
Louis The Child,World On Fire,Ministry Of Sound (Chilled),2017,Ministry Of Sound,26129231,
Gorgon City,Smile (Acoustic),Ministry Of Sound (Chilled),2017,Ministry Of Sound,26129231,
Clean Bandit,Tears (Acoustic Piano Version),Ministry Of Sound (Chilled),2017,Ministry Of Sound,26129231,
Badly Drawn Boy,The Shining,The Chillout Session,2001,Ministry Of Sound,32553900,
Sneaker Pimps,6 Underground (Nelle Hooper's Edit),The Chillout Session,2001,Ministry Of Sound,32553900,
Kinobe,Slip Into Something,The Chillout Session,2001,Ministry Of Sound,32553900,
Thievery Corporation,So Com Voce,The Chillout Session,2001,Ministry Of Sound,32553900,
Lemon Jelly,In The Bath,The Chillout Session,2001,Ministry Of Sound,32553900,
Faithless,Drifting Away (Paradiso Mix),The Chillout Session,2001,Ministry Of Sound,32553900,
Olive,You're Not Alone (Nightmares on Wax Remix),The Chillout Session,2001,Ministry Of Sound,32553900,
The Thrillseekers,Synaesthesia (Alaska's Sunset Mix),The Chillout Session,2001,Ministry Of Sound,32553900,
Bedrock,Beautiful Strange (Ambient Mix),The Chillout Session,2001,Ministry Of Sound,32553900,
Watergate,Merry Christmas Mr Lawrence (Heart Of Asia Astro Heavenly Remix),The Chillout Session,2001,Ministry Of Sound,32553900,
Energy 52,Cafe Del Mar (Michael Woods Remix),The Chillout Session,2001,Ministry Of Sound,32553900,
Ferry Corsten,Galaxia (Symphonic Remake),Chilled Euphoria,0,Ministry Of Sound,17517640,1:17
Jakatta,American Dream (Ski Dakenfull Dream On Remix),Chilled Euphoria,0,Ministry Of Sound,17517640,1:17
September,Cry For You (Acoustic Mix (Candlelight Edit)),Chilled Euphoria,0,Ministry Of Sound,17517640,1:17
"Solu Music, Kimblee",Fade (The Bimbo Jones Vocal Mix),Chilled Euphoria,0,Ministry Of Sound,17517640,1:17
Starchaser,Love Will Set You Free (Jambe Myth),Chilled Euphoria,0,Ministry Of Sound,17517640,1:17
"X-Press 2, David Byrne",Lazy (Moto Blanco Remix),Chilled Euphoria,0,Ministry Of Sound,17517640,1:17
Mike Koglin,The Silence (Tekara Mix),Chilled Euphoria,0,Ministry Of Sound,17517640,1:17
Space Manoeuvres,Stage One (Blain Sandhag Mix),Chilled Euphoria,0,Ministry Of Sound,17517640,1:17
"Matt Darey, Lost Tribe",Gamemaster (Michael Woods Remix),Chilled Euphoria,0,Ministry Of Sound,17517640,1:17
Chicane,Salt Water (Thrillseekers House Mix),Chilled Euphoria,0,Ministry Of Sound,17517640,1:17
Agnelli & Nelson,Singing For The Future,Chilled Euphoria,0,Ministry Of Sound,17517640,1:17
Layo & Bushwacka!,Love Story (Vs. Finally),Chilled Euphoria,0,Ministry Of Sound,17517640,1:17
"Tall Paul, INXS",Precious Heart (Lush Mix),Chilled Euphoria,0,Ministry Of Sound,17517640,1:17
Mandrake (3),Children (Chill Mix),Chilled Euphoria,0,Ministry Of Sound,17517640,1:17
Hybrid,Finished Symphony (Soundtrack Edit),Chilled Euphoria,0,Ministry Of Sound,17517640,1:17
Pete Lazonby,Sacred Cycles (Healing Mix),Chilled Euphoria,0,Ministry Of Sound,17517640,1:17
Sasha,Baja,Chilled Euphoria,0,Ministry Of Sound,17517640,1:17
Miro (2),By Your Side (Illinton Chilled Mix),Chilled Euphoria,0,Ministry Of Sound,17517640,1:17
Shakedown,At Night (Afterlife Mix),Chilled Euphoria,0,Ministry Of Sound,17517640,1:17
W.O.S.P.,Gettin' Into U (Dub Mix),Chilled Euphoria,0,Ministry Of Sound,17517640,1:17
Slusnik Luna,Sun (Kössin Mix),Chilled Euphoria,0,Ministry Of Sound,17517640,1:17
Faithless,We Come 1 (Elliot J Remix),Chilled Euphoria,0,Ministry Of Sound,17517640,1:17
Humate,Love Stimulation (Michael Woods Ambient Mix),Chilled Euphoria,0,Ministry Of Sound,17517640,1:17
Basshunter,Angel In The Night (Ali Payami Remix),Chilled Euphoria,0,Ministry Of Sound,17517640,1:17
Glide & Swerve,Feel It,Chilled Euphoria,0,Ministry Of Sound,17517640,1:17
"Kid Cudi, Crookers",Day 'N' Nite (D.O.N.S Remix),Chilled Euphoria,0,Ministry Of Sound,17517640,1:17
Tilt,Invisible (Tilt's Supernatural Mix),Chilled Euphoria,0,Ministry Of Sound,17517640,1:17
"G-Club, Banda Sonora",Guitarra G (Afterlife Mix),Chilled Euphoria,0,Ministry Of Sound,17517640,1:17
"Freefall, Jan Johnston",Skydive (I Feel Wonderful) (John Johnson Ambient Sunrise Dub),Chilled Euphoria,0,Ministry Of Sound,17517640,1:17
Push,Strange World (Tranquilo Underwater Kingdom Remix),Chilled Euphoria,0,Ministry Of Sound,17517640,1:17
Agnelli & Nelson,Everyday (Lange Remix),Chilled Euphoria,0,Ministry Of Sound,17517640,1:17
"Finley Quaye, William Orbit",Dice,Chilled Euphoria,0,Ministry Of Sound,17517640,1:17
"Christian Falk, Robyn",Dream On (Tiger Stripes Remix),Chilled Euphoria,0,Ministry Of Sound,17517640,1:17
"Sasha, Darren Emerson",Scorchio (Emersons Late Night Dub),Chilled Euphoria,0,Ministry Of Sound,17517640,1:17
Stewart And Bradley James,The Kiss (From Last Of The Mohicans),Chilled Euphoria,0,Ministry Of Sound,17517640,1:17
Guru Josh Project,Infinity 2008 (Steen Thottrup Chill Mix),Chilled Euphoria,0,Ministry Of Sound,17517640,1:17
Primal Scream,Higher Than The Sun,Chilled Euphoria,0,Ministry Of Sound,17517640,1:17
Mylo,Valley Of The Dolls,Chilled Euphoria,0,Ministry Of Sound,17517640,1:17
Three Drives,Greece 2000 (Moonwatcher Sea Of Tranquility Mix),Chilled Euphoria,0,Ministry Of Sound,17517640,1:17
ATB,9pm (Till I Come) (Bent Remix),Chilled Euphoria,0,Ministry Of Sound,17517640,1:17
The Future Sound Of London,Papua New Guinea (Dumb Child Of Q Mix),Chilled Euphoria,0,Ministry Of Sound,17517640,1:17
Accadia,Into The Dawn (Accadia Ambient Mix),Chilled Euphoria,0,Ministry Of Sound,17517640,1:17
Jes (12),As The Rush Comes (Hamptons Chills Remix),Chilled Euphoria,0,Ministry Of Sound,17517640,1:17
Junk Project,Composure,Chilled Euphoria,0,Ministry Of Sound,17517640,1:17
Lange,Nearly Home,Chilled Euphoria,0,Ministry Of Sound,17517640,1:17
The Thrillseekers,Dreaming Of You (Tranquilos Ambient Mix),Chilled Euphoria,0,Ministry Of Sound,17517640,1:17
Deepest Blue,Deepest Blue (Jon Hopkins Mix),Chilled Euphoria,0,Ministry Of Sound,17517640,1:17
"Delerium, Sarah McLachlan",Silence (Michael Woods Remix),Chilled Euphoria,0,Ministry Of Sound,17517640,1:17
"Rui Da Silva, Cassandra Fox",Touch Me (Rui Division Mix),Chilled Euphoria,0,Ministry Of Sound,17517640,1:17
Roger Sanchez,Another Chance (Afterlife Remix),Chilled Euphoria,0,Ministry Of Sound,17517640,1:17
Hi-Gate,I Can Hear Voices (Chilled Mix),Chilled Euphoria,0,Ministry Of Sound,17517640,1:17
Still Corners,The Twilight Hour,Chilled House Session,2013,Ministry Of Sound,15013601,
Amiina,Seoul,Chilled House Session,2013,Ministry Of Sound,15013601,
Memoryhouse,Bonfire,Chilled House Session,2013,Ministry Of Sound,15013601,
Poliça,Wandering Star,Chilled House Session,2013,Ministry Of Sound,15013601,
Stateless (2),Curtain Call,Chilled House Session,2013,Ministry Of Sound,15013601,
Grasscut,Reservoir,Chilled House Session,2013,Ministry Of Sound,15013601,
"Yppah, Anomie Belle",Film Burn,Chilled House Session,2013,Ministry Of Sound,15013601,
Archive,Calm Now,Chilled House Session,2013,Ministry Of Sound,15013601,
DJ Food,The Electric Images (In My Mind Never Die),Chilled House Session,2013,Ministry Of Sound,15013601,
iamamiwhoami,sever,Chilled House Session,2013,Ministry Of Sound,15013601,
Man Without Country,Parity,Chilled House Session,2013,Ministry Of Sound,15013601,
"Speech Debelle, Micachu",Better Days,Chilled House Session,2013,Ministry Of Sound,15013601,
Quiet Village,Free Rider,Chilled House Session,2013,Ministry Of Sound,15013601,
Say Lou Lou,Maybe You,Chilled House Session,2013,Ministry Of Sound,15013601,
Lukid,Bless My Heart,Chilled House Session,2013,Ministry Of Sound,15013601,
Lapalux,102 Hours of Introductions,Chilled House Session,2013,Ministry Of Sound,15013601,
"Mélanie Pain, Ed Harcourt",Black Widow,Chilled House Session,2013,Ministry Of Sound,15013601,
Pepe Deluxé,My Flaming Thirst,Chilled House Session,2013,Ministry Of Sound,15013601,
Blockhead,Tools Of Industry,Chilled House Session,2013,Ministry Of Sound,15013601,
Duran Duran,The Man Who Stole A Leopard,Chilled House Session,2013,Ministry Of Sound,15013601,
El Perro Del Mar,Walk On By (Saint Etienne Remix),Chilled House Session,2013,Ministry Of Sound,15013601,
When Saints Go Machine,Fail Forever (Nicolas Jaar Remix),Chilled House Session,2013,Ministry Of Sound,15013601,
Citizens!,True Romance (Populette Remix),Chilled House Session,2013,Ministry Of Sound,15013601,
Sander van Doorn,Nothing Inside,Chilled House Session,2013,Ministry Of Sound,15013601,
Musique Boutique,Just Can’t Get Enough,Chilled House Session,2013,Ministry Of Sound,15013601,
Madison Park,Sunrise (Original Mix),Chilled House Session,2013,Ministry Of Sound,15013601,
"Crystal Waters, Musique Boutique",Gypsy Woman (Latin Version),Chilled House Session,2013,Ministry Of Sound,15013601,
"Consoul Trainin, Pink Noisy, Anastasia Zannis",Tango To Evora (Original Mix),Chilled House Session,2013,Ministry Of Sound,15013601,
Belleruche,Northern Girls,Chilled House Session,2013,Ministry Of Sound,15013601,
Hidden Orchestra,Reminder,Chilled House Session,2013,Ministry Of Sound,15013601,
2:54,Creeping (Maya Jane Coles Remix),Chilled House Session,2013,Ministry Of Sound,15013601,
M83,Midnight City (Trentemoller Remix),Chilled House Session,2013,Ministry Of Sound,15013601,
Amon Tobin,Slowly,Chilled House Session,2013,Ministry Of Sound,15013601,
Broadway Project,Femme Fatale,Chilled House Session,2013,Ministry Of Sound,15013601,
"Koop, Ane Brun",Koop Island Blues,Chilled House Session,2013,Ministry Of Sound,15013601,
"Paolo Rossini, In-Grid",Tu Le Sais (French Version),Chilled House Session,2013,Ministry Of Sound,15013601,
Musique Boutique,Rolling In The Deep (Chill Out Bossa Version),Chilled House Session,2013,Ministry Of Sound,15013601,
Mystic Diversions,Josephine,Chilled House Session,2013,Ministry Of Sound,15013601,
"Nostalgia 77, Alice Russell",Seven Nation Army,Chilled House Session,2013,Ministry Of Sound,15013601,
"The Quantic Soul Orchestra, Alice Russell",Feeling Good,Chilled House Session,2013,Ministry Of Sound,15013601,
The Sunset Lounge Orchestra,Smooth Operator,Chilled House Session,2013,Ministry Of Sound,15013601,
"TM Juke, Sophie Faricy",Come Away,Chilled House Session,2013,Ministry Of Sound,15013601,
Milosh,Another Day,Chilled House Session,2013,Ministry Of Sound,15013601,
Skalpel,Sculpture,Chilled House Session,2013,Ministry Of Sound,15013601,
"The Cinematic Orchestra, Dorian Concept, Tom Chant",Outer Space,Chilled House Session,2013,Ministry Of Sound,15013601,
Tosca,Elitsa,Chilled House Session,2013,Ministry Of Sound,15013601,
Boozoo Bajou,Same Sun,Chilled House Session,2013,Ministry Of Sound,15013601,
Jason F (2),Lovina,Chilled House Session,2013,Ministry Of Sound,15013601,
Leftfield,Original,The Chillout Session 2,2001,Ministry Of Sound,10198,6:14
Kruder & Dorfmeister,High Noon,The Chillout Session 2,2001,Ministry Of Sound,10198,3:55
Smoke City,Underwater Love,The Chillout Session 2,2001,Ministry Of Sound,10198,3:50
Rae & Christian,Spellbound,The Chillout Session 2,2001,Ministry Of Sound,10198,3:44
Coldcut,Autumn Leaves,The Chillout Session 2,2001,Ministry Of Sound,10198,3:14
Morcheeba,World Looking In,The Chillout Session 2,2001,Ministry Of Sound,10198,3:20
Zoot Woman,"Chicago, Detroit, LA",The Chillout Session 2,2001,Ministry Of Sound,10198,3:12
King Biscuit Time,I Walk The Earth,The Chillout Session 2,2001,Ministry Of Sound,10198,5:33
Radiohead,Street Spirit,The Chillout Session 2,2001,Ministry Of Sound,10198,4:12
Jakatta,American Dream (Radio Edit),The Chillout Session 2,2001,Ministry Of Sound,10198,3:04
Planet Funk,Chase The Sun (Extended Club Mix),The Chillout Session 2,2001,Ministry Of Sound,10198,5:22
Bent,Swollen (Francois K Vocal),The Chillout Session 2,2001,Ministry Of Sound,10198,
Kosheen,Hide You (Accapella),The Chillout Session 2,2001,Ministry Of Sound,10198,6:13
"Everything But The Girl, Soul Vision",Tracey In My Room,The Chillout Session 2,2001,Ministry Of Sound,10198,3:26
Weekender,Sunday Session (Vocal Mix),The Chillout Session 2,2001,Ministry Of Sound,10198,4:39
St Germain,Rose Rouge,The Chillout Session 2,2001,Ministry Of Sound,10198,5:29
Banda Sonora,Guitarra G (Original Chill Out Mix),The Chillout Session 2,2001,Ministry Of Sound,10198,3:20
[Love] Tattoo,Eighty Eight,The Chillout Session 2,2001,Ministry Of Sound,10198,4:27
The Beloved,Sweet Harmony,The Chillout Session 2,2001,Ministry Of Sound,10198,3:24
Bob Sinclar,Phasing News,The Chillout Session 2,2001,Ministry Of Sound,10198,2:37
Three Drives,Greece 2000 (Moonwatcher Mix),The Chillout Session 2,2001,Ministry Of Sound,10198,3:42
Hybrid,Finished Symphony (Hybrid Soundtrack Edit Mix),The Chillout Session 2,2001,Ministry Of Sound,10198,3:18
Dirty Vegas,Days Go By (Acoustic Version),The Chillout Session 2,2001,Ministry Of Sound,10198,2:43
Goldfrapp,Utopia (Genetically Enriched),The Chillout Annual,2002,Ministry Of Sound,669837,3:26
Röyksopp,Eple,The Chillout Annual,2002,Ministry Of Sound,669837,3:36
Static Revenger,Happy People (Christian J Rhodes Island Mix),The Chillout Annual,2002,Ministry Of Sound,669837,3:59
Gorillaz,19/2000,The Chillout Annual,2002,Ministry Of Sound,669837,3:26
Massive Attack,Protection,The Chillout Annual,2002,Ministry Of Sound,669837,6:42
Akasha,Crazy Baby (Groove Armada Remix),The Chillout Annual,2002,Ministry Of Sound,669837,2:46
Kings Of Tomorrow,Finally (Ibizarre Remix),The Chillout Annual,2002,Ministry Of Sound,669837,4:21
Badmarsh & Shri,Day By Day (Chris Coco Remix),The Chillout Annual,2002,Ministry Of Sound,669837,5:19
The Beloved,Deliver Me (Extended Version),The Chillout Annual,2002,Ministry Of Sound,669837,4:32
Cocteau Twins,Fifty Fifty Clown,The Chillout Annual,2002,Ministry Of Sound,669837,2:54
Cut Copy,Nine Summertime,The Chillout Annual,2002,Ministry Of Sound,669837,2:51
Kinobe,Skyscraper,The Chillout Annual,2002,Ministry Of Sound,669837,5:04
The Aloof,What I Miss The Most,The Chillout Annual,2002,Ministry Of Sound,669837,5:10
"Goldtrix, Andrea Brown",It's Love (Trippin') (Café Del Mar Mix),The Chillout Annual,2002,Ministry Of Sound,669837,5:53
St Germain,So Flute,The Chillout Annual,2002,Ministry Of Sound,669837,5:01
Jori Hulkkonen,Let Me Luv U,The Chillout Annual,2002,Ministry Of Sound,669837,4:35
Planet Funk,Inside All The People (Harvey's Sleepy/Big Producers' Remix),The Chillout Annual,2002,Ministry Of Sound,669837,4:58
"Deep Dish, Everything But The Girl",The Future Of The Future (Stay Gold),The Chillout Annual,2002,Ministry Of Sound,669837,4:58
Jean Jacques Smoothie,2 People (Mirwais Remix),The Chillout Annual,2002,Ministry Of Sound,669837,3:49
Orinoko,Island (Astro Remix),The Chillout Annual,2002,Ministry Of Sound,669837,4:16
"DJ Pippi, Pasion Flamenca",Fatal Fatal (Fatal Chill Out Mix),The Chillout Annual,2002,Ministry Of Sound,669837,3:39
"Wok Institute, Morika Elek",Libertina,The Chillout Annual,2002,Ministry Of Sound,669837,4:09
"Tall Paul, INXS",Precious Heart (Lush Remix),The Chillout Annual,2002,Ministry Of Sound,669837,2:29
"Brother Brown, Frank'ee",Star Catching Girl (Soulside Remix),The Chillout Annual,2002,Ministry Of Sound,669837,4:22
Lino (2),Auger Well,The Chillout Annual,2002,Ministry Of Sound,669837,2:42
Spiller,Cry Baby,The Chillout Annual,2002,Ministry Of Sound,669837,3:38
Raven Maize,The Real Life (Fatboy Slim Remix),The Chillout Annual,2002,Ministry Of Sound,669837,2:24
BT,Satellite,The Chillout Annual,2002,Ministry Of Sound,669837,5:36
1 Giant Leap,My Culture,The Chillout Sessions 3,2002,Ministry Of Sound,723047,3:35
AIR,All I Need,The Chillout Sessions 3,2002,Ministry Of Sound,723047,2:38
Lamb,What Sound,The Chillout Sessions 3,2002,Ministry Of Sound,723047,3:52
Roger Sanchez,Another Chance (Acoustic Version),The Chillout Sessions 3,2002,Ministry Of Sound,723047,3:41
Moby,We Are All Made Of Stars (Downtempo),The Chillout Sessions 3,2002,Ministry Of Sound,723047,2:09
Timo Maas,Hash Driven,The Chillout Sessions 3,2002,Ministry Of Sound,723047,2:24
Fatboy Slim,The Weekend Starts Here,The Chillout Sessions 3,2002,Ministry Of Sound,723047,3:31
Sia,Drink To Get Drunk,The Chillout Sessions 3,2002,Ministry Of Sound,723047,3:23
Groove Terminator,You Are Here,The Chillout Sessions 3,2002,Ministry Of Sound,723047,4:49
Etienne De Crécy,Tempovision,The Chillout Sessions 3,2002,Ministry Of Sound,723047,2:51
Charles Webster,Ready,The Chillout Sessions 3,2002,Ministry Of Sound,723047,4:58
Felix Da Housecat,Runaway Dreamer,The Chillout Sessions 3,2002,Ministry Of Sound,723047,3:22
"Paulmac, Abby Dobson",Gonna Miss U (Kinobe Remix),The Chillout Sessions 3,2002,Ministry Of Sound,723047,4:16
Kosheen,Hide U (Acoustic Mix),The Chillout Sessions 3,2002,Ministry Of Sound,723047,3:10
Disco Montego,Beautiful (Extended Radio Mix),The Chillout Sessions 3,2002,Ministry Of Sound,723047,4:03
Blue Six,Music & Wine (Th'attaboy Vocal),The Chillout Sessions 3,2002,Ministry Of Sound,723047,5:03
Jakatta,So Lonely (Photek Mix),The Chillout Sessions 3,2002,Ministry Of Sound,723047,7:31
Kings Of Tomorrow,Young Hearts (San's Vibe Mix),The Chillout Sessions 3,2002,Ministry Of Sound,723047,3:47
Freddy & Herman,Aquarius,The Chillout Sessions 3,2002,Ministry Of Sound,723047,4:44
Hi Fi Mike,Stereo Flavas (Lum's Original Flava Mix),The Chillout Sessions 3,2002,Ministry Of Sound,723047,4:59
Ad Finem,If You Fall (Jask's Fall From Heaven Mix),The Chillout Sessions 3,2002,Ministry Of Sound,723047,5:15
Layo & Bushwacka!,Love Story,The Chillout Sessions 3,2002,Ministry Of Sound,723047,5:19
D*note,Shed My Skin (Pete Heller's Stylus Mix),The Chillout Sessions 3,2002,Ministry Of Sound,723047,3:13
Saint Etienne,Action,The Chillout Sessions 3,2002,Ministry Of Sound,723047,3:54
Beth Orton,Central Reservation (Spiritual Life Ibadan Edit),The Chillout Sessions 3,2002,Ministry Of Sound,723047,3:24
"Jakatta, Seal",My Vision (Summer In White Edit),Chillout Sessions 4,2003,Ministry Of Sound,1033074,3:47
Morcheeba,Otherwise,Chillout Sessions 4,2003,Ministry Of Sound,1033074,3:41
Massive Attack,Special Cases,Chillout Sessions 4,2003,Ministry Of Sound,1033074,4:32
Air,Playground Love,Chillout Sessions 4,2003,Ministry Of Sound,1033074,3:22
Moby,In This World,Chillout Sessions 4,2003,Ministry Of Sound,1033074,4:00
Röyksopp,Eple (Fatboy Slim Remix),Chillout Sessions 4,2003,Ministry Of Sound,1033074,3:31
Ralph Myerz & The Jack Herren Band,Nikita,Chillout Sessions 4,2003,Ministry Of Sound,1033074,4:14
"Faithless, Zoë Johnston",Crazy English Summer,Chillout Sessions 4,2003,Ministry Of Sound,1033074,2:20
Rob Dougan,Clubbed To Death (Kurayamino Variation),Chillout Sessions 4,2003,Ministry Of Sound,1033074,7:22
Björk,It's In Our Hands,Chillout Sessions 4,2003,Ministry Of Sound,1033074,4:02
David Bridie,Hotel Radio,Chillout Sessions 4,2003,Ministry Of Sound,1033074,3:33
"Futureshock, Ben Onono",On My Mind (Electric Lounge Session),Chillout Sessions 4,2003,Ministry Of Sound,1033074,2:43
"Charles Webster, Delroy St. Joseph",Sweet Butterfly,Chillout Sessions 4,2003,Ministry Of Sound,1033074,5:17
S.W.,Sweet Lullabies,Chillout Sessions 4,2003,Ministry Of Sound,1033074,4:56
Floris,One More Day,Chillout Sessions 4,2003,Ministry Of Sound,1033074,3:59
"Armin Van Buuren, Ray Wilson",Yet Another Day (Armin's Downtempo Interpretation Edit),Chillout Sessions 4,2003,Ministry Of Sound,1033074,3:59
Moloko,Familiar Feeling (Martin Buttrich Remix),Chillout Sessions 4,2003,Ministry Of Sound,1033074,4:09
Jamiroquai,Corner Of The Earth (Milk & Sugar Club Mix),Chillout Sessions 4,2003,Ministry Of Sound,1033074,2:46
Sade,By Your Side (Ben Watt Lazy Dog Remix),Chillout Sessions 4,2003,Ministry Of Sound,1033074,4:47
"Sandy Rivera, Haze",Changes (Ben Watt Lazy Dog Remix),Chillout Sessions 4,2003,Ministry Of Sound,1033074,3:24
Jakatta,One Fine Day (Cicada Remix),Chillout Sessions 4,2003,Ministry Of Sound,1033074,3:17
Groove Armada,Healing,Chillout Sessions 4,2003,Ministry Of Sound,1033074,2:50
Gabin,"Doo Uap, Doo Uap, Doo Uap",Chillout Sessions 4,2003,Ministry Of Sound,1033074,5:56
Hi Fi Serious,Because,Chillout Sessions 4,2003,Ministry Of Sound,1033074,3:04
Stylophonic,If Everybody In The World Loved Everybody In The World,Chillout Sessions 4,2003,Ministry Of Sound,1033074,3:28
DJ Cam,Summer In Paris,Chillout Sessions 4,2003,Ministry Of Sound,1033074,3:54
In-Grid,You Promised Me (Tu Es Foutu) (Original Extended Version),Chillout Sessions 4,2003,Ministry Of Sound,1033074,4:26
Weekend Players,21st Century,Chillout Sessions 4,2003,Ministry Of Sound,1033074,4:01
Krystal K,Let's Get It Right (Guitar Version),Chillout Sessions 4,2003,Ministry Of Sound,1033074,3:39
"Manijama, Mukupa, L'il T","No, No, No (Jask Thaisoul Remix)",Chillout Sessions 4,2003,Ministry Of Sound,1033074,4:28
De Nuit,All That Mattered (Love You Down) (East Sunshine Mix),Chillout Sessions 4,2003,Ministry Of Sound,1033074,4:44
2 Heads,Out Of The City (Hardkandy Mix),Chillout Sessions 4,2003,Ministry Of Sound,1033074,4:37
iiO,At The End (Sat & Lee Howler Reprise),Chillout Sessions 4,2003,Ministry Of Sound,1033074,3:34
"Michael Andrews, Gary Jules",Madworld,The Chillout Session (Summer Collection 2004),2004,Ministry Of Sound,475334,
Coldplay,Clocks,The Chillout Session (Summer Collection 2004),2004,Ministry Of Sound,475334,
Groove Armada,Think Twice,The Chillout Session (Summer Collection 2004),2004,Ministry Of Sound,475334,
"Benny Benassi, The Biz (5)",Let It Be,The Chillout Session (Summer Collection 2004),2004,Ministry Of Sound,475334,
The Sleepy Jackson,Good Dancers (Gerling Remix),The Chillout Session (Summer Collection 2004),2004,Ministry Of Sound,475334,
Death In Vegas,23 Lies,The Chillout Session (Summer Collection 2004),2004,Ministry Of Sound,475334,
Little Birdy,Relapse,The Chillout Session (Summer Collection 2004),2004,Ministry Of Sound,475334,
Lemon Jelly,Ramblin' Man,The Chillout Session (Summer Collection 2004),2004,Ministry Of Sound,475334,
Car Stereo Wars,Broken,The Chillout Session (Summer Collection 2004),2004,Ministry Of Sound,475334,
Sofa Surfers,Sofa Rockers (Richard Dorfmeister Remix),The Chillout Session (Summer Collection 2004),2004,Ministry Of Sound,475334,
"J Boogie, Goapele, Capitol A",Try Me,The Chillout Session (Summer Collection 2004),2004,Ministry Of Sound,475334,
"Moby, Princess Superstar",Jam For The Ladies,The Chillout Session (Summer Collection 2004),2004,Ministry Of Sound,475334,
"King Brain, Robert Owens",How Many Souls Must Fade?,The Chillout Session (Summer Collection 2004),2004,Ministry Of Sound,475334,
Crazy Penis,Beautiful People,The Chillout Session (Summer Collection 2004),2004,Ministry Of Sound,475334,
Sounds Like Water,Evolution,The Chillout Session (Summer Collection 2004),2004,Ministry Of Sound,475334,
"Charlie Hunter, Norah Jones",More Than This,The Chillout Session (Summer Collection 2004),2004,Ministry Of Sound,475334,
Sub Sub,Past,The Chillout Session (Summer Collection 2004),2004,Ministry Of Sound,475334,
"Jurr, Roelove, Wendy Lewis",Summertime,The Chillout Session (Summer Collection 2004),2004,Ministry Of Sound,475334,
Matthew Herbert,The Audience,The Chillout Session (Summer Collection 2004),2004,Ministry Of Sound,475334,
H-foundation,Tonight (King Britt's Sexy Mix),The Chillout Session (Summer Collection 2004),2004,Ministry Of Sound,475334,
Luomo,Tessio (Akufen Remix),The Chillout Session (Summer Collection 2004),2004,Ministry Of Sound,475334,
Fantastic Plastic Machine,Whistle Song (Sunaga T Experience Remix),The Chillout Session (Summer Collection 2004),2004,Ministry Of Sound,475334,
"DJ Chus & David Penn, Caterina",Baila,The Chillout Session (Summer Collection 2004),2004,Ministry Of Sound,475334,
BRS,Lovin Me (Dubtribe Sound System Remix),The Chillout Session (Summer Collection 2004),2004,Ministry Of Sound,475334,
Koop,Relaxin' At Club F****n' (Dorfmeister Vs Madrid De Los Austrias Version),The Chillout Session (Summer Collection 2004),2004,Ministry Of Sound,475334,
Warm,It's In The Music,The Chillout Session (Summer Collection 2004),2004,Ministry Of Sound,475334,
Zoot Woman,It's Automatic (Cosmos Vs Zoot Woman Radio Edit),The Chillout Session (Summer Collection 2004),2004,Ministry Of Sound,475334,
Tremendo,"Walk, Watch, Drink",The Chillout Session (Summer Collection 2004),2004,Ministry Of Sound,475334,
"Armin van Buuren, Justine Suissa",Never Wanted This,The Chillout Session (Summer Collection 2004),2004,Ministry Of Sound,475334,
Icehouse,Don't Believe Anymore (Ivan & Colin's Café Latte Mix),The Chillout Session (Summer Collection 2004),2004,Ministry Of Sound,475334,
Telemetry Orchestra,Suburban Harmony,The Chillout Session (Summer Collection 2004),2004,Ministry Of Sound,475334,
Ad Finem,Angel (Symphony Of Sorrow),The Chillout Session (Summer Collection 2004),2004,Ministry Of Sound,475334,
"Evolution, Jayn Hanna",Walking On Fire (Ambient Mix),The Chillout Session (Summer Collection 2004),2004,Ministry Of Sound,475334,
Zero 7,Home,Chillout Sessions 5,2004,Ministry Of Sound,283672,4:10
Sia,Breathe Me (Four Tet Remix),Chillout Sessions 5,2004,Ministry Of Sound,283672,4:16
Jack Johnson,Taylor,Chillout Sessions 5,2004,Ministry Of Sound,283672,3:52
Joss Stone,Fell In Love With A Boy,Chillout Sessions 5,2004,Ministry Of Sound,283672,3:30
Vassy,Cover You In Kisses (Golden Katalyst Remix),Chillout Sessions 5,2004,Ministry Of Sound,283672,3:30
Nitin Sawhney,Rainfall,Chillout Sessions 5,2004,Ministry Of Sound,283672,3:23
Jamiroquai,Corner Of The Earth,Chillout Sessions 5,2004,Ministry Of Sound,283672,3:47
11cc,I'm Not In Love,Chillout Sessions 5,2004,Ministry Of Sound,283672,5:16
Car Stereo Wars,Come To Nothing,Chillout Sessions 5,2004,Ministry Of Sound,283672,3:55
Sounds Like Water,No Goodbye,Chillout Sessions 5,2004,Ministry Of Sound,283672,3:30
Plump DJs,Morning Sun,Chillout Sessions 5,2004,Ministry Of Sound,283672,4:22
Ikon (2),Calling You,Chillout Sessions 5,2004,Ministry Of Sound,283672,4:56
"Paul Jackson, Steve Smith (2)",The Push (Far From Here),Chillout Sessions 5,2004,Ministry Of Sound,283672,3:25
Motorcycle,As The Rush Comes (Gabriel & Dresden Chillout MIx),Chillout Sessions 5,2004,Ministry Of Sound,283672,5:45
The Chemical Brothers,The Golden Path,Chillout Sessions 5,2004,Ministry Of Sound,283672,3:55
Bang Bang,Don't Care,Chillout Sessions 5,2004,Ministry Of Sound,283672,3:52
Turin Brakes,Feeling Oblivion,Chillout Sessions 5,2004,Ministry Of Sound,283672,3:40
DJ Sneak,Summer Song,Chillout Sessions 5,2004,Ministry Of Sound,283672,3:43
Doctor Rockit,Café De Flore (Charles Websters Latin Lovers Mix),Chillout Sessions 5,2004,Ministry Of Sound,283672,5:01
Malou,I Wish (Trentemøller Late Night Mix),Chillout Sessions 5,2004,Ministry Of Sound,283672,3:51
DJ T.,Philly,Chillout Sessions 5,2004,Ministry Of Sound,283672,4:29
Dino Lenny,Dance Like The Old Days,Chillout Sessions 5,2004,Ministry Of Sound,283672,3:36
Röyksopp,Remind Me,Chillout Sessions 5,2004,Ministry Of Sound,283672,3:12
Moloko,Cannot Contain This,Chillout Sessions 5,2004,Ministry Of Sound,283672,5:38
Cut Copy,Future,Chillout Sessions 5,2004,Ministry Of Sound,283672,4:19
Groove Armada,But I Feel Good,Chillout Sessions 5,2004,Ministry Of Sound,283672,3:19
Crazy Penis,You Started Something,Chillout Sessions 5,2004,Ministry Of Sound,283672,5:27
Soundz Fresh,Human Nature (Club Vox Breax Mix),Chillout Sessions 5,2004,Ministry Of Sound,283672,2:40
Taurine,Growing On Me,Chillout Sessions 5,2004,Ministry Of Sound,283672,5:35
Martin Solveig,Someday,Chillout Sessions 5,2004,Ministry Of Sound,283672,3:22
Lisa Shaw,Always,Chillout Sessions 5,2004,Ministry Of Sound,283672,3:03
Mood II Swing,Can't Get Away (Shrine Vocal Mix),Chillout Sessions 5,2004,Ministry Of Sound,283672,3:26
A Hundred Birds,Jaguar,Chillout Sessions 5,2004,Ministry Of Sound,283672,2:55
God Within,Raincry (Vance Musgrove Remix),Chillout Sessions 5,2004,Ministry Of Sound,283672,3:27
Missy Higgins,Nightminds (Dave Higgins Remix),Chillout Sessions 6,2004,Ministry Of Sound,1932793,4:33
Zero 7,Somersault,Chillout Sessions 6,2004,Ministry Of Sound,1932793,6:46
Shapeshifters,Lola's Theme (Lola's Lounging Mix),Chillout Sessions 6,2004,Ministry Of Sound,1932793,3:47
"Ben Harper, The Blind Boys Of Alabama",There Will Be A Light,Chillout Sessions 6,2004,Ministry Of Sound,1932793,3:15
Mark Farina,Dream Machine,Chillout Sessions 6,2004,Ministry Of Sound,1932793,4:35
The 411,On My Knees,Chillout Sessions 6,2004,Ministry Of Sound,1932793,2:55
Kaskade,Steppin' Out (Late Night Alumni Slow Dance Remix),Chillout Sessions 6,2004,Ministry Of Sound,1932793,3:43
Taurine,Dreams Of Hope,Chillout Sessions 6,2004,Ministry Of Sound,1932793,4:23
Dynamoe,In Your Own Time,Chillout Sessions 6,2004,Ministry Of Sound,1932793,2:59
Hi Fi Mike,I'll Carry You,Chillout Sessions 6,2004,Ministry Of Sound,1932793,3:33
Sia,Don't Bring Me Down,Chillout Sessions 6,2004,Ministry Of Sound,1932793,4:20
The Dissociatives,Forever And A Day,Chillout Sessions 6,2004,Ministry Of Sound,1932793,4:35
Gomez,Sweet Virginia,Chillout Sessions 6,2004,Ministry Of Sound,1932793,4:52
Coldplay,Don't Panic,Chillout Sessions 6,2004,Ministry Of Sound,1932793,2:06
"Dave Seaman, Group Therapy (2), Nat Leonard",My Own Worst Enemy (Spector Mix),Chillout Sessions 6,2004,Ministry Of Sound,1932793,4:29
Mylo,Need You Tonight,Chillout Sessions 6,2004,Ministry Of Sound,1932793,4:43
Max Sedgley,Happy,Chillout Sessions 6,2004,Ministry Of Sound,1932793,3:15
"Hardsoul, Ron Carroll",Back Together (Copyright Reprise Mix),Chillout Sessions 6,2004,Ministry Of Sound,1932793,6:25
Soldiers Of Twilight,Believe (Martin Solveig Vocal Dub),Chillout Sessions 6,2004,Ministry Of Sound,1932793,3:52
"Cajmere, Walter Phillips",Midnight (MG's Funk'd Vocal Mix),Chillout Sessions 6,2004,Ministry Of Sound,1932793,3:52
Martin Solveig,I'm A Good Man,Chillout Sessions 6,2004,Ministry Of Sound,1932793,4:23
"Fred Everything, Karl The Voice",For Your Pleasure,Chillout Sessions 6,2004,Ministry Of Sound,1932793,4:36
Low,Tonight (Ben Watt Night Flight Remix),Chillout Sessions 6,2004,Ministry Of Sound,1932793,4:36
Ben Watt,Lone Cat (Holding On),Chillout Sessions 6,2004,Ministry Of Sound,1932793,2:48
Sandy Rivera,Dreams (Rasmus Faber Remix),Chillout Sessions 6,2004,Ministry Of Sound,1932793,5:24
DJ Gregory,The Joburg Theme,Chillout Sessions 6,2004,Ministry Of Sound,1932793,5:32
Justin Martin,The Sad Piano (Charles Webster Remix),Chillout Sessions 6,2004,Ministry Of Sound,1932793,3:40
Toby Neal,Feelin' Alright,Chillout Sessions 6,2004,Ministry Of Sound,1932793,3:23
Shakedown,Love Game (Original Shakedown Mix),Chillout Sessions 6,2004,Ministry Of Sound,1932793,3:21
Mr. Scruff,Get A Move On,Chillout Sessions 6,2004,Ministry Of Sound,1932793,3:19
Sweet Coffee,Don't Need You (Den Hétrix & Cash'mir House Mix),Chillout Sessions 6,2004,Ministry Of Sound,1932793,4:04
"J Sonic, Jon Fitz, Abigail Bailey",Release The Pressure (Instrumental),Chillout Sessions 6,2004,Ministry Of Sound,1932793,3:31
Dino Lenny,Call Me (In A Club Mix),Chillout Sessions 6,2004,Ministry Of Sound,1932793,5:00
Phoenix,If I Ever Feel Better,Chillout Sessions 6,2004,Ministry Of Sound,1932793,3:57
Télépopmusik,Breathe,Chillout Sessions 6,2004,Ministry Of Sound,1932793,3:44
Soul Central,Strings Of Life (The Funky Lowlives Remix),Chillout Sessions 6,2004,Ministry Of Sound,1932793,3:53
Télépopmusik,Don't Look Back,Chillout Sessions 7,2005,Ministry Of Sound,1471933,
Freeform Five,Easy,Chillout Sessions 7,2005,Ministry Of Sound,1471933,
Bang Gang,Inside,Chillout Sessions 7,2005,Ministry Of Sound,1471933,
Infusion,Invisible,Chillout Sessions 7,2005,Ministry Of Sound,1471933,
Snow Patrol,Run (Jacknife Lee Remix),Chillout Sessions 7,2005,Ministry Of Sound,1471933,
Athlete,Wires,Chillout Sessions 7,2005,Ministry Of Sound,1471933,
Lior,This Old Love,Chillout Sessions 7,2005,Ministry Of Sound,1471933,
Phoenix,Love For Granted,Chillout Sessions 7,2005,Ministry Of Sound,1471933,
Hardkandy,Big Sand,Chillout Sessions 7,2005,Ministry Of Sound,1471933,
Hi Fi Mike,Secretly Watching Me,Chillout Sessions 7,2005,Ministry Of Sound,1471933,
A Man Called Adam,Estelle,Chillout Sessions 7,2005,Ministry Of Sound,1471933,
Vassy,Loverman,Chillout Sessions 7,2005,Ministry Of Sound,1471933,
Mylo,Sunworshipper,Chillout Sessions 7,2005,Ministry Of Sound,1471933,
Husky Rescue,Summertime Cowboy,Chillout Sessions 7,2005,Ministry Of Sound,1471933,
Fatboy Slim,The Joker,Chillout Sessions 7,2005,Ministry Of Sound,1471933,
Flevans,Lay It Down,Chillout Sessions 7,2005,Ministry Of Sound,1471933,
Just Jack,Snowflakes (Cured By Temple Of Jay),Chillout Sessions 7,2005,Ministry Of Sound,1471933,
Rune,Nothing New (Mosquito Remix),Chillout Sessions 7,2005,Ministry Of Sound,1471933,
Milosh,You Make Me Feel,Chillout Sessions 7,2005,Ministry Of Sound,1471933,
Air,Alone In Kyoto,Chillout Sessions 7,2005,Ministry Of Sound,1471933,
Spektrum,Kinda New,Chillout Sessions 7,2005,Ministry Of Sound,1471933,
Phonique,For The Time Being,Chillout Sessions 7,2005,Ministry Of Sound,1471933,
Rachael Starr,Till There Was You (John Creamer & Stephane K Radio Mix),Chillout Sessions 7,2005,Ministry Of Sound,1471933,
Alexkid,Don't Hide It,Chillout Sessions 7,2005,Ministry Of Sound,1471933,
Vince (3),Superworld,Chillout Sessions 7,2005,Ministry Of Sound,1471933,
Turntablerocker,TT.roy (Dub),Chillout Sessions 7,2005,Ministry Of Sound,1471933,
André Kraml,Safari,Chillout Sessions 7,2005,Ministry Of Sound,1471933,
Juliet,Avalon,Chillout Sessions 7,2005,Ministry Of Sound,1471933,
Evil Nine,Hired Goons,Chillout Sessions 7,2005,Ministry Of Sound,1471933,
Bang Bang,Silicone (The Mighty Bop Vs. Blackjoy Dub),Chillout Sessions 7,2005,Ministry Of Sound,1471933,
Bent,Comin' Back,Chillout Sessions 7,2005,Ministry Of Sound,1471933,
Unity (7),I Love You (Manoo And Francois A Remix),Chillout Sessions 7,2005,Ministry Of Sound,1471933,
Lisa Shaw,Let It Ride (Jimpster Remix),Chillout Sessions 7,2005,Ministry Of Sound,1471933,
Greens Keepers,Keep It Down,Chillout Sessions 7,2005,Ministry Of Sound,1471933,
Lemon Jelly,Stay With You,Chillout Sessions 7,2005,Ministry Of Sound,1471933,
Black Grass,Aporia,Chillout Sessions 7,2005,Ministry Of Sound,1471933,
Lazyboy,"Police, Dogs, Bonfire (Linus Loves Remix)",Chillout Sessions 7,2005,Ministry Of Sound,1471933,
Mocky,How Will I Know You,Chillout Sessions 7,2005,Ministry Of Sound,1471933,
Candi Staton,You Got The Love (Now Voyager Mix),Chillout Sessions 7,2005,Ministry Of Sound,1471933,
Emiliana Torrini,Sunnyroad,Chillout Sessions 8,2005,Ministry Of Sound,1207722,2:59
Lior,Daniel,Chillout Sessions 8,2005,Ministry Of Sound,1207722,3:41
Breaks Co-Op,The Otherside,Chillout Sessions 8,2005,Ministry Of Sound,1207722,3:24
Alexkid,Turn It Round Again,Chillout Sessions 8,2005,Ministry Of Sound,1207722,3:40
"Boozoo Bajou, Wayne Martin",Moanin',Chillout Sessions 8,2005,Ministry Of Sound,1207722,4:23
Husky Rescue,New Light Of Tomorrow (Bonobo Remix),Chillout Sessions 8,2005,Ministry Of Sound,1207722,5:08
Kraak & Smaak,Danse Macabre,Chillout Sessions 8,2005,Ministry Of Sound,1207722,5:13
Datarock,The Most Beautiful Girl,Chillout Sessions 8,2005,Ministry Of Sound,1207722,3:09
"Steve Mac, Mosquito (3), Steve Smith (2)",Lovin' You More (That Big Track) (Mosquito Chill Remix),Chillout Sessions 8,2005,Ministry Of Sound,1207722,6:06
Tosca,Rondo Acapricio,Chillout Sessions 8,2005,Ministry Of Sound,1207722,4:58
Manhead,Doop,Chillout Sessions 8,2005,Ministry Of Sound,1207722,4:18
Stereo MC's,First Love,Chillout Sessions 8,2005,Ministry Of Sound,1207722,3:57
Dr. Rubberfunk,Latin Player,Chillout Sessions 8,2005,Ministry Of Sound,1207722,4:19
Lemon Jelly,'95 aka Make Things Right,Chillout Sessions 8,2005,Ministry Of Sound,1207722,3:13
"Paulmac, Peta Morris",Sunshine Eyes,Chillout Sessions 8,2005,Ministry Of Sound,1207722,3:28
Ian Brown,Time Is My Everything (Album Version),Chillout Sessions 8,2005,Ministry Of Sound,1207722,3:51
Hot Toddy,Mindtrip,Chillout Sessions 8,2005,Ministry Of Sound,1207722,4:31
"Rithma, Ryralio DJs",The Funk Is Still Alive (Ryralio DJs Mix),Chillout Sessions 8,2005,Ministry Of Sound,1207722,3:30
"Recloose, Joe Dukie",Dust,Chillout Sessions 8,2005,Ministry Of Sound,1207722,4:56
Kings Of Tomorrow,Another Day,Chillout Sessions 8,2005,Ministry Of Sound,1207722,2:31
Schmoov!,Spirits (Lights Out Mix),Chillout Sessions 8,2005,Ministry Of Sound,1207722,3:41
Rise Ashen,Second Wind,Chillout Sessions 8,2005,Ministry Of Sound,1207722,4:38
Fred Everything,Light Of Day,Chillout Sessions 8,2005,Ministry Of Sound,1207722,3:35
"Blaze, Underground Dance Artists United For Life, Barbara Tucker",Most Precious Love (Franck Roger Remix),Chillout Sessions 8,2005,Ministry Of Sound,1207722,5:15
"Bah Samba, Isabel Fructuoso",Calma (Louie Vega Remix),Chillout Sessions 8,2005,Ministry Of Sound,1207722,4:15
Chuck Love,El Divorcee,Chillout Sessions 8,2005,Ministry Of Sound,1207722,4:10
Mark Farina,Cali Spaces (Kaskade Mix),Chillout Sessions 8,2005,Ministry Of Sound,1207722,3:01
Grooveyard (3),7 Mile,Chillout Sessions 8,2005,Ministry Of Sound,1207722,4:05
Moreno,Firebird (Ocean Beach Mix),Chillout Sessions 8,2005,Ministry Of Sound,1207722,3:01
"Axwell, Steve Edwards",Watch The Sunrise (Original Ha Ha Ha Mix),Chillout Sessions 8,2005,Ministry Of Sound,1207722,3:00
Bob Sinclar,Love Generation (Club Mix),Chillout Sessions 8,2005,Ministry Of Sound,1207722,7:10
Angus & Julia Stone,Paper Aeroplane,Chillout Sessions 9,2006,Ministry Of Sound,2266141,3:35
Gotye,Hearts A Mess,Chillout Sessions 9,2006,Ministry Of Sound,2266141,4:38
Gomez,Notice,Chillout Sessions 9,2006,Ministry Of Sound,2266141,3:55
Thom Yorke,Black Swan,Chillout Sessions 9,2006,Ministry Of Sound,2266141,4:40
Telemetry Orchestra,Shine,Chillout Sessions 9,2006,Ministry Of Sound,2266141,4:23
Camille,Ta Douleur,Chillout Sessions 9,2006,Ministry Of Sound,2266141,3:06
Ben Westbeech,So Good Today,Chillout Sessions 9,2006,Ministry Of Sound,2266141,2:56
Jenny Wilson,Let My Shoes Lead Me Forward,Chillout Sessions 9,2006,Ministry Of Sound,2266141,4:14
Annie,Heartbeat,Chillout Sessions 9,2006,Ministry Of Sound,2266141,3:02
Lily Allen,Smile,Chillout Sessions 9,2006,Ministry Of Sound,2266141,3:11
Kisschasy,The Shake,Chillout Sessions 9,2006,Ministry Of Sound,2266141,3:33
The Sleepy Jackson,God Lead Your Soul,Chillout Sessions 9,2006,Ministry Of Sound,2266141,3:25
Nouvelle Vague,Blue Monday,Chillout Sessions 9,2006,Ministry Of Sound,2266141,2:56
Chicken Lips,Sweet Cow,Chillout Sessions 9,2006,Ministry Of Sound,2266141,4:18
Gaelle Adisson,Give It Back,Chillout Sessions 9,2006,Ministry Of Sound,2266141,3:56
The Knife,Marble House,Chillout Sessions 9,2006,Ministry Of Sound,2266141,4:30
Mlle Caro & Franck Garcia,Far Away,Chillout Sessions 9,2006,Ministry Of Sound,2266141,2:33
Hot Chip,Colours (Remixed By Fred Falke),Chillout Sessions 9,2006,Ministry Of Sound,2266141,4:04
Toby Neal,My Love (Putsch '79 Disco Mix),Chillout Sessions 9,2006,Ministry Of Sound,2266141,4:33
Hot Toddy,Slave To You,Chillout Sessions 9,2006,Ministry Of Sound,2266141,2:56
Kaskade,In This Life,Chillout Sessions 9,2006,Ministry Of Sound,2266141,3:03
Latrice Barnett,Love Is,Chillout Sessions 9,2006,Ministry Of Sound,2266141,3:49
Liquid People,Son Of Dragon,Chillout Sessions 9,2006,Ministry Of Sound,2266141,5:02
"Roberto De Carlo, Joshua (9)",Magic Star,Chillout Sessions 9,2006,Ministry Of Sound,2266141,4:16
Soul Creation,Nia's Journey Back,Chillout Sessions 9,2006,Ministry Of Sound,2266141,6:41
And If,Finest Dream (Original Intrumental Mix),Chillout Sessions 9,2006,Ministry Of Sound,2266141,5:15
"Tennishero, Chelonis R. Jones",Alone (Original Vocal Version),Chillout Sessions 9,2006,Ministry Of Sound,2266141,4:34
Milke,She Says (Wahoo Remix),Chillout Sessions 9,2006,Ministry Of Sound,2266141,3:13
Mattafix,To And Fro (Chicken Lips Remix),Chillout Sessions 9,2006,Ministry Of Sound,2266141,3:37
WhoMadeWho,Space For Rent,Chillout Sessions 9,2006,Ministry Of Sound,2266141,5:03
Coldcut,Autumn Leaves (Irresistable Force Remix Trip 2),Chillout Classics,2007,Ministry Of Sound,1403278,6:48
Goldfrapp,Black Cherry (Album Version),Chillout Classics,2007,Ministry Of Sound,1403278,4:46
"Michael Andrews, Gary Jules",Madworld (Album Version),Chillout Classics,2007,Ministry Of Sound,1403278,2:58
Lamb,Gorecki (Album Version),Chillout Classics,2007,Ministry Of Sound,1403278,6:12
Sub Sub,Past (Original Mix),Chillout Classics,2007,Ministry Of Sound,1403278,2:15
Three Drives,Greece 2000 (Moonwatcher Remix),Chillout Classics,2007,Ministry Of Sound,1403278,3:07
Air,La Femme D'Argent (Album Version),Chillout Classics,2007,Ministry Of Sound,1403278,5:12
Zero 7,Destiny (Album Version),Chillout Classics,2007,Ministry Of Sound,1403278,4:49
Groove Armada,My Friend (Album Version),Chillout Classics,2007,Ministry Of Sound,1403278,4:56
Jamiroquai,Corner Of The Earth (Album Version),Chillout Classics,2007,Ministry Of Sound,1403278,3:48
Röyksopp,Remind Me (Album Version),Chillout Classics,2007,Ministry Of Sound,1403278,3:12
Alpinestars,Burning Up (Original Mix),Chillout Classics,2007,Ministry Of Sound,1403278,4:54
Coldplay,The Scientist (Album Version),Chillout Classics,2007,Ministry Of Sound,1403278,5:00
Radiohead,Street Spirit (Fade Out) (Album Version),Chillout Classics,2007,Ministry Of Sound,1403278,4:10
Nitin Sawhney,Sunset (Prophesy Album Version),Chillout Classics,2007,Ministry Of Sound,1403278,3:44
Massive Attack,Karmacoma (Album Version),Chillout Classics,2007,Ministry Of Sound,1403278,4:18
"Bomb The Bass, Justin Warfield",Bug Powder Dust (Kruder & Dorfmeister Session Remix),Chillout Classics,2007,Ministry Of Sound,1403278,7:13
Leftfield,Original (Album Version),Chillout Classics,2007,Ministry Of Sound,1403278,4:03
Smoke City,Underwater Love (Original Mix),Chillout Classics,2007,Ministry Of Sound,1403278,3:37
Rob Dougan,Clubbed To Death (Kruyamino Variation),Chillout Classics,2007,Ministry Of Sound,1403278,7:23
Charles Webster,Ready (Original Mix),Chillout Classics,2007,Ministry Of Sound,1403278,4:01
Morcheeba,The Sea (Album Version),Chillout Classics,2007,Ministry Of Sound,1403278,3:36
Sofa Surfers,Sofa Rockers (Richard Dorfmeister Session),Chillout Classics,2007,Ministry Of Sound,1403278,2:10
Nightmares On Wax,Les Nuits (Original Mix),Chillout Classics,2007,Ministry Of Sound,1403278,4:17
Saint Etienne,Only Love Can Break Your Heart (Weatherall Mix),Chillout Classics,2007,Ministry Of Sound,1403278,2:32
Moby,Who Does My Heart Feel So Bad? (Album Version),Chillout Classics,2007,Ministry Of Sound,1403278,2:50
Depeche Mode,Useless (The Kruder & Dorfmeister Session),Chillout Classics,2007,Ministry Of Sound,1403278,5:03
"Mark Farina, Sean Hayes",Dream Machine (Original Mix),Chillout Classics,2007,Ministry Of Sound,1403278,4:51
Crazy Penis,Beautiful People (Original Mix),Chillout Classics,2007,Ministry Of Sound,1403278,6:20
Nuyorican Soul,I Am The Black Gold Of The Sun (4 Hero Remix Edit),Chillout Classics,2007,Ministry Of Sound,1403278,7:27
Ian Pooley,What's Your Number (Jazzanova Renumber),Chillout Classics,2007,Ministry Of Sound,1403278,5:05
Gaelle Adisson,Give It Back (Eric's Wollman Dub),Chillout Classics,2007,Ministry Of Sound,1403278,3:33
"Everything But The Girl, Soul Vision",Tracey In My Room (Lazy Dog Bootleg Vocal Mix),Chillout Classics,2007,Ministry Of Sound,1403278,4:56
Télépopmusik,Breathe (Album Version),Chillout Classics,2007,Ministry Of Sound,1403278,3:34
Lisa Shaw,Always (Album Version),Chillout Classics,2007,Ministry Of Sound,1403278,4:04
St Germain,Rose Rouge (Album Version),Chillout Classics,2007,Ministry Of Sound,1403278,4:34
Mr. Scruff,Get A Move On (Original Mix),Chillout Classics,2007,Ministry Of Sound,1403278,3:14
Bent,Swollen (Francois K. Vocal),Chillout Classics,2007,Ministry Of Sound,1403278,3:52
Dirty Vegas,Days Go By (Album Version),Chillout Classics,2007,Ministry Of Sound,1403278,3:33
"Hardsoul, Ron Carroll",Back Together (Classic Mix),Chillout Classics,2007,Ministry Of Sound,1403278,3:18
"X-Press 2, David Byrne",Lazy (Clean Version),Chillout Classics,2007,Ministry Of Sound,1403278,8:30
Beth Orton,Central Reservation (The Then Again Version),Chillout Classics,2007,Ministry Of Sound,1403278,3:37
Matthew Herbert,The Audience (Original Mix),Chillout Classics,2007,Ministry Of Sound,1403278,4:16
Sébastien Tellier,La Ballade Du Georges,Chillout Sessions 10,2007,Ministry Of Sound,2286111,4:18
Husky Rescue,Diamonds In The Sky,Chillout Sessions 10,2007,Ministry Of Sound,2286111,4:41
Caribou,Hello Hammerheads,Chillout Sessions 10,2007,Ministry Of Sound,2286111,2:36
José González,Down The Line,Chillout Sessions 10,2007,Ministry Of Sound,2286111,3:10
Angus & Julia Stone,The Beast,Chillout Sessions 10,2007,Ministry Of Sound,2286111,3:33
Salmonella Dub,"Love, Sunshine And Happiness",Chillout Sessions 10,2007,Ministry Of Sound,2286111,5:16
Mattafix,Living,Chillout Sessions 10,2007,Ministry Of Sound,2286111,4:10
The Beauty Room,Holding On,Chillout Sessions 10,2007,Ministry Of Sound,2286111,4:39
The Bird And The Bee,Again And Again,Chillout Sessions 10,2007,Ministry Of Sound,2286111,2:37
Sia,Pictures,Chillout Sessions 10,2007,Ministry Of Sound,2286111,3:34
Amy Winehouse,Back To Black,Chillout Sessions 10,2007,Ministry Of Sound,2286111,3:57
OutKast,Idlewild Blue,Chillout Sessions 10,2007,Ministry Of Sound,2286111,3:23
Emilie Simon,Fleur De Saison,Chillout Sessions 10,2007,Ministry Of Sound,2286111,4:03
Au Revoir Simone,Sad Song,Chillout Sessions 10,2007,Ministry Of Sound,2286111,3:59
Misha,Losing,Chillout Sessions 10,2007,Ministry Of Sound,2286111,3:24
"Amp Fiddler, Corinne Bailey Rae",If I Don't (Foreign Beggars Remix),Chillout Sessions 10,2007,Ministry Of Sound,2286111,4:27
Robert Gomez,All We Got,Chillout Sessions 10,2007,Ministry Of Sound,2286111,4:26
Grizzly Bear,The Knife,Chillout Sessions 10,2007,Ministry Of Sound,2286111,5:15
Menomena,Wet And Rusting,Chillout Sessions 10,2007,Ministry Of Sound,2286111,3:22
Blonde Redhead,Silently,Chillout Sessions 10,2007,Ministry Of Sound,2286111,3:55
Ignition (4),Secret Sunday Lover (Ilija Rudman Remix),Chillout Sessions 10,2007,Ministry Of Sound,2286111,4:27
Tracey Thorn,It's All True (Escort Extended Remix),Chillout Sessions 10,2007,Ministry Of Sound,2286111,3:39
Just Fascination,Walking In The Rain,Chillout Sessions 10,2007,Ministry Of Sound,2286111,2:21
Mood II Swing,Passing Time,Chillout Sessions 10,2007,Ministry Of Sound,2286111,4:31
"Mark Grant, Russoul",Guessin' Again (Mark Grant's Soul Bounce Mix),Chillout Sessions 10,2007,Ministry Of Sound,2286111,5:23
"Carl Kennedy, MYNC Project, Andrew Roachford",Ride The Storm (Carl Kennedy Remix),Chillout Sessions 10,2007,Ministry Of Sound,2286111,5:17
Soul Central,Time After Time,Chillout Sessions 10,2007,Ministry Of Sound,2286111,6:30
"Trentemøller, Ane Trolle",Moan (Trentemøller Vocal Version),Chillout Sessions 10,2007,Ministry Of Sound,2286111,4:54
"Ida Engberg, RAE (2)",Disco Volante (Sébastien Léger Remix),Chillout Sessions 10,2007,Ministry Of Sound,2286111,2:46
Dusty Kid,Cowboys,Chillout Sessions 10,2007,Ministry Of Sound,2286111,4:38
Junior Boys,The Equalizer,Chillout Sessions 10,2007,Ministry Of Sound,2286111,4:27
Hot Chip,My Piano,Chillout Sessions 10,2007,Ministry Of Sound,2286111,4:53
Midnight Juggernauts,Into The Galaxy,Chillout Sessions 10,2007,Ministry Of Sound,2286111,4:52
"Kasper Bjørke, Allison Pierce",Doesn't Matter (Trentemøller Remix),Chillout Sessions XI,2008,Ministry Of Sound,1577705,
Radiohead,Weird Fishes / Arpeggi,Chillout Sessions XI,2008,Ministry Of Sound,1577705,
José González,Teardrop,Chillout Sessions XI,2008,Ministry Of Sound,1577705,
Feist,So Sorry,Chillout Sessions XI,2008,Ministry Of Sound,1577705,
Lisa Mitchell (2),Neopolitan Dreams,Chillout Sessions XI,2008,Ministry Of Sound,1577705,
Bat For Lashes,What's A Girl To Do?,Chillout Sessions XI,2008,Ministry Of Sound,1577705,
Ratatat,Falcon Jab,Chillout Sessions XI,2008,Ministry Of Sound,1577705,
Hot Chip,Made In The Dark,Chillout Sessions XI,2008,Ministry Of Sound,1577705,
The Presets (2),If I Know You,Chillout Sessions XI,2008,Ministry Of Sound,1577705,
Sam Sparro,Black & Gold,Chillout Sessions XI,2008,Ministry Of Sound,1577705,
MGMT,Electric Feel,Chillout Sessions XI,2008,Ministry Of Sound,1577705,
Cut Copy,Feel The Love,Chillout Sessions XI,2008,Ministry Of Sound,1577705,
Sébastien Tellier,Divine,Chillout Sessions XI,2008,Ministry Of Sound,1577705,
Ted & Francis,Erlend,Chillout Sessions XI,2008,Ministry Of Sound,1577705,
Metronomy,Heartbreaker,Chillout Sessions XI,2008,Ministry Of Sound,1577705,
Ladytron,Ghosts (Mod Wheel Mood Remix),Chillout Sessions XI,2008,Ministry Of Sound,1577705,
Pnau,With You Forever,Chillout Sessions XI,2008,Ministry Of Sound,1577705,
Aeroplane (4),Above The Clouds,Chillout Sessions XI,2008,Ministry Of Sound,1577705,
Al Usher,Here Today,Chillout Sessions XI,2008,Ministry Of Sound,1577705,
Low Motion Disco,Love Love Love (Soft Rocks Remix),Chillout Sessions XI,2008,Ministry Of Sound,1577705,
Mission Control (9),Innerspace (Long John Saliva Remix),Chillout Sessions XI,2008,Ministry Of Sound,1577705,
Kaoru Inoue,The Secret Field (Todd Terje Remix),Chillout Sessions XI,2008,Ministry Of Sound,1577705,
"Popular Computer, Pacific!",Lost & Found,Chillout Sessions XI,2008,Ministry Of Sound,1577705,
Shazam (2),Luckier,Chillout Sessions XI,2008,Ministry Of Sound,1577705,
Cazals,Life Is Boring (Ali Love / Harder Remix),Chillout Sessions XI,2008,Ministry Of Sound,1577705,
Amy Winehouse,Tears Dry On Their Own (Al Usher Remix),Chillout Sessions XI,2008,Ministry Of Sound,1577705,
CSS,Move (Cut Copy Remix),Chillout Sessions XI,2008,Ministry Of Sound,1577705,
Panthers,Goblin City (Holy Ghost! Remix),Chillout Sessions XI,2008,Ministry Of Sound,1577705,
Black Kids,Hurricane Jane (Twelves Mix),Chillout Sessions XI,2008,Ministry Of Sound,1577705,
Bag Raiders,Shooting Stars,Chillout Sessions XI,2008,Ministry Of Sound,1577705,
Pacific!,Break Your Social System,Chillout Sessions XI,2008,Ministry Of Sound,1577705,
DiskJokke,Folk I Farta,Chillout Sessions XI,2008,Ministry Of Sound,1577705,
Rufus Wainwright,Tiergarten (Supermayer Remix),Chillout Sessions XI,2008,Ministry Of Sound,1577705,
The Orb,"Little Fluffy Clouds (7"" Edit)",Chilled 1991-2009,2009,Ministry Of Sound,2649483,
Rob Dougan,Clubbed To Death (Kurayamino Variation By Rob Dougan),Chilled 1991-2009,2009,Ministry Of Sound,2649483,
The Beloved,Sweet Harmony (LP Version),Chilled 1991-2009,2009,Ministry Of Sound,2649483,
Chicane,Offshore (LP Mix),Chilled 1991-2009,2009,Ministry Of Sound,2649483,
Moloko,Fun For Me,Chilled 1991-2009,2009,Ministry Of Sound,2649483,
"Tim ""Love"" Lee",One Night Samba,Chilled 1991-2009,2009,Ministry Of Sound,2649483,
The Karminsky Experience Inc.,Exploration,Chilled 1991-2009,2009,Ministry Of Sound,2649483,
Coldcut,Autumn Leaves (Irresistible Force Mix Trip 1),Chilled 1991-2009,2009,Ministry Of Sound,2649483,
William Orbit,Barber's Adagio For Strings (Ferry Corsten Remix) (Radio Edit),Chilled 1991-2009,2009,Ministry Of Sound,2649483,
Basement Jaxx,Romeo (Acoustic),Chilled 1991-2009,2009,Ministry Of Sound,2649483,
DJ Sammy,Heaven (Candlelight Mix),Chilled 1991-2009,2009,Ministry Of Sound,2649483,
Bent,I Love My Man,Chilled 1991-2009,2009,Ministry Of Sound,2649483,
Badly Drawn Boy,Once Around The Block (Votel Mix),Chilled 1991-2009,2009,Ministry Of Sound,2649483,
"Cicada, Ben Onono",Can't Be Doin' With Love,Chilled 1991-2009,2009,Ministry Of Sound,2649483,
Bonobo,Kota,Chilled 1991-2009,2009,Ministry Of Sound,2649483,
Fenomenon,Sleepy Meadows Of Buxton,Chilled 1991-2009,2009,Ministry Of Sound,2649483,
Finley Quaye,Dice,Chilled 1991-2009,2009,Ministry Of Sound,2649483,
Peter Bjorn And John,Young Folks (OrtzRoka Remix),Chilled 1991-2009,2009,Ministry Of Sound,2649483,
Radiohead,Nude,Chilled 1991-2009,2009,Ministry Of Sound,2649483,
Everything But The Girl,Missing (Todd Terry Club Remix),Chilled 1991-2009,2009,Ministry Of Sound,2649483,
Sam Sparro,Black & Gold (Album Version),Chilled 1991-2009,2009,Ministry Of Sound,2649483,
Etienne De Crécy,Prix Choc,Chilled 1991-2009,2009,Ministry Of Sound,2649483,
Julien Jabre,Swimming Places (Sebastian Ingrosso Re-edit),Chilled 1991-2009,2009,Ministry Of Sound,2649483,
Crazy Penis,Bumcop,Chilled 1991-2009,2009,Ministry Of Sound,2649483,
Lindstrøm,I Feel Space,Chilled 1991-2009,2009,Ministry Of Sound,2649483,
Empire Of The Sun,We Are The People (Canyons Ancient Gods Remix Edit),Chilled 1991-2009,2009,Ministry Of Sound,2649483,
Doctor Rockit,Café De Flore,Chilled 1991-2009,2009,Ministry Of Sound,2649483,
The Whip,Divebomb,Chilled 1991-2009,2009,Ministry Of Sound,2649483,
Slusnik Luna,Sun (Kossin Mix),Chilled 1991-2009,2009,Ministry Of Sound,2649483,
Delerium,Silence (Michael Woods Remix),Chilled 1991-2009,2009,Ministry Of Sound,2649483,
Duffy,Stepping Stone,Chillout Sessions XII,2009,Ministry Of Sound,2337949,3:21
Sarah Blasko,All I Want,Chillout Sessions XII,2009,Ministry Of Sound,2337949,3:49
Lisa Mitchell (2),See You When You Get Here,Chillout Sessions XII,2009,Ministry Of Sound,2337949,4:27
Tame Impala,Sundown Syndrome,Chillout Sessions XII,2009,Ministry Of Sound,2337949,5:39
Fink,Sort Of Revolution (Cinematic Orchestra Radio Edit),Chillout Sessions XII,2009,Ministry Of Sound,2337949,3:37
Josh Pyke,The Summer,Chillout Sessions XII,2009,Ministry Of Sound,2337949,2:52
Miike Snow,Burial,Chillout Sessions XII,2009,Ministry Of Sound,2337949,4:16
"Daniel Merriweather, Wale",Change,Chillout Sessions XII,2009,Ministry Of Sound,2337949,3:18
Lykke Li,"I'm Good, I'm Gone",Chillout Sessions XII,2009,Ministry Of Sound,2337949,3:06
Jenny Wilson,Anchor Made Of Gold,Chillout Sessions XII,2009,Ministry Of Sound,2337949,4:36
Peter Bjorn And John,Nothing To Worry About,Chillout Sessions XII,2009,Ministry Of Sound,2337949,2:50
Two Door Cinema Club,Something Good Can Work,Chillout Sessions XII,2009,Ministry Of Sound,2337949,2:32
Lost Valentinos,Serio,Chillout Sessions XII,2009,Ministry Of Sound,2337949,3:58
Au Revoir Simone,Shadows,Chillout Sessions XII,2009,Ministry Of Sound,2337949,3:52
Bat For Lashes,Daniel,Chillout Sessions XII,2009,Ministry Of Sound,2337949,3:40
"Ryskee, Leslie Ming (2)",Leave Me Amor (Bloody Beetroots Remix),Chillout Sessions XII,2009,Ministry Of Sound,2337949,3:51
Empire Of The Sun,Standing On The Shore,Chillout Sessions XII,2009,Ministry Of Sound,2337949,4:11
MGMT,Weekend Wars (Album Version),Chillout Sessions XII,2009,Ministry Of Sound,2337949,4:04
The Temper Trap,Sweet Disposition,Chillout Sessions XII,2009,Ministry Of Sound,2337949,3:43
La Roux,In For The Kill (Skream's Lets Get Ravey Remix),Chillout Sessions XII,2009,Ministry Of Sound,2337949,3:35
Fever Ray,When I Grow Up,Chillout Sessions XII,2009,Ministry Of Sound,2337949,3:39
Grace Jones,Williams' Blood (Greg Wilson Remix),Chillout Sessions XII,2009,Ministry Of Sound,2337949,4:08
Phoenix,Lisztomania (Classixx Version),Chillout Sessions XII,2009,Ministry Of Sound,2337949,3:39
Paul Dempsey (2),Ramona Was A Waitress (Faux Pas Remix),Chillout Sessions XII,2009,Ministry Of Sound,2337949,3:31
James Yuill,This Sweet Love (Prins Thomas Sneaky Re-Edit),Chillout Sessions XII,2009,Ministry Of Sound,2337949,3:22
Damn Arms,Destination Pt 1.,Chillout Sessions XII,2009,Ministry Of Sound,2337949,2:37
Sia,Buttons (CSS Remix),Chillout Sessions XII,2009,Ministry Of Sound,2337949,3:26
Metric,Help I'm Alive,Chillout Sessions XII,2009,Ministry Of Sound,2337949,4:11
The Golden Filter,Solid Gold (Extended Version),Chillout Sessions XII,2009,Ministry Of Sound,2337949,4:42
Bertie Blackman,Thump (Wild Turkeys Remix),Chillout Sessions XII,2009,Ministry Of Sound,2337949,4:05
Lost Valentinos,Thief (Nile Delta Remix),Chillout Sessions XII,2009,Ministry Of Sound,2337949,4:34
The Juan MacLean,One Day (Original Version),Chillout Sessions XII,2009,Ministry Of Sound,2337949,3:48
"MSTRKRFT, John Legend",Heartbreaker,Chillout Sessions XII,2009,Ministry Of Sound,2337949,2:36
Metronomy,A Thing For Me (Breakbot Remix),Chillout Sessions XII,2009,Ministry Of Sound,2337949,3:25
Ladyhawke,My Delirium (Chateau Marmont Remix),Chillout Sessions XII,2009,Ministry Of Sound,2337949,3:27
Sébastien Tellier,Kilometer,Chillout Sessions XII,2009,Ministry Of Sound,2337949,3:44
Simian Mobile Disco,Audacity Of Huge (Allez Allez Remix),Chillout Sessions XII,2009,Ministry Of Sound,2337949,3:08
Vampire Weekend,The Kids Don't Stand A Chance (Chromeo Remix),Chillout Sessions XII,2009,Ministry Of Sound,2337949,4:37
Beni Single,My Love Sees You (Classixx Version),Chillout Sessions XII,2009,Ministry Of Sound,2337949,3:46
Grizzly Bear,Two Weeks (Fred Falke Remix),Chillout Sessions XII,2009,Ministry Of Sound,2337949,6:55
Megan Washington,Lover / Soldier,Chillout Sessions XIII,2010,Ministry Of Sound,2710268,5:27
Angus & Julia Stone,Big Jet Plane,Chillout Sessions XIII,2010,Ministry Of Sound,2710268,3:54
The XX,Islands,Chillout Sessions XIII,2010,Ministry Of Sound,2710268,2:33
Sia,I'm In Here,Chillout Sessions XIII,2010,Ministry Of Sound,2710268,3:25
Erykah Badu,Window Seat,Chillout Sessions XIII,2010,Ministry Of Sound,2710268,4:47
Smoove + Turrell,Without You,Chillout Sessions XIII,2010,Ministry Of Sound,2710268,6:06
Bibio,Lovers' Carvings,Chillout Sessions XIII,2010,Ministry Of Sound,2710268,3:48
Jonathan Boulet,A Community Service Announcement,Chillout Sessions XIII,2010,Ministry Of Sound,2710268,4:12
Neon Indian,Deadbeat Summer,Chillout Sessions XIII,2010,Ministry Of Sound,2710268,3:48
The Superimposers,The Beach,Chillout Sessions XIII,2010,Ministry Of Sound,2710268,3:35
Space Invadas,Imaginist,Chillout Sessions XIII,2010,Ministry Of Sound,2710268,2:56
"Big Boi, Sleepy Brown, Joi (3)",Turns Me On,Chillout Sessions XIII,2010,Ministry Of Sound,2710268,3:25
"Dan Black, Kid Cudi",Symphonies,Chillout Sessions XIII,2010,Ministry Of Sound,2710268,3:35
Miike Snow,Sans Soleil,Chillout Sessions XIII,2010,Ministry Of Sound,2710268,4:21
The National,Runaway,Chillout Sessions XIII,2010,Ministry Of Sound,2710268,5:28
Kings Of Convenience,Misread,Chillout Sessions XIII,2010,Ministry Of Sound,2710268,3:03
Sally Seltmann,Harmony To My Heartbeat,Chillout Sessions XIII,2010,Ministry Of Sound,2710268,3:44
Ernest Ellis,Heading For The Cold,Chillout Sessions XIII,2010,Ministry Of Sound,2710268,3:30
Gypsy And The Cat,Time To Wander,Chillout Sessions XIII,2010,Ministry Of Sound,2710268,3:56
Smoove + Turrell,The Difference,Chillout Sessions XIII,2010,Ministry Of Sound,2710268,3:58
Crazy Penis,Never Going To Reach Me (Hot Toddy Remix),Chillout Sessions XIII,2010,Ministry Of Sound,2710268,4:01
Sarah Blasko,Hold On My Heart (The Presets Remix),Chillout Sessions XIII,2010,Ministry Of Sound,2710268,4:27
The Chemical Brothers,Swoon (Lindstrom & Prins Thomas Remix),Chillout Sessions XIII,2010,Ministry Of Sound,2710268,5:34
"Flight Facilities, Giselle Rosselli",Crave You (AN-2 Remix),Chillout Sessions XIII,2010,Ministry Of Sound,2710268,3:55
Miike Snow,Animal (Mark Ronson Extended Remix),Chillout Sessions XIII,2010,Ministry Of Sound,2710268,3:50
Aeroplane (4),We Can't Fly,Chillout Sessions XIII,2010,Ministry Of Sound,2710268,3:30
Chilly Gonzales,Knight Moves,Chillout Sessions XIII,2010,Ministry Of Sound,2710268,4:16
"Breakbot, Outlines",Baby I'm Yours,Chillout Sessions XIII,2010,Ministry Of Sound,2710268,3:16
"Miami Horror, Alan Palamo",Holidays,Chillout Sessions XIII,2010,Ministry Of Sound,2710268,4:21
Little Red (2),Rock It (Dublin Aunts Remix),Chillout Sessions XIII,2010,Ministry Of Sound,2710268,4:41
Florence And The Machine,Rabbit Heart (Raise It Up) (Leo Zero Remix),Chillout Sessions XIII,2010,Ministry Of Sound,2710268,7:56
The Temper Trap,Sweet Disposition (Caged Baby Paradise 45 Remix),Chillout Sessions XIII,2010,Ministry Of Sound,2710268,4:24
Robyn,Dancing On My Own (Fred Falke Remix Edit),Chillout Sessions XIII,2010,Ministry Of Sound,2710268,4:19
Project 808,Pacific 202 (Mark Moore Passionardor Remix),Chillout Sessions XIII,2010,Ministry Of Sound,2710268,5:07
Groove Armada,History,Chillout Sessions XIII,2010,Ministry Of Sound,2710268,4:02
"Gotye, Kimbra",Somebody That I Used To Know (Bibio Remix),Chillout Sessions XIV,2011,Ministry Of Sound,3332983,
Feist,How Come You Never Go There,Chillout Sessions XIV,2011,Ministry Of Sound,3332983,
Seeker Lover Keeper,All My Lights,Chillout Sessions XIV,2011,Ministry Of Sound,3332983,
Aloe Blacc,I Need A Dollar,Chillout Sessions XIV,2011,Ministry Of Sound,3332983,
Aṣa,Why Can’t We,Chillout Sessions XIV,2011,Ministry Of Sound,3332983,
Kimbra,Cameo Lover (Electric Empire Remix),Chillout Sessions XIV,2011,Ministry Of Sound,3332983,
Hypnolove,Holiday Reverie,Chillout Sessions XIV,2011,Ministry Of Sound,3332983,
Metronomy,The Look,Chillout Sessions XIV,2011,Ministry Of Sound,3332983,
Oh Mercy,Let Me Go,Chillout Sessions XIV,2011,Ministry Of Sound,3332983,
Little Dragon,Feather,Chillout Sessions XIV,2011,Ministry Of Sound,3332983,
Frank Ocean,Swim Good,Chillout Sessions XIV,2011,Ministry Of Sound,3332983,
Cut Copy,Need You Now (Architecture In Helsinki Version),Chillout Sessions XIV,2011,Ministry Of Sound,3332983,
The Temper Trap,Fools,Chillout Sessions XIV,2011,Ministry Of Sound,3332983,
The Drums (2),Money,Chillout Sessions XIV,2011,Ministry Of Sound,3332983,
Example,Last Ones Standing (Ed Sheeran Remix),Chillout Sessions XIV,2011,Ministry Of Sound,3332983,
"Gil Scott-Heron, Jamie XX",I'll Take Care Of U,Chillout Sessions XIV,2011,Ministry Of Sound,3332983,
The Good Natured,Wolves (Crystal Fighters Remix),Chillout Sessions XIV,2011,Ministry Of Sound,3332983,
Washed Out,Eyes Be Closed,Chillout Sessions XIV,2011,Ministry Of Sound,3332983,
Blood Orange (2),Sutphin Boulevard,Chillout Sessions XIV,2011,Ministry Of Sound,3332983,
Simone Fedi,Bitter Devotion,Chillout Sessions XIV,2011,Ministry Of Sound,3332983,
Clubfeet,Edge Of Extremes,Chillout Sessions XIV,2011,Ministry Of Sound,3332983,
"Flight Facilities, Jess Higgs",Foreign Language,Chillout Sessions XIV,2011,Ministry Of Sound,3332983,
!!!,Steady As The Sidewalk Cracks,Chillout Sessions XIV,2011,Ministry Of Sound,3332983,
Bibio,Anything New,Chillout Sessions XIV,2011,Ministry Of Sound,3332983,
"Gigamesh, Amanda Love (3)",Red Light,Chillout Sessions XIV,2011,Ministry Of Sound,3332983,
Magnifik,We Really Love This Song,Chillout Sessions XIV,2011,Ministry Of Sound,3332983,
Storm Queen,Look Right Through,Chillout Sessions XIV,2011,Ministry Of Sound,3332983,
Midnight Magic (2),Beam Me Up (Jacques Renault Remix),Chillout Sessions XIV,2011,Ministry Of Sound,3332983,
"James Curd, J Dub (6)",We Just Won’t Stop,Chillout Sessions XIV,2011,Ministry Of Sound,3332983,
Siriusmo,Nights Off,Chillout Sessions XIV,2011,Ministry Of Sound,3332983,
Ray Foxx,The Trumpeter (Guti Remix),Chillout Sessions XIV,2011,Ministry Of Sound,3332983,
Omar,Feeling You (Henrik Schwarz Remix),Chillout Sessions XIV,2011,Ministry Of Sound,3332983,
"Lovebirds, Stee Downes",Want You In My Soul,Chillout Sessions XIV,2011,Ministry Of Sound,3332983,
Paul Kalkbrenner,Sky And Sand,Chillout Sessions XIV,2011,Ministry Of Sound,3332983,
"Mario Basanov & Vidis, Jazzu (2)",I'll Be Gone,Chillout Sessions XIV,2011,Ministry Of Sound,3332983,
Bronnt Industries Kapital,An Index Of Corporate Art,Chillout Sessions XIV,2011,Ministry Of Sound,3332983,
Missy Higgins,Everyone's Waiting,Chillout Sessions XV,2012,Ministry Of Sound,4264909,
Gotye,Eyes Wide Open (Yeasayer Remix),Chillout Sessions XV,2012,Ministry Of Sound,4264909,
Jessie Ware,Wildest Moments,Chillout Sessions XV,2012,Ministry Of Sound,4264909,
"Major Lazer, Amber Coffman",Get Free,Chillout Sessions XV,2012,Ministry Of Sound,4264909,
Frank Ocean,Thinkin' Bout You,Chillout Sessions XV,2012,Ministry Of Sound,4264909,
"The Bamboos, Aloe Blacc",Where Does The Time Go?,Chillout Sessions XV,2012,Ministry Of Sound,4264909,
Florence And The Machine,Spectrum,Chillout Sessions XV,2012,Ministry Of Sound,4264909,
The XX,Chained,Chillout Sessions XV,2012,Ministry Of Sound,4264909,
Totally Enormous Extinct Dinosaurs,Garden,Chillout Sessions XV,2012,Ministry Of Sound,4264909,
Angus Stone,Broken Brights,Chillout Sessions XV,2012,Ministry Of Sound,4264909,
Alpine (6),Gasoline,Chillout Sessions XV,2012,Ministry Of Sound,4264909,
Chet Faker,Terms And Conditions,Chillout Sessions XV,2012,Ministry Of Sound,4264909,
Panama (16),Magic,Chillout Sessions XV,2012,Ministry Of Sound,4264909,
Saint Lou Lou,Maybe You,Chillout Sessions XV,2012,Ministry Of Sound,4264909,
Paloma Faith,Let Me Down Easy,Chillout Sessions XV,2012,Ministry Of Sound,4264909,
Grimes (4),Genesis,Chillout Sessions XV,2012,Ministry Of Sound,4264909,
Bobby Womack,Please Forgive My Heart,Chillout Sessions XV,2012,Ministry Of Sound,4264909,
Hermitude,HyperParadise,Chillout Sessions XV,2012,Ministry Of Sound,4264909,
The Temper Trap,Trembling Hands,Chillout Sessions XV,2012,Ministry Of Sound,4264909,
"Flight Facilities, Christine Hoberg",Clair De Lune,Chillout Sessions XV,2012,Ministry Of Sound,4264909,
Hot Chip,Look At Where We Are,Chillout Sessions XV,2012,Ministry Of Sound,4264909,
"Goldroom, Chela",Fifteen,Chillout Sessions XV,2012,Ministry Of Sound,4264909,
Lana Del Rey,National Anthem (Afterlife Remix),Chillout Sessions XV,2012,Ministry Of Sound,4264909,
"Flume, Jezzabell Doran",Sleepless,Chillout Sessions XV,2012,Ministry Of Sound,4264909,
"Disclosure (3), Sinead Harnett",Boiling,Chillout Sessions XV,2012,Ministry Of Sound,4264909,
Van She,Jamaica,Chillout Sessions XV,2012,Ministry Of Sound,4264909,
Dune (25),Shoestring,Chillout Sessions XV,2012,Ministry Of Sound,4264909,
DCUP,I'm Corrupt,Chillout Sessions XV,2012,Ministry Of Sound,4264909,
"Munk, Peaches",You Can't Run From My Love,Chillout Sessions XV,2012,Ministry Of Sound,4264909,
M83,Reunion (Mylo Remix),Chillout Sessions XV,2012,Ministry Of Sound,4264909,
James Curd,Guide Me,Chillout Sessions XV,2012,Ministry Of Sound,4264909,
Twinsy,Water Bombs,Chillout Sessions XV,2012,Ministry Of Sound,4264909,
The Other Tribe,Skirts,Chillout Sessions XV,2012,Ministry Of Sound,4264909,
"Elton John, PNAU",Phoenix,Chillout Sessions XV,2012,Ministry Of Sound,4264909,
Favored Nations,Blame Game (Alternate Mix),Chillout Sessions XV,2012,Ministry Of Sound,4264909,
Bloc Party,Octopus (RAC Remix),Chillout Sessions XV,2012,Ministry Of Sound,4264909,
Purity Ring,Fineshrine,Chillout Sessions XV,2012,Ministry Of Sound,4264909,
"LOL Boys, Angelina Lucero",Get Close To Me,Chillout Sessions XV,2012,Ministry Of Sound,4264909,
"Elizabeth Rose (4), Sinden",Again,Chillout Sessions XV,2012,Ministry Of Sound,4264909,
Bon Iver,Skinny Love,Chillout Sessions Classics,2013,Ministry Of Sound,4814279,3:44
alt-J,Something Good,Chillout Sessions Classics,2013,Ministry Of Sound,4814279,3:28
Bibio,Lovers Carvings,Chillout Sessions Classics,2013,Ministry Of Sound,4814279,3:30
"Mark Farina, Sean Hayes",Dream Machine,Chillout Sessions Classics,2013,Ministry Of Sound,4814279,5:10
Feist,The Limit To Your Love,Chillout Sessions Classics,2013,Ministry Of Sound,4814279,4:18
"Flight Facilities, Giselle Rosselli",Crave You,Chillout Sessions Classics,2013,Ministry Of Sound,4814279,3:36
"Rudimental, MNEK, Syron",Spoons,Chillout Sessions Classics,2013,Ministry Of Sound,4814279,5:19
Beth Orton,Central Reservation (Spiritual Life - Ibadan Edit),Chillout Sessions Classics,2013,Ministry Of Sound,4814279,3:56
Faithless,Crazy English Summer,Chillout Sessions Classics,2013,Ministry Of Sound,4814279,2:36
"SBTRKT, Sampha",Hold On,Chillout Sessions Classics,2013,Ministry Of Sound,4814279,3:25
The Presets (2),If I Knew You,Chillout Sessions Classics,2013,Ministry Of Sound,4814279,4:22
Lana Del Rey,Video Games,Chillout Sessions Classics,2013,Ministry Of Sound,4814279,4:37
Sneaker Pimps,6 Underground,Chillout Sessions Classics,2013,Ministry Of Sound,4814279,3:39
Mylo,Need You Tonite,Chillout Sessions Classics,2013,Ministry Of Sound,4814279,4:00
Foster The People,Pumped Up Kicks,Chillout Sessions Classics,2013,Ministry Of Sound,4814279,3:48
Florence And The Machine,Rabbit Heart (Raise It Up),Chillout Sessions Classics,2013,Ministry Of Sound,4814279,3:47
Miami Horror,Holidays,Chillout Sessions Classics,2013,Ministry Of Sound,4814279,4:24
Annie,Greatest Hit,Chillout Sessions Classics,2013,Ministry Of Sound,4814279,6:05
Kaskade,"It’s You, It's Me",Chillout Sessions Classics,2013,Ministry Of Sound,4814279,3:50
"Chet Faker, Kilo Kish",Melt,Chillout Sessions XVI,2013,Ministry Of Sound,5215622,
Lana Del Rey,Summertime Sadness (Radio Mix),Chillout Sessions XVI,2013,Ministry Of Sound,5215622,
"Naughty Boy (3), Sam Smith (12)",La La La (Pále Remix),Chillout Sessions XVI,2013,Ministry Of Sound,5215622,
HAIM (2),Falling,Chillout Sessions XVI,2013,Ministry Of Sound,5215622,
Ben Pearce,What I Might Do (Kilter Remix),Chillout Sessions XVI,2013,Ministry Of Sound,5215622,
Bibio,À Tout À L'Heure,Chillout Sessions XVI,2013,Ministry Of Sound,5215622,
Vance Joy,Riptide,Chillout Sessions XVI,2013,Ministry Of Sound,5215622,
Jagwar Ma,Come Save Me,Chillout Sessions XVI,2013,Ministry Of Sound,5215622,
Big Scary,Luck Now,Chillout Sessions XVI,2013,Ministry Of Sound,5215622,
"Disclosure (3), Eliza Doolittle",You & Me (Flume Remix),Chillout Sessions XVI,2013,Ministry Of Sound,5215622,
George Maple,Fixed (Maribou State Remix),Chillout Sessions XVI,2013,Ministry Of Sound,5215622,
"Kilter (2), YOUTH (2)",Hold Me,Chillout Sessions XVI,2013,Ministry Of Sound,5215622,
AlunaGeorge,"Your Drums, Your Love",Chillout Sessions XVI,2013,Ministry Of Sound,5215622,
The Kite String Tangle,Given A Chance,Chillout Sessions XVI,2013,Ministry Of Sound,5215622,
Snakadaktal,Fall Underneath,Chillout Sessions XVI,2013,Ministry Of Sound,5215622,
MS MR,Hurricane (CHVRCHES Remix),Chillout Sessions XVI,2013,Ministry Of Sound,5215622,
Andy Bull,Baby I Am Nobody Now,Chillout Sessions XVI,2013,Ministry Of Sound,5215622,
Ngaiire,Around,Chillout Sessions XVI,2013,Ministry Of Sound,5215622,
Hayden James,Permission To Love,Chillout Sessions XVI,2013,Ministry Of Sound,5215622,
The Preatures,Is This How You Feel? (Classixx Remix),Chillout Sessions XVI,2013,Ministry Of Sound,5215622,
Phoenix,Trying To Be Cool (Breakbot Remix),Chillout Sessions XVI,2013,Ministry Of Sound,5215622,
"Rudimental, Foxes",Right Here (Krystal Klear Remix),Chillout Sessions XVI,2013,Ministry Of Sound,5215622,
Classixx,Holding On,Chillout Sessions XVI,2013,Ministry Of Sound,5215622,
"Flight Facilities, Elizabeth Rose (4)",I Didn't Believe,Chillout Sessions XVI,2013,Ministry Of Sound,5215622,
FCL,It's You (James Curd Remix),Chillout Sessions XVI,2013,Ministry Of Sound,5215622,
Miami Horror,Real Slow,Chillout Sessions XVI,2013,Ministry Of Sound,5215622,
Rüfüs,Sundream,Chillout Sessions XVI,2013,Ministry Of Sound,5215622,
Klangkarussell,Sonnentanz (Radio Version),Chillout Sessions XVI,2013,Ministry Of Sound,5215622,
Storm Queen,Look Right Through (MK Dub III Edit),Chillout Sessions XVI,2013,Ministry Of Sound,5215622,
Favored Nations,The Strain (Nora En Pure Remix),Chillout Sessions XVI,2013,Ministry Of Sound,5215622,
"Hot Natured, Egyptian Lover",Isis (Magic Carpet Ride),Chillout Sessions XVI,2013,Ministry Of Sound,5215622,
Acaddamy,Gave Up,Chillout Sessions XVI,2013,Ministry Of Sound,5215622,
Empire Of The Sun,Alive (Gold Fields Remix),Chillout Sessions XVI,2013,Ministry Of Sound,5215622,
"Duke Dumont, A*M*E",Need U 100% (Skreamix),Chillout Sessions XVI,2013,Ministry Of Sound,5215622,
Touch Sensitive (2),Pizza Guy,Chillout Sessions XVI,2013,Ministry Of Sound,5215622,
"Yolanda Be Cool, Gurrumul Yunupingu",A Baru In New York (Flume Remix),Chillout Sessions XVI,2013,Ministry Of Sound,5215622,
Angus & Julia Stone,Heart Beats Slow,Chillout Sessions XVII,2014,Ministry Of Sound,6387381,
Milky Chance,Stolen Dance,Chillout Sessions XVII,2014,Ministry Of Sound,6387381,
Chet Faker,Gold,Chillout Sessions XVII,2014,Ministry Of Sound,6387381,
The Preatures,Two Tone Melody,Chillout Sessions XVII,2014,Ministry Of Sound,6387381,
Lana Del Rey,West Coast,Chillout Sessions XVII,2014,Ministry Of Sound,6387381,
Alt-J,Arrival In Narra,Chillout Sessions XVII,2014,Ministry Of Sound,6387381,
Sam Smith (12),Stay With Me,Chillout Sessions XVII,2014,Ministry Of Sound,6387381,
George Maple,Talk Talk,Chillout Sessions XVII,2014,Ministry Of Sound,6387381,
ZHU,Paradise Awaits,Chillout Sessions XVII,2014,Ministry Of Sound,6387381,
The Kite String Tangle,Arcadia,Chillout Sessions XVII,2014,Ministry Of Sound,6387381,
"ODESZA, Monsoonsiren",Memories That You Call,Chillout Sessions XVII,2014,Ministry Of Sound,6387381,
"Kilter (2), Ev Jones",All You Want,Chillout Sessions XVII,2014,Ministry Of Sound,6387381,
Vance Joy,Mess Is Mine,Chillout Sessions XVII,2014,Ministry Of Sound,6387381,
Jungle (12),Time,Chillout Sessions XVII,2014,Ministry Of Sound,6387381,
"Peking Duk, Nicole Millar",High (Yahtzel Remix),Chillout Sessions XVII,2014,Ministry Of Sound,6387381,
Arkon Fly,Back Seat,Chillout Sessions XVII,2014,Ministry Of Sound,6387381,
BROODS,Mother & Father,Chillout Sessions XVII,2014,Ministry Of Sound,6387381,
"Japanese Wallpaper, Wafia",Breathe In,Chillout Sessions XVII,2014,Ministry Of Sound,6387381,
BANKS (7),Beggin' For Thread,Chillout Sessions XVII,2014,Ministry Of Sound,6387381,
Rüfüs,Sarah (Touch Sensitive Remix),Chillout Sessions XVII,2014,Ministry Of Sound,6387381,
"Filous, Kitty Georgi",Summer,Chillout Sessions XVII,2014,Ministry Of Sound,6387381,
"Wankelmut, Emma Louise (3)",My Head Is A Jungle (MK Remix),Chillout Sessions XVII,2014,Ministry Of Sound,6387381,
"Ben Pearce, Black Orange Juice",Predictable,Chillout Sessions XVII,2014,Ministry Of Sound,6387381,
Motez,Own Up,Chillout Sessions XVII,2014,Ministry Of Sound,6387381,
Bondax,All I See,Chillout Sessions XVII,2014,Ministry Of Sound,6387381,
Caribou,Can't Do Without You,Chillout Sessions XVII,2014,Ministry Of Sound,6387381,
Octave Minds,Anthem,Chillout Sessions XVII,2014,Ministry Of Sound,6387381,
"Shift K3Y, Todd Oliver (2)",Touch (Oxford Remix),Chillout Sessions XVII,2014,Ministry Of Sound,6387381,
"Tensnake, Nile Rodgers, Fiora",Love Sublime,Chillout Sessions XVII,2014,Ministry Of Sound,6387381,
Tkay Maidza,U-Huh (Luke Million Remix),Chillout Sessions XVII,2014,Ministry Of Sound,6387381,
Attaque,Change Your Mind,Chillout Sessions XVII,2014,Ministry Of Sound,6387381,
Sufjan Stevens,Should Have Known Better,Chillout Sessions XVIII,2015,Ministry Of Sound,7757952,
Tame Impala,'Cause I'm A Man,Chillout Sessions XVIII,2015,Ministry Of Sound,7757952,
"Flight Facilities, Owl Eyes (2)",Heart Attack (Julian Hamilton Rework),Chillout Sessions XVIII,2015,Ministry Of Sound,7757952,
Daniel Johns,Aerial Love,Chillout Sessions XVIII,2015,Ministry Of Sound,7757952,
Airling,Stallin',Chillout Sessions XVIII,2015,Ministry Of Sound,7757952,
Tuka (4),My Star,Chillout Sessions XVIII,2015,Ministry Of Sound,7757952,
Sarah Blasko,Only One,Chillout Sessions XVIII,2015,Ministry Of Sound,7757952,
Favored Nations,I Can See You,Chillout Sessions XVIII,2015,Ministry Of Sound,7757952,
José González,Let It Carry You,Chillout Sessions XVIII,2015,Ministry Of Sound,7757952,
Mac DeMarco,The Way You'd Love Her,Chillout Sessions XVIII,2015,Ministry Of Sound,7757952,
Alabama Shakes,Don't Wanna Fight,Chillout Sessions XVIII,2015,Ministry Of Sound,7757952,
Hiatus Kaiyote,By Fire,Chillout Sessions XVIII,2015,Ministry Of Sound,7757952,
Chet Faker,Bend,Chillout Sessions XVIII,2015,Ministry Of Sound,7757952,
"SG Lewis, Louis M^ttrs",No Less,Chillout Sessions XVIII,2015,Ministry Of Sound,7757952,
"Flume, Andrew Wyatt",Some Minds,Chillout Sessions XVIII,2015,Ministry Of Sound,7757952,
"Troye Sivan, Broods",EASE,Chillout Sessions XVIII,2015,Ministry Of Sound,7757952,
ASAP Rocky,L$D,Chillout Sessions XVIII,2015,Ministry Of Sound,7757952,
SAFIA (3),Embracing Me,Chillout Sessions XVIII,2015,Ministry Of Sound,7757952,
"Kygo, Will Heard",Nothing Left,Chillout Sessions XVIII,2015,Ministry Of Sound,7757952,
"Paces, Reija Lee",Hold It Down (StéLouse Remix),Chillout Sessions XVIII,2015,Ministry Of Sound,7757952,
"Basenji, Scenic (2)",Petals,Chillout Sessions XVIII,2015,Ministry Of Sound,7757952,
"Cosmo's Midnight, Kučka",Walk With Me,Chillout Sessions XVIII,2015,Ministry Of Sound,7757952,
"Miami Horror, Queen Magic",Sober,Chillout Sessions XVIII,2015,Ministry Of Sound,7757952,
Escort,Body Talk,Chillout Sessions XVIII,2015,Ministry Of Sound,7757952,
Chez Moune,Away,Chillout Sessions XVIII,2015,Ministry Of Sound,7757952,
"Rudimental, Foy Vance",Never Let You Go (Feder Remix),Chillout Sessions XVIII,2015,Ministry Of Sound,7757952,
Sigala,Easy Love (Miguel Campbell Remix),Chillout Sessions XVIII,2015,Ministry Of Sound,7757952,
Porsches,Karate,Chillout Sessions XVIII,2015,Ministry Of Sound,7757952,
"Claptone, Peter Bjorn And John",Puppet Theatre,Chillout Sessions XVIII,2015,Ministry Of Sound,7757952,
"Andras Fox, Oscar Key Sung",(I Know) What You Want,Chillout Sessions XVIII,2015,Ministry Of Sound,7757952,
LANY (2),ILYSB (I Love You So Bad),Chillout Sessions XVIII,2015,Ministry Of Sound,7757952,
Monkey Safari,Cranes,Chillout Sessions XVIII,2015,Ministry Of Sound,7757952,
"Kölsch, Gregor Schwellenbach",Talbot,Chillout Sessions XVIII,2015,Ministry Of Sound,7757952,
Gilligan Moss,Choreograph,Chillout Sessions XVIII,2015,Ministry Of Sound,7757952,
Wu-Tang Clan,C.R.E.A.M,Chilled Hip Hop ,2016,Ministry Of Sound,14818135,4:03
KRS-One,MC's Act Like They Don't Know,Chilled Hip Hop ,2016,Ministry Of Sound,14818135,4:47
Common,I Used To Love H.E.R.,Chilled Hip Hop ,2016,Ministry Of Sound,14818135,4:33
Black Moon,How Many MC's,Chilled Hip Hop ,2016,Ministry Of Sound,14818135,2:40
Q-Tip,Let's Ride,Chilled Hip Hop ,2016,Ministry Of Sound,14818135,4:03
Smif-N-Wessun,Wreckonize,Chilled Hip Hop ,2016,Ministry Of Sound,14818135,3:20
Arrested Development,People Everyday (Metamorphosis Mix),Chilled Hip Hop ,2016,Ministry Of Sound,14818135,3:23
Ugly Duckling,A Little Samba,Chilled Hip Hop ,2016,Ministry Of Sound,14818135,3:11
"Bomb The Bass, Justin Warfield",Bug Powder Dust (La Fun Mob Remix),Chilled Hip Hop ,2016,Ministry Of Sound,14818135,5:15
Rakim,When I Be On Tha Mic,Chilled Hip Hop ,2016,Ministry Of Sound,14818135,3:41
Goodie Mob,Cell Therapy,Chilled Hip Hop ,2016,Ministry Of Sound,14818135,4:48
"J Dilla, Common, D'Angelo",So Far To Go,Chilled Hip Hop ,2016,Ministry Of Sound,14818135,
Xzibit,Paparazzi,Chilled Hip Hop ,2016,Ministry Of Sound,14818135,3:51
Big L,Put It On,Chilled Hip Hop ,2016,Ministry Of Sound,14818135,3:34
Mobb Deep,"Shook Ones, Pt. II",Chilled Hip Hop ,2016,Ministry Of Sound,14818135,5:20
Joey Bada$$,Paper Trail$,Chilled Hip Hop ,2016,Ministry Of Sound,14818135,3:14
EPMD,Da Joint,Chilled Hip Hop ,2016,Ministry Of Sound,14818135,3:18
"GZA, Method Man",Shadowboxin,Chilled Hip Hop ,2016,Ministry Of Sound,14818135,3:31
Redman,Tonight's Da Night,Chilled Hip Hop ,2016,Ministry Of Sound,14818135,3:22
LL Cool J,Doin' It,Chilled Hip Hop ,2016,Ministry Of Sound,14818135,3:43
"Ludacris, Nate Dogg",Area Codes,Chilled Hip Hop ,2016,Ministry Of Sound,14818135,3:43
ASAP Rocky,Excuse Me,Chilled Hip Hop ,2016,Ministry Of Sound,14818135,3:56
Bishop Nehru,You Stressin',Chilled Hip Hop ,2016,Ministry Of Sound,14818135,2:42
Childish Gambino,Sweatpants,Chilled Hip Hop ,2016,Ministry Of Sound,14818135,2:33
Jay-Z,Song Cry,Chilled Hip Hop ,2016,Ministry Of Sound,14818135,5:00
Vera Blue,Hold,Chillout Sessions XIX,2016,Ministry Of Sound,10861033,
Shura (8),Touch,Chillout Sessions XIX,2016,Ministry Of Sound,10861033,
Jack Garratt,Worry,Chillout Sessions XIX,2016,Ministry Of Sound,10861033,
Michael Kiwanuka,Love & Hate,Chillout Sessions XIX,2016,Ministry Of Sound,10861033,
Sampha,Timmy's Prayer,Chillout Sessions XIX,2016,Ministry Of Sound,10861033,
Matt Corby,Knife Edge,Chillout Sessions XIX,2016,Ministry Of Sound,10861033,
Kllo,Walls To Build,Chillout Sessions XIX,2016,Ministry Of Sound,10861033,
Kaytranada,Lite Spots,Chillout Sessions XIX,2016,Ministry Of Sound,10861033,
Empress Of,Woman Is A Word,Chillout Sessions XIX,2016,Ministry Of Sound,10861033,
James Vincent McMorrow,Rising Waters,Chillout Sessions XIX,2016,Ministry Of Sound,10861033,
"Polographia, Winston Surfshirt",Sly,Chillout Sessions XIX,2016,Ministry Of Sound,10861033,
Big Scary,The Opposite Of Us,Chillout Sessions XIX,2016,Ministry Of Sound,10861033,
Future Islands,Haunted By You,Chillout Sessions XIX,2016,Ministry Of Sound,10861033,
Emma Louise (3),Talk Baby Talk,Chillout Sessions XIX,2016,Ministry Of Sound,10861033,
Klue,My Friend,Chillout Sessions XIX,2016,Ministry Of Sound,10861033,
"Tony Allen, Damon Albarn",Go Back,Chillout Sessions XIX,2016,Ministry Of Sound,10861033,
The Avalanches,Subways,Chillout Sessions XIX,2016,Ministry Of Sound,10861033,
JNTHN STEIN,CMPRSSN,Chillout Sessions XIX,2016,Ministry Of Sound,10861033,
"Paces, Guy Sebastian",Desert,Chillout Sessions XIX,2016,Ministry Of Sound,10861033,
Kings (7),Don't Worry 'Bout It,Chillout Sessions XIX,2016,Ministry Of Sound,10861033,
GoldLink,Dark Skin Women (Cosmo's Midnight & Swindail Remix),Chillout Sessions XIX,2016,Ministry Of Sound,10861033,
The Meeting Tree,Life Is Long: Slow Down!,Chillout Sessions XIX,2016,Ministry Of Sound,10861033,
ZHU,Generationwhy,Chillout Sessions XIX,2016,Ministry Of Sound,10861033,
"Honne, Izzy Bizu",Someone That Loves You,Chillout Sessions XIX,2016,Ministry Of Sound,10861033,
"Kraak & Smaak, Cleopold",Alone With You,Chillout Sessions XIX,2016,Ministry Of Sound,10861033,
D.D Dumbo,Satan,Chillout Sessions XIX,2016,Ministry Of Sound,10861033,
Gold Panda,Chiba Nights,Chillout Sessions XIX,2016,Ministry Of Sound,10861033,
Zayn (3),Like I Would (Oliver Nelson Remix),Chillout Sessions XIX,2016,Ministry Of Sound,10861033,
Father Dude,No Complaints (Dr Packer Remix),Chillout Sessions XIX,2016,Ministry Of Sound,10861033,
Rüfüs,Say A Prayer For Me,Chillout Sessions XIX,2016,Ministry Of Sound,10861033,
"Justin Martin, Femme (3)",Hello Clouds,Chillout Sessions XIX,2016,Ministry Of Sound,10861033,
Aurora (16),I Went Too Far (MK Remix Radio Edit),Chillout Sessions XIX,2016,Ministry Of Sound,10861033,
"Dro Carey, Kučka",Queensberry Rules,Chillout Sessions XIX,2016,Ministry Of Sound,10861033,
"Calvin Harris, Frank Ocean, Migos",Slide,Laidback Beats,2018,Ministry Of Sound,13145762,
"The Chainsmokers, Coldplay",Something Just Like This,Laidback Beats,2018,Ministry Of Sound,13145762,
"Kygo, Selena Gomez",It Ain't Me,Laidback Beats,2018,Ministry Of Sound,13145762,
Dua Lipa,Be The One (Dillistone Remix),Laidback Beats,2018,Ministry Of Sound,13145762,
"Major Lazer, PARTYNEXTDOOR, Nicki Minaj",Run Up,Laidback Beats,2018,Ministry Of Sound,13145762,
"Nevada (6), Mark Morrison, Fetty Wap",The Mack,Laidback Beats,2018,Ministry Of Sound,13145762,
Mr. Probz,Waves (Robin Schulz Radio Edit),Laidback Beats,2018,Ministry Of Sound,13145762,
James Arthur (2),Safe Inside (Mark McCabe Remix),Laidback Beats,2018,Ministry Of Sound,13145762,
"Charming Horses, Grace Grundy",You Get What You Give,Laidback Beats,2018,Ministry Of Sound,13145762,
"Zac Samuel, Moon Willis, Tayá",Never Letting Go,Laidback Beats,2018,Ministry Of Sound,13145762,
Hot Natured,Benediction,Laidback Beats,2018,Ministry Of Sound,13145762,
Henry Krinkle,Stay,Laidback Beats,2018,Ministry Of Sound,13145762,
"Martin Garrix, Dua Lipa",Scared To Be Lonely,Laidback Beats,2018,Ministry Of Sound,13145762,
"ZAYN (3), PARTYNEXTDOOR",Still Got Time,Laidback Beats,2018,Ministry Of Sound,13145762,
Rag'n'Bone Man,Skin (Bilel Remix),Laidback Beats,2018,Ministry Of Sound,13145762,
"Zara Larsson, Ty$",So Good,Laidback Beats,2018,Ministry Of Sound,13145762,
Neiked,Sexual,Laidback Beats,2018,Ministry Of Sound,13145762,
"Sean Paul, Dua Lipa",No Lie,Laidback Beats,2018,Ministry Of Sound,13145762,
"Maroon 5, Future (4)",Cold (Hot Shade & Mike Perry Remix),Laidback Beats,2018,Ministry Of Sound,13145762,
OMI (13),Cheerleader (Felix Jaehn Remix Radio Edit),Laidback Beats,2018,Ministry Of Sound,13145762,
"Digital Farm Animals, Cash Cash (3), Nelly",Millionaire,Laidback Beats,2018,Ministry Of Sound,13145762,
"Kygo, Justin Jesso, Bergen Filharmoniske Orkester",Stargazing (Orchestral Version),Chillout Sessions 20,2018,Ministry Of Sound,12548806,
Rhye,Song For You,Chillout Sessions 20,2018,Ministry Of Sound,12548806,
"Camelphat, Elderbrook",Cola (Simon Mills Full Sugar Mix),Chillout Sessions 20,2018,Ministry Of Sound,12548806,
"Motez, Antony & Cleopatra",The Future,Chillout Sessions 20,2018,Ministry Of Sound,12548806,
"Cosmo's Midnight, Winston Surfshirt",Get To Know,Chillout Sessions 20,2018,Ministry Of Sound,12548806,
Sam Gouthro,Down For This,Chillout Sessions 20,2018,Ministry Of Sound,12548806,
A Tribe Called Quest,Bonita Applebum (Pharrell Williams Remix),Chillout Sessions 20,2018,Ministry Of Sound,12548806,
Kwabs,Wrong Or Right,Chillout Sessions 20,2018,Ministry Of Sound,12548806,
Leisure (13),Money,Chillout Sessions 20,2018,Ministry Of Sound,12548806,
Cloud Control,Summer Rave,Chillout Sessions 20,2018,Ministry Of Sound,12548806,
Tender (3),Outside,Chillout Sessions 20,2018,Ministry Of Sound,12548806,
The Potbelleez,Here On Earth (Winter Fjord Orchestral Mix),Chillout Sessions 20,2018,Ministry Of Sound,12548806,
Mama Ghost,I Ran,Chillout Sessions 20,2018,Ministry Of Sound,12548806,
Sohn,Red Lines,Chillout Sessions 20,2018,Ministry Of Sound,12548806,
Lo Moon,Loveless,Chillout Sessions 20,2018,Ministry Of Sound,12548806,
Pilotpriest,Archive Seven,Chillout Sessions 20,2018,Ministry Of Sound,12548806,
Elbow,Mirrorball,Chillout Sessions 20,2018,Ministry Of Sound,12548806,
MGMT,Hand It Over,Chillout Sessions 20,2018,Ministry Of Sound,12548806,
Red Box,Everybody's Gotta Learn Sometime,Chillout Sessions 20,2018,Ministry Of Sound,12548806,
Bonobo,Kerala,Chillout Sessions 20,2018,Ministry Of Sound,12548806,
Icarus (16),No Sleep,Chillout Sessions 20,2018,Ministry Of Sound,12548806,
Braille Face,Faraway,Chillout Sessions 20,2018,Ministry Of Sound,12548806,
"POOLCLVB, Doolie",Freefall,Chillout Sessions 20,2018,Ministry Of Sound,12548806,
Sneaky Sound System,I Love It 2018 (Superlover Remix),Chillout Sessions 20,2018,Ministry Of Sound,12548806,
"Cali Satellites, TIAAN",In The Sunshine (AG Remix),Chillout Sessions 20,2018,Ministry Of Sound,12548806,
Anabel Englund,London Headache,Chillout Sessions 20,2018,Ministry Of Sound,12548806,
"Flight Facilities, Broods, Reggie Watts, Saro (8)",Stranded (Late Nite Tuff Guy Remix),Chillout Sessions 20,2018,Ministry Of Sound,12548806,
"Luke Million, Fluir",Alive,Chillout Sessions 20,2018,Ministry Of Sound,12548806,
Home (18),Warmth,Chillout Sessions 20,2018,Ministry Of Sound,12548806,
Flamingo (18),Hypnotized,Chillout Sessions 20,2018,Ministry Of Sound,12548806,
Mansionair,Astronaut (Something About Your Love),Chillout Sessions 20,2018,Ministry Of Sound,12548806,
"Elk Road, Julia Stone",Solid Gold,Chillout Sessions 20,2018,Ministry Of Sound,12548806,
MØ,Turn My Heart To Stone,Chillout Sessions 20,2018,Ministry Of Sound,12548806,
"L D R U, Boi (8)",Me (Akouo Remix),Chillout Sessions 20,2018,Ministry Of Sound,12548806,
Moby,Porcelain (Arty Remix),Chillout Sessions 20,2018,Ministry Of Sound,12548806,
Danny Barwick,Flickering,Chillout Sessions 20,2018,Ministry Of Sound,12548806,
Willow Beats,Be Kind To Yourself,Chillout Sessions 20,2018,Ministry Of Sound,12548806,
Morgan Saint,You,Chillout Sessions 20,2018,Ministry Of Sound,12548806,
Chicane,Gorecki,Chillout Sessions 20,2018,Ministry Of Sound,12548806,
"Wafia, Finneas",The Ending,Chillout Sessions 20,2018,Ministry Of Sound,12548806,
Nouvelle Vague,Teenage Kicks,The Chillout Session,2006,Ministry Of Sound,624659,
Nizlopi,JCB Song,The Chillout Session,2006,Ministry Of Sound,624659,
Imogen Heap,Hide And Seek,The Chillout Session,2006,Ministry Of Sound,624659,
Si-{cut}.db,Polite Society,The Chillout Session,2006,Ministry Of Sound,624659,
Katie Melua,Nine Million Bicycles,The Chillout Session,2006,Ministry Of Sound,624659,
Morcheeba,Wonders Never Cease,The Chillout Session,2006,Ministry Of Sound,624659,
Badly Drawn Boy,All Possibilities,The Chillout Session,2006,Ministry Of Sound,624659,
Elbow,The Stops,The Chillout Session,2006,Ministry Of Sound,624659,
Nouvelle Vague,I Melt With You,The Chillout Session,2006,Ministry Of Sound,624659,
Temposhark,It's Better To Have Loved (Guy Sigsworth Mix),The Chillout Session,2006,Ministry Of Sound,624659,
Boards Of Canada,Dayvan Cowboy,The Chillout Session,2006,Ministry Of Sound,624659,
Laid Back,Happy Dreamer,The Chillout Session,2006,Ministry Of Sound,624659,
The Funky Lowlives,Sail Into The Sun,The Chillout Session,2006,Ministry Of Sound,624659,
Kenneth Bager,Fragment One (... And I Kept Hearing),The Chillout Session,2006,Ministry Of Sound,624659,
Mylo,Muscle Car ('05 Mixdown),The Chillout Session,2006,Ministry Of Sound,624659,
Röyksopp,What Else Is There?,The Chillout Session,2006,Ministry Of Sound,624659,
"Soul Central, Kathy Brown",Strings Of Life (Stronger On My Own) (Funky Lowlives Mix),The Chillout Session,2006,Ministry Of Sound,624659,
"Freemasons, Amanda Wilson",Love On My Mind (Afterhours Mix),The Chillout Session,2006,Ministry Of Sound,624659,
"X-Press 2, Kurt Wagner",Give It (Quantic Soul Orchestra Mix),The Chillout Session,2006,Ministry Of Sound,624659,
Hiem,Zombie Party,The Chillout Session,2006,Ministry Of Sound,624659,
Barefoot (2),Hideaway,The Chillout Session,2006,Ministry Of Sound,624659,
Duke,So In Love With You (Acoustic),The Chillout Session,2006,Ministry Of Sound,624659,
"Steve Mac, Mosquito (3), Steve Smith (2)",Lovin' You More (That Big Track) (Steve's Acoustic Edit),The Chillout Session,2006,Ministry Of Sound,624659,
"D.H.T., Edmée Daenen",Listen To Your Heart (Edmee's Unplugged Vocal Edit),The Chillout Session,2006,Ministry Of Sound,624659,
"Fatboy Slim, Macy Gray",Demons,The Chillout Session,2001,Ministry Of Sound,105920,3:08
Groove Armada,Dusk You And Me,The Chillout Session,2001,Ministry Of Sound,105920,4:21
Sneaker Pimps,6 Underground (Nellee Hooper's Edit),The Chillout Session,2001,Ministry Of Sound,105920,3:44
Rob Dougan,Clubbed To Death,The Chillout Session,2001,Ministry Of Sound,105920,4:26
World Party,Is It Too Late? (Peter Lorimer Remix),The Chillout Session,2001,Ministry Of Sound,105920,3:47
The Beloved,The Sun Rising (Tom's Drum And Bass Mix),The Chillout Session,2001,Ministry Of Sound,105920,5:10
LTJ Bukem,Horizons,The Chillout Session,2001,Ministry Of Sound,105920,5:07
Kinobe,Keefe's Quest,The Chillout Session,2001,Ministry Of Sound,105920,3:39
The Stone Roses,Shoot You Down (The Soul Hooligan Remix),The Chillout Session,2001,Ministry Of Sound,105920,4:02
Basement Jaxx,Being With U,The Chillout Session,2001,Ministry Of Sound,105920,3:48
York,The Awakening (Mellow Mix),The Chillout Session,2001,Ministry Of Sound,105920,5:15
"Sasha, Darren Emerson",Scorchio (Emerson's Late Night Dub),The Chillout Session,2001,Ministry Of Sound,105920,2:34
Etienne De Crécy,Prix Choc (Alex Gopher's Free Tax Mix),The Chillout Session,2001,Ministry Of Sound,105920,3:56
Bent,Swollen (Beloved Café Del Marsh Mix),The Chillout Session,2001,Ministry Of Sound,105920,4:24
Sumsonic Presents...,Falling,The Chillout Session,2001,Ministry Of Sound,105920,6:09
Watergate,Merry Christmas Mr Lawrence (Heart Of Asia) (Astro Heavenly Mix),The Chillout Session,2001,Ministry Of Sound,105920,3:35
Coldcut,Autumn Leaves (Irresistable Force Mix Trip 1),Chilled 1991-2008,2008,Ministry Of Sound,1349282,5:02
"DJ Sammy, Yanou, Do",Heaven (Yanou's Candlelight Mix),Chilled 1991-2008,2008,Ministry Of Sound,1349282,3:59
"Primal Scream, Denise Johnson","Don't Fight It, Feel It",Chilled II 1991-2009,2009,Ministry Of Sound,1864714,6:44
St Germain,Dub Experience II,Chilled II 1991-2009,2009,Ministry Of Sound,1864714,3:43
Kinobe,Slip Into Something More Comfortable (Instrumental Version),Chilled II 1991-2009,2009,Ministry Of Sound,1864714,4:41
Ballistic Brothers,Blacker,Chilled II 1991-2009,2009,Ministry Of Sound,1864714,3:23
Cut La Roc,New York Pimp,Chilled II 1991-2009,2009,Ministry Of Sound,1864714,3:14
Kruder & Dorfmeister,Black Baby,Chilled II 1991-2009,2009,Ministry Of Sound,1864714,4:31
World Party,Is It Too Late? (Peter Lorimer Mix),Chilled II 1991-2009,2009,Ministry Of Sound,1864714,3:46
The Prodigy,3 Kilos,Chilled II 1991-2009,2009,Ministry Of Sound,1864714,4:36
Olive,You're Not Alone (Nightmares On Wax Mix),Chilled II 1991-2009,2009,Ministry Of Sound,1864714,3:25
Deadly Avenger,We Took Pelham,Chilled II 1991-2009,2009,Ministry Of Sound,1864714,3:01
Faithless,Drifting Away,Chilled II 1991-2009,2009,Ministry Of Sound,1864714,3:36
Roots Manuva,Witness (I Hope),Chilled II 1991-2009,2009,Ministry Of Sound,1864714,4:11
Cicada,Elle Et Moi,Chilled II 1991-2009,2009,Ministry Of Sound,1864714,3:48
Fatboy Slim,North West Three,Chilled II 1991-2009,2009,Ministry Of Sound,1864714,3:59
Thievery Corporation,The Cosmic Game,Chilled II 1991-2009,2009,Ministry Of Sound,1864714,2:19
Pilote,Turtle (Bonobo Remix),Chilled II 1991-2009,2009,Ministry Of Sound,1864714,3:37
Maxence Cyrin,Unfinished Sympathy,Chilled II 1991-2009,2009,Ministry Of Sound,1864714,2:00
Tom Middleton,Serendipity,Chilled II 1991-2009,2009,Ministry Of Sound,1864714,3:48
UNKLE,Tired Of Sleeping,Chilled II 1991-2009,2009,Ministry Of Sound,1864714,5:01
Eric Prydz,Pjanoo (Dana Bergquist & Peder G Remix),Chilled II 1991-2009,2009,Ministry Of Sound,1864714,4:39
Underworld,Cups (Salt City Orchestra Remix),Chilled II 1991-2009,2009,Ministry Of Sound,1864714,3:16
Etienne De Crécy,Le Patron Est Devenu Fou!,Chilled II 1991-2009,2009,Ministry Of Sound,1864714,2:38
"Marshall Jefferson, Noosa Heads",Mushrooms (Salt City Orchestra Remix),Chilled II 1991-2009,2009,Ministry Of Sound,1864714,4:39
Djuma Soundsystem,Les Djinns,Chilled II 1991-2009,2009,Ministry Of Sound,1864714,3:48
Alan Braxe & Fred Falke,Chrystal City,Chilled II 1991-2009,2009,Ministry Of Sound,1864714,3:43
Sébastien Tellier,Kilometer (A Trak Remix),Chilled II 1991-2009,2009,Ministry Of Sound,1864714,3:51
Lindstrøm & Prins Thomas,En Dag I Mai,Chilled II 1991-2009,2009,Ministry Of Sound,1864714,4:22
Rae & Christian,Spellbound (Radio Edit),The Chillout Session 2,2001,Ministry Of Sound,16170158,
Bentley Rhythm Ace,Bentley's Gonna Sort You Out!,The Chillout Session 2,2001,Ministry Of Sound,16170158,
Underworld,Jumbo (Futureshock Worlds Apart Vox),The Chillout Session 2,2001,Ministry Of Sound,16170158,
"Freemasons, Sophie Ellis-Bextor",Heartbreak (Make Me A Dancer) (The Mac Project Mix),The Chilled House Session,2009,Ministry Of Sound,2264408,
"Eric Prydz, Pink Floyd",Proper Education (Sébastien Leger Remix),The Chilled House Session,2009,Ministry Of Sound,2264408,
James Talk & Ridney,West End Girls (2009),The Chilled House Session,2009,Ministry Of Sound,2264408,
Shapeshifters,Chime (Martijn Ten Velden Remox),The Chilled House Session,2009,Ministry Of Sound,2264408,
Groove Armada,Love Sweet Sound (Mark Knight & Funkagenda's A.H.B. Mix),The Chilled House Session,2009,Ministry Of Sound,2264408,
Cicada,Mr P. Star,The Chilled House Session,2009,Ministry Of Sound,2264408,
"Rui Da Silva, Cassandra Fox",Touch Me (Double 99 Club Mix),The Chilled House Session,2009,Ministry Of Sound,2264408,
Everything But The Girl,Wrong (Todd Terry Remix),The Chilled House Session,2009,Ministry Of Sound,2264408,
Fred Falke,9.09 PM At The Beach,The Chilled House Session,2009,Ministry Of Sound,2264408,
Jakatta,American Dream (Ski Oakenfull Dream On Remix),The Chilled House Session,2009,Ministry Of Sound,2264408,
Shakedown,At Night (Chab Deep Mix),The Chilled House Session,2009,Ministry Of Sound,2264408,
X-Press 2,Now I'm On It,The Chilled House Session,2009,Ministry Of Sound,2264408,
"Noosa Heads, Marshall Jefferson",Mushrooms (Salt City Orchestra Out There Remix),The Chilled House Session,2009,Ministry Of Sound,2264408,
Alena,Turn It Around (Another Mix),The Chilled House Session,2009,Ministry Of Sound,2264408,
Sandy Rivera,Changes (Ben Watt 'Lazy Dog' Mix),The Chilled House Session,2009,Ministry Of Sound,2264408,
Faze Action,In The Trees,The Chilled House Session,2009,Ministry Of Sound,2264408,
Röyksopp,Only This Moment (Royksopp's Forsiktige Massasje Mic Mix),The Chilled House Session,2009,Ministry Of Sound,2264408,
Sébastien Tellier,Kilometer (Aeroplane Italo '84 Remix),The Chilled House Session,2009,Ministry Of Sound,2264408,
"Tosca, Stephan Wildner",Rolf Royce,The Chilled House Session,2009,Ministry Of Sound,2264408,
Aeroplane (4),Caramellas,The Chilled House Session,2009,Ministry Of Sound,2264408,
Bjørn Torske,Hatten Passer,The Chilled House Session,2009,Ministry Of Sound,2264408,
Williams,Love On A Real Train (William Odyssey Mix),The Chilled House Session,2009,Ministry Of Sound,2264408,
Crazy Penis,Love On The Line  (Unabombers Vocal Mix),The Chilled House Session,2009,Ministry Of Sound,2264408,
Ignition (4),Secret Sunday Lover (Greg Wilson Edit),The Chilled House Session,2009,Ministry Of Sound,2264408,
Blackbelt Andersen,November,The Chilled House Session,2009,Ministry Of Sound,2264408,
Todd Terje,Italian Stallion,The Chilled House Session,2009,Ministry Of Sound,2264408,
Ichisan,Radar Pulse Is Sent,The Chilled House Session,2009,Ministry Of Sound,2264408,
In Flagranti,Personal Angst,The Chilled House Session,2009,Ministry Of Sound,2264408,
Rubber Room,Cockroach,The Chilled House Session,2009,Ministry Of Sound,2264408,
Max Sedgley,Happy (Soul Mekanik Remix),The Chilled House Session,2009,Ministry Of Sound,2264408,
Bent,Swollen (Cafe Del Marsh Mix),The Chilled House Session,2009,Ministry Of Sound,2264408,
Lovelock,Don't Turn Away (From My Love),The Chilled House Session,2009,Ministry Of Sound,2264408,
"Massive Attack, Tracey Thorn",Protection,Ministry Of Sound - Chilled Acoustic,2010,Ministry Of Sound,2773494,
Morcheeba,The Sea,Ministry Of Sound - Chilled Acoustic,2010,Ministry Of Sound,2773494,
"Air, Gordon Tracks",Playground Love,Ministry Of Sound - Chilled Acoustic,2010,Ministry Of Sound,2773494,
The Chemical Brothers,Where Do I Begin,Ministry Of Sound - Chilled Acoustic,2010,Ministry Of Sound,2773494,
The Beta Band,Squares,Ministry Of Sound - Chilled Acoustic,2010,Ministry Of Sound,2773494,
Röyksopp,Silver Cruiser,Ministry Of Sound - Chilled Acoustic,2010,Ministry Of Sound,2773494,
Turin Brakes,Mind Over Money,Ministry Of Sound - Chilled Acoustic,2010,Ministry Of Sound,2773494,
Lindstrøm & Prins Thomas,Feel AM,Ministry Of Sound - Chilled Acoustic,2010,Ministry Of Sound,2773494,
Fun Lovin' Criminals,We Have All The Time In The World,Ministry Of Sound - Chilled Acoustic,2010,Ministry Of Sound,2773494,
Nightmares On Wax,Da Feelin',Ministry Of Sound - Chilled Acoustic,2010,Ministry Of Sound,2773494,
World Party,She's The One,Ministry Of Sound - Chilled Acoustic,2010,Ministry Of Sound,2773494,
Bonobo,Flutter,Ministry Of Sound - Chilled Acoustic,2010,Ministry Of Sound,2773494,
Paul Weller,Wild Wood (Live),Ministry Of Sound - Chilled Acoustic,2010,Ministry Of Sound,2773494,
Adele (3),Hometown Glory,Ministry Of Sound - Chilled Acoustic,2010,Ministry Of Sound,2773494,
Dido,Here With Me,Ministry Of Sound - Chilled Acoustic,2010,Ministry Of Sound,2773494,
Corinne Bailey Rae,Like A Star,Ministry Of Sound - Chilled Acoustic,2010,Ministry Of Sound,2773494,
Newton Faulkner,Teardrop,Ministry Of Sound - Chilled Acoustic,2010,Ministry Of Sound,2773494,
Finley Quaye,Even After All,Ministry Of Sound - Chilled Acoustic,2010,Ministry Of Sound,2773494,
KT Tunstall,Other Side Of The World,Ministry Of Sound - Chilled Acoustic,2010,Ministry Of Sound,2773494,
Jamiroquai,Seven Days In Sunny June,Ministry Of Sound - Chilled Acoustic,2010,Ministry Of Sound,2773494,
"Freemasons, Bailey Tzuke",Uninvited (Big Ocean Acoustic Mix),Ministry Of Sound - Chilled Acoustic,2010,Ministry Of Sound,2773494,
Dirty Vegas,Days Go By (Acoustic),Ministry Of Sound - Chilled Acoustic,2010,Ministry Of Sound,2773494,
Kings Of Convenience,Mrs. Cold,Ministry Of Sound - Chilled Acoustic,2010,Ministry Of Sound,2773494,
Craig Armstrong,Weather Storm,Ministry Of Sound - Chilled Acoustic,2010,Ministry Of Sound,2773494,
Goldfrapp,Happiness,Ministry Of Sound - Chilled Acoustic,2010,Ministry Of Sound,2773494,
Jamie T,Emily's Heart,Ministry Of Sound - Chilled Acoustic,2010,Ministry Of Sound,2773494,
Empire Of The Sun,We Are The People,Ministry Of Sound - Chilled Acoustic,2010,Ministry Of Sound,2773494,
The XX,Islands (The Blue Nile Remix),Ministry Of Sound - Chilled Acoustic,2010,Ministry Of Sound,2773494,
Miike Snow,Silvia,Ministry Of Sound - Chilled Acoustic,2010,Ministry Of Sound,2773494,
Tracey Thorn,Hands Up To The Ceiling,Ministry Of Sound - Chilled Acoustic,2010,Ministry Of Sound,2773494,
Example,Watch The Sun Come Up (Live Studio Version),Ministry Of Sound - Chilled Acoustic,2010,Ministry Of Sound,2773494,
Hot Chip,Boy From School,Ministry Of Sound - Chilled Acoustic,2010,Ministry Of Sound,2773494,
Nouvelle Vague,Let Me Go,Ministry Of Sound - Chilled Acoustic,2010,Ministry Of Sound,2773494,
Róisín Murphy,Scarlet Ribbons,Ministry Of Sound - Chilled Acoustic,2010,Ministry Of Sound,2773494,
Simone White (3),The Beep Beep Song,Ministry Of Sound - Chilled Acoustic,2010,Ministry Of Sound,2773494,
James Yuill,This Sweet Love,Ministry Of Sound - Chilled Acoustic,2010,Ministry Of Sound,2773494,
Sébastien Tellier,Dixi,Ministry Of Sound - Chilled Acoustic,2010,Ministry Of Sound,2773494,
Petter & The Pix,Sit Down With Me,Ministry Of Sound - Chilled Acoustic,2010,Ministry Of Sound,2773494,
Jono McCleery,Tomorrow,Ministry Of Sound - Chilled Acoustic,2010,Ministry Of Sound,2773494,
Cicada,Tears,Ministry Of Sound - Chilled Acoustic,2010,Ministry Of Sound,2773494,
The Field,Everybody's Got To Learn Sometime,Ministry Of Sound - Chilled Acoustic,2010,Ministry Of Sound,2773494,
Kinobe,Slip Into Something More Comfortable (Vocal),Ibiza Chillout Session,2001,Ministry Of Sound,29046,3:32
The Avalanches,Frontier Psychiatrist,Ibiza Chillout Session,2001,Ministry Of Sound,29046,3:21
"Leftfield, John Lydon",Open Up (Open Dub),Ibiza Chillout Session,2001,Ministry Of Sound,29046,3:37
"Crustation, Bronagh Slevin",Purple (Air Mix),Ibiza Chillout Session,2001,Ministry Of Sound,29046,2:52
Kings Of Tomorrow,Finally (Ibizarre Vocal Mix),Ibiza Chillout Session,2001,Ministry Of Sound,29046,4:47
Nightmares On Wax,Mission Venice,Ibiza Chillout Session,2001,Ministry Of Sound,29046,2:40
Los Chicharrons,Summer Fling,Ibiza Chillout Session,2001,Ministry Of Sound,29046,3:12
Badmarsh & Shri,Signs (Bonobo Mix),Ibiza Chillout Session,2001,Ministry Of Sound,29046,4:09
Bent,Always (Ashley Beedle's Mahavishnu Vocal Mix),Ibiza Chillout Session,2001,Ministry Of Sound,29046,5:24
Wamdue Project,King Of My Castle (LP Mix),Ibiza Chillout Session,2001,Ministry Of Sound,29046,3:24
"G-Club, Banda Sonora",Guitarra G (Chillout Mix),Ibiza Chillout Session,2001,Ministry Of Sound,29046,3:56
Inner City,Good Life (Buena Vida) (Ian Pooley's La Buena Vida En Notas Mix),Ibiza Chillout Session,2001,Ministry Of Sound,29046,3:43
"B-15 Project, Shola Ama, Ms. Dynamite",Feels So Good (Sandgate Mix),Ibiza Chillout Session,2001,Ministry Of Sound,29046,3:20
The Orb,Toxygene,Ibiza Chillout Session,2001,Ministry Of Sound,29046,3:20
Simply Red,Thrill Me (Steppin' Razor Ambient Mix),Ibiza Chillout Session,2001,Ministry Of Sound,29046,4:05
Weekend Players,Higher Ground,Ibiza Chillout Session,2001,Ministry Of Sound,29046,3:35
Bent,Swollen (Beloved Cafe Del Marsh Mix),Ibiza Chillout Session,2001,Ministry Of Sound,29046,3:37
Coldcut,Autumn Leaves (Irresistible Force Mix),Ibiza Chillout Session,2001,Ministry Of Sound,29046,3:23
Mr. Natural,Pornostars,Ibiza Chillout Session,2001,Ministry Of Sound,29046,3:30
Neve,Sacrifice (Steve Bennett Mix),Ibiza Chillout Session,2001,Ministry Of Sound,29046,3:40
Banda Sonora,Guitarra G (Chillout Mix),Ibiza Chillout Session,2001,Ministry Of Sound,9734511,3:56
Eric Prydz,Niton (The Reason) (Treasure Fingers Epicwave Remix),Chilled House Session 2,2011,Ministry Of Sound,3076303,3:21
"Kaskade, Deadmau5",Move For Me,Chilled House Session 2,2011,Ministry Of Sound,3076303,3:32
Michael Cassette,Summer,Chilled House Session 2,2011,Ministry Of Sound,3076303,4:15
Groove Armada,History (Still Going Mix),Chilled House Session 2,2011,Ministry Of Sound,3076303,4:59
Ellie Goulding,Starry Eyed (Russ Chimes Remix),Chilled House Session 2,2011,Ministry Of Sound,3076303,4:16
"Mark Knight, Adam K & Soha",From The Speaker,Chilled House Session 2,2011,Ministry Of Sound,3076303,4:04
"Marco Demark, Casey Barnes",Tiny Dancer (Deadmau5 Vocal Mix),Chilled House Session 2,2011,Ministry Of Sound,3076303,2:32
Example,Two Lives (Kris Menace Remix),Chilled House Session 2,2011,Ministry Of Sound,3076303,3:02
Soul Central,Need You Now (Mark Knight & Martijn Ten Velden Remix),Chilled House Session 2,2011,Ministry Of Sound,3076303,4:07
"Wolfgang Gartner, Francis Prève",Yang,Chilled House Session 2,2011,Ministry Of Sound,3076303,2:45
Treasure Fingers,It's Love,Chilled House Session 2,2011,Ministry Of Sound,3076303,4:00
"Freemasons, Wynter Gordon",Believer,Chilled House Session 2,2011,Ministry Of Sound,3076303,6:56
Zero 7,Destiny (Photex Remix),Chilled House Session 2,2011,Ministry Of Sound,3076303,4:16
Underworld,Crocodile,Chilled House Session 2,2011,Ministry Of Sound,3076303,4:00
Trentemøller,Le Champagne,Chilled House Session 2,2011,Ministry Of Sound,3076303,3:50
"Fish Go Deep, Tracey Kelliher",The Cure & The Cause (Balearic Soul Remix),Chilled House Session 2,2011,Ministry Of Sound,3076303,4:36
"Solu Music, KimBlee",Fade (Eric Kupper Remix),Chilled House Session 2,2011,Ministry Of Sound,3076303,4:22
Dennis Ferrer,Hey Hey (Tuccillo Remix),Chilled House Session 2,2011,Ministry Of Sound,3076303,4:26
"Pirupa, Baz",Clarity Of Love,Chilled House Session 2,2011,Ministry Of Sound,3076303,3:56
"Joey Negro, Akabu",Another World (André Lodemann Remix),Chilled House Session 2,2011,Ministry Of Sound,3076303,3:27
Mario Basanov,Lonely Days (Plate Dub),Chilled House Session 2,2011,Ministry Of Sound,3076303,3:19
"Joey Negro, Kola Kube",Why (Hot Toddy Club Mix),Chilled House Session 2,2011,Ministry Of Sound,3076303,3:53
A Forest Mighty Black,Backup Days,Chilled House Session 2,2011,Ministry Of Sound,3076303,3:04
Burn The Negative,Simple Soul (Superstringz Remix),Chilled House Session 2,2011,Ministry Of Sound,3076303,3:30
"Kaine (2), Kathy Diamond",Love Saves The Day (Mario Basanov's Vocal Remake),Chilled House Session 2,2011,Ministry Of Sound,3076303,4:20
"Sultan & Ned Shepard, Dirty Vegas",Crimson Sun,Chilled House Session 2,2011,Ministry Of Sound,3076303,3:58
Kings Of Tomorrow,Finally (Dance Ritual Remix),The Chillout Annual 2002,2001,Ministry Of Sound,24049844,
Science Department,Breathe (Flatline Mix),The Chillout Annual 2002,2001,Ministry Of Sound,24049844,
"Gil Scott-Heron, Jamie XX",I'll Take Care Of You,Chilled Afterhours,2011,Ministry Of Sound,3015052,4:26
Adele (3),Rolling In The Deep (James XX Shuffle),Chilled Afterhours,2011,Ministry Of Sound,3015052,4:16
"Magnetic Man, John Legend",Getting Nowhere,Chilled Afterhours,2011,Ministry Of Sound,3015052,4:22
Cassius,I Love You So,Chilled Afterhours,2011,Ministry Of Sound,3015052,3:18
Chilly Gonzales,Never Stop,Chilled Afterhours,2011,Ministry Of Sound,3015052,2:26
Blackbird Blackbird,Hawaii (Niva Mix),Chilled Afterhours,2011,Ministry Of Sound,3015052,3:54
Health (2),Nice Girls (Little Loud Remix),Chilled Afterhours,2011,Ministry Of Sound,3015052,3:19
Alaska In Winter,Berlin (Dr. Rosen Rosen Remix),Chilled Afterhours,2011,Ministry Of Sound,3015052,4:16
"Jessie Ware, Sampha",Valentine,Chilled Afterhours,2011,Ministry Of Sound,3015052,1:53
Jacques Greene,Another Girl,Chilled Afterhours,2011,Ministry Of Sound,3015052,4:03
"Subeena, Jamie Woon, Om'Mas Keith",Solidify,Chilled Afterhours,2011,Ministry Of Sound,3015052,4:49
"Bonobo, Andreya Triana",Eyesdown (Floating Points Remix),Chilled Afterhours,2011,Ministry Of Sound,3015052,4:19
The Cinematic Orchestra,To Build A Home (Instrumental),Chilled Afterhours,2011,Ministry Of Sound,3015052,2:12
Benjamin Francis Leftwich,Pictures,Chilled Afterhours,2011,Ministry Of Sound,3015052,2:49
Radiohead,Lotus Flower,Chilled Afterhours,2011,Ministry Of Sound,3015052,4:00
Animal Collective,My Girls,Chilled Afterhours,2011,Ministry Of Sound,3015052,5:26
Hurts,Wonderful Life,Chilled Afterhours,2011,Ministry Of Sound,3015052,3:33
MGMT,Congratulations (Erol Alkan Remix),Chilled Afterhours,2011,Ministry Of Sound,3015052,6:28
James Yuill,This Sweet Love (Prins Thomas Edit),Chilled Afterhours,2011,Ministry Of Sound,3015052,4:20
Cornelius,Drop (Kings Of Convenience 'TusenTakk' Rework),Chilled Afterhours,2011,Ministry Of Sound,3015052,3:56
Andrew Bird,Imitosis (Four Tet Remix),Chilled Afterhours,2011,Ministry Of Sound,3015052,3:23
Vampire Weekend,White Sky (Cecile Remix),Chilled Afterhours,2011,Ministry Of Sound,3015052,4:42
White Hinterland,Icarus,Chilled Afterhours,2011,Ministry Of Sound,3015052,3:20
Active Child,I'm In Your Church At Night,Chilled Afterhours,2011,Ministry Of Sound,3015052,3:51
Kneel Mason,The Losing Love,Chilled Afterhours,2011,Ministry Of Sound,3015052,2:59
Petter & The Pix,So Easy,Chilled Afterhours,2011,Ministry Of Sound,3015052,4:34
Broken Social Scene,Finish Your Collapse And Stay For Breakfast,Chilled Afterhours,2011,Ministry Of Sound,3015052,1:20
Meanderthals,Desire Lines,Chilled Afterhours,2011,Ministry Of Sound,3015052,6:15
Underworld,Solar Sistem,Chilled Afterhours,2011,Ministry Of Sound,3015052,4:16
Koop,In A Heartbeat,Chilled Afterhours,2011,Ministry Of Sound,3015052,4:21
"Freddie Cruger, Anthony Mills, Wildcookie",Heroine,Chilled Afterhours,2011,Ministry Of Sound,3015052,3:23
The Cinematic Orchestra,All That You Give,Chilled Afterhours,2011,Ministry Of Sound,3015052,5:18
Max Sedgley,Slowly (Mister Long Remix),Chilled Afterhours,2011,Ministry Of Sound,3015052,3:58
Aim,Sail,Chilled Afterhours,2011,Ministry Of Sound,3015052,3:47
Thievery Corporation,Until The Morning,Chilled Afterhours,2011,Ministry Of Sound,3015052,3:46
Grand National,Peanut Dreams,Chilled Afterhours,2011,Ministry Of Sound,3015052,3:00
Fragile State,Every Day A Story,Chilled Afterhours,2011,Ministry Of Sound,3015052,3:16
Kerrigan,Spiders,Chilled Afterhours,2011,Ministry Of Sound,3015052,3:17
James Yorkston,Woozy With Cider,Chilled Afterhours,2011,Ministry Of Sound,3015052,3:51
"Moguai, Fiora Cutler",Oxygen,Chilled House Session 3,2012,Ministry Of Sound,3445350,6:03
"Kaskade, Mindy Gledhill",Eyes,Chilled House Session 3,2012,Ministry Of Sound,3445350,4:11
Deadmau5,Jaded,Chilled House Session 3,2012,Ministry Of Sound,3445350,3:53
Avicii,Fade Into Darkness (Instrumental Club Mix),Chilled House Session 3,2012,Ministry Of Sound,3445350,3:25
Orbital,Halcyon (Tom Middleton Re-Model),Chilled House Session 3,2012,Ministry Of Sound,3445350,4:49
"Dankann, Aqua Diva",I Keep Breathing (Return From Paradise Vocal Mix),Chilled House Session 3,2012,Ministry Of Sound,3445350,4:03
Spiritchaser,So Clear (Est8 Club Mix),Chilled House Session 3,2012,Ministry Of Sound,3445350,4:06
Maya Jane Coles,The High Life,Chilled House Session 3,2012,Ministry Of Sound,3445350,3:19
Marc Kinchen,Burning (Round Table Knights Remix),Chilled House Session 3,2012,Ministry Of Sound,3445350,3:50
Richard Dinsdale,Your Mind (Youandewan Remix),Chilled House Session 3,2012,Ministry Of Sound,3445350,4:52
Mango (6),Here We Go,Chilled House Session 3,2012,Ministry Of Sound,3445350,3:30
Soundprank,Beginnings,Chilled House Session 3,2012,Ministry Of Sound,3445350,4:39
Tom De Neef,White Isle Memories,Chilled House Session 3,2012,Ministry Of Sound,3445350,3:05
"Dusky (2), Janai",It's Not Enough,Chilled House Session 3,2012,Ministry Of Sound,3445350,3:09
Cassius,The Sound Of Violence (Aeroplane Remix),Chilled House Session 3,2012,Ministry Of Sound,3445350,3:58
Benoit & Sergio,Everybody,Chilled House Session 3,2012,Ministry Of Sound,3445350,3:20
"Noir, Haze",Around (Solomun Vox),Chilled House Session 3,2012,Ministry Of Sound,3445350,3:36
"Groove Armada, Fenech Soler",Paper Romance (Softwar Remix),Chilled House Session 3,2012,Ministry Of Sound,3445350,4:07
"Groovefinder, Leah McCrae",All This Love (Earnshaw 2010 Mix),Chilled House Session 3,2012,Ministry Of Sound,3445350,2:48
Mario Basanov,We Are Child Of Love,Chilled House Session 3,2012,Ministry Of Sound,3445350,3:19
"Lucky Paul, Milosh",Thought We Were Alone (Gadi Mizrahi & Eli Gold Money Vs Gold Remix),Chilled House Session 3,2012,Ministry Of Sound,3445350,4:24
Mario Basanov & Vidis,Changed,Chilled House Session 3,2012,Ministry Of Sound,3445350,3:40
"Kraak & Smaak, Romanthony",Let's Go Back (Solomun Remix),Chilled House Session 3,2012,Ministry Of Sound,3445350,4:58
Manuel Tur,Foolin',Chilled House Session 3,2012,Ministry Of Sound,3445350,4:26
Martin Dawson,Is This Goodbye (Tale Of Us Remix),Chilled House Session 3,2012,Ministry Of Sound,3445350,4:30
"Gotye, Kimbra",Somebody That I Used To Know,The Chillout Session,2012,Ministry Of Sound,3835506,4:06
Emeli Sandé,Heaven,The Chillout Session,2012,Ministry Of Sound,3835506,3:41
Jessie J,Who You Are,The Chillout Session,2012,Ministry Of Sound,3835506,3:50
Ellie Goulding,Your Song,The Chillout Session,2012,Ministry Of Sound,3835506,3:09
Charlene Soraia,Wherever You Will Go,The Chillout Session,2012,Ministry Of Sound,3835506,3:17
Eva Cassidy,Songbird,The Chillout Session,2012,Ministry Of Sound,3835506,3:43
John Legend,Ordinary People,The Chillout Session,2012,Ministry Of Sound,3835506,4:01
"Wretch 32, Josh Kumra",Don’t Go,The Chillout Session,2012,Ministry Of Sound,3835506,3:55
Noah And The Whale,L.I.F.E.G.O.E.S.O.N.,The Chillout Session,2012,Ministry Of Sound,3835506,3:46
Ben Howard (2),Only Love,The Chillout Session,2012,Ministry Of Sound,3835506,4:09
Nina Nesbitt,Apple Tree,The Chillout Session,2012,Ministry Of Sound,3835506,2:50
Haim (2),Forever,The Chillout Session,2012,Ministry Of Sound,3835506,4:05
Radical Face,Welcome Home,The Chillout Session,2012,Ministry Of Sound,3835506,4:45
James Vincent McMorrow,Higher Love,The Chillout Session,2012,Ministry Of Sound,3835506,3:36
Florence And The Machine,You've Got The Love,The Chillout Session,2012,Ministry Of Sound,3835506,2:48
La Roux,In For The Kill (Skream's Let's Get Ravey Remix),The Chillout Session,2012,Ministry Of Sound,3835506,3:40
"Sander van Doorn, Mayaeni",Nothing Inside (OFFSHR Mix),The Chillout Session,2012,Ministry Of Sound,3835506,3:09
"Fish Go Deep, Tracey Kelliher",The Cure & The Cause,The Chillout Session,2012,Ministry Of Sound,3835506,2:34
Lemon Jelly,Space Walk,The Chillout Session,2012,Ministry Of Sound,3835506,3:51
Sneaker Pimps,6 Underground (Nellee Hoopers Edit),The Chillout Session,2012,Ministry Of Sound,3835506,3:52
Ben Pearce,What Might I Do,Chilled House Session 4,2013,Ministry Of Sound,4506693,
Florence And The Machine,Spectrum (Say My Name) (Maya Jane Coles Remix),Chilled House Session 4,2013,Ministry Of Sound,4506693,
Swedish House Mafia,Don't You Worry Child (Joris Voorn Remix),Chilled House Session 4,2013,Ministry Of Sound,4506693,
Moby,Extreme Ways (Bourne's Legacy) (Voodoo Child Remix),Chilled House Session 4,2013,Ministry Of Sound,4506693,
Gotye,Eyes Wide Open (Alien Delon Remix),Chilled House Session 4,2013,Ministry Of Sound,4506693,
Mulder (4),Natural High (Joris Voorn Edit),Chilled House Session 4,2013,Ministry Of Sound,4506693,
Dusky (2),Flo Jam,Chilled House Session 4,2013,Ministry Of Sound,4506693,
"Dusky (2), Janai",Lost In You (Boom Jinx Remix),Chilled House Session 4,2013,Ministry Of Sound,4506693,
Hot Since 82,Knee Deep In Louise,Chilled House Session 4,2013,Ministry Of Sound,4506693,
Miguel Campbell,Not That Kind Of Girl,Chilled House Session 4,2013,Ministry Of Sound,4506693,
Voyeur (4),Blame It On The Youth (Kerri Chandler Club Mix),Chilled House Session 4,2013,Ministry Of Sound,4506693,
Storm Queen,Look Right Through (MK Don't Talk to Me Vocal Mix),Chilled House Session 4,2013,Ministry Of Sound,4506693,
Terrence Parker,Love's Got Me High (Jimpster Remix),Chilled House Session 4,2013,Ministry Of Sound,4506693,
Hunter/Game,Don't Feel The Presence,Chilled House Session 4,2013,Ministry Of Sound,4506693,
Syron,Breaking (Tom Flynn Remix),Chilled House Session 4,2013,Ministry Of Sound,4506693,
Claptone,Shook,Chilled House Session 4,2013,Ministry Of Sound,4506693,
letthemusicplay,Space (The 2 Bears Remix),Chilled House Session 4,2013,Ministry Of Sound,4506693,
Ian Pooley,CompuRhythm (Dixon 4/4 Treatment),Chilled House Session 4,2013,Ministry Of Sound,4506693,
Matthew Dear,Fighting Is Futile (Seth Troxler Remix),Chilled House Session 4,2013,Ministry Of Sound,4506693,
Lana Del Rey,Summertime Sadness (MK Lee Foss Cold Blooded Remix),Chilled House Ibiza,2013,Ministry Of Sound,4756814,
Jessie Ware,Sweet Talk (Cyril Hahn Remix),Chilled House Ibiza,2013,Ministry Of Sound,4756814,
Clean Bandit,Mozart's House (XXXY Remix),Chilled House Ibiza,2013,Ministry Of Sound,4756814,
"Feed Me, Crystal Fighters",Love Is All I Got (Larse Remix),Chilled House Ibiza,2013,Ministry Of Sound,4756814,
Maya Jane Coles,Over,Chilled House Ibiza,2013,Ministry Of Sound,4756814,
"Kölsch, Troels Abrahamsen",All That Matters,Chilled House Ibiza,2013,Ministry Of Sound,4756814,
Stereoclip,It's About The Time,Chilled House Ibiza,2013,Ministry Of Sound,4756814,
Syron,Here (Great Skies Remix),Chilled House Ibiza,2013,Ministry Of Sound,4756814,
Bonobo,Cirrus,Chilled House Ibiza,2013,Ministry Of Sound,4756814,
Ali Love,Emperor (Maceo Plex's Last Disco Remix),Chilled House Ibiza,2013,Ministry Of Sound,4756814,
"Milan Euringer, Tube & Berger",Lovebreak,Chilled House Ibiza,2013,Ministry Of Sound,4756814,
Riva Starr,Kill Me (Claptone Remix),Chilled House Ibiza,2013,Ministry Of Sound,4756814,
"Finnebassen, Gundelach",Footsteps (Adriatique Remix),Chilled House Ibiza,2013,Ministry Of Sound,4756814,
Romanthony,Let Me Show You Love (Gerd's Crooklyn Full Vox Mix),Chilled House Ibiza,2013,Ministry Of Sound,4756814,
Thomas Schumacher,Every Little Piece (Hot Since 82 Remix),Chilled House Ibiza,2013,Ministry Of Sound,4756814,
"Art Department (2), Shaun Reeves","Robot Heart (Jon Charnis, Prab K & Lovecraft Remix)",Chilled House Ibiza,2013,Ministry Of Sound,4756814,
"Terranova, Nicolette Krebitz",Prayer (Gui Boratto Mix),Chilled House Ibiza,2013,Ministry Of Sound,4756814,
"Butch, Benjamin Franklin (2)",Highbeams (Maceo Plex Remix),Chilled House Ibiza,2013,Ministry Of Sound,4756814,
"Jody Wisternoff, Pete Josef",Just One More (Martin Roth Remix),Chilled House Ibiza,2013,Ministry Of Sound,4756814,
John Tejada,Orbiter (Simian Mobile Disco Mix Version 1),Chilled House Ibiza,2013,Ministry Of Sound,4756814,
Stavroz,The Ginning,Chilled House Ibiza,2013,Ministry Of Sound,4756814,
"Subb-An, Footprintz (2)",Rain,Chilled House Ibiza,2013,Ministry Of Sound,4756814,
"Clarian, Guy Gerber",Claire,Chilled House Ibiza,2013,Ministry Of Sound,4756814,
Florence And The Machine,Spectrum (Maya Jane Coles Remix),Chilled House Classics,2013,Ministry Of Sound,4820566,3:54
"Naughty Boy (3), Emeli Sandé",Wonder (Kidnap Kid Remix),Chilled House Classics,2013,Ministry Of Sound,4820566,3:03
"Duke Dumont, A*M*E",Need You (100%) (Skreamix),Chilled House Classics,2013,Ministry Of Sound,4820566,3:21
Jessie Ware,If You're Never Gonna To Move,Chilled House Classics,2013,Ministry Of Sound,4820566,3:15
"Alex Metric, Jacques Lu Cont, Malin Dahlström",Safe With You (Henry Krinkle Remix),Chilled House Classics,2013,Ministry Of Sound,4820566,4:05
Foals,My Number (Totally Enormous Extinct Dinosaurs Remix),Chilled House Classics,2013,Ministry Of Sound,4820566,4:36
Totally Enormous Extinct Dinosaurs,Your Love (Waze & Odyssey Remix),Chilled House Classics,2013,Ministry Of Sound,4820566,4:19
Aloe Blacc,I Need A Dollar (Tensnake Remix),Chilled House Classics,2013,Ministry Of Sound,4820566,3:20
Nero (5),Reaching Out (Fred Falke Remix),Chilled House Classics,2013,Ministry Of Sound,4820566,4:00
The Chemical Brothers,Swoon (Lindstrøm & Prins Thomas Remix Edit),Chilled House Classics,2013,Ministry Of Sound,4820566,4:27
Empire Of The Sun,We Are The People (The Shapeshifters Vocal Remix),Chilled House Classics,2013,Ministry Of Sound,4820566,4:14
Burns (4),Lies (Acrobat Remix),Chilled House Classics,2013,Ministry Of Sound,4820566,4:36
Metronomy,The Bay (Erol Alkan Remix),Chilled House Classics,2013,Ministry Of Sound,4820566,4:42
"Breakbot, Irfane",Baby I'm Yours,Chilled House Classics,2013,Ministry Of Sound,4820566,3:32
Silicone Soul,Right On,Chilled House Classics,2013,Ministry Of Sound,4820566,3:55
"Sandy Rivera, Haze",Changes,Chilled House Classics,2013,Ministry Of Sound,4820566,3:33
"Breach (2), Andreya Triana",Everything You Never Had (We Had It All ) (Joe Goddard Remix),Chilled House Session 5,2014,Ministry Of Sound,5524543,4:10
London Grammar,Strong (Shadow Child 4x4 Remix),Chilled House Session 5,2014,Ministry Of Sound,5524543,4:11
Avicii,Wake Me Up (PANG! Slow Things Down Mix),Chilled House Session 5,2014,Ministry Of Sound,5524543,4:55
"Rudimental, Emeli Sandé",Free (Maya Jane Coles Remix),Chilled House Session 5,2014,Ministry Of Sound,5524543,3:16
Storm Queen,Look Right Through (MK Remix),Chilled House Session 5,2014,Ministry Of Sound,5524543,2:24
John Newman (5),Love Me Again (Love Thy Brother Remix),Chilled House Session 5,2014,Ministry Of Sound,5524543,4:35
"Sam Smith (12), Nile Rodgers, Disclosure (3), Jimmy Napes",Together,Chilled House Session 5,2014,Ministry Of Sound,5524543,2:24
Bastille (4),Of The Night (Icarus Remix),Chilled House Session 5,2014,Ministry Of Sound,5524543,5:19
"Röyksopp, Susanne Sundfør",Running To The Sea  (LNTG Remix),Chilled House Session 5,2014,Ministry Of Sound,5524543,2:44
Moby,The Perfect Life (Luigi Rocca Mix),Chilled House Session 5,2014,Ministry Of Sound,5524543,3:15
Bondax,Giving It All (Joe Goddard Remix),Chilled House Session 5,2014,Ministry Of Sound,5524543,3:36
Chvrches,Lies (Tourist Remix),Chilled House Session 5,2014,Ministry Of Sound,5524543,5:25
Foxes,Youth (Le Youth Remix),Chilled House Session 5,2014,Ministry Of Sound,5524543,2:48
Lulu James,Step By Step (Squarehead Remix),Chilled House Session 5,2014,Ministry Of Sound,5524543,3:23
"Naughty Boy (3), Sam Smith (12)",La La La (Pale Remix),Chilled House Session 5,2014,Ministry Of Sound,5524543,5:03
Laura Mvula,She (Eagles For Hands Remix),Chilled House Session 5,2014,Ministry Of Sound,5524543,4:29
"The Magician (2), Newtimers",When The Night Is Over (Clancy Remix),Chilled House Session 5,2014,Ministry Of Sound,5524543,3:52
Le Youth,Cool (Ben Pearce Remix),Chilled House Session 5,2014,Ministry Of Sound,5524543,5:10
Booka Shade,Love Inc,Chilled House Session 5,2014,Ministry Of Sound,5524543,3:45
Tensnake,See Right Through,Chilled House Session 5,2014,Ministry Of Sound,5524543,3:11
"Deetron, Fritz Kalkbrenner",Bright City Lights,Chilled House Session 5,2014,Ministry Of Sound,5524543,4:14
"Claptone, Jaw (8)",No Eyes (Mickey Remix),Chilled House Session 5,2014,Ministry Of Sound,5524543,2:41
Hot Since 82,Chords,Chilled House Session 5,2014,Ministry Of Sound,5524543,4:45
"Bonobo, Grey Reverend",First Fires (Maya Jane Coles Remix),Chilled House Session 5,2014,Ministry Of Sound,5524543,4:31
Kölsch,Goldfisch,Chilled House Session 5,2014,Ministry Of Sound,5524543,4:34
Mount Kimbie,Made To Stray (DJ Koze Remix),Chilled House Session 5,2014,Ministry Of Sound,5524543,2:30
Dinky,Falling Angel,Chilled House Session 5,2014,Ministry Of Sound,5524543,3:59
Paji,Six O'Clock,Chilled House Session 5,2014,Ministry Of Sound,5524543,3:27
"Martina Topley-Bird, Mark Lanegan, Warpaint",Crystalised (Agoria Remix) (Dixon's Vocal Rotouch),Chilled House Session 5,2014,Ministry Of Sound,5524543,4:36
Gui Boratto,Too Late,Chilled House Session 5,2014,Ministry Of Sound,5524543,3:28
"Good Guy Mikesh, Filburt",Place Of Love (MP Edit),Chilled House Session 5,2014,Ministry Of Sound,5524543,4:40
Klingande,Punga,Chilled House Ibiza 2014,2014,Ministry Of Sound,6057979,4:01
Shift K3Y,Touch (Oxford Remix),Chilled House Ibiza 2014,2014,Ministry Of Sound,6057979,3:11
"Duke Dumont, Jax Jones",I Got U (Jonas Rathsman Remix),Chilled House Ibiza 2014,2014,Ministry Of Sound,6057979,5:22
"Gorgon City, MNEK",Ready For Your Love (MNEK Refix),Chilled House Ibiza 2014,2014,Ministry Of Sound,6057979,3:15
Syn Cole,Miami 82 (Kygo Remix),Chilled House Ibiza 2014,2014,Ministry Of Sound,6057979,3:55
"Parov Stelar, Graham Candy",The Sun,Chilled House Ibiza 2014,2014,Ministry Of Sound,6057979,2:52
"Oliver Koletzki, Nörd",After All (Claptone Remix),Chilled House Ibiza 2014,2014,Ministry Of Sound,6057979,3:44
"Nolan (5), Amber Jolene",Everyday & Everynight (KANT Remix),Chilled House Ibiza 2014,2014,Ministry Of Sound,6057979,4:31
"Spada, Hosie Neal",Feels Like Home,Chilled House Ibiza 2014,2014,Ministry Of Sound,6057979,3:16
"Martyn, Four Tet",Glassbeadgames (8 Hours At Fabric Dub),Chilled House Ibiza 2014,2014,Ministry Of Sound,6057979,4:36
London Grammar,Hey Now (Sasha Remix),Chilled House Ibiza 2014,2014,Ministry Of Sound,6057979,4:49
FCL,It's You (Mousse T.'s Discotronic Mix),Chilled House Ibiza 2014,2014,Ministry Of Sound,6057979,4:18
"Gui Boratto, Come And Hell",Take Control,Chilled House Ibiza 2014,2014,Ministry Of Sound,6057979,3:43
"Booka Shade, Fritz Helder",Love Drug (Maya Jane Coles Remix),Chilled House Ibiza 2014,2014,Ministry Of Sound,6057979,3:44
"High Heels Breaker, Sarah Palin (2)",Come Easy (David August Remix),Chilled House Ibiza 2014,2014,Ministry Of Sound,6057979,3:12
"Tensnake, Fiora",No Relief,Chilled House Ibiza 2014,2014,Ministry Of Sound,6057979,4:00
andhim,Hausch (Kölsch Remix),Chilled House Ibiza 2014,2014,Ministry Of Sound,6057979,4:24
Paji,Lacerta,Chilled House Ibiza 2014,2014,Ministry Of Sound,6057979,3:28
Finnebassen,Villa,Chilled House Ibiza 2014,2014,Ministry Of Sound,6057979,3:52
M.A.N.D.Y.,Le Bain,Chilled House Ibiza 2014,2014,Ministry Of Sound,6057979,4:48
Maya Jane Coles,Something In The Air (Bonobo Remix),Chilled House Ibiza 2014,2014,Ministry Of Sound,6057979,2:43
The Field,No. No... (John Tejeda Mix),Chilled House Ibiza 2014,2014,Ministry Of Sound,6057979,4:29
"Sascha Braemer, Name One",Egoiste,Chilled House Ibiza 2014,2014,Ministry Of Sound,6057979,4:01
"Daniel Bortz, Nils Corßen",The Misery (Nu And Pauli Vs Acid Remix),Chilled House Ibiza 2014,2014,Ministry Of Sound,6057979,4:16
Moderat,Bad Kingdom (DJ Koze Remix),Chilled House Ibiza 2014,2014,Ministry Of Sound,6057979,3:50
Ed Sheeran,The A Team,Chilled,2015,Ministry Of Sound,6930508,
Sam Smith (12),Latch (Acoustic),Chilled,2015,Ministry Of Sound,6930508,
Hozier,Take Me To Church,Chilled,2015,Ministry Of Sound,6930508,
Passenger (10),Let Her Go,Chilled,2015,Ministry Of Sound,6930508,
Ben Howard (2),I Forget Where We Were,Chilled,2015,Ministry Of Sound,6930508,
alt-J,Hunger Of The Pine (Sleeplessly Embracing),Chilled,2015,Ministry Of Sound,6930508,
Jungle (12),Busy Earning,Chilled,2015,Ministry Of Sound,6930508,
Emma Louise (3),Jungle,Chilled,2015,Ministry Of Sound,6930508,
L'Orchestra Cinematique,Crazy In Love,Chilled,2015,Ministry Of Sound,6930508,
Tove Lo,Habits (Stay High) [Hippie Sabotage Remix],Chilled,2015,Ministry Of Sound,6930508,
Nick Mulvey,Cucurucu,Chilled,2015,Ministry Of Sound,6930508,
Coldplay,Sky Full Of Stars,Chilled,2015,Ministry Of Sound,6930508,
"Lilly Wood & The Prick, Robin Schulz",Prayer In C (Robin Schulz Radio Edit),Chilled,2015,Ministry Of Sound,6930508,
Jess Glynne,Right Here,Chilled,2015,Ministry Of Sound,6930508,
"Mike Mago, Dragonette",Outlines (Chris Lorenzo Remix),Chilled,2015,Ministry Of Sound,6930508,
Radiohead,Street Spirit (Fade),Chilled,2015,Ministry Of Sound,6930508,
Fatboy Slim,Praise You (Maribou Remix),Chilled,2015,Ministry Of Sound,6930508,
"Goldie, Metalheads",Inner City Life (Baby Boy's Edit),Chilled,2015,Ministry Of Sound,6930508,
The Beloved,Sweey Harmony,Chilled,2015,Ministry Of Sound,6930508,
Bibio,Lovers' Carving,Chilled,2015,Ministry Of Sound,6930508,
Zero 7,Polaris,The Chillout Session Ibiza 2002,2002,Ministry Of Sound,249424,4:29
Explorer (3),Night Manoeuvres,The Chillout Session Ibiza 2002,2002,Ministry Of Sound,249424,4:12
Doc L Junior,Preacher Man,The Chillout Session Ibiza 2002,2002,Ministry Of Sound,249424,5:00
Groove Armada,A Private Interlude (Kinobe Remix),The Chillout Session Ibiza 2002,2002,Ministry Of Sound,249424,5:15
Hefner,An Evening With Hefner,The Chillout Session Ibiza 2002,2002,Ministry Of Sound,249424,4:58
Mono,Life In Mono,The Chillout Session Ibiza 2002,2002,Ministry Of Sound,249424,3:20
Propellerheads,History Repeating (Hip Length Mix),The Chillout Session Ibiza 2002,2002,Ministry Of Sound,249424,3:17
Skinny,Failure (Instrumental),The Chillout Session Ibiza 2002,2002,Ministry Of Sound,249424,2:15
Cass & Slide,Faith Less,The Chillout Session Ibiza 2002,2002,Ministry Of Sound,249424,3:36
Skylab,Seashell,The Chillout Session Ibiza 2002,2002,Ministry Of Sound,249424,3:22
"Matt Darey, Marcella Woods",Beautiful (Stuart Crichton Radio Mix),The Chillout Session Ibiza 2002,2002,Ministry Of Sound,249424,2:59
"1 Giant Leap, Maxi Jazz",My Culture (Goldtrix Mix),The Chillout Session Ibiza 2002,2002,Ministry Of Sound,249424,4:59
Deep Dish,The Future Of The Future (Stay Gold) (Album Version),The Chillout Session Ibiza 2002,2002,Ministry Of Sound,249424,4:12
"MJ Cole, Jay Dee (2), Nova Casper",Sincere (Jazzanova Sincerely Yours Remix),The Chillout Session Ibiza 2002,2002,Ministry Of Sound,249424,5:19
Ian Pooley,What's Your Number? (Jazzanova Renumber),The Chillout Session Ibiza 2002,2002,Ministry Of Sound,249424,3:33
Felix Da Housecat,What Does It Feel Like? (Röyksopp Retire To The Sun Remix),The Chillout Session Ibiza 2002,2002,Ministry Of Sound,249424,3:33
Château Flight,Birds,The Chillout Session Ibiza 2002,2002,Ministry Of Sound,249424,3:02
Thievery Corporation,Air Batucada,The Chillout Session Ibiza 2002,2002,Ministry Of Sound,249424,3:25
Kimbu Kimra,Raise The Dead (Love From San Francisco Dub),The Chillout Session Ibiza 2002,2002,Ministry Of Sound,249424,3:40
Jam & Spoon,Stella (Album Version),The Chillout Session Ibiza 2002,2002,Ministry Of Sound,249424,5:26
Nuyorican Soul,I Am The Black Gold Of The Sun (4Hero Remix Edit),The Chillout Session Ibiza 2002,2002,Ministry Of Sound,249424,7:41
Sam Smith (12),Lay Me Down (Maya Jane Coles Remix),Chilled House Ibiza 2015,2015,Ministry Of Sound,7092110,
Kokiri,Turn Back Time (Retrospect) (9 Squares Remix),Chilled House Ibiza 2015,2015,Ministry Of Sound,7092110,
"Blonde (3), Melissa Steel",I Loved You (Tube & Berger Remix),Chilled House Ibiza 2015,2015,Ministry Of Sound,7092110,
Mr. Probz,Nothing Really Matters (Afrojack Remix),Chilled House Ibiza 2015,2015,Ministry Of Sound,7092110,
Klangkarussell,Moments,Chilled House Ibiza 2015,2015,Ministry Of Sound,7092110,
Alle Farben,She Moves,Chilled House Ibiza 2015,2015,Ministry Of Sound,7092110,
Lykke Li,No Rest For The Wicked (Robin Schulz Edit),Chilled House Ibiza 2015,2015,Ministry Of Sound,7092110,
Flight Facilities,Down To Earth (Wankelmut Remix),Chilled House Ibiza 2015,2015,Ministry Of Sound,7092110,
Axwell Λ Ingrosso,Something New (Robin Schulz Remix),Chilled House Ibiza 2015,2015,Ministry Of Sound,7092110,
ODESZA,Bloom (Lane 8 Remix),Chilled House Ibiza 2015,2015,Ministry Of Sound,7092110,
Caribou,Second Chance (C2's Set U Free Remix),Chilled House Ibiza 2015,2015,Ministry Of Sound,7092110,
Fritz Kalkbrenner,Void (Andre Hommen Remix),Chilled House Ibiza 2015,2015,Ministry Of Sound,7092110,
Röyksopp,I Had This Thing (Joris Voorn Remix),Chilled House Ibiza 2015,2015,Ministry Of Sound,7092110,
Josef Salvat,Hustler (Solomun Remix),Chilled House Ibiza 2015,2015,Ministry Of Sound,7092110,
Claptone,Forest Of Love,Chilled House Ibiza 2015,2015,Ministry Of Sound,7092110,
"Booka Shade, Karin Park",Line Of Fire (Tube & Berger Remix),Chilled House Ibiza 2015,2015,Ministry Of Sound,7092110,
Nora En Pure,Uruguay (EDX Dubai Skyline Remix),Chilled House Ibiza 2015,2015,Ministry Of Sound,7092110,
The Acid,Ghost (Maya Jane Coles Remix),Chilled House Ibiza 2015,2015,Ministry Of Sound,7092110,
The Howling (2),Signs (Kalabrese Remix),Chilled House Ibiza 2015,2015,Ministry Of Sound,7092110,
WhoMadeWho,Dreams (Adriatique Remix),Chilled House Ibiza 2015,2015,Ministry Of Sound,7092110,
Weval,Easier,Chilled House Ibiza 2015,2015,Ministry Of Sound,7092110,
Elderbrook,How Many Times (andhim Remix),Chilled House Ibiza 2015,2015,Ministry Of Sound,7092110,
"Damian Lazarus, The Ancient Moons",Vermillion (Jamie Jones 'Pupkit' Remix),Chilled House Ibiza 2015,2015,Ministry Of Sound,7092110,
Kruse & Nürnberg,Lost N Free,Chilled House Ibiza 2015,2015,Ministry Of Sound,7092110,
Dante Klein,Ertesuppe (Club Mix),Chilled House Ibiza 2015,2015,Ministry Of Sound,7092110,
Gab Rhome,Drifting,Chilled House Ibiza 2015,2015,Ministry Of Sound,7092110,
Gabriel Ananda,Solitary Daze,Chilled House Ibiza 2015,2015,Ministry Of Sound,7092110,
Maribou State,Rituals,Chilled House Ibiza 2015,2015,Ministry Of Sound,7092110,
Sam Smith (12),Lay Me Down,Perfectly Chilled.,2015,Ministry Of Sound,7683894,
James Bay,Let It Go,Perfectly Chilled.,2015,Ministry Of Sound,7683894,
Emeli Sandé,Clown,Perfectly Chilled.,2015,Ministry Of Sound,7683894,
Birdy (8),Wings,Perfectly Chilled.,2015,Ministry Of Sound,7683894,
Ellie Goulding,How Long Will I Love You,Perfectly Chilled.,2015,Ministry Of Sound,7683894,
Hozier,Someone New,Perfectly Chilled.,2015,Ministry Of Sound,7683894,
Paolo Nutini,Diana,Perfectly Chilled.,2015,Ministry Of Sound,7683894,
Lianne La Havas,Unstoppable,Perfectly Chilled.,2015,Ministry Of Sound,7683894,
Marina & The Diamonds,Happy,Perfectly Chilled.,2015,Ministry Of Sound,7683894,
Christina Perri,Jar Of Hearts,Perfectly Chilled.,2015,Ministry Of Sound,7683894,
Tobias Jesso Jr.,How Could You Babe?,Perfectly Chilled.,2015,Ministry Of Sound,7683894,
Jack Savoretti,Catapult,Perfectly Chilled.,2015,Ministry Of Sound,7683894,
Jamie Woon,Sharpness,Perfectly Chilled.,2015,Ministry Of Sound,7683894,
Kwabs,Perfect Ruin,Perfectly Chilled.,2015,Ministry Of Sound,7683894,
Jess Glynne,My Love (Acoustic),Perfectly Chilled.,2015,Ministry Of Sound,7683894,
Avicii,Waiting For Love (Prinston & Astrid S Acoustic Version),Perfectly Chilled.,2015,Ministry Of Sound,7683894,
"Sigma (8), Paloma Faith",Changing (Goldsmyth Edition),Perfectly Chilled.,2015,Ministry Of Sound,7683894,
"Rudimental, Will Heard",I Will For Love (Embody Remix),Perfectly Chilled.,2015,Ministry Of Sound,7683894,
Lorde,Royals,Perfectly Chilled.,2015,Ministry Of Sound,7683894,
James Blake,Retrograde,Perfectly Chilled.,2015,Ministry Of Sound,7683894,
Plan B (4),Love Goes Down,Perfectly Chilled.,2015,Ministry Of Sound,7683894,
Jack Garratt,Weathered,Perfectly Chilled.,2015,Ministry Of Sound,7683894,
Fallulah,Wicked Game,Perfectly Chilled.,2015,Ministry Of Sound,7683894,
Jodie Abacus,Good Feeling,Perfectly Chilled.,2015,Ministry Of Sound,7683894,
Rae Morris,Love Again,Perfectly Chilled.,2015,Ministry Of Sound,7683894,
"Disclosure (3), Sasha Keable",Voices,Perfectly Chilled.,2015,Ministry Of Sound,7683894,
Gabrielle Aplin,The Power Of Love,Perfectly Chilled.,2015,Ministry Of Sound,7683894,
Florence And The Machine,St Jude,Perfectly Chilled.,2015,Ministry Of Sound,7683894,
Tove Lo,Talking Body (Gryffin Remix),Perfectly Chilled.,2015,Ministry Of Sound,7683894,
Beth (16),Don't You Worry Child (Charming Horses Remix),Perfectly Chilled.,2015,Ministry Of Sound,7683894,
alt-J,Warm Foothills,Perfectly Chilled.,2015,Ministry Of Sound,7683894,
"Sigala, Bryn Christopher",Sweet Lovin‘ (House Robot Remix),Chilled House Session 7,2016,Ministry Of Sound,8334181,4:46
"Felix Jaehn, Polina (2)",Book Of Love,Chilled House Session 7,2016,Ministry Of Sound,8334181,3:50
Ellie Goulding,On My Mind (MK Remix),Chilled House Session 7,2016,Ministry Of Sound,8334181,3:40
"Dimitri Vegas & Like Mike, Ne-Yo",Higher Place,Chilled House Session 7,2016,Ministry Of Sound,8334181,3:09
"Blonde (3), Karen Harding",Feel Good (It’s Alright) (Ferdinand Weber And Fabich Remix),Chilled House Session 7,2016,Ministry Of Sound,8334181,3:44
Maverick Sabre,Come Fly Away (Kant Remix),Chilled House Session 7,2016,Ministry Of Sound,8334181,2:57
Jamie Lawson,Wasn’t Expecting That (Zwette Remix),Chilled House Session 7,2016,Ministry Of Sound,8334181,3:44
KANT (3),Nightcall,Chilled House Session 7,2016,Ministry Of Sound,8334181,3:20
Hayden James,Something About You (Charles Webster Club Mix),Chilled House Session 7,2016,Ministry Of Sound,8334181,4:32
Hot Chip,Huarache Lights (Soulwax Remix),Chilled House Session 7,2016,Ministry Of Sound,8334181,4:31
"SG Lewis, JP Cooper",Shivers (Honne Remix),Chilled House Session 7,2016,Ministry Of Sound,8334181,4:23
Freischwimmer (3),California Dreamin,Chilled House Session 7,2016,Ministry Of Sound,8334181,4:00
"Feder (3), Lyse (2)",Goodbye,Chilled House Session 7,2016,Ministry Of Sound,8334181,3:20
"Aaron Smith, Luvli",Dancin‘ (Krono Extended Remix),Chilled House Session 7,2016,Ministry Of Sound,8334181,4:28
"Lovebirds, Stee Downes",Want You In My Soul (Summer In London Edit),Chilled House Session 7,2016,Ministry Of Sound,8334181,4:32
"On June, Tesity",The Devil’s Tears (Sam Feldt Edit),Chilled House Session 7,2016,Ministry Of Sound,8334181,3:30
Kidnap Kid,Fall (Tim Green Remix),Chilled House Session 7,2016,Ministry Of Sound,8334181,4:16
Noel Gallagher's High Flying Birds,The Right Stuff (Psychemagik Remix),Chilled House Session 7,2016,Ministry Of Sound,8334181,3:14
Bob Moses (5),Like It Or Not,Chilled House Session 7,2016,Ministry Of Sound,8334181,3:21
"Disclosure (3), Sam Smith (12)",Omen (Jonas Rathsman Remix),Chilled House Session 7,2016,Ministry Of Sound,8334181,3:57
Duke Dumont,Melt,Chilled House Session 7,2016,Ministry Of Sound,8334181,4:12
Editors,Our Love (Solomun Remix),Chilled House Session 7,2016,Ministry Of Sound,8334181,5:00
KDA,Rumble (DJ Sneak Remix),Chilled House Session 7,2016,Ministry Of Sound,8334181,2:39
Andhim,Boy Boy Boy (Joris Voorn Remix),Chilled House Session 7,2016,Ministry Of Sound,8334181,4:40
Mat.Joe,Make A Living,Chilled House Session 7,2016,Ministry Of Sound,8334181,3:39
Tensnake,Holding Back (My Love) (Tiger & Woods Remix),Chilled House Session 7,2016,Ministry Of Sound,8334181,3:17
Dele Sosimi,Too Much Information (Laolu Remix),Chilled House Session 7,2016,Ministry Of Sound,8334181,4:34
Claptone,The Only Thing,Chilled House Session 7,2016,Ministry Of Sound,8334181,4:32
Whilk & Misky,Clap Your Hands (Solomun Remix),Chilled House Session 7,2016,Ministry Of Sound,8334181,3:48
AKASE,Rust (Midland Remix),Chilled House Session 7,2016,Ministry Of Sound,8334181,3:28
Dense & Pika,Colt (George FitzGerald Remix),Chilled House Session 7,2016,Ministry Of Sound,8334181,4:00
Frankey & Sandrino,Acamar,Chilled House Session 7,2016,Ministry Of Sound,8334181,3:38
"Edu Imbernón, Archivist (3)",Fixing Fires (Maya Jane Coles Remix),Chilled House Session 7,2016,Ministry Of Sound,8334181,4:06
Kiasmos,Looped,Chilled House Session 7,2016,Ministry Of Sound,8334181,3:42
Recondite,Nifty,Chilled House Session 7,2016,Ministry Of Sound,8334181,5:30
Martin Kohlstedt,ELL (Christian Löffler Rework),Chilled House Session 7,2016,Ministry Of Sound,8334181,3:26
"Snakehips, Tinashe (2), Chance The Rapper, Oliver Dickinson",All My Friends,Just Chillin',2016,Ministry Of Sound,8415986,
"Sigala, Imani Williams, Fresh",Say You Do (House Robot Re-Edit),Just Chillin',2016,Ministry Of Sound,8415986,
"The Chainsmokers, ROZES",Roses,Just Chillin',2016,Ministry Of Sound,8415986,
"Wretch 32, Josh Kumra",Don't Go,Just Chillin',2016,Ministry Of Sound,8415986,
Marlon Roudette,When The Beat Drops Out,Just Chillin',2016,Ministry Of Sound,8415986,
The Streets,Blinded By The Lights,Just Chillin',2016,Ministry Of Sound,8415986,
Shawn Mendes,Stitches (Seeb Remix),Just Chillin',2016,Ministry Of Sound,8415986,
Marvin Gaye,Sexual Healing (Kygo Remix),Just Chillin',2016,Ministry Of Sound,8415986,
Robin Schulz,Sugar,Just Chillin',2016,Ministry Of Sound,8415986,
"Sigala, Bryn Christopher",Sweet Lovin' (House Robot Remix),Just Chillin',2016,Ministry Of Sound,8415986,
Whitney Houston,My Love Is Your Love,Just Chillin',2016,Ministry Of Sound,8415986,
"Justin Timberlake, T.I.",My Love,Just Chillin',2016,Ministry Of Sound,8415986,
Usher,Burn (Confession),Just Chillin',2016,Ministry Of Sound,8415986,
Miguel (67),Adorn,Just Chillin',2016,Ministry Of Sound,8415986,
Common,The Light,Just Chillin',2016,Ministry Of Sound,8415986,
Tink (7),Million,Just Chillin',2016,Ministry Of Sound,8415986,
"Chris Brown (4), Tyga, Kevin McCall",Deuces,Just Chillin',2016,Ministry Of Sound,8415986,
"Sigala, John Newman (5), Nile Rodgers",Give Me Your Love (Rooftop Boys Remix),Chilled House Ibiza 2016 ,2016,Ministry Of Sound,8773402,3:41
OMI (13),Hitchhiker (Deep Chills Remix),Chilled House Ibiza 2016 ,2016,Ministry Of Sound,8773402,3:00
Imany (2),Don't Be So Shy (Truffles Remix),Chilled House Ibiza 2016 ,2016,Ministry Of Sound,8773402,3:46
Avicii,Broken Arrows (M-22 Remix),Chilled House Ibiza 2016 ,2016,Ministry Of Sound,8773402,4:08
Danny L Harle,Broken Flowers,Chilled House Ibiza 2016 ,2016,Ministry Of Sound,8773402,3:20
Shura (8),Touch (Four Tet Remix),Chilled House Ibiza 2016 ,2016,Ministry Of Sound,8773402,4:09
"Tove Lo, Seeb",Moments (Seeb Remix),Chilled House Ibiza 2016 ,2016,Ministry Of Sound,8773402,2:52
"Robin Schulz, J.U.D.G.E.",Show Me Love (Max Manie & KT Mix),Chilled House Ibiza 2016 ,2016,Ministry Of Sound,8773402,4:16
"Rudimental, Anne-Marie, Will Heard",Rumour Mill (Jesse Rose Remix),Chilled House Ibiza 2016 ,2016,Ministry Of Sound,8773402,4:47
Birdy (8),Keeping Your Head Up (Jonas Blue Remix),Chilled House Ibiza 2016 ,2016,Ministry Of Sound,8773402,4:24
"Icarus (16), AURORA (16)",Home (Lane 8 Remix),Chilled House Ibiza 2016 ,2016,Ministry Of Sound,8773402,3:57
Blinkie (4),Don't Give Up (On Love) (Josh Parkinson Remix),Chilled House Ibiza 2016 ,2016,Ministry Of Sound,8773402,4:18
Rüfüs,Like An Animal (Yotto Remix),Chilled House Ibiza 2016 ,2016,Ministry Of Sound,8773402,3:42
Lindstrøm,Closing Shot,Chilled House Ibiza 2016 ,2016,Ministry Of Sound,8773402,3:27
Bob Moses (5),Tearing Me Up,Chilled House Ibiza 2016 ,2016,Ministry Of Sound,8773402,4:47
"Maribou State, Holly Walker",Midas (Ben Pearce Re-Edit),Chilled House Ibiza 2016 ,2016,Ministry Of Sound,8773402,3:48
Nora En Pure,Morning Dew,Chilled House Ibiza 2016 ,2016,Ministry Of Sound,8773402,3:45
"Tube & Berger, Ghost Loft",Set Free,Chilled House Ibiza 2016 ,2016,Ministry Of Sound,8773402,3:46
"Sir Felix, Hero Baldwin",Maybe (Nora En Pure Radio Vocal Mix),Chilled House Ibiza 2016 ,2016,Ministry Of Sound,8773402,3:43
Miguel Campbell,All Cried Out,Chilled House Ibiza 2016 ,2016,Ministry Of Sound,8773402,4:00
Kiasmos,Swept,Chilled House Ibiza 2016 ,2016,Ministry Of Sound,8773402,4:14
Mat.Joe,Nighthawk,Chilled House Ibiza 2016 ,2016,Ministry Of Sound,8773402,4:16
"Tell No Foxx, Daithí",Dust (Daithi Remix),Chilled House Ibiza 2016 ,2016,Ministry Of Sound,8773402,4:48
Frank Wiedemann,Kleiner Vogel,Chilled House Ibiza 2016 ,2016,Ministry Of Sound,8773402,3:56
Dusky (2),Ingrid Is A Hybrid,Chilled House Ibiza 2016 ,2016,Ministry Of Sound,8773402,3:48
Jimmy Cliff,I Can See Clearly Now,Chilled Reggae,2016,Ministry Of Sound,10073974,
Big Mountain,"Baby, I Love Your Way",Chilled Reggae,2016,Ministry Of Sound,10073974,
Maxi Priest,Wild World,Chilled Reggae,2016,Ministry Of Sound,10073974,
Janet Kay,Silly Games,Chilled Reggae,2016,Ministry Of Sound,10073974,
Sean Paul,I'm Still In Love With You,Chilled Reggae,2016,Ministry Of Sound,10073974,
Aswad,Don't Turn Around,Chilled Reggae,2016,Ministry Of Sound,10073974,
Toots & The Maytals,Pressure Drop '72,Chilled Reggae,2016,Ministry Of Sound,10073974,
Dandy Livingstone,"Rudy, A Message To You",Chilled Reggae,2016,Ministry Of Sound,10073974,
Harry J. All Stars,Liquidator,Chilled Reggae,2016,Ministry Of Sound,10073974,
The Upsetters,Return Of Django,Chilled Reggae,2016,Ministry Of Sound,10073974,
Dave & Ansel Collins,Double Barrel,Chilled Reggae,2016,Ministry Of Sound,10073974,
Desmond Dekker & The Aces,Israelites,Chilled Reggae,2016,Ministry Of Sound,10073974,
Susan Cadogan,Hurt So Good,Chilled Reggae,2016,Ministry Of Sound,10073974,
Beres Hammond,Rockaway,Chilled Reggae,2016,Ministry Of Sound,10073974,
Clint Eastwood,Stop That Train,Chilled Reggae,2016,Ministry Of Sound,10073974,
Dennis Brown,To The Foundation,Chilled Reggae,2016,Ministry Of Sound,10073974,
Althea & Donna,Uptown Top Ranking,Chilled Reggae,2016,Ministry Of Sound,10073974,
Gregory Isaacs,Night Nurse,Chilled Reggae,2016,Ministry Of Sound,10073974,
Toots & The Maytals,54-46 Was My Number,Chilled Reggae,2016,Ministry Of Sound,10073974,
Johnny Nash,Stir It Up,Chilled Reggae,2016,Ministry Of Sound,10073974,
Sister Nancy,Bam Bam,Chilled Reggae,2016,Ministry Of Sound,10073974,
John Holt,Police In Helicopter,Chilled Reggae,2016,Ministry Of Sound,10073974,
Peter Tosh,Legalize It,Chilled Reggae,2016,Ministry Of Sound,10073974,
Steel Pulse,Ku Klux Klan,Chilled Reggae,2016,Ministry Of Sound,10073974,
Junior Murvin,Police & Thieves,Chilled Reggae,2016,Ministry Of Sound,10073974,
Max Romeo,Wet Dream,Chilled Reggae,2016,Ministry Of Sound,10073974,
"Ini Kamoze, Sly & Robbie",World A Reggae Music,Chilled Reggae,2016,Ministry Of Sound,10073974,
"Protoje, Chronixx",Who Knows,Chilled Reggae,2016,Ministry Of Sound,10073974,
Richie Spice,Youth Dem Cold,Chilled Reggae,2016,Ministry Of Sound,10073974,
Sizzla,Just One Of Those Days,Chilled Reggae,2016,Ministry Of Sound,10073974,
Beres Hammond,They Gonna Talk,Chilled Reggae,2016,Ministry Of Sound,10073974,
I Wayne,Can't Satisfy Her,Chilled Reggae,2016,Ministry Of Sound,10073974,
UB40,(I Can't Help) Falling In Love With You,Chilled Reggae,2016,Ministry Of Sound,10073974,
Tarrus Riley,She's Royal,Chilled Reggae,2016,Ministry Of Sound,10073974,
Maxi Priest,Close To You,Chilled Reggae,2016,Ministry Of Sound,10073974,
Barrington Levy,Too Experienced,Chilled Reggae,2016,Ministry Of Sound,10073974,
Chaka Demus & Pliers,She Don't Let Nobody,Chilled Reggae,2016,Ministry Of Sound,10073974,
Morgan Heritage,Down By The River,Chilled Reggae,2016,Ministry Of Sound,10073974,
Jimmy Cliff,The Harder They Come,Chilled Reggae,2016,Ministry Of Sound,10073974,
Ziggy Marley,Beach In Hawaii,Chilled Reggae,2016,Ministry Of Sound,10073974,
Ken Boothe,Everything I Own,Chilled Reggae,2016,Ministry Of Sound,10073974,
Bob Andy,You Don't Know,Chilled Reggae,2016,Ministry Of Sound,10073974,
Mad Cobra,Flex,Chilled Reggae,2016,Ministry Of Sound,10073974,
T.O.K.,Footprints,Chilled Reggae,2016,Ministry Of Sound,10073974,
Hollie Cook,Milk And Honey,Chilled Reggae,2016,Ministry Of Sound,10073974,
Horace Andy,Skylarking,Chilled Reggae,2016,Ministry Of Sound,10073974,
Chronixx,They Don't Know,Chilled Reggae,2016,Ministry Of Sound,10073974,
Tanya Stephens,It's A Pity,Chilled Reggae,2016,Ministry Of Sound,10073974,
Anthony Hamilton,Everybody,Chilled Reggae,2016,Ministry Of Sound,10073974,
Gentleman's Dub Club,Open Your Eyes,Chilled Reggae,2016,Ministry Of Sound,10073974,
Fugees,Ready Or Not,Chilled Hip Hop,2016,Ministry Of Sound,10250871,3:46
Nas,The Message,Chilled Hip Hop,2016,Ministry Of Sound,10250871,3:46
"Memphis Bleek, Jay-Z",Dear Summer,Chilled Hip Hop,2016,Ministry Of Sound,10250871,2:31
"Craig Mack, Busta Rhymes, LL Cool J, Notorious B.I.G., Rampage (2)",Flava In Ya Ear (Remix),Chilled Hip Hop,2016,Ministry Of Sound,10250871,4:42
"Royce Da 5'9""",Boom,Chilled Hip Hop,2016,Ministry Of Sound,10250871,3:45
Gang Starr,Full Clip,Chilled Hip Hop,2016,Ministry Of Sound,10250871,3:32
Rakim,When I B On Tha Mic,Chilled Hip Hop,2016,Ministry Of Sound,10250871,3:40
J. Cole,No Role Modelz,Chilled Hip Hop,2016,Ministry Of Sound,10250871,4:15
Nas,The World Is Yours,Chilled Hip Hop,2016,Ministry Of Sound,10250871,4:41
"Twista, Anthony Hamilton",Sunshine,Chilled Hip Hop,2016,Ministry Of Sound,10250871,3:15
Black Eyed Peas,Joints & Jams,Chilled Hip Hop,2016,Ministry Of Sound,10250871,3:35
"Big Punisher, Joe",Still Not A Player,Chilled Hip Hop,2016,Ministry Of Sound,10250871,3:46
Smif-N-Wessun,Wrekonize,Chilled Hip Hop,2016,Ministry Of Sound,10250871,3:43
"Camp Lo, Joe Mendelson",Coolie High,Chilled Hip Hop,2016,Ministry Of Sound,10250871,3:43
"Foxy Brown, Blackstreet",Get Me Home,Chilled Hip Hop,2016,Ministry Of Sound,10250871,3:45
"ASAP Rocky, Rod Stewart, Miguel (67), Mark Ronson",Everyday,Chilled Hip Hop,2016,Ministry Of Sound,10250871,3:40
"The Roots, Jill Scott, Eve (2)",You Got Me,Chilled Hip Hop,2016,Ministry Of Sound,10250871,4:05
"J. Cole, Missy Elliott",Nobody's Perfect,Chilled Hip Hop,2016,Ministry Of Sound,10250871,2:49
Kent Jones,Don't Mind,Chilled Hip Hop,2016,Ministry Of Sound,10250871,3:11
"Wale, Miguel (67)",Lotus Flower Bomb,Chilled Hip Hop,2016,Ministry Of Sound,10250871,3:27
"T.I., Chris Brown (4)",Private Show,Chilled Hip Hop,2016,Ministry Of Sound,10250871,3:59
"G-Eazy, Bebe Rexha","Me, Myself & I",Chilled Hip Hop,2016,Ministry Of Sound,10250871,4:02
Jadakiss,By Your Side,Chilled Hip Hop,2016,Ministry Of Sound,10250871,3:35
"Mase, Total",What You Want,Chilled Hip Hop,2016,Ministry Of Sound,10250871,4:24
Bishop Nehru,You Stressin,Chilled Hip Hop,2016,Ministry Of Sound,10250871,2:56
Common,I Used To Love Her,Chilled Hip Hop,2016,Ministry Of Sound,10250871,4:32
"Kungs, Jamie N Commons",Don't You Know,Chilled House Winter,2016,Ministry Of Sound,10288069,
"Kygo, Julia Michaels",Carry Me,Chilled House Winter,2016,Ministry Of Sound,10288069,
Avicii,Gonna Love Ya,Chilled House Winter,2016,Ministry Of Sound,10288069,
"Felix Jaehn, ALMA (27)",Bonfire,Chilled House Winter,2016,Ministry Of Sound,10288069,
"Imani Williams, Sigala, Blonde (3)",Don't Need No Money,Chilled House Winter,2016,Ministry Of Sound,10288069,
MNEK,At Night (I Think About You) (Blonde Remix),Chilled House Winter,2016,Ministry Of Sound,10288069,
Birdy (8),Words (EDX Remix),Chilled House Winter,2016,Ministry Of Sound,10288069,
Halsey,Colors (Sam Feldt Remix),Chilled House Winter,2016,Ministry Of Sound,10288069,
Imany (2),Don't Be So Shy (Kideko Remix),Chilled House Winter,2016,Ministry Of Sound,10288069,
Lindstrøm,Algorytme,Chilled House Winter,2016,Ministry Of Sound,10288069,
"Möwe (2), Daniel Nitt",Lovers,Chilled House Winter,2016,Ministry Of Sound,10288069,
"KDA, Tinashe (2)",Just Say (Ashley Beedle Remix),Chilled House Winter,2016,Ministry Of Sound,10288069,
Sia,Cheap Thrills (Cyril Hahn Remix),Chilled House Winter,2016,Ministry Of Sound,10288069,
"Kideko, George Kwali",Crank It (Apres Remix),Chilled House Winter,2016,Ministry Of Sound,10288069,
"Faithless, Harry Collier",Bombs 2.0 (Claptone Remix),Chilled House Winter,2016,Ministry Of Sound,10288069,
Tom Odell,Magnetised (Secondcity Remix),Chilled House Winter,2016,Ministry Of Sound,10288069,
Marc Romboy vs. Stephan Bodzin,Atlas (Adriatique Remix),Chilled House Winter,2016,Ministry Of Sound,10288069,
"HONNE, Izzy Bizu",Someone That Loves You (Ben Pearce Remix),Chilled House Winter,2016,Ministry Of Sound,10288069,
"Fakear, Rae Morris",Silver (Few Nolder Remix),Chilled House Winter,2016,Ministry Of Sound,10288069,
Rüfüs,Like An Animal (Isaac Tichauer Remix),Chilled House Winter,2016,Ministry Of Sound,10288069,
Bob Moses (5),Like It Or Not (Joris Voorn Remix),Chilled House Winter,2016,Ministry Of Sound,10288069,
Moderat,Running (Âme Remix),Chilled House Winter,2016,Ministry Of Sound,10288069,
"Florian Kruse, Hendrik Burkhard",The Ground (Joris Voorn Remix),Chilled House Winter,2016,Ministry Of Sound,10288069,
Yotto,The Owls,Chilled House Winter,2016,Ministry Of Sound,10288069,
Sailor & I,Fire On The Moon (Teenage Mutants & Edone Remix),Chilled House Winter,2016,Ministry Of Sound,10288069,
Recondite,Andever,Chilled House Winter,2016,Ministry Of Sound,10288069,
Christian Löffler,Reubin,Chilled House Winter,2016,Ministry Of Sound,10288069,
Birdy (8),Wild Horses (Sam Feldt Remix),Chilled House Session 8,2017,Ministry Of Sound,10113492,2:50
"Bob Marley & The Wailers, LVNDSCAPE, Bolier",Is This Love (Remix),Chilled House Session 8,2017,Ministry Of Sound,10113492,3:23
"Sam Feldt, Deepend (3), Teemu (14)",Runaways,Chilled House Session 8,2017,Ministry Of Sound,10113492,2:56
"Charming Horses, Grace Grundy",Higher Love,Chilled House Session 8,2017,Ministry Of Sound,10113492,2:20
"Klingande, M-22",Somewhere New,Chilled House Session 8,2017,Ministry Of Sound,10113492,3:23
Moby,Natural Blues (Kidnap Kid Remix),Chilled House Session 8,2017,Ministry Of Sound,10113492,6:52
Joris Voorn,Orange,Chilled House Session 8,2017,Ministry Of Sound,10113492,6:30
"Rhodes (9), Felix Jaehn",Your Soul (Holding On),Chilled House Session 8,2017,Ministry Of Sound,10113492,2:39
The XX,On Hold,Chilled House Session 8,2017,Ministry Of Sound,10113492,3:35
Moderat,Eating Hooks (Siriusmo Remix),Chilled House Session 8,2017,Ministry Of Sound,10113492,6:58
"Flume, Tove Lo",Say It (Clean Bandit Remix),Chilled House Session 8,2017,Ministry Of Sound,10113492,3:42
"Gorgon City, Elderbrook",Smile,Chilled House Session 8,2017,Ministry Of Sound,10113492,3:19
Icarus (16),Hiding,Chilled House Session 8,2017,Ministry Of Sound,10113492,4:56
Lane 8,With Me,Chilled House Session 8,2017,Ministry Of Sound,10113492,4:12
Luttrell,Need You,Chilled House Session 8,2017,Ministry Of Sound,10113492,5:46
Chris Malinchak (2),Wonderful,Chilled House Session 8,2017,Ministry Of Sound,10113492,3:24
Feder (3),Lordly (Instrumental Mix),Chilled House Session 8,2017,Ministry Of Sound,10113492,4:26
"Lost Frequencies, Sandro Cavazza",Beautiful Life,Chilled House Session 8,2017,Ministry Of Sound,10113492,2:40
Arizona (12),I Was Wrong (Robin Schulz Remix),Chilled House Session 8,2017,Ministry Of Sound,10113492,3:31
"Tube & Berger, Richard Judge",Ruckus,Chilled House Session 8,2017,Ministry Of Sound,10113492,3:11
Fritz Kalkbrenner,In This Game,Chilled House Session 8,2017,Ministry Of Sound,10113492,3:18
Tiga,Blondes Have More Fun (Jonas Rathsman Remix),Chilled House Session 8,2017,Ministry Of Sound,10113492,3:25
"Ultra Naté, Roland Clark",The First Time Free (Claptone Remix Edit),Chilled House Session 8,2017,Ministry Of Sound,10113492,3:48
Anabel Englund,London Headache (Purple Disco Machine Remix Edit),Chilled House Session 8,2017,Ministry Of Sound,10113492,4:04
La Fleur,Flowerhead (2016 ReWork),Chilled House Session 8,2017,Ministry Of Sound,10113492,3:00
Christian Löffler,Lid,Chilled House Session 8,2017,Ministry Of Sound,10113492,5:06
"Clean Bandit, Sean Paul, Anne-Marie",Rockabye (Thomas Rasmus Chill Mix),Laidback Beats,2017,Ministry Of Sound,13258820,
"DJ Snake, Justin Bieber",Let Me Love You,Laidback Beats,2017,Ministry Of Sound,13258820,
Julia Michaels,Issues,Laidback Beats,2017,Ministry Of Sound,13258820,
"NEIKED, Dyo (2)",Sexual,Laidback Beats,2017,Ministry Of Sound,13258820,
"Kygo, Selena Gomez",It Ain't Me (Tiësto AFTR:HRS Remix),Chilled House Ibiza 2017,2017,Ministry Of Sound,11187429,
"Martin Garrix, Dua Lipa",Scared To Be Lonely (Julien Earle Remix),Chilled House Ibiza 2017,2017,Ministry Of Sound,11187429,
"Martin Solveig, Ina Wroldsen",Places (Icarus Remix),Chilled House Ibiza 2017,2017,Ministry Of Sound,11187429,
"Wankelmut, Charlotte OC",Almost Mine,Chilled House Ibiza 2017,2017,Ministry Of Sound,11187429,
"The Magician (2), Julian Perretta",Tied Up (Balearic Vocal Dub),Chilled House Ibiza 2017,2017,Ministry Of Sound,11187429,
James Arthur (2),Can I Be Him (SJUR Remix),Chilled House Ibiza 2017,2017,Ministry Of Sound,11187429,
"Mabel (5), Kojo Funds",Finders Keepers (Melé Remix),Chilled House Ibiza 2017,2017,Ministry Of Sound,11187429,
Ofenbach,Be Mine,Chilled House Ibiza 2017,2017,Ministry Of Sound,11187429,
Vera (25),In And Out Of Love,Chilled House Ibiza 2017,2017,Ministry Of Sound,11187429,
Lo Air,Day And Night,Chilled House Ibiza 2017,2017,Ministry Of Sound,11187429,
Alle Farben,Bad Ideas,Chilled House Ibiza 2017,2017,Ministry Of Sound,11187429,
"Sonny Fodera, Kate Elsworth",Wasted,Chilled House Ibiza 2017,2017,Ministry Of Sound,11187429,
"LVNDSCAPE, Holland Park (2), Nico Santos",Waterfalls,Chilled House Ibiza 2017,2017,Ministry Of Sound,11187429,
Yotto,Marisa,Chilled House Ibiza 2017,2017,Ministry Of Sound,11187429,
Luttrell,Like It Is,Chilled House Ibiza 2017,2017,Ministry Of Sound,11187429,
The Black Madonna,He Is The Voice I Hear,Chilled House Ibiza 2017,2017,Ministry Of Sound,11187429,
Bonobo,7th Sevens,Chilled House Ibiza 2017,2017,Ministry Of Sound,11187429,
The Howling (2),Phases,Chilled House Ibiza 2017,2017,Ministry Of Sound,11187429,
RY X,Beacon (Joris Voorn Remix),Chilled House Ibiza 2017,2017,Ministry Of Sound,11187429,
Maya Jane Coles,Cherry Bomb,Chilled House Ibiza 2017,2017,Ministry Of Sound,11187429,
Ninetoes,Come Back,Chilled House Ibiza 2017,2017,Ministry Of Sound,11187429,
Tensnake,1975,Chilled House Ibiza 2017,2017,Ministry Of Sound,11187429,
Midland,Final Credits,Chilled House Ibiza 2017,2017,Ministry Of Sound,11187429,
Lovebirds,Feel So Good,Chilled House Ibiza 2017,2017,Ministry Of Sound,11187429,
Miguel Migs,Broken Barriers (Miguel Migs Edit),Chilled House Ibiza 2017,2017,Ministry Of Sound,11187429,
Joseph Ashworth,Sienna,Chilled House Ibiza 2017,2017,Ministry Of Sound,11187429,
"Lane 8, Kidnap Kid",ABA,Chilled House Ibiza 2017,2017,Ministry Of Sound,11187429,
Yotto,Oscillations,Chilled House Ibiza 2017,2017,Ministry Of Sound,11187429,
Tontario,Late,Chilled House Ibiza 2017,2017,Ministry Of Sound,11187429,
Shallou,Heights,Chilled House Ibiza 2017,2017,Ministry Of Sound,11187429,
Danijel Kostic,Drifting,Chilled House Ibiza 2017,2017,Ministry Of Sound,11187429,
Neon Cassettes,Hold Me,Chilled House Ibiza 2017,2017,Ministry Of Sound,11187429,
Touch Sensitive (2),Lay Down,Chilled House Ibiza 2017,2017,Ministry Of Sound,11187429,
ZHU,Nightcrawler,Chilled House Ibiza 2017,2017,Ministry Of Sound,11187429,
Nora En Pure,Make Me Love You,Chilled House Ibiza 2017,2017,Ministry Of Sound,11187429,
The XX,Intro,Sunset Chilled,2017,Ministry Of Sound,10859339,2:00
"Delerium, Sarah McLachlan",Silence (Michael Woods Radio Edit),Sunset Chilled,2017,Ministry Of Sound,10859339,4:14
Olive,Miracle,Sunset Chilled,2017,Ministry Of Sound,10859339,3:53
Energy 52,Cafe Del Mar (Michael Woods Radio Edit),Sunset Chilled,2017,Ministry Of Sound,10859339,3:56
Orbital,Halcyon,Sunset Chilled,2017,Ministry Of Sound,10859339,3:43
Sneaker Pimps,Six Underground,Sunset Chilled,2017,Ministry Of Sound,10859339,3:43
Lamb,Angelica,Sunset Chilled,2017,Ministry Of Sound,10859339,3:35
The Thrillseekers,Synaesthesia (Alaska Sunset Edit),Sunset Chilled,2017,Ministry Of Sound,10859339,3:08
Jamie Woon,Night Air,Sunset Chilled,2017,Ministry Of Sound,10859339,3:42
Moloko,Sing It Back (Can 7 Supermarket Mix),Sunset Chilled,2017,Ministry Of Sound,10859339,4:04
Candi Staton,Hallelujah Anyway (Larse Vocal Radio Edit),Sunset Chilled,2017,Ministry Of Sound,10859339,2:54
Lowland,Children,Sunset Chilled,2017,Ministry Of Sound,10859339,2:47
Marc Kinchen,17 (In The Air Dub),Chilled House Session 9 ,2018,Ministry Of Sound,11855213,5:22
"Marshmello (2), Khalid (16)",Silence (Blonde Remix),Chilled House Session 9 ,2018,Ministry Of Sound,11855213,3:46
Disciples (5),On My Mind (Deepend Remix),Chilled House Session 9 ,2018,Ministry Of Sound,11855213,3:10
"Wankelmut, Björn Dixgård",I Keep Calling (Boris Dlugosch & Cassara Remix),Chilled House Session 9 ,2018,Ministry Of Sound,11855213,4:12
"Robin Schulz, Hugel",I Believe I'm Fine (Nick Martin Remix),Chilled House Session 9 ,2018,Ministry Of Sound,11855213,4:48
"Snakehips, Anne-Marie, Joey Bada$$",Either Way (The Wild Remix),Chilled House Session 9 ,2018,Ministry Of Sound,11855213,3:03
"Kygo, Oliver Nelson (3), Bonnie McKee",Riding Shotgun,Chilled House Session 9 ,2018,Ministry Of Sound,11855213,3:11
"Thrdl!fe, Kelli-Leigh Henry-Davila, Mario",For Love,Chilled House Session 9 ,2018,Ministry Of Sound,11855213,3:40
"Moon Boots (3), Fiora Cutler",I Want Your Attention,Chilled House Session 9 ,2018,Ministry Of Sound,11855213,4:43
Nora En Pure,Fever,Chilled House Session 9 ,2018,Ministry Of Sound,11855213,3:42
"Zac Samuel, Kyla (3)",Play It Cool (Crazy Cousinz Remix),Chilled House Session 9 ,2018,Ministry Of Sound,11855213,3:56
Nao (33),Get To Know Ya (KAYTRANADA FLIP),Chilled House Session 9 ,2018,Ministry Of Sound,11855213,5:04
Galantis,Rich Boy (Felix Cartal Remix),Chilled House Session 9 ,2018,Ministry Of Sound,11855213,3:00
JOY.,Smoke Too Much,Chilled House Session 9 ,2018,Ministry Of Sound,11855213,3:02
"FDVM, Tyler Sjöström",Make It Right (Wankelmut Remix),Chilled House Session 9 ,2018,Ministry Of Sound,11855213,3:03
Klyne,Still Not Over You (Mall Grab Remix),Chilled House Session 9 ,2018,Ministry Of Sound,11855213,5:48
Goldroom,Breaks (Eau Claire Remix),Chilled House Session 9 ,2018,Ministry Of Sound,11855213,4:06
Kiasmos,Blurred (Bonobo Remix),Chilled House Session 9 ,2018,Ministry Of Sound,11855213,5:57
Kölsch,Liath,Chilled House Session 9 ,2018,Ministry Of Sound,11855213,5:23
Vermont (4),Dschuna (Dixon Mix),Chilled House Session 9 ,2018,Ministry Of Sound,11855213,6:05
"Maya Jane Coles, Chelou (2)",Darkside (MJC V2 Mix),Chilled House Session 9 ,2018,Ministry Of Sound,11855213,5:39
"Lane 8, Poliça",No Captain,Chilled House Session 9 ,2018,Ministry Of Sound,11855213,3:52
andhim,Amene,Chilled House Session 9 ,2018,Ministry Of Sound,11855213,3:34
"Toddla T, Andrea Martin",Magnet,Chilled House Session 9 ,2018,Ministry Of Sound,11855213,2:48
Kidnap Kid,Where The Sea Swings In Like An Iron Gate,Chilled House Session 9 ,2018,Ministry Of Sound,11855213,4:02
Yotto,Edge Of Affection,Chilled House Session 9 ,2018,Ministry Of Sound,11855213,4:19
Illyus & Barrientos,Takin' Over,Chilled House Session 9 ,2018,Ministry Of Sound,11855213,3:18
"Sonny Fodera, Alex Mills",Always Gonna Be (Mat.Joe Funked Up Remix),Chilled House Session 9 ,2018,Ministry Of Sound,11855213,3:33
"Dario D'Attis, Sven Tasnadi",I Need,Chilled House Session 9 ,2018,Ministry Of Sound,11855213,3:42
Bwi-Bwi,Insight,Chilled House Session 9 ,2018,Ministry Of Sound,11855213,3:49
Marian Hill,Down (Franky Rizardo Remix),Chilled House Session 9 ,2018,Ministry Of Sound,11855213,3:52
"Hifi Sean, Crystal Waters",Testify (Sandy Rivera Main Mix),Chilled House Session 9 ,2018,Ministry Of Sound,11855213,3:22
Girls Of The Internet,When U Go,Chilled House Session 9 ,2018,Ministry Of Sound,11855213,3:24
Stwo,Over U,Chilled House Session 9 ,2018,Ministry Of Sound,11855213,3:44
"Filous, Mat Kearney",Goodbye,Chilled House Session 9 ,2018,Ministry Of Sound,11855213,3:22
Fleetwood Mac,Albatross,Chilled 60s,2018,Ministry Of Sound,12657768,3:06
The Mamas & The Papas,California Dreamin',Chilled 60s,2018,Ministry Of Sound,12657768,2:38
Matthews' Southern Comfort,Woodstock,Chilled 60s,2018,Ministry Of Sound,12657768,4:27
Love,Alone Again Or,Chilled 60s,2018,Ministry Of Sound,12657768,3:12
The Beach Boys,God Only Knows,Chilled 60s,2018,Ministry Of Sound,12657768,2:53
Simon & Garfunkel,The Sound Of Silence,Chilled 60s,2018,Ministry Of Sound,12657768,3:03
"The Velvet Underground, Nico (3)",Sunday Morning,Chilled 60s,2018,Ministry Of Sound,12657768,2:52
Bob Dylan,Subterranean Homesick Blues,Chilled 60s,2018,Ministry Of Sound,12657768,2:20
José Feliciano,Light My Fire,Chilled 60s,2018,Ministry Of Sound,12657768,3:33
Tim Rose,Hey Joe (You Shot Your Woman Down),Chilled 60s,2018,Ministry Of Sound,12657768,4:51
Melanie (2),Ruby Tuesday,Chilled 60s,2018,Ministry Of Sound,12657768,4:32
Nick Drake,Day Is Done,Chilled 60s,2018,Ministry Of Sound,12657768,2:27
The Animals,House Of The Rising Sun,Chilled 60s,2018,Ministry Of Sound,12657768,4:28
The Hollies,He Ain't Heavy He's My Brother,Chilled 60s,2018,Ministry Of Sound,12657768,4:15
Tim Hardin,How Can We Hang On To A Dream,Chilled 60s,2018,Ministry Of Sound,12657768,2:03
Tim Buckley,Song To The Siren,Chilled 60s,2018,Ministry Of Sound,12657768,3:23
Donovan,Sunshine Superman,Chilled 60s,2018,Ministry Of Sound,12657768,3:12
Fred Neil,The Dolphins,Chilled 60s,2018,Ministry Of Sound,12657768,4:01
Janis Joplin,Me And Bobby McGee,Chilled 60s,2018,Ministry Of Sound,12657768,4:30
Otis Redding,(Sittin' On) The Dock Of The Bay,Chilled 60s,2018,Ministry Of Sound,12657768,2:41
The Supremes,Stoned Love,Chilled 60s,2018,Ministry Of Sound,12657768,2:55
Cass Elliot,Dream A Little Dream Of Me,Chilled 60s,2018,Ministry Of Sound,12657768,3:16
Carole King,It Might As Well Rain Until September,Chilled 60s,2018,Ministry Of Sound,12657768,2:26
Harry Nilsson,Everybody's Talkin',Chilled 60s,2018,Ministry Of Sound,12657768,2:40
Glen Campbell,Wichita Lineman,Chilled 60s,2018,Ministry Of Sound,12657768,3:03
The Troggs,Love Is All Around,Chilled 60s,2018,Ministry Of Sound,12657768,2:54
The Mindbenders,A Groovy Kind Of Love,Chilled 60s,2018,Ministry Of Sound,12657768,1:58
Flower Pot Men,Let's Go To San Francisco,Chilled 60s,2018,Ministry Of Sound,12657768,3:32
Harpers Bizarre,59th Street Bridge Song (Feelin' Groovy),Chilled 60s,2018,Ministry Of Sound,12657768,2:34
Oliver (6),Good Morning Starshine,Chilled 60s,2018,Ministry Of Sound,12657768,3:37
The Fifth Dimension,Aquarius / Let The Sunshine In (The Flesh Failures),Chilled 60s,2018,Ministry Of Sound,12657768,3:51
Edwin Hawkins Singers,Oh Happy Day,Chilled 60s,2018,Ministry Of Sound,12657768,5:07
Honeybus,I Can't Let Maggie Go,Chilled 60s,2018,Ministry Of Sound,12657768,2:55
"Serge Gainsbourg, Jane Birkin",Je T'Aime Moi Non Plus,Chilled 60s,2018,Ministry Of Sound,12657768,4:26
Julie London,A Taste Of Honey,Chilled 60s,2018,Ministry Of Sound,12657768,3:22
The Moody Blues,Nights In White Satin,Chilled 60s,2018,Ministry Of Sound,12657768,4:25
The Kinks,Sunny Afternoon,Chilled 60s,2018,Ministry Of Sound,12657768,3:31
Procol Harum,A Whiter Shade Of Pale,Chilled 60s,2018,Ministry Of Sound,12657768,4:04
Fleetwood Mac,Man Of The World,Chilled 60s,2018,Ministry Of Sound,12657768,2:58
The Byrds,Turn! Turn! Turn!,Chilled 60s,2018,Ministry Of Sound,12657768,3:50
The Monkees,Pleasant Valley Sunday,Chilled 60s,2018,Ministry Of Sound,12657768,3:13
The Love Affair,Everlasting Love,Chilled 60s,2018,Ministry Of Sound,12657768,3:01
The Lovin' Spoonful,Do You Believe In Magic,Chilled 60s,2018,Ministry Of Sound,12657768,2:03
Buffalo Springfield,For What It's Worth,Chilled 60s,2018,Ministry Of Sound,12657768,2:35
Jefferson Airplane,White Rabbit,Chilled 60s,2018,Ministry Of Sound,12657768,2:32
The Lemon Pipers,Green Tambourine,Chilled 60s,2018,Ministry Of Sound,12657768,2:24
The Zombies,She's Not There,Chilled 60s,2018,Ministry Of Sound,12657768,2:24
Box Tops,The Letter,Chilled 60s,2018,Ministry Of Sound,12657768,1:53
Harry Nilsson,One,Chilled 60s,2018,Ministry Of Sound,12657768,2:51
Traffic,Hole In My Shoe,Chilled 60s,2018,Ministry Of Sound,12657768,3:02
Pentangle,Light Flight,Chilled 60s,2018,Ministry Of Sound,12657768,3:13
Bert Jansch,Angie,Chilled 60s,2018,Ministry Of Sound,12657768,3:08
Steppenwolf,Magic Carpet Ride,Chilled 60s,2018,Ministry Of Sound,12657768,4:23
Canned Heat,On The Road Again,Chilled 60s,2018,Ministry Of Sound,12657768,3:23
Santana,Soul Sacrifice,Chilled 60s,2018,Ministry Of Sound,12657768,3:14
Alicia Keys,Empire State Of Mind (Part II) Broken Down,Chilled R&B,2018,Ministry Of Sound,12744310,
Usher,Burn,Chilled R&B,2018,Ministry Of Sound,12744310,
Christina Aguilera,Hurt,Chilled R&B,2018,Ministry Of Sound,12744310,
H.E.R. (2),Focus,Chilled R&B,2018,Ministry Of Sound,12744310,
Michael Jackson,Liberian Girl,Chilled R&B,2018,Ministry Of Sound,12744310,
Ginuwine,In Those Jeans,Chilled R&B,2018,Ministry Of Sound,12744310,
Miguel (67),Sure Thing,Chilled R&B,2018,Ministry Of Sound,12744310,
Tyrese,Sweet Lady,Chilled R&B,2018,Ministry Of Sound,12744310,
Babyface,Everytime I Close My Eyes,Chilled R&B,2018,Ministry Of Sound,12744310,
Leftfield,Melt (Remastered),Throwback Chillout,2019,Ministry Of Sound,14444818,
Mr. Probz,Waves (Robin Schulz Edit),Throwback Chillout,2019,Ministry Of Sound,14444818,
Everything But The Girl,Missing (2013 Remaster),Throwback Chillout,2019,Ministry Of Sound,14444818,
Enigma,Sadeness Part I,Throwback Chillout,2019,Ministry Of Sound,14444818,
Blaze,Lovelee Dae,Throwback Chillout,2019,Ministry Of Sound,14444818,
Three Drives,Greece 2000 (Moonwatchers Remix) (Lounge Edit),Throwback Chillout,2019,Ministry Of Sound,14444818,
Rank 1,Airwave (Sunset Mix),Throwback Chillout,2019,Ministry Of Sound,14444818,
The Thrillseekers,Synaesthesia (Alaska Sunset Mix) (Lounge Edit),Throwback Chillout,2019,Ministry Of Sound,14444818,
Electribe 101,Talking With Myself '98 (Canny Edit),Throwback Chillout,2019,Ministry Of Sound,14444818,
Primal Scream,Higher Than The Sun (Higher Than The Orb Mix),Throwback Chillout,2019,Ministry Of Sound,14444818,
Texas,Inner Smile,Throwback Chillout,2019,Ministry Of Sound,14444818,
The Blow Monkeys,"La Passionara (12"" Version)",Throwback Chillout,2019,Ministry Of Sound,14444818,
St Germain,Dub Experience,The Chillout Session 2003 (Winter Collection),2002,Ministry Of Sound,240179,
Cicada,Golden Blue,The Chillout Session 2003 (Winter Collection),2002,Ministry Of Sound,240179,
Troublemakers,Chez Roger Boite Funk,The Chillout Session 2003 (Winter Collection),2002,Ministry Of Sound,240179,
Reno,Thinking About The Good Times,The Chillout Session 2003 (Winter Collection),2002,Ministry Of Sound,240179,
Koop,Waltz For Koop (Bacon & Quarmby Remix),The Chillout Session 2003 (Winter Collection),2002,Ministry Of Sound,240179,
Moloko,Sing It Back (Herbert's Tasteful Dub),The Chillout Session 2003 (Winter Collection),2002,Ministry Of Sound,240179,
Doctor Rockit,Cafe De Flore (Charles Webster's Latin Lovers Mix),The Chillout Session 2003 (Winter Collection),2002,Ministry Of Sound,240179,
Dolphin Boy,Don't Stop,The Chillout Session 2003 (Winter Collection),2002,Ministry Of Sound,240179,
Zero 7,Distractions (Madlib's YNQ Remix),The Chillout Session 2003 (Winter Collection),2002,Ministry Of Sound,240179,
Chungking,Sunday's Rule,The Chillout Session 2003 (Winter Collection),2002,Ministry Of Sound,240179,
Martin Grech,Open Heart Zoo,The Chillout Session 2003 (Winter Collection),2002,Ministry Of Sound,240179,
Cosmos,Take Me With You (Instrumental Radio Edit),The Chillout Session 2003 (Winter Collection),2002,Ministry Of Sound,240179,
Floppy Sounds,Late Night (Faux Real Vocal Mix),The Chillout Session 2003 (Winter Collection),2002,Ministry Of Sound,240179,
"Manijama, Mukupa, L'il T",No No No (Jask Thaisoul Mix),The Chillout Session 2003 (Winter Collection),2002,Ministry Of Sound,240179,
Cuba,Black Island (Groove Armada's Desert Island Disc),The Chillout Session 2003 (Winter Collection),2002,Ministry Of Sound,240179,
Krystal K,Let's Get It Right (Dirty Trikz Fake Remix),The Chillout Session 2003 (Winter Collection),2002,Ministry Of Sound,240179,
Kluster,I Feel Love (Eric Kupper Dubstrumental Mix),The Chillout Session 2003 (Winter Collection),2002,Ministry Of Sound,240179,
Jamyang,Oliver Said,The Chillout Session 2003 (Winter Collection),2002,Ministry Of Sound,240179,
"Greed (2), Lesley",Strange World (Van Bellen Mix),The Chillout Session 2003 (Winter Collection),2002,Ministry Of Sound,240179,
"Altered Ego, Deajay",Don't Rush Me (Las Vegas Chilled Mix),The Chillout Session 2003 (Winter Collection),2002,Ministry Of Sound,240179,
M (5),Feel Your Spirit Calling (Afterlife Lounge Remix),The Chillout Session 2003 (Winter Collection),2002,Ministry Of Sound,240179,
D*Note,Upstream,The Chillout Session 2003 (Winter Collection),2002,Ministry Of Sound,240179,
Moby,Another Woman,The Chillout Session Summer Collection 2003,2003,Ministry Of Sound,1033458,3:43
The Gentle People,Journey (Aphex Twin Care Mix),The Chillout Session Summer Collection 2003,2003,Ministry Of Sound,1033458,6:02
"Paul Weller, Portishead",Wild Wood (Sheared Wood Remix),The Chillout Session Summer Collection 2003,2003,Ministry Of Sound,1033458,3:13
Sidewinder,Stanways Revenge,The Chillout Session Summer Collection 2003,2003,Ministry Of Sound,1033458,3:42
Troublemakers,Fatigue Universelle,The Chillout Session Summer Collection 2003,2003,Ministry Of Sound,1033458,4:48
"Tim ""Love"" Lee",Mamba A Go Go,The Chillout Session Summer Collection 2003,2003,Ministry Of Sound,1033458,3:40
"Fatboy Slim, Macy Gray",Love Life,The Chillout Session Summer Collection 2003,2003,Ministry Of Sound,1033458,3:34
"Hi-Gate, Boy George",Out Of Fashion,The Chillout Session Summer Collection 2003,2003,Ministry Of Sound,1033458,3:57
Cicada,Can't Be Doing With Love,The Chillout Session Summer Collection 2003,2003,Ministry Of Sound,1033458,3:22
Eliot (5),All I Am Made Of,The Chillout Session Summer Collection 2003,2003,Ministry Of Sound,1033458,2:53
Champagne Moment,Marylin's Reprise,The Chillout Session Summer Collection 2003,2003,Ministry Of Sound,1033458,1:49
DJ Shadow,Fixed Income,The Chillout Session Summer Collection 2003,2003,Ministry Of Sound,1033458,4:39
Mankato,Wasted (Bombay Monkey Mix),The Chillout Session Summer Collection 2003,2003,Ministry Of Sound,1033458,4:06
DJ Sammy,The Boys Of Summer (Soulside Remix),The Chillout Session Summer Collection 2003,2003,Ministry Of Sound,1033458,3:33
Mr. Natural,Country Lane,The Chillout Session Summer Collection 2003,2003,Ministry Of Sound,1033458,4:06
Reno,She Was Flying,The Chillout Session Summer Collection 2003,2003,Ministry Of Sound,1033458,3:21
Physics,Leaving Monte Carlo,The Chillout Session Summer Collection 2003,2003,Ministry Of Sound,1033458,3:13
An Der Beat,Knuf!,The Chillout Session Summer Collection 2003,2003,Ministry Of Sound,1033458,3:25
Layo & Bushwacka!,Love Story Vs. Finally (Tim Deluxe Remix),The Chillout Session Summer Collection 2003,2003,Ministry Of Sound,1033458,3:39
Röyksopp,Eple (Shakedown Remix),The Chillout Session Summer Collection 2003,2003,Ministry Of Sound,1033458,3:19
Mr. Scruff,Sweetsmoke (Ashley Beedle's Street Boogie Mix),The Chillout Session Summer Collection 2003,2003,Ministry Of Sound,1033458,2:48
Zoot Woman,It's Automatic (Cosmos Vs. Zoot Woman Club Mix),The Chillout Session Summer Collection 2003,2003,Ministry Of Sound,1033458,3:34
Themroc,Gold Is Your Metal (Paper Faces Remix),The Chillout Session Summer Collection 2003,2003,Ministry Of Sound,1033458,3:18
"François Kevorkian, Barbara Mendes",Awakening (Needs Remix),The Chillout Session Summer Collection 2003,2003,Ministry Of Sound,1033458,4:14
Haunted,Sun & Air,The Chillout Session Summer Collection 2003,2003,Ministry Of Sound,1033458,3:59
The Nudge,Window Pain,The Chillout Session Summer Collection 2003,2003,Ministry Of Sound,1033458,4:49
Chungking,Sunday Rules,The Chillout Session Summer Collection 2003,2003,Ministry Of Sound,1033458,4:01
Primal Scream,Higher Than The Sun (A Dub Symphony In Two Parts),The Chillout Session: Ibiza Sunsets,2003,Ministry Of Sound,378109,7:08
Transglobal Underground,Templehead (Youth Isis Mix),The Chillout Session: Ibiza Sunsets,2003,Ministry Of Sound,378109,3:46
Moodswings,Spiritual High (State Of Independence),The Chillout Session: Ibiza Sunsets,2003,Ministry Of Sound,378109,4:28
Aphex Twin,We Are The Music Makers,The Chillout Session: Ibiza Sunsets,2003,Ministry Of Sound,378109,4:00
Sheer Taft,Cascades,The Chillout Session: Ibiza Sunsets,2003,Ministry Of Sound,378109,3:44
The Blow Monkeys,La Passionara,The Chillout Session: Ibiza Sunsets,2003,Ministry Of Sound,378109,4:35
A Guy Called Gerald,Emotions Electric,The Chillout Session: Ibiza Sunsets,2003,Ministry Of Sound,378109,4:00
Leftfield,Release The Pressure (Ambient Mix),The Chillout Session: Ibiza Sunsets,2003,Ministry Of Sound,378109,2:45
Polygon Window,If It Really Is Me,The Chillout Session: Ibiza Sunsets,2003,Ministry Of Sound,378109,2:47
"Farley ""Jackmaster"" Funk, Ricky Dillard",As Always (Lovin House Mix),The Chillout Session: Ibiza Sunsets,2003,Ministry Of Sound,378109,4:58
Mr. Fingers,Can You Feel It?,The Chillout Session: Ibiza Sunsets,2003,Ministry Of Sound,378109,4:43
Corporation Of One,The Real Life,The Chillout Session: Ibiza Sunsets,2003,Ministry Of Sound,378109,3:48
Banda Sonora,Guitarra G (Original Chillout Mix),The Chillout Session: Ibiza Sunsets,2003,Ministry Of Sound,378109,5:40
Rhythim Is Rhythim,Kao-Tic Harmony,The Chillout Session: Ibiza Sunsets,2003,Ministry Of Sound,378109,3:05
The Shamen,Possible Worlds (Imaginary),The Chillout Session: Ibiza Sunsets,2003,Ministry Of Sound,378109,2:39
Aqualung,Strange And Beautiful,The Very Best Of The Chillout Session,2003,Ministry Of Sound,738359,
"Alex Gold, Phil Johnston",Flying,The Very Best Of The Chillout Session,2003,Ministry Of Sound,738359,
"Mr. Natural, Chantal Matar",Do You Feel What I'm Thinking?,The Very Best Of The Chillout Session,2003,Ministry Of Sound,738359,
"Paul Jackson, Steve Smith (2)",The Push (Far From Here) (The Electric Bath Treatment),The Very Best Of The Chillout Session,2003,Ministry Of Sound,738359,
The Belles,(Who Will Be) Here To Hear?,The Very Best Of The Chillout Session,2003,Ministry Of Sound,738359,
"Milk & Sugar, Lizzy Pattinson",Let The Sun Shine,The Very Best Of The Chillout Session,2003,Ministry Of Sound,738359,
Wayne Wonder,No Letting Go (Smooth Summer Mix),The Very Best Of The Chillout Session,2003,Ministry Of Sound,738359,
Poloroid,So Damn Beautiful (Chris Coco Mix),The Very Best Of The Chillout Session,2003,Ministry Of Sound,738359,
Agnelli & Nelson,Everyday (Chillout Mix),The Very Best Of The Chillout Session,2003,Ministry Of Sound,738359,
BT,Shame (Bent Instrumental Remix),The Chillout Session: Ibiza Sunsets,2003,Ministry Of Sound,3782561,
Amber,Sexual (Afterlife Remix),The Chillout Session: Ibiza Sunsets,2003,Ministry Of Sound,3782561,
Lost Witness,Did I Dream (Song To The Siren) (Bomb Factory Bollywood Remix),The Chillout Session: Ibiza Sunsets,2003,Ministry Of Sound,3782561,
Schiller,Das Glockenspiel (Schill Out Remix),The Chillout Session: Ibiza Sunsets,2003,Ministry Of Sound,3782561,
Lil' Devious,Come Home (Carpet Tunnel Vision Remix),The Chillout Session: Ibiza Sunsets,2003,Ministry Of Sound,3782561,
The Thrillseekers,Dreaming Of You (Tranquilo's Ambient Remix),The Chillout Session: Ibiza Sunsets,2003,Ministry Of Sound,3782561,
Static Revenger,Happy People (Christian J Rhodes Island Remix),The Chillout Session: Ibiza Sunsets,2003,Ministry Of Sound,3782561,
Deepest Blue,Deepest Blue (Jon Hopkins Remix),The Chillout Session: Ibiza Sunsets,2003,Ministry Of Sound,3782561,
"Full Intention, Shena",I'll Be Waiting (The Lux Sunset Edit),The Chillout Session: Ibiza Sunsets,2003,Ministry Of Sound,3782561,
"DJ Sammy, Yanou, Do",Heaven (Yanou's Candlelight Remix),The Chillout Session: Ibiza Sunsets,2003,Ministry Of Sound,3782561,
Sebastian Ingrosso,Kidsos (Edit),The Chilled House Session,2009,Ministry Of Sound,3400277,5:08
Shapeshifters,Chime (Martijn Ten Velden Remix Digital Edit),The Chilled House Session,2009,Ministry Of Sound,3400277,3:08
Analog People In A Digital World,Rose Rouge (Vocal Edit),The Chilled House Session,2009,Ministry Of Sound,3400277,8:34
Jakatta,American Dream (Ski Oankenfull Dream On Remix),The Chilled House Session,2009,Ministry Of Sound,3400277,9:02
Dubtribe Sound System,Do It Now (Extended Version Edit),The Chilled House Session,2009,Ministry Of Sound,3400277,4:04
Kings Of Tomorrow,Finally (Radio Edit),The Chilled House Session,2009,Ministry Of Sound,3400277,3:10
Sandy Rivera,Changes (Ben Watt 'Lazy Dog' Mix Edit),The Chilled House Session,2009,Ministry Of Sound,3400277,3:42
Various,The Chilled House Session Mix 1,The Chilled House Session,2009,Ministry Of Sound,3400277,79:14
Various,The Chilled House Session Mix 2,The Chilled House Session,2009,Ministry Of Sound,3400277,78:31
Various,The Chilled House Session Mix 3,The Chilled House Session,2009,Ministry Of Sound,3400277,78:47
Massive Attack,Teardrop,The Chillout Session,2002,Ministry Of Sound,463359,5:14
AIR,Modular Mix,The Chillout Session,2002,Ministry Of Sound,463359,5:43
Boozoo Bajou,Down & Out,The Chillout Session,2002,Ministry Of Sound,463359,5:50
Static Revenger,Happy People (Chill Mix),The Chillout Session,2002,Ministry Of Sound,463359,4:30
Underworld,8 Ball,The Chillout Session,2002,Ministry Of Sound,463359,8:24
Skull Valley,Secret,The Chillout Session,2002,Ministry Of Sound,463359,2:44
Boards Of Canada,Roygbiv,The Chillout Session,2002,Ministry Of Sound,463359,2:01
Hefner,Level Green,The Chillout Session,2002,Ministry Of Sound,463359,4:51
Tranquility Bass,Cantamilla,The Chillout Session,2002,Ministry Of Sound,463359,6:06
Sigur Rós,Staralfur,The Chillout Session,2002,Ministry Of Sound,463359,5:19
MJ Cole,I See,The Chillout Session,2002,Ministry Of Sound,463359,4:22
The Future Sound Of London,Papua New Guinea (Oil Funk Dub Mix),The Chillout Session,2002,Ministry Of Sound,463359,3:37
Barbara Morgenstern,Dr. Mr.,The Chillout Session,2002,Ministry Of Sound,463359,2:22
dZihan & Kamien,Smile,The Chillout Session,2002,Ministry Of Sound,463359,3:23
Lambchop,Up With People (Zero 7 Mix),The Chillout Session,2002,Ministry Of Sound,463359,4:39
Holly Throsby,Now I Love Someone,Ministry Of Sound: Chilled 1991-2010,2009,Ministry Of Sound,4280318,
Madredeus,Haja O Que Houver,Ministry Of Sound: Chilled 1991-2010,2009,Ministry Of Sound,4280318,
Moby,Whispering Winds,Ministry Of Sound: Chilled 1991-2010,2009,Ministry Of Sound,4280318,
Mandalay,Beautiful,Ministry Of Sound: Chilled 1991-2010,2009,Ministry Of Sound,4280318,
Kalliope,Lunar Landings,Ministry Of Sound: Chilled 1991-2010,2009,Ministry Of Sound,4280318,
Bassboosa,Wicked Game,Ministry Of Sound: Chilled 1991-2010,2009,Ministry Of Sound,4280318,
Afterlife,Breather 2000 (Airthunda Mix),Ministry Of Sound: Chilled 1991-2010,2009,Ministry Of Sound,4280318,
Riccardo Eberspacher,Freedom,Ministry Of Sound: Chilled 1991-2010,2009,Ministry Of Sound,4280318,
Stryke,Ain't No Sunshine,Ministry Of Sound: Chilled 1991-2010,2009,Ministry Of Sound,4280318,
Deep In,In A Summer Time,Ministry Of Sound: Chilled 1991-2010,2009,Ministry Of Sound,4280318,
Per7ume,Perfume,Ministry Of Sound: Chilled 1991-2010,2009,Ministry Of Sound,4280318,
Eric Prydz,(Dana Bergquist & Peder G Remix),Ministry Of Sound: Chilled 1991-2010,2009,Ministry Of Sound,4280318,
Touch And Go,Straight To Number One (Dreamcatcher's Mix),Ministry Of Sound: Chilled 1991-2010,2009,Ministry Of Sound,4280318,
Laidback Luke,Beautiful Day,Ministry Of Sound: Chilled 1991-2010,2009,Ministry Of Sound,4280318,
Djuma Soundsystem,Les Djinns (Trentemøller Mix),Ministry Of Sound: Chilled 1991-2010,2009,Ministry Of Sound,4280318,
"Kings Of Tomorrow, Julie McKnight",Finally (Dance Ritual Mix),Ministry Of Sound: Chilled 1991-2010,2009,Ministry Of Sound,4280318,
Bent,Magic Love (Ashley Beedle's Black Magic Vocal Mix ),Ministry Of Sound: Chilled 1991-2010,2009,Ministry Of Sound,4280318,
DJ Pippi,Fatal Fatal,Ministry Of Sound: Chilled 1991-2010,2009,Ministry Of Sound,4280318,
"Pedro Cazanova, Andrea (35)",Selfish Love (P. Carrilho & Nanau Remix),Ministry Of Sound: Chilled 1991-2010,2009,Ministry Of Sound,4280318,
Jack Garratt,Worry (Radio Edit),Chillout Sessions XIX,2016,Ministry Of Sound,9423851,3:37
Michael Kiwanuka,Love & Hate (Alternative Radio Mix),Chillout Sessions XIX,2016,Ministry Of Sound,9423851,3:29
Holly Låpsley Fletcher,Cliff,Chillout Sessions XIX,2016,Ministry Of Sound,9423851,4:25
"Polographia, Kaytranada",Sly,Chillout Sessions XIX,2016,Ministry Of Sound,9423851,3:28
Aurora (16),I Went Too Far (MK Remix Radio Version),Chillout Sessions XIX,2016,Ministry Of Sound,9423851,3:59
Unknown Artist,Chilled House Session 8 (Continuous Mix 1),Chilled House Session 8,2017,Ministry Of Sound,13281824,
Unknown Artist,Chilled House Session 8 (Continuous Mix 2),Chilled House Session 8,2017,Ministry Of Sound,13281824,
Various,Missy Higgins - Nightminds (Dave Higgins Mix),The Chillout Session 6,2004,Ministry Of Sound,35463538,
Various,Zero 7 - Somersault,The Chillout Session 6,2004,Ministry Of Sound,35463538,
Various,Shapeshifters - Lola's Theme (Lola's Lounging Mix),The Chillout Session 6,2004,Ministry Of Sound,35463538,
Various,Bent - Sunday 29th,The Chillout Session 6,2004,Ministry Of Sound,35463538,
Various,Ben Harper & The Blind Boys Of Alabama - There Will Be A Light,The Chillout Session 6,2004,Ministry Of Sound,35463538,
Various,Mark Farina - Dream Machine,The Chillout Session 6,2004,Ministry Of Sound,35463538,
Various,411 - On My Knees,The Chillout Session 6,2004,Ministry Of Sound,35463538,
Various,Kaskade - Steppin' Out (Late Night Alumni Slow Dance Mix),The Chillout Session 6,2004,Ministry Of Sound,35463538,
Various,Taurine - Dreams Of Hope,The Chillout Session 6,2004,Ministry Of Sound,35463538,
Various,Dynamoe - In Your Own Time,The Chillout Session 6,2004,Ministry Of Sound,35463538,
Various,Hi-Fi Mike - I'll Carry You,The Chillout Session 6,2004,Ministry Of Sound,35463538,
Various,Sia - Don't Bring Me Down,The Chillout Session 6,2004,Ministry Of Sound,35463538,
Various,Dissociatives - Forever & A Day,The Chillout Session 6,2004,Ministry Of Sound,35463538,
Various,Jet - Look What You've Done,The Chillout Session 6,2004,Ministry Of Sound,35463538,
Various,Gomez - Sweet Virginia,The Chillout Session 6,2004,Ministry Of Sound,35463538,
Various,Coldplay - Don't Panic,The Chillout Session 6,2004,Ministry Of Sound,35463538,
Various,Dave Seaman Pres.Group Therapy Feat. Nat Leonard - My Own Worst Enemy (spector Mix),The Chillout Session 6,2004,Ministry Of Sound,35463538,
Various,Mylo - Need You Tonight,The Chillout Session 6,2004,Ministry Of Sound,35463538,
Various,Cut Copy - Saturdays,The Chillout Session 6,2004,Ministry Of Sound,35463538,
Various,Max Sedgley - Happy,The Chillout Session 6,2004,Ministry Of Sound,35463538,
Various,Hardsoul Ft Ron Carroll - Back Together (Copyright Reprise Mix),The Chillout Session 6,2004,Ministry Of Sound,35463538,
Various,Soldiers Of Twilight - Believe (Martin Solveig Vocal Dub),The Chillout Session 6,2004,Ministry Of Sound,35463538,
Various,Cajmere Feat. Walter Phillips Midnight (Mg's Funk'd Vocal Mix),The Chillout Session 6,2004,Ministry Of Sound,35463538,
Various,Martin Solveig - I'm A Good Man,The Chillout Session 6,2004,Ministry Of Sound,35463538,
Various,Fred Everything Feat. Karl The Voice - For Your Pleasure,The Chillout Session 6,2004,Ministry Of Sound,35463538,
Various,Low - Tonight (Ben Watt Night Flight Remix),The Chillout Session 6,2004,Ministry Of Sound,35463538,
Various,Ben Watt - Lone Cat (Holding On),The Chillout Session 6,2004,Ministry Of Sound,35463538,
Various,Sandy Rivera - Dreams (Rasmus Faber Remix),The Chillout Session 6,2004,Ministry Of Sound,35463538,
Various,DJ Gregory - The Joburg Theme,The Chillout Session 6,2004,Ministry Of Sound,35463538,
Various,Justin Martin - The Sad Piano (Charles Webster Remix),The Chillout Session 6,2004,Ministry Of Sound,35463538,
Various,Toby Neal - Feelin' Alright,The Chillout Session 6,2004,Ministry Of Sound,35463538,
Various,Shakedown - Love Game (Original Shakedown Mix),The Chillout Session 6,2004,Ministry Of Sound,35463538,
Various,Mr. Scruff - Get A Move On,The Chillout Session 6,2004,Ministry Of Sound,35463538,
Various,Sweet Coffee - Don't Need You (Den Hetrix & Cash'mir House Mix),The Chillout Session 6,2004,Ministry Of Sound,35463538,
Various,Jisonic Feat. Jon Fitz & Abigail Bailey - Release The Pressure (Instrumental),The Chillout Session 6,2004,Ministry Of Sound,35463538,
Various,Dino - Call Me (In A Club Mix),The Chillout Session 6,2004,Ministry Of Sound,35463538,
Various,Phoenix - If I Ever Feel Better,The Chillout Session 6,2004,Ministry Of Sound,35463538,
Various,Telepopmusik - Breathe,The Chillout Session 6,2004,Ministry Of Sound,35463538,
Various,Soul Central - Strings Of Life (The Funky Lowlives Remix),The Chillout Session 6,2004,Ministry Of Sound,35463538,
Dido,Here With Me (Chillin' With The Family Remix),Ultra. Chilled 01,2001,Ministry Of Sound Recordings,21727,5:11
Gorillaz,New Genious,Ultra. Chilled 01,2001,Ministry Of Sound Recordings,21727,3:55
Morcheeba,Blindfold,Ultra. Chilled 01,2001,Ministry Of Sound Recordings,21727,4:35
Massive Attack,Hymn Of The Big Wheel,Ultra. Chilled 01,2001,Ministry Of Sound Recordings,21727,6:22
Nightmares On Wax,Nights Interlude,Ultra. Chilled 01,2001,Ministry Of Sound Recordings,21727,3:23
Moby,Go (Jam & Spoon Dub Mix),Ultra. Chilled 01,2001,Ministry Of Sound Recordings,21727,5:16
Örtz,We Don't Talk (Original),Ultra. Chilled 01,2001,Ministry Of Sound Recordings,21727,5:16
Dusted,Childhood,Ultra. Chilled 01,2001,Ministry Of Sound Recordings,21727,4:41
Deep Dish,My Only Sin,Ultra. Chilled 01,2001,Ministry Of Sound Recordings,21727,4:05
The Future Sound Of London,Papua New Guinea (Dub Mix),Ultra. Chilled 01,2001,Ministry Of Sound Recordings,21727,1:32
Witchman,Leave No Trace (Dub),Ultra. Chilled 01,2001,Ministry Of Sound Recordings,21727,5:01
Neon Heights,16 Again,Ultra. Chilled 01,2001,Ministry Of Sound Recordings,21727,7:13
"Sounds From The Ground, Colein",Lean On Me,Ultra. Chilled 01,2001,Ministry Of Sound Recordings,21727,6:42
Taucher,No Need To Ask Baby,Ultra. Chilled 01,2001,Ministry Of Sound Recordings,21727,7:41
Banda Sonora,Guitarra G (Afterlife Mix),Ultra. Chilled 01,2001,Ministry Of Sound Recordings,21727,5:50
