artist,track,release_title,release_year,label,release_id,duration
A Guy Called Gerald,Voodoo Ray (Remix),Classics,1997,Ministry Of Sound,6415,4:08
The 28th Street Crew,'O' (Original Mix),Classics,1997,Ministry Of Sound,6415,3:20
Sterling Void,It's Alright (House Mix),Classics,1997,Ministry Of Sound,6415,5:57
Mr. Lee,Get Busy (Lidell Townsell Mix),Classics,1997,Ministry Of Sound,6415,2:21
Clivillés & Cole,A Deeper Love (A Deeper Feeling Mix),Classics,1997,Ministry Of Sound,6415,7:08
Gat Decor,Passion (Original Mix),Classics,1997,Ministry Of Sound,6415,3:56
Nightcrawlers,Push The Feeling On (The Dub Of Doom),Classics,1997,Ministry Of Sound,6415,4:27
Marc Kinchen,Burning (MK 95 Mix),Classics,1997,Ministry Of Sound,6415,4:44
The Shamen,Progen (The Land Of Oz Mix),Classics,1997,Ministry Of Sound,6415,4:52
The Stone Roses,Fool's Gold,Classics,1997,Ministry Of Sound,6415,9:36
Jesus Loves You,After The Love (10 Glorious Years Mix),Classics,1997,Ministry Of Sound,6415,3:06
Renegade Soundwave,The Phantom,Classics,1997,Ministry Of Sound,6415,3:55
G.O.D.,Inside Your Mind,Classics,1997,Ministry Of Sound,6415,3:29
Nuyorican Soul,The Nervous Track (Ballsy Mix),Classics,1997,Ministry Of Sound,6415,2:53
Paperclip People,Throw,Classics,1997,Ministry Of Sound,6415,2:04
Joey Beltram,Energy Flash,Classics,1997,Ministry Of Sound,6415,3:05
Armand Van Helden,Witch Doktor (Original Mix),Classics,1997,Ministry Of Sound,6415,3:41
Marc Kinchen,Always (Helicopter Dub Mix),Classics,1997,Ministry Of Sound,6415,3:49
4th Measure Men,4 You (Jules And Skins Mix),Classics,1997,Ministry Of Sound,6415,4:16
DJ Duke,Blow Your Whistle,Classics,1997,Ministry Of Sound,6415,2:30
Ce Ce Peniston,"Finally (Choice 12"" Mix)",Classics,1997,Ministry Of Sound,6415,4:53
South Street Player,(Who?) Keeps Changing Your Mind (Club Mix),Classics,1997,Ministry Of Sound,6415,4:50
Voices,Voices In My Mind (Original Mix),Classics,1997,Ministry Of Sound,6415,4:29
The MD X-Spress,God Made Me Phunky,Classics,1997,Ministry Of Sound,6415,6:08
Adamski,Killer,Back To The Old Skool,0,Ministry Of Sound,11121307,4:12
Snap!,The Power,Back To The Old Skool,0,Ministry Of Sound,11121307,3:46
C + C Music Factory,Gonna Make You Sweat (Everybody Dance Now),Back To The Old Skool,0,Ministry Of Sound,11121307,4:04
The Prodigy,Charly (Original Mix),Back To The Old Skool,0,Ministry Of Sound,11121307,3:39
Praga Khan,Injected With A Poison,Back To The Old Skool,0,Ministry Of Sound,11121307,3:48
S'Express,Theme To The S Express,Back To The Old Skool,0,Ministry Of Sound,11121307,3:38
Rhythm On The Loose,Break Of Dawn (Original Mix),Back To The Old Skool,0,Ministry Of Sound,11121307,5:14
Adventures Of Stevie V.,Dirty Cash (Radio Edit),Back To The Old Skool,0,Ministry Of Sound,11121307,3:10
Lisa Lisa & Cult Jam,Let The Beat Hit Em,Back To The Old Skool,0,Ministry Of Sound,11121307,4:37
Black Box,Ride On Time,Back To The Old Skool,0,Ministry Of Sound,11121307,4:29
Eric B. & Rakim,Paid In Full (Coldcut Remix),Back To The Old Skool,0,Ministry Of Sound,11121307,7:07
Stereo MC's,Connected,Back To The Old Skool,0,Ministry Of Sound,11121307,3:43
"Jam & Spoon, Yello",You Gotta Say Yes To Another Excess (Great Mission),Real Rave Classics,2006,Ministry Of Sound,667984,3:58
Dune (3),Hardcore Vibes (Club Mix),Real Rave Classics,2006,Ministry Of Sound,667984,4:23
Mega 'Lo Mania,Close Your Eyes (Clubmix),Real Rave Classics,2006,Ministry Of Sound,667984,5:14
Cherry Moon Trax,The House Of House (Original Mix),Real Rave Classics,2006,Ministry Of Sound,667984,3:04
RMB,Spring (1996 Vocal Mix),Real Rave Classics,2006,Ministry Of Sound,667984,6:15
Loving Loop,Listen To That Fat Bass (Radio Mix),Real Rave Classics,2006,Ministry Of Sound,667984,3:55
Commander Tom,Are Am Eye?,Real Rave Classics,2006,Ministry Of Sound,667984,3:26
Code-28,Feel My Desire (Cocooma Radio Remix),Real Rave Classics,2006,Ministry Of Sound,667984,4:23
"Gary D., Dr. Z",Living On Video,Real Rave Classics,2006,Ministry Of Sound,667984,6:09
Hitch Hiker & Jacques Dumondt,A New Dimension,Real Rave Classics,2006,Ministry Of Sound,667984,3:30
Jens,Loops & Tings (Fruit Loops Remix),Real Rave Classics,2006,Ministry Of Sound,667984,3:49
Sunbeam,Outside World,Real Rave Classics,2006,Ministry Of Sound,667984,5:43
DJ Mellow-D,Symphony Of Brotherhood,Real Rave Classics,2006,Ministry Of Sound,667984,3:43
Cocooma,Virtual Experience,Real Rave Classics,2006,Ministry Of Sound,667984,3:48
Nexxus,Initial,Real Rave Classics,2006,Ministry Of Sound,667984,5:17
Axis,So In Love,Real Rave Classics,2006,Ministry Of Sound,667984,3:21
Yves Deruyter,Calling Earth (Original),Real Rave Classics,2006,Ministry Of Sound,667984,3:21
Spiller,Groovejet (If This Ain't Love) (Radio Edit),Real House Classics,2006,Ministry Of Sound,1504073,3:44
Nightcrawlers,Push The Feeling On (Radio Mix),Real House Classics,2006,Ministry Of Sound,1504073,4:23
"Steve Mac, Mosquito (3), Steve Smith (2)",Lovin' You More (That Big Track) (Radio Edit),Real House Classics,2006,Ministry Of Sound,1504073,5:06
"Jakatta, Seal","My Vision (7"" Version)",Real House Classics,2006,Ministry Of Sound,1504073,3:45
Byron Stingily,Get Up (Everybody) (Mousse T. Remix),Real House Classics,2006,Ministry Of Sound,1504073,3:42
Tori Amos,Professional Widow (Armand Van Helden's Star Trunk Mix),Real House Classics,2006,Ministry Of Sound,1504073,8:07
Incognito,Always There,Real House Classics,2006,Ministry Of Sound,1504073,5:04
"Masters At Work, India",To Be In Love (Full Intention Radio Mix),Real House Classics,2006,Ministry Of Sound,1504073,3:28
Kim English,Nite Life (Bump Radio Edit),Real House Classics,2006,Ministry Of Sound,1504073,3:55
"Tom Jones, Mousse T.",Sexbomb (Peppermint Disco Radio Edit),Real House Classics,2006,Ministry Of Sound,1504073,3:55
DJ Sneak,You Can't Hide From Your Bud,Real House Classics,2006,Ministry Of Sound,1504073,4:59
Crystal Waters,Gypsy Woman (She's Homeless) (Radio Mix),Real House Classics,2006,Ministry Of Sound,1504073,3:46
Armand Van Helden,The Funk Phenomena (Radio Edit),Real House Classics,2006,Ministry Of Sound,1504073,3:49
iiO,Rapture (Radio Edit),Real House Classics,2006,Ministry Of Sound,1504073,3:12
"Octave One, Ann Saunderson",Black Water (Radio Version),Real House Classics,2006,Ministry Of Sound,1504073,3:38
Eddie Amador,Rise (Radio F Edit),Real House Classics,2006,Ministry Of Sound,1504073,
M|A|R|R|S,Pump Up The Volume,Back To The Old Skool,2002,Ministry Of Sound,239279,4:02
The Shamen,Move Any Mountain,Back To The Old Skool,2002,Ministry Of Sound,239279,3:20
"The Source, Candi Staton",You Got The Love (Eren's Bootleg Mix),Back To The Old Skool,2002,Ministry Of Sound,239279,3:37
Felix,Don't You Want Me,Back To The Old Skool,2002,Ministry Of Sound,239279,3:04
Bomb The Bass,Beat Dis,Back To The Old Skool,2002,Ministry Of Sound,239279,3:18
808 State,Pacific State,Back To The Old Skool,2002,Ministry Of Sound,239279,3:46
Rhythim Is Rhythim,Strings Of Life,Back To The Old Skool,2002,Ministry Of Sound,239279,4:08
Shades Of Rhythm,Sweet Sensation,Back To The Old Skool,2002,Ministry Of Sound,239279,3:11
Ten City,That's The Way Love Is,Back To The Old Skool,2002,Ministry Of Sound,239279,4:06
S'Express,Theme From S-Express,Back To The Old Skool,2002,Ministry Of Sound,239279,3:35
Lil' Louis & The World,French Kiss,Back To The Old Skool,2002,Ministry Of Sound,239279,4:08
Nightcrawlers,Push The Feeling On (Marc Kinchen Remix),Back To The Old Skool,2002,Ministry Of Sound,239279,3:32
Inner City,Good Life,Back To The Old Skool,2002,Ministry Of Sound,239279,3:57
Technotronic,Pump Up The Jam,Back To The Old Skool,2002,Ministry Of Sound,239279,3:31
Urban Cookie Collective,"The Key, The Secret",Back To The Old Skool,2002,Ministry Of Sound,239279,3:34
Bizarre Inc,Playing With Knives,Back To The Old Skool,2002,Ministry Of Sound,239279,3:14
Strike,U Sure Do,Back To The Old Skool,2002,Ministry Of Sound,239279,3:46
Jaydee,Plastic Dreams,Back To The Old Skool,2002,Ministry Of Sound,239279,4:53
Liquid,Sweet Harmony,Back To The Old Skool,2002,Ministry Of Sound,239279,3:31
Rhythm On The Loose,Break Of The Dawn (Original Mix),Back To The Old Skool,2002,Ministry Of Sound,239279,5:09
Tyree Cooper,Turn Up The Bass (Supa Dupa Mix),Back To The Old Skool,2002,Ministry Of Sound,239279,5:00
"Pete Tong, Eats Everything, Vula",Hideaway (Pete's Everything Club Rub),Ibiza Classics The B-Sides,2026,Ministry Of Sound,37112619,3:58
"Pete Tong, Kölsch",Ghosts (Extended),Ibiza Classics The B-Sides,2026,Ministry Of Sound,37112619,7:36
"Tale Of Us, Pete Tong",Time (Edit),Ibiza Classics The B-Sides,2026,Ministry Of Sound,37112619,3:54
"Pete Tong, Franky Wah",Out Of The Blue (Edit),Ibiza Classics The B-Sides,2026,Ministry Of Sound,37112619,3:19
"Pete Tong, Riton, Vula",Love Can't Turn Around (Extended),Ibiza Classics The B-Sides,2026,Ministry Of Sound,37112619,3:44
"Pete Tong, Riton, Vula",Love Can't Turn Around (Dub),Ibiza Classics The B-Sides,2026,Ministry Of Sound,37112619,3:12
"Pete Tong, Kölsch",When We Move (Extended),Ibiza Classics The B-Sides,2026,Ministry Of Sound,37112619,5:11
"Pete Tong, Kölsch",When We Move (Dub),Ibiza Classics The B-Sides,2026,Ministry Of Sound,37112619,6:34
The Original,I Luv U Baby 95' Remix,Club Classics Back To The Old Skool,2004,Ministry Of Sound,28134727,
Nightcrawlers,Push The Feeling On 95,Club Classics Back To The Old Skool,2004,Ministry Of Sound,28134727,
Livin' Joy,Dreamer,Club Classics Back To The Old Skool,2004,Ministry Of Sound,28134727,
De'Lacy,Hideaway,Club Classics Back To The Old Skool,2004,Ministry Of Sound,28134727,
Clivillés & Cole,Pride (A Deeper Love),Club Classics Back To The Old Skool,2004,Ministry Of Sound,28134727,
Jamiroquai,Virtual Insanity,Club Classics Back To The Old Skool,2004,Ministry Of Sound,28134727,
William Orbit,Barber's Adagio For Strings (Ferry Corsten Remix Radio Edit),Club Classics Back To The Old Skool,2004,Ministry Of Sound,28134727,
"Bob Marley, Funkstar De Luxe",The Sun Is Shining,Club Classics Back To The Old Skool,2004,Ministry Of Sound,28134727,
Modjo,Lady,Club Classics Back To The Old Skool,2004,Ministry Of Sound,28134727,
Mory Kanté,Yeke Yeke,Club Classics Back To The Old Skool,2004,Ministry Of Sound,28134727,
Heller & Farley Project,Ultra Flava,Club Classics Back To The Old Skool,2004,Ministry Of Sound,28134727,
Stereo MC's,Step It Up,Club Classics Back To The Old Skool,2004,Ministry Of Sound,28134727,
EMF,Unbelievable,Club Classics Back To The Old Skool,2004,Ministry Of Sound,28134727,
"Adamski, Seal",Killer,Club Classics Back To The Old Skool,2004,Ministry Of Sound,28134727,
Underground Sound Of Lisbon,So Get Up,Club Classics Back To The Old Skool,2004,Ministry Of Sound,28134727,
2 Unlimited,Let The Beat Control Your Body,Club Classics Back To The Old Skool,2004,Ministry Of Sound,28134727,
Was (Not Was),Shake your Head,Club Classics Back To The Old Skool,2004,Ministry Of Sound,28134727,
2 Bad Mice,Bombscare,Old Skool Ravers,2017,Ministry Of Sound,11459823,
Bizarre Inc,Playing With Knives (Quadrant Mix),Old Skool Ravers,2017,Ministry Of Sound,11459823,
Awesome 3,Don't Go (Kicks Like A Mule Remix),Old Skool Ravers,2017,Ministry Of Sound,11459823,
Altern 8,"Activ 8 (Come With Me) (Holocaust 7"" Edit)",Old Skool Ravers,2017,Ministry Of Sound,11459823,
CLS,Can You Feel It?,Old Skool Ravers,2017,Ministry Of Sound,11459823,
Kicks Like A Mule,The Bouncer,Old Skool Ravers,2017,Ministry Of Sound,11459823,
Acen,Trip To The Moon Pt. 2,Old Skool Ravers,2017,Ministry Of Sound,11459823,
Jonny L,Hurt You So,Old Skool Ravers,2017,Ministry Of Sound,11459823,
Manix,Feel Real Good,Old Skool Ravers,2017,Ministry Of Sound,11459823,
Baby D,(Everybody's Got To Learn Sometime) I Need Your Loving,Old Skool Ravers,2017,Ministry Of Sound,11459823,
Josh Wink,Higher State Of Consciousness (Tweekin Acid Funk),Old Skool Ravers,2017,Ministry Of Sound,11459823,
Basement Jaxx,Fly Life,Old Skool Ravers,2017,Ministry Of Sound,11459823,
Golden Girls,Kinetic (Orbital Mix),Old Skool Ravers,2017,Ministry Of Sound,11459823,
A Guy Called Gerald,Voodoo Ray,Old Skool Ravers,2017,Ministry Of Sound,11459823,
808 State,Pacific 707,Old Skool Ravers,2017,Ministry Of Sound,11459823,
Age Of Love,The Age Of Love (Jam & Spoon Watch Out For Stella Radio Edit),Old Skool Ravers,2017,Ministry Of Sound,11459823,
U.S.U.R.A.,Open Your Mind,Old Skool Ravers,2017,Ministry Of Sound,11459823,
Atlantic Ocean,"Waterfall (Netherlands Mix 7"" Radio Edit)",Old Skool Ravers,2017,Ministry Of Sound,11459823,
Rhythm On The Loose,Break Of Dawn (Eat Me Edit),Old Skool Ravers,2017,Ministry Of Sound,11459823,
Shades Of Rhythm,Sound Of Eden,Old Skool Ravers,2017,Ministry Of Sound,11459823,
Origin Unknown,Valley Of The Shadows,Old Skool Ravers,2017,Ministry Of Sound,11459823,
"Urban Shakedown, Micky Finn",Some Justice,Old Skool Ravers,2017,Ministry Of Sound,11459823,
Urban Hype,A Trip To Trumpton,Old Skool Ravers,2017,Ministry Of Sound,11459823,
Felix,Don't You Want Me (Hooj Mix Edit),Old Skool Ravers,2017,Ministry Of Sound,11459823,
Adventures Of Stevie V.,Dirty Cash,Old Skool Ravers,2017,Ministry Of Sound,11459823,
Ultra Naté,Free (Mood II Swing Radio Edit),Old Skool Ravers,2017,Ministry Of Sound,11459823,
Sandy B,Make The World Go Round,Old Skool Ravers,2017,Ministry Of Sound,11459823,
Gusto,Disco's Revenge (Mole Hole Radio Edit),Old Skool Ravers,2017,Ministry Of Sound,11459823,
"David Morales, The Face (3), Juliet Rogers",Needin' U (I Needed U),Old Skool Ravers,2017,Ministry Of Sound,11459823,
Todd Terry,Something Goin' On (Tee's Radio Edit),Old Skool Ravers,2017,Ministry Of Sound,11459823,
Alison Limerick,Where Love Lives,Old Skool Ravers,2017,Ministry Of Sound,11459823,
Afrika Bambaataa,Just Get Up And Dance,Old Skool Ravers,2017,Ministry Of Sound,11459823,
Chad Jackson,Hear The Drummer (Get Wicked),Old Skool Ravers,2017,Ministry Of Sound,11459823,
"DT8 Project, Andrea Britton",Winter (Aston Martinez & JLP Club Mix),The Very Best Euphoric Funky House Breakdown,2005,Ministry Of Sound,516671,4:28
Commander Tom,Attention! (Future Funk Remix),The Very Best Euphoric Funky House Breakdown,2005,Ministry Of Sound,516671,3:59
Studio B,I See Girls (Tom Neville Crazy Legs Mix),The Very Best Euphoric Funky House Breakdown,2005,Ministry Of Sound,516671,4:43
Layo & Bushwacka!,Love Story Vs. Finally,The Very Best Euphoric Funky House Breakdown,2005,Ministry Of Sound,516671,3:36
SLK (2),Hype Hype (Tom Neville Remix),The Very Best Euphoric Funky House Breakdown,2005,Ministry Of Sound,516671,3:51
Climax (5),Everywhere 2005,The Very Best Euphoric Funky House Breakdown,2005,Ministry Of Sound,516671,2:56
Black Legend,You See The Trouble With Me (Extended Mix),The Very Best Euphoric Funky House Breakdown,2005,Ministry Of Sound,516671,5:13
"Bob Marley, Funkstar De Luxe",Sun Is Shining (Funkstars Club Remix),The Very Best Euphoric Funky House Breakdown,2005,Ministry Of Sound,516671,5:05
Moloko,Sing It Back (Boris D'Lugosh Remix),The Very Best Euphoric Funky House Breakdown,2005,Ministry Of Sound,516671,3:54
"X-Press 2, David Byrne",Lazy (Norman Cook Remix),The Very Best Euphoric Funky House Breakdown,2005,Ministry Of Sound,516671,3:46
"Kurtis Mantronik, Chamonix",How Did You Know?,The Very Best Euphoric Funky House Breakdown,2005,Ministry Of Sound,516671,3:31
The Original,I Luv U Baby (Dancing Divas 2003 Remix),The Very Best Euphoric Funky House Breakdown,2005,Ministry Of Sound,516671,3:54
Satoshi Tomiie,Tears (Classic Vocal),Classics,1997,Ministry Of Sound,23336798,
The Shamen,Progen (The Lan Of Oz Mix),Classics,1997,Ministry Of Sound,23336798,
Nuyorican Soul,Nervous Track (Ballsy Mix),Classics,1997,Ministry Of Sound,23336798,
Armand Van Helden,Witch Doctor (Original Mix),Classics,1997,Ministry Of Sound,23336798,
Novy vs. Eniac,Superstar (Intention Remix),Cream Club Classics,2010,Ministry Of Sound,3430869,3:32
Byron Stingily,Get Up (Everybody) (Parade Mix),Cream Club Classics,2010,Ministry Of Sound,3430869,4:38
The Good Men,Give It Up (Batucada Refrescante Remix),Cream Club Classics,2010,Ministry Of Sound,3430869,4:04
Umboza,Cry India (The Ark Anthem Mix),Cream Club Classics,2010,Ministry Of Sound,3430869,2:51
Ruff Driverz,Don't Stop,Cream Club Classics,2010,Ministry Of Sound,3430869,3:25
Perpetual Motion,Keep On Dancin’ (Let’s Go),Cream Club Classics,2010,Ministry Of Sound,3430869,4:09
DJ Supreme,Tha Wildstyle,Cream Club Classics,2010,Ministry Of Sound,3430869,2:41
Way Out West,Mind Circus (Gabriel & Dresden Remix),Cream Club Classics,2010,Ministry Of Sound,3430869,5:36
"Deep Dish, Everything But The Girl",The Future Of The Future (Stay Gold) (Ben Watt Radio Edit),Cream Club Classics,2010,Ministry Of Sound,3430869,3:57
Lil Mo' Yin Yang,Reach (Basement Jaxx Firecracker Remix),Cream Club Classics,2010,Ministry Of Sound,3430869,4:09
Underworld,Dark & Long (Dark Train),Cream Club Classics,2010,Ministry Of Sound,3430869,4:34
Tomaz vs. Filterheadz,Sunshine,Cream Club Classics,2010,Ministry Of Sound,3430869,3:22
Bedrock,Heaven Scent,Cream Club Classics,2010,Ministry Of Sound,3430869,4:21
Agnelli & Nelson,El Nino,Cream Club Classics,2010,Ministry Of Sound,3430869,4:41
Mother's Pride,Learning To Fly (Mistral Remix),Cream Club Classics,2010,Ministry Of Sound,3430869,4:43
Mauro Picotto,Pulsar (Original Picotto Tea Mix),Cream Club Classics,2010,Ministry Of Sound,3430869,3:30
Frankie Goes To Hollywood,Two Tribes (Rob Searle Club Mix),Cream Club Classics,2010,Ministry Of Sound,3430869,4:11
The Space Brothers,Shine,Cream Club Classics,2010,Ministry Of Sound,3430869,3:59
Humate,Love Stimulation (Paul Van Dyk Remix),Cream Club Classics,2010,Ministry Of Sound,3430869,3:10
Cygnus X,The Orange Theme (Moonman's OJ Mix),Cream Club Classics,2010,Ministry Of Sound,3430869,5:13
Airscape,Pacific Melody,Cream Club Classics,2010,Ministry Of Sound,3430869,3:26
Vincent De Moor,Fly Away,Cream Club Classics,2010,Ministry Of Sound,3430869,3:47
M3,Bailamos (Matt Darey Remix),Cream Club Classics,2010,Ministry Of Sound,3430869,4:00
Pulp Victim,The World,Cream Club Classics,2010,Ministry Of Sound,3430869,3:48
"TV Rock, Rudy Sandapa",In The Air (Tristan D Remix),Cream Club Classics,2010,Ministry Of Sound,3430869,3:45
Southside Spinners,Luvstruck 2010 (Marco V Remix),Cream Club Classics,2010,Ministry Of Sound,3430869,3:21
Way Out West,The Gift (Gui Boratto's Fallopian Mix),Cream Club Classics,2010,Ministry Of Sound,3430869,7:45
System F,Out Of The Blue 2010 (Tiësto Remix),Cream Club Classics,2010,Ministry Of Sound,3430869,3:54
"Goldie, Metalheads",Inner City Life,Drum&BassArena - The Classics,2005,Ministry Of Sound,803074,5:53
Rufige Kru,Terminator,Drum&BassArena - The Classics,2005,Ministry Of Sound,803074,3:58
Spirit,Calling Card,Drum&BassArena - The Classics,2005,Ministry Of Sound,803074,2:10
LTJ Bukem,Atlantis (I Need You),Drum&BassArena - The Classics,2005,Ministry Of Sound,803074,3:02
Krust,Warhead,Drum&BassArena - The Classics,2005,Ministry Of Sound,803074,2:20
Adam F,Circles (Original Mix),Drum&BassArena - The Classics,2005,Ministry Of Sound,803074,3:58
"DJ Marky & XRS, Stamina MC",LK (Carolina Carol Bela),Drum&BassArena - The Classics,2005,Ministry Of Sound,803074,2:14
UN-CUT,Midnight (M.I.S.T. V.I.P. Remix),Drum&BassArena - The Classics,2005,Ministry Of Sound,803074,2:45
Roni Size / Reprazent,Watching Windows (DJ Die Remix),Drum&BassArena - The Classics,2005,Ministry Of Sound,803074,2:23
Matrix,Sleepwalk,Drum&BassArena - The Classics,2005,Ministry Of Sound,803074,2:23
Roni Size / Reprazent,Brown Paper Bag,Drum&BassArena - The Classics,2005,Ministry Of Sound,803074,5:29
"D. Kay & Epsilon, Stamina MC",Barcelona,Drum&BassArena - The Classics,2005,Ministry Of Sound,803074,2:56
DJ Die,Clear Skyz,Drum&BassArena - The Classics,2005,Ministry Of Sound,803074,3:39
John B,Up All Night,Drum&BassArena - The Classics,2005,Ministry Of Sound,803074,4:45
D-Bridge,True Romance,Drum&BassArena - The Classics,2005,Ministry Of Sound,803074,2:12
Influx UK,Ghost People,Drum&BassArena - The Classics,2005,Ministry Of Sound,803074,2:12
Konflict,Messiah,Drum&BassArena - The Classics,2005,Ministry Of Sound,803074,2:34
Doc Scott,Kemistry,Drum&BassArena - The Classics,2005,Ministry Of Sound,803074,6:43
Commix,Satellite Song,Drum&BassArena - The Classics,2005,Ministry Of Sound,803074,3:18
Digital,Deadline,Drum&BassArena - The Classics,2005,Ministry Of Sound,803074,2:12
Nasty Habits,Shadow Boxing,Drum&BassArena - The Classics,2005,Ministry Of Sound,803074,2:56
Jonny L,Piper,Drum&BassArena - The Classics,2005,Ministry Of Sound,803074,3:28
Bad Company,The Nine,Drum&BassArena - The Classics,2005,Ministry Of Sound,803074,1:39
Klute,We R The Ones,Drum&BassArena - The Classics,2005,Ministry Of Sound,803074,2:56
Adam F,Metropolis,Drum&BassArena - The Classics,2005,Ministry Of Sound,803074,2:41
Alex Reece,Pulp Fiction,Drum&BassArena - The Classics,2005,Ministry Of Sound,803074,1:53
Digital,Down Under,Drum&BassArena - The Classics,2005,Ministry Of Sound,803074,1:08
Digital & Spirit,Phantom Force,Drum&BassArena - The Classics,2005,Ministry Of Sound,803074,2:27
Krust,True Stories,Drum&BassArena - The Classics,2005,Ministry Of Sound,803074,2:14
DJ Die,Drop Bear,Drum&BassArena - The Classics,2005,Ministry Of Sound,803074,2:14
Shy FX,Bambaataa,Drum&BassArena - The Classics,2005,Ministry Of Sound,803074,2:35
Dillinja,Silver Blade,Drum&BassArena - The Classics,2005,Ministry Of Sound,803074,2:00
Pendulum (3),Vault,Drum&BassArena - The Classics,2005,Ministry Of Sound,803074,1:38
Moving Fusion,Atlantis,Drum&BassArena - The Classics,2005,Ministry Of Sound,803074,1:27
DJ Zinc,Casino Royale,Drum&BassArena - The Classics,2005,Ministry Of Sound,803074,4:44
Marcus Intalex,Universe,Drum&BassArena - The Classics,2005,Ministry Of Sound,803074,2:55
DJ Lee & D. Kay,Tuning,Drum&BassArena - The Classics,2005,Ministry Of Sound,803074,2:33
"Calyx, Gridlok",Dead Ringer,Drum&BassArena - The Classics,2005,Ministry Of Sound,803074,4:51
"Jon Cutler, E-Man",It's Yours (Original Club Mix),Classics,2006,Ministry Of Sound,1281076,
Moloko,Sing It Back (Boris Dlugosch Remix),Classics,2006,Ministry Of Sound,1281076,
Praise Cats,Shined On Me (Bini & Martini Remix),Classics,2006,Ministry Of Sound,1281076,
Kaskade,"It's You, It's Me (Original Mix)",Classics,2006,Ministry Of Sound,1281076,
Funky Green Dogs,Reach For Me (Murk Mix),Classics,2006,Ministry Of Sound,1281076,
Spiller,Groovejet (Original Version),Classics,2006,Ministry Of Sound,1281076,
Ministers De-La-Funk,Believe (Vocal Mix),Classics,2006,Ministry Of Sound,1281076,
Paul Johnson,Get Get Down (Original Mix),Classics,2006,Ministry Of Sound,1281076,
De'Lacy,Hideaway (Deep Dish Remix),Classics,2006,Ministry Of Sound,1281076,
The Fog,Been A Long Time (Original Club Mix),Classics,2006,Ministry Of Sound,1281076,
Bob Sinclar,My Only Love (Original Mix),Classics,2006,Ministry Of Sound,1281076,
Johnny Corporate,Sunday Shouting (Original Mix),Classics,2006,Ministry Of Sound,1281076,
Modjo,Lady (Hear Me Tonight) (Album Version),Classics,2006,Ministry Of Sound,1281076,
Everything But The Girl,Missing (Todd Terry Remix),Classics,2006,Ministry Of Sound,1281076,
Masters At Work,To Be In Love (MAW 99 Mix),Classics,2006,Ministry Of Sound,1281076,
Coloursound,Fly With Me (Original Mix),Classics,2006,Ministry Of Sound,1281076,
Shakedown,At Night (Mousse T's Feel Much Better Mix),Classics,2006,Ministry Of Sound,1281076,
Cassius,Cassius 1999 (Original Mix),Classics,2006,Ministry Of Sound,1281076,
K-Klass,Let Me Show You (Klub Mix),Classics,2006,Ministry Of Sound,1281076,
Sandy B,Make The World Go Round (Deep Dish Club Mix),Classics,2006,Ministry Of Sound,1281076,
Groove Armada,Superstylin' (Original Mix),Classics,2006,Ministry Of Sound,1281076,
Mighty Dub Katz,Magic Carpet Ride (Club Mix),Classics,2006,Ministry Of Sound,1281076,
"Deep Dish, Everything But The Girl",Future Of The Future (Stay Gold) (Album Version),Classics,2006,Ministry Of Sound,1281076,
Pete Heller,Big Love (Pete Heller's Original Mix),Classics,2006,Ministry Of Sound,1281076,
Daft Punk,One More Time (Original Mix),Classics,2006,Ministry Of Sound,1281076,
Layo & Bushwacka!,Love Story (Original Mix),Classics,2006,Ministry Of Sound,1281076,
Planet Funk,Chase The Sun (Original Mix),Classics,2006,Ministry Of Sound,1281076,
CJ Bolland,Sugar Is Sweeter (Armand Van Helden's Drum & Bass Remix),Classics,2006,Ministry Of Sound,1281076,
Junior Jack,Thrill Me (Original Mix),Classics,2006,Ministry Of Sound,1281076,
Rui Da Silva,Touch Me (Original Mix),Classics,2006,Ministry Of Sound,1281076,
Underworld,Dark And Long (Dark Train Mix),Classics,2006,Ministry Of Sound,1281076,
Da Hool,Meet Her At The Love Parade (Original Mix),Classics,2006,Ministry Of Sound,1281076,
B.B.E.,Seven Days And One Week (Original Mix),Classics,2006,Ministry Of Sound,1281076,
Zombie Nation,Kernkraft 400 (DJ Gius Video Cut),Classics,2006,Ministry Of Sound,1281076,
Nalin & Kane,Beachball (Original Club Mix),Classics,2006,Ministry Of Sound,1281076,
Olive,You're Not Alone (Oakenfold & Osbourne Remix),Classics,2006,Ministry Of Sound,1281076,
Grace,Not Over Yet (Perfecto Remix),Classics,2006,Ministry Of Sound,1281076,
Chicane,Offshore (Original Mix),Classics,2006,Ministry Of Sound,1281076,
Coldcut,Autumn Leaves (Irresistable Force Remix Trip 2),Chillout Classics,2007,Ministry Of Sound,1403278,6:48
Goldfrapp,Black Cherry (Album Version),Chillout Classics,2007,Ministry Of Sound,1403278,4:46
"Michael Andrews, Gary Jules",Madworld (Album Version),Chillout Classics,2007,Ministry Of Sound,1403278,2:58
Lamb,Gorecki (Album Version),Chillout Classics,2007,Ministry Of Sound,1403278,6:12
Sub Sub,Past (Original Mix),Chillout Classics,2007,Ministry Of Sound,1403278,2:15
Three Drives,Greece 2000 (Moonwatcher Remix),Chillout Classics,2007,Ministry Of Sound,1403278,3:07
Air,La Femme D'Argent (Album Version),Chillout Classics,2007,Ministry Of Sound,1403278,5:12
Zero 7,Destiny (Album Version),Chillout Classics,2007,Ministry Of Sound,1403278,4:49
Groove Armada,My Friend (Album Version),Chillout Classics,2007,Ministry Of Sound,1403278,4:56
Jamiroquai,Corner Of The Earth (Album Version),Chillout Classics,2007,Ministry Of Sound,1403278,3:48
Röyksopp,Remind Me (Album Version),Chillout Classics,2007,Ministry Of Sound,1403278,3:12
Alpinestars,Burning Up (Original Mix),Chillout Classics,2007,Ministry Of Sound,1403278,4:54
Coldplay,The Scientist (Album Version),Chillout Classics,2007,Ministry Of Sound,1403278,5:00
Radiohead,Street Spirit (Fade Out) (Album Version),Chillout Classics,2007,Ministry Of Sound,1403278,4:10
Nitin Sawhney,Sunset (Prophesy Album Version),Chillout Classics,2007,Ministry Of Sound,1403278,3:44
Massive Attack,Karmacoma (Album Version),Chillout Classics,2007,Ministry Of Sound,1403278,4:18
"Bomb The Bass, Justin Warfield",Bug Powder Dust (Kruder & Dorfmeister Session Remix),Chillout Classics,2007,Ministry Of Sound,1403278,7:13
Leftfield,Original (Album Version),Chillout Classics,2007,Ministry Of Sound,1403278,4:03
Smoke City,Underwater Love (Original Mix),Chillout Classics,2007,Ministry Of Sound,1403278,3:37
Rob Dougan,Clubbed To Death (Kruyamino Variation),Chillout Classics,2007,Ministry Of Sound,1403278,7:23
Charles Webster,Ready (Original Mix),Chillout Classics,2007,Ministry Of Sound,1403278,4:01
Morcheeba,The Sea (Album Version),Chillout Classics,2007,Ministry Of Sound,1403278,3:36
Sofa Surfers,Sofa Rockers (Richard Dorfmeister Session),Chillout Classics,2007,Ministry Of Sound,1403278,2:10
Nightmares On Wax,Les Nuits (Original Mix),Chillout Classics,2007,Ministry Of Sound,1403278,4:17
Saint Etienne,Only Love Can Break Your Heart (Weatherall Mix),Chillout Classics,2007,Ministry Of Sound,1403278,2:32
Moby,Who Does My Heart Feel So Bad? (Album Version),Chillout Classics,2007,Ministry Of Sound,1403278,2:50
Depeche Mode,Useless (The Kruder & Dorfmeister Session),Chillout Classics,2007,Ministry Of Sound,1403278,5:03
"Mark Farina, Sean Hayes",Dream Machine (Original Mix),Chillout Classics,2007,Ministry Of Sound,1403278,4:51
Crazy Penis,Beautiful People (Original Mix),Chillout Classics,2007,Ministry Of Sound,1403278,6:20
Nuyorican Soul,I Am The Black Gold Of The Sun (4 Hero Remix Edit),Chillout Classics,2007,Ministry Of Sound,1403278,7:27
Ian Pooley,What's Your Number (Jazzanova Renumber),Chillout Classics,2007,Ministry Of Sound,1403278,5:05
Gaelle Adisson,Give It Back (Eric's Wollman Dub),Chillout Classics,2007,Ministry Of Sound,1403278,3:33
"Everything But The Girl, Soul Vision",Tracey In My Room (Lazy Dog Bootleg Vocal Mix),Chillout Classics,2007,Ministry Of Sound,1403278,4:56
Télépopmusik,Breathe (Album Version),Chillout Classics,2007,Ministry Of Sound,1403278,3:34
Lisa Shaw,Always (Album Version),Chillout Classics,2007,Ministry Of Sound,1403278,4:04
St Germain,Rose Rouge (Album Version),Chillout Classics,2007,Ministry Of Sound,1403278,4:34
Mr. Scruff,Get A Move On (Original Mix),Chillout Classics,2007,Ministry Of Sound,1403278,3:14
Bent,Swollen (Francois K. Vocal),Chillout Classics,2007,Ministry Of Sound,1403278,3:52
Dirty Vegas,Days Go By (Album Version),Chillout Classics,2007,Ministry Of Sound,1403278,3:33
"Hardsoul, Ron Carroll",Back Together (Classic Mix),Chillout Classics,2007,Ministry Of Sound,1403278,3:18
"X-Press 2, David Byrne",Lazy (Clean Version),Chillout Classics,2007,Ministry Of Sound,1403278,8:30
Beth Orton,Central Reservation (The Then Again Version),Chillout Classics,2007,Ministry Of Sound,1403278,3:37
Matthew Herbert,The Audience (Original Mix),Chillout Classics,2007,Ministry Of Sound,1403278,4:16
Bon Iver,Skinny Love,Chillout Sessions Classics,2013,Ministry Of Sound,4814279,3:44
alt-J,Something Good,Chillout Sessions Classics,2013,Ministry Of Sound,4814279,3:28
Bibio,Lovers Carvings,Chillout Sessions Classics,2013,Ministry Of Sound,4814279,3:30
"Mark Farina, Sean Hayes",Dream Machine,Chillout Sessions Classics,2013,Ministry Of Sound,4814279,5:10
Feist,The Limit To Your Love,Chillout Sessions Classics,2013,Ministry Of Sound,4814279,4:18
"Flight Facilities, Giselle Rosselli",Crave You,Chillout Sessions Classics,2013,Ministry Of Sound,4814279,3:36
"Rudimental, MNEK, Syron",Spoons,Chillout Sessions Classics,2013,Ministry Of Sound,4814279,5:19
Beth Orton,Central Reservation (Spiritual Life - Ibadan Edit),Chillout Sessions Classics,2013,Ministry Of Sound,4814279,3:56
Faithless,Crazy English Summer,Chillout Sessions Classics,2013,Ministry Of Sound,4814279,2:36
"SBTRKT, Sampha",Hold On,Chillout Sessions Classics,2013,Ministry Of Sound,4814279,3:25
The Presets (2),If I Knew You,Chillout Sessions Classics,2013,Ministry Of Sound,4814279,4:22
Lana Del Rey,Video Games,Chillout Sessions Classics,2013,Ministry Of Sound,4814279,4:37
Sneaker Pimps,6 Underground,Chillout Sessions Classics,2013,Ministry Of Sound,4814279,3:39
Mylo,Need You Tonite,Chillout Sessions Classics,2013,Ministry Of Sound,4814279,4:00
Foster The People,Pumped Up Kicks,Chillout Sessions Classics,2013,Ministry Of Sound,4814279,3:48
Florence And The Machine,Rabbit Heart (Raise It Up),Chillout Sessions Classics,2013,Ministry Of Sound,4814279,3:47
Miami Horror,Holidays,Chillout Sessions Classics,2013,Ministry Of Sound,4814279,4:24
Annie,Greatest Hit,Chillout Sessions Classics,2013,Ministry Of Sound,4814279,6:05
Kaskade,"It’s You, It's Me",Chillout Sessions Classics,2013,Ministry Of Sound,4814279,3:50
Robin S.,Show Me Love (Stonebridge Edit),Back To The Old Skool 2,2001,Ministry Of Sound,33793,2:57
Blue Pearl,Naked In The Rain,Back To The Old Skool 2,2001,Ministry Of Sound,33793,3:32
D Mob,We Call It Acieed,Back To The Old Skool 2,2001,Ministry Of Sound,33793,2:51
The Shamen,L.S.I.,Back To The Old Skool 2,2001,Ministry Of Sound,33793,3:33
Chad Jackson,Hear The Drummer Get Wicked,Back To The Old Skool 2,2001,Ministry Of Sound,33793,3:33
CLS,Can You Feel It,Back To The Old Skool 2,2001,Ministry Of Sound,33793,3:28
New Atlantic,I Know (Love Decade Remix),Back To The Old Skool 2,2001,Ministry Of Sound,33793,4:29
"Bizarre Inc, Angie Brown",I'm Gonna Get You,Back To The Old Skool 2,2001,Ministry Of Sound,33793,3:09
Congress,40 Miles,Back To The Old Skool 2,2001,Ministry Of Sound,33793,5:14
The Future Sound Of London,"Papua New Guinea (7"" Original)",Back To The Old Skool 2,2001,Ministry Of Sound,33793,3:40
Clivillés & Cole,Pride (A Deeper Love) (Original C&C Mix),Back To The Old Skool 2,2001,Ministry Of Sound,33793,5:48
Impedance,Tainted Love,Back To The Old Skool 2,2001,Ministry Of Sound,33793,4:30
Sweet Exorcist,Testone,Back To The Old Skool 2,2001,Ministry Of Sound,33793,4:54
LFO,LFO (Leeds Warehouse Mix),Back To The Old Skool 2,2001,Ministry Of Sound,33793,5:07
SL2,DJ's Take Control (Edit),Back To The Old Skool 2,2001,Ministry Of Sound,33793,3:36
Altern 8,Evapor-8,Back To The Old Skool 2,2001,Ministry Of Sound,33793,4:39
808 State,In Yer Face,Back To The Old Skool 2,2001,Ministry Of Sound,33793,3:46
Ratpack,Searchin' For My Rizla,Back To The Old Skool 2,2001,Ministry Of Sound,33793,3:37
Smart E's,Sesame's Treet,Back To The Old Skool 2,2001,Ministry Of Sound,33793,3:22
Shades Of Rhythm,Extasy,Back To The Old Skool 2,2001,Ministry Of Sound,33793,5:12
Marradonna,Out Of My Head (Edit),Back To The Old Skool 2,2001,Ministry Of Sound,33793,3:13
Urban Hype,Trip To Trumpton,Back To The Old Skool 2,2001,Ministry Of Sound,33793,3:26
Oceanic,Insanity,Back To The Old Skool 2,2001,Ministry Of Sound,33793,3:48
2 Bad Mice,2 Bad Mice,Back To The Old Skool 2,2001,Ministry Of Sound,33793,3:58
Cappella,You Got 2 Let The Music,Back To The Old Skool 2,2001,Ministry Of Sound,33793,3:34
The Scientist,The Exorcist,Back To The Old Skool 2,2001,Ministry Of Sound,33793,4:34
Love Decade,So Real,Back To The Old Skool 2,2001,Ministry Of Sound,33793,3:19
T99,Anasthasia,Back To The Old Skool 2,2001,Ministry Of Sound,33793,4:14
De La Soul,The Magic Number,Back To The Old Skool Hip Hop,2002,Ministry Of Sound,1172876,3:13
Naughty By Nature,O.P.P.,Back To The Old Skool Hip Hop,2002,Ministry Of Sound,1172876,4:06
Dr. Dre,"Nuthin' But A ""G"" Thang",Back To The Old Skool Hip Hop,2002,Ministry Of Sound,1172876,3:57
KRS-One,Sound Of Da Police,Back To The Old Skool Hip Hop,2002,Ministry Of Sound,1172876,4:07
Jungle Brothers,What U Waiting 4 (Jungle Fever Edit),Back To The Old Skool Hip Hop,2002,Ministry Of Sound,1172876,4:24
A Tribe Called Quest,Description Of A Fool,Back To The Old Skool Hip Hop,2002,Ministry Of Sound,1172876,2:51
The 45 King,The 900 Number,Back To The Old Skool Hip Hop,2002,Ministry Of Sound,1172876,1:47
Grandmaster Flash & Melle Mel,White Lines (Don't Do It),Back To The Old Skool Hip Hop,2002,Ministry Of Sound,1172876,7:20
"The Beatmasters, The Cookie Crew",Rok Da House,Back To The Old Skool Hip Hop,2002,Ministry Of Sound,1172876,4:00
Trouble Funk,Pump Me Up,Back To The Old Skool Hip Hop,2002,Ministry Of Sound,1172876,6:16
Treacherous Three,Yes We Can-Can,Back To The Old Skool Hip Hop,2002,Ministry Of Sound,1172876,6:44
Afrika Bambaataa & Soulsonic Force,Planet Rock,Back To The Old Skool Hip Hop,2002,Ministry Of Sound,1172876,6:06
Grandmaster Flash & The Furious Five,The Message,Back To The Old Skool Hip Hop,2002,Ministry Of Sound,1172876,7:01
Freeez,I.O.U,Back To The Old Skool Hip Hop,2002,Ministry Of Sound,1172876,3:46
Lisa Lisa & Cult Jam,Let The Beat Hit 'Em,Back To The Old Skool Hip Hop,2002,Ministry Of Sound,1172876,6:01
Wee Papa Girl Rappers,Wee Rule,Back To The Old Skool Hip Hop,2002,Ministry Of Sound,1172876,3:22
Hashim,Al-Naafiysh (The Soul),Back To The Old Skool Hip Hop,2002,Ministry Of Sound,1172876,4:31
West Street Mob,Breakdance Electric Boogie,Back To The Old Skool Hip Hop,2002,Ministry Of Sound,1172876,4:05
Kool Moe Dee,Turn It Up,Back To The Old Skool Hip Hop,2002,Ministry Of Sound,1172876,4:35
Davy DMX,One For The Treble (Fresh),Back To The Old Skool Hip Hop,2002,Ministry Of Sound,1172876,3:53
"David Morales, The Face (3)",Needin' U (I Need U) (Original Mistake),Back To The Old Skool Ibiza,2002,Ministry Of Sound,87148,3:46
Livin' Joy,Dreamer (Original Club Mix),Back To The Old Skool Ibiza,2002,Ministry Of Sound,87148,3:19
"Mousse T., Hot 'N' Juicy",Horny (Boris Gets Horny Mix),Back To The Old Skool Ibiza,2002,Ministry Of Sound,87148,3:20
Ultra Naté,Free (Mood II Swing Vocal Extended Mix),Back To The Old Skool Ibiza,2002,Ministry Of Sound,87148,3:16
Todd Terry,Something Goin' On (Tee's Remix),Back To The Old Skool Ibiza,2002,Ministry Of Sound,87148,3:31
Wildchild,Renegade Master (Renegade Master Mix),Back To The Old Skool Ibiza,2002,Ministry Of Sound,87148,3:42
Johnny Corporate,Sunday Shoutin',Back To The Old Skool Ibiza,2002,Ministry Of Sound,87148,4:47
Gusto,Disco's Revenge (Mole Dirty Mix),Back To The Old Skool Ibiza,2002,Ministry Of Sound,87148,2:57
Gat Decor,Passion (What You Want It Right Now) (The Naked Mix),Back To The Old Skool Ibiza,2002,Ministry Of Sound,87148,3:32
"Lisa Stansfield, Dirty Rotten Scoundrels",People Hold On (Jon Is The Don Mix),Back To The Old Skool Ibiza,2002,Ministry Of Sound,87148,5:07
Sneaker Pimps,Spin Spin Sugar (Dark Garage Mix),Back To The Old Skool Ibiza,2002,Ministry Of Sound,87148,4:32
Energy 52,Cafe Del Mar (Original Three 'N' One Mix),Back To The Old Skool Ibiza,2002,Ministry Of Sound,87148,4:11
Josh Wink,Higher State Of Consciousness (Original Tweekin' Acid Funk Mix),Back To The Old Skool Ibiza,2002,Ministry Of Sound,87148,2:58
Planet Perfecto,Bullet In The Gun (Saturday Mix),Back To The Old Skool Ibiza,2002,Ministry Of Sound,87148,3:56
Sash!,Encore Une Fois  (Future Breeze),Back To The Old Skool Ibiza,2002,Ministry Of Sound,87148,3:27
Da Hool,Meet Her At The Love Parade (Nalin & Kane Mix),Back To The Old Skool Ibiza,2002,Ministry Of Sound,87148,2:54
Zombie Nation,Kernkraft 400 (DJ Guis Remix),Back To The Old Skool Ibiza,2002,Ministry Of Sound,87148,3:55
Golden Girls,Kinetic (Rhythm Masters Melodic Radio Edit),Back To The Old Skool Ibiza,2002,Ministry Of Sound,87148,4:02
Sueño Latino,Sueno Latino (Original Paradise Version),Back To The Old Skool Ibiza,2002,Ministry Of Sound,87148,3:49
Karaja,"She Moves (La, La, La) (Kenny Hayes Remix)",Trance Classics - The Biggest Trance Hits Of All Time,2003,Ministry Of Sound,423192,3:58
Divine Inspiration,The Way (Svenson & Gielen Vocal Remix),Trance Classics - The Biggest Trance Hits Of All Time,2003,Ministry Of Sound,423192,3:49
LAX Project,LA Dreaming (Instrumental Mix),Trance Classics - The Biggest Trance Hits Of All Time,2003,Ministry Of Sound,423192,4:43
Energy 52,Café Del Mar (Marco V Remix),Trance Classics - The Biggest Trance Hits Of All Time,2003,Ministry Of Sound,423192,4:09
Tillmann Uhrmacher,On The Run (Ocean To Shore Club Extended),Trance Classics - The Biggest Trance Hits Of All Time,2003,Ministry Of Sound,423192,3:32
Alex Gold,Foreign Shore (Instrumental Mix),Trance Classics - The Biggest Trance Hits Of All Time,2003,Ministry Of Sound,423192,3:36
PPK,Resurection,Trance Classics - The Biggest Trance Hits Of All Time,2003,Ministry Of Sound,423192,5:20
N-Trance,Set You Free (Flip & Fill Remix),Trance Classics - The Biggest Trance Hits Of All Time,2003,Ministry Of Sound,423192,4:16
William Orbit,Barber's Adagio For Strings (Ferry Corsten Mix),Trance Classics - The Biggest Trance Hits Of All Time,2003,Ministry Of Sound,423192,4:15
Riva,Who Do You Love Now (Stringer) (Monoboy Remix),Trance Classics - The Biggest Trance Hits Of All Time,2003,Ministry Of Sound,423192,4:13
Nightwatchers,Insomnia,Trance Classics - The Biggest Trance Hits Of All Time,2003,Ministry Of Sound,423192,4:11
Mario Più,Communication (Somebody Answer The Phone) (Yomanda Remix),Trance Classics - The Biggest Trance Hits Of All Time,2003,Ministry Of Sound,423192,4:53
Hi-Gate,Pitchin' (In Every Direction) (Extended Vocal Remix),Trance Classics - The Biggest Trance Hits Of All Time,2003,Ministry Of Sound,423192,4:16
Paul van Dyk,For An Angel (PvD E-Werk Club Remix),Trance Classics - The Biggest Trance Hits Of All Time,2003,Ministry Of Sound,423192,5:31
The Face (3),Needin' U (I Needed U) (Original Mistake),Back To The Old Skool Ibiza Anthems,2003,Ministry Of Sound,170788,
Gat Decor,Passion (Do You Want It Right Now) (The Naked Mix),Back To The Old Skool Ibiza Anthems,2003,Ministry Of Sound,170788,
Energy 52,Café Del Mar (Original Three 'N' One Mix),Back To The Old Skool Ibiza Anthems,2003,Ministry Of Sound,170788,
Crystal Waters,Gypsy Woman (Strip To The Bone Mix),Ministry Of Sound: House Classics,2003,Ministry Of Sound,398730,3:37
Clivillés & Cole,Pride (A Deeper Love) (Underground Club Mix),Ministry Of Sound: House Classics,2003,Ministry Of Sound,398730,5:33
Sandy B,Feel Like Singing (Erotica Mix),Ministry Of Sound: House Classics,2003,Ministry Of Sound,398730,4:29
Kim English,Nite Life (Nite Mix),Ministry Of Sound: House Classics,2003,Ministry Of Sound,398730,4:29
Incognito,Always There (12'' Mix),Ministry Of Sound: House Classics,2003,Ministry Of Sound,398730,3:34
Solution,Feels So Right (Victor Simonelli Remix),Ministry Of Sound: House Classics,2003,Ministry Of Sound,398730,3:47
The S-Man,Time To Stop (9 To 5 Mix),Ministry Of Sound: House Classics,2003,Ministry Of Sound,398730,2:52
Dreamer G,I Got That Feelin' (Original Extended Mix),Ministry Of Sound: House Classics,2003,Ministry Of Sound,398730,4:21
São Paulo,Be Yourself Be Free (Brazillia Vox),Ministry Of Sound: House Classics,2003,Ministry Of Sound,398730,3:13
H2O,Nobody's Business (Dub Business),Ministry Of Sound: House Classics,2003,Ministry Of Sound,398730,2:57
Liberty City,Some Lovin' (Original Mix),Ministry Of Sound: House Classics,2003,Ministry Of Sound,398730,4:53
Full Intention,"America (I Love America) (Original Sugar Daddy 12"" Mix)",Ministry Of Sound: House Classics,2003,Ministry Of Sound,398730,3:47
OnePhatDeeva,In And Out Of My Life (Original Mix),Ministry Of Sound: House Classics,2003,Ministry Of Sound,398730,5:10
Joey Negro,Can't Get High Without You (Classic Funk Mix),Ministry Of Sound: House Classics,2003,Ministry Of Sound,398730,2:46
Masters At Work,To Be In Love (Full Intention Vocal),Ministry Of Sound: House Classics,2003,Ministry Of Sound,398730,5:29
DJ Sneak,You Can't Hide From Your Bud (Original Bud Flava Mix),Ministry Of Sound: House Classics,2003,Ministry Of Sound,398730,3:49
Solitaire Gee,Slumberland (Rhythm Invention Remix),Ministry Of Sound: House Classics,2003,Ministry Of Sound,398730,5:02
Screen II,Hey Mr DJ,Ministry Of Sound: House Classics,2003,Ministry Of Sound,398730,5:08
Studio 45,Freak It! (Original Mix),Ministry Of Sound: House Classics,2003,Ministry Of Sound,398730,4:07
Rose Royce,Is It Love You're After?,Disco Classics,2004,Ministry Of Sound,1152453,
Diana Ross,Love Hangover,Disco Classics,2004,Ministry Of Sound,1152453,
Dan Hartman,Instant Replay,Disco Classics,2004,Ministry Of Sound,1152453,
Amii Stewart,Knock On Wood,Disco Classics,2004,Ministry Of Sound,1152453,
Evelyn King,Shame,Disco Classics,2004,Ministry Of Sound,1152453,
Vicki Sue Robinson,Turn The Beat Around,Disco Classics,2004,Ministry Of Sound,1152453,
Hamilton Bohannon,Let's Start To Dance Again,Disco Classics,2004,Ministry Of Sound,1152453,
Sylvester,Do Ya Wanna Funk,Disco Classics,2004,Ministry Of Sound,1152453,
Love Unlimited Orchestra,Love's Theme,Disco Classics,2004,Ministry Of Sound,1152453,
Peaches & Herb,Shake Your Groove Thing,Disco Classics,2004,Ministry Of Sound,1152453,
Brothers Johnson,Stomp!,Disco Classics,2004,Ministry Of Sound,1152453,
Candi Staton,Young Hearts Run Free (K-Klassic Original Mix),Disco Classics,2004,Ministry Of Sound,1152453,
Loleatta Holloway,Runaway,Disco Classics,2004,Ministry Of Sound,1152453,
Machine,There But For The Grace Of God Go I,Disco Classics,2004,Ministry Of Sound,1152453,
Unique (5),What I Got Is What You Need,Disco Classics,2004,Ministry Of Sound,1152453,
Diana Ross,Upside Down,Disco Classics,2004,Ministry Of Sound,1152453,
Donna Summer,Hot Stuff,Disco Classics,2004,Ministry Of Sound,1152453,
Barry White,You See The Trouble With Me,Disco Classics,2004,Ministry Of Sound,1152453,
Gloria Gaynor,I Will Survive,Disco Classics,2004,Ministry Of Sound,1152453,
Van McCoy & The Soul City Symphony,The Hustle,Disco Classics,2004,Ministry Of Sound,1152453,
The Whispers,And The Beat Goes On,Disco Classics,2004,Ministry Of Sound,1152453,
Inner Life,Ain't No Mountain High Enough,Disco Classics,2004,Ministry Of Sound,1152453,
Yvonne Elliman,If I Can't Have You,Disco Classics,2004,Ministry Of Sound,1152453,
Young & Company,I Like It (What You're Doing To Me),Disco Classics,2004,Ministry Of Sound,1152453,
Thelma Houston,Don't Leave Me This Way,Disco Classics,2004,Ministry Of Sound,1152453,
The Miracles,Love Machine,Disco Classics,2004,Ministry Of Sound,1152453,
First Choice,Dr. Love,Disco Classics,2004,Ministry Of Sound,1152453,
Inner Life,I'm Caught Up (In A One Night Love Affair),Disco Classics,2004,Ministry Of Sound,1152453,
Windy City (2),Windy City Theme,Disco Classics,2004,Ministry Of Sound,1152453,
The Bucketheads,The Bomb!,Club Classics: The Greatest Old Skool Anthems Of All Time,2004,Ministry Of Sound,322636,2:49
Juliet Roberts,"Caught In The Middle (Def Classic 12"" Mix)",Club Classics: The Greatest Old Skool Anthems Of All Time,2004,Ministry Of Sound,322636,4:10
The Fog,"Been A Long Time (Full Intention 12"" Mix)",Club Classics: The Greatest Old Skool Anthems Of All Time,2004,Ministry Of Sound,322636,4:10
Full Intention,America (I Love America),Club Classics: The Greatest Old Skool Anthems Of All Time,2004,Ministry Of Sound,322636,3:55
"East 57th St., Donna Allen",Saturday (Full Intention Club Mix),Club Classics: The Greatest Old Skool Anthems Of All Time,2004,Ministry Of Sound,322636,4:39
Felix,Don't You Want Me?,Club Classics: The Greatest Old Skool Anthems Of All Time,2004,Ministry Of Sound,322636,3:48
CJ Bolland,Sugar Is Sweeter (Armand Van Helden's Drum & Bass Mix),Club Classics: The Greatest Old Skool Anthems Of All Time,2004,Ministry Of Sound,322636,3:33
Kathy Brown,Turn Me Out (Turn To Sugar) (Sol Brothers Turn To Sugar Mix),Club Classics: The Greatest Old Skool Anthems Of All Time,2004,Ministry Of Sound,322636,3:40
Size 9,I'm Ready (Remix Version),Club Classics: The Greatest Old Skool Anthems Of All Time,2004,Ministry Of Sound,322636,5:15
JX,There's Nothing I Won't Do (JX Original Mix),Club Classics: The Greatest Old Skool Anthems Of All Time,2004,Ministry Of Sound,322636,3:38
Bobby Brown,Two Can Play That Game (K-Klassik Remix),Club Classics: The Greatest Old Skool Anthems Of All Time,2004,Ministry Of Sound,322636,3:17
Yosh,It's What's Upfront That Counts,Club Classics: The Greatest Old Skool Anthems Of All Time,2004,Ministry Of Sound,322636,4:02
Basement Jaxx,Flylife,Club Classics: The Greatest Old Skool Anthems Of All Time,2004,Ministry Of Sound,322636,4:50
Mighty Dub Katz,Just A Groove,Club Classics: The Greatest Old Skool Anthems Of All Time,2004,Ministry Of Sound,322636,3:29
Indo,R U Sleeping (Bump & Flex Vocal Mix),Club Classics: The Greatest Old Skool Anthems Of All Time,2004,Ministry Of Sound,322636,4:23
Ruff Driverz,Deeper Love (Ruff Driverz Ruff Mix),Club Classics: The Greatest Old Skool Anthems Of All Time,2004,Ministry Of Sound,322636,4:50
Umboza,Cry India,Club Classics: The Greatest Old Skool Anthems Of All Time,2004,Ministry Of Sound,322636,4:03
"Black Box, Loleatta Holloway",Ride On Time,Club Classics: The Greatest Old Skool Anthems Of All Time,2004,Ministry Of Sound,322636,4:01
"C + C Music Factory, Freedom Williams",Gonna Make You Sweat (Everybody Dance Now),Club Classics: The Greatest Old Skool Anthems Of All Time,2004,Ministry Of Sound,322636,3:26
The Prodigy,Charly,Club Classics: The Greatest Old Skool Anthems Of All Time,2004,Ministry Of Sound,322636,3:47
Urban Cookie Collective,The Key The Secret (Glamorously Developed Edit),Club Classics: The Greatest Old Skool Anthems Of All Time,2004,Ministry Of Sound,322636,4:10
New Atlantic,I Know,Club Classics: The Greatest Old Skool Anthems Of All Time,2004,Ministry Of Sound,322636,3:11
Sueño Latino,Sueño Latino (Original Paradise Version),Club Classics: The Greatest Old Skool Anthems Of All Time,2004,Ministry Of Sound,322636,3:44
The Shamen,Move Any Mountain (Beat Mix),Club Classics: The Greatest Old Skool Anthems Of All Time,2004,Ministry Of Sound,322636,4:10
Subliminal Cuts,Le Voie Le Soleil (Way Out West Summer Of Love Mix),Club Classics: The Greatest Old Skool Anthems Of All Time,2004,Ministry Of Sound,322636,3:52
Sonz Of A Loop Da Loop Era,"Far Out (DJ Nex & Mark One ""Altern 8 Revival"" Mix)",Club Classics: The Greatest Old Skool Anthems Of All Time,2004,Ministry Of Sound,322636,3:37
McFadden & Whitehead,Ain't No Stopping Us Now,Funk Soul Classics,2004,Ministry Of Sound,570365,
The Real Thing,You To Me Are Everything,Funk Soul Classics,2004,Ministry Of Sound,570365,
Positive Force,We Got The Funk,Funk Soul Classics,2004,Ministry Of Sound,570365,
Sharon Redd,Can You Handle It,Funk Soul Classics,2004,Ministry Of Sound,570365,
Funkadelic,One Nation Under A Groove,Funk Soul Classics,2004,Ministry Of Sound,570365,
Fat Larry's Band,Zoom,Funk Soul Classics,2004,Ministry Of Sound,570365,
Bobby Thurston,Check Out The Groove,Funk Soul Classics,2004,Ministry Of Sound,570365,
Kool & The Gang,Get Down On It,Funk Soul Classics,2004,Ministry Of Sound,570365,
Jackson Sisters,I Believe In Miracles,Funk Soul Classics,2004,Ministry Of Sound,570365,
James Brown,Sex Machine,Funk Soul Classics,2004,Ministry Of Sound,570365,
Bobby Byrd,I Know You Got Soul,Funk Soul Classics,2004,Ministry Of Sound,570365,
Maceo & The Macks,Cross The Tracks,Funk Soul Classics,2004,Ministry Of Sound,570365,
Maze Featuring Frankie Beverly,Joy & Pain,Funk Soul Classics,2004,Ministry Of Sound,570365,
Shalamar,Take Me To That Bank,Funk Soul Classics,2004,Ministry Of Sound,570365,
Brass Construction,Movin',Funk Soul Classics,2004,Ministry Of Sound,570365,
Lonnie Liston Smith,Expansions,Funk Soul Classics,2004,Ministry Of Sound,570365,
The Fatback Band,(Are You Ready?) Do The Bus Stop,Funk Soul Classics,2004,Ministry Of Sound,570365,
Phyllis Hyman,You Know How To Love Me,Funk Soul Classics,2004,Ministry Of Sound,570365,
Jean Carn,Was That All It Was,Funk Soul Classics,2004,Ministry Of Sound,570365,
DJ Misjah & DJ Tim,Access (KY Jelly Babies Remix),Hard House Classics,2004,Ministry Of Sound,636002,
666,D.E.V.I.L. (Club Caviar Extended Vocal Mix),Hard House Classics,2004,Ministry Of Sound,636002,
Joy Kitikonti,Joyenergizer (Mauro Picotto Personal Remix),Hard House Classics,2004,Ministry Of Sound,636002,
Potatoheads,Pump It Up (Mash It Up) (DJ Gee Remix),Hard House Classics,2004,Ministry Of Sound,636002,
Mo-Dem,Contact (We Gotta Connect) (Warp Brothers Remix),Hard House Classics,2004,Ministry Of Sound,636002,
Rhythm Gangsta,The Crowd Song,Hard House Classics,2004,Ministry Of Sound,636002,
Untidy DJ's,Funky Groove,Hard House Classics,2004,Ministry Of Sound,636002,
Artemesia,Bits & Pieces,Hard House Classics,2004,Ministry Of Sound,636002,
BK,Music For The People,Hard House Classics,2004,Ministry Of Sound,636002,
99th Floor Elevators,Hooked (OD404 Remix),Hard House Classics,2004,Ministry Of Sound,636002,
Cortina,Music Is Moving (Kumara Remix),Hard House Classics,2004,Ministry Of Sound,636002,
Rachel Auburn,Screwdriver,Hard House Classics,2004,Ministry Of Sound,636002,
Lisa Lashes,Lookin' Good,Hard House Classics,2004,Ministry Of Sound,636002,
Tom Wilson,Techno Cat (Tony De Vit Remix),Hard House Classics,2004,Ministry Of Sound,636002,
"Fergie, BK",Hoovers & Horns,Hard House Classics,2004,Ministry Of Sound,636002,
Signum,What Ya Got 4 Me (Vocal Mix),Hard House Classics,2004,Ministry Of Sound,636002,
Hyperlogic,Only Me (Doug Laurent Remix),Hard House Classics,2004,Ministry Of Sound,636002,
Mauro Picotto,Pulsar (Picotto Tea Remix),Hard House Classics,2004,Ministry Of Sound,636002,
DJ Arabesque,The Vision (BK & Nick Sentience Remix),Hard House Classics,2004,Ministry Of Sound,636002,
Knuckleheadz,Raise Your Hands,Hard House Classics,2004,Ministry Of Sound,636002,
Mr. Bishi,(Throw Your Hands) In The Air,Hard House Classics,2004,Ministry Of Sound,636002,
Mrs. Wood,Joanna (Tony De Vit Remix),Hard House Classics,2004,Ministry Of Sound,636002,
The Biz (5),Satisfaction (Pez Tellett Remix),Hard House Classics,2004,Ministry Of Sound,636002,
Scooter,The Logical Song (D-Bop Remix),Hard House Classics,2004,Ministry Of Sound,636002,
Angel City,Touch Me (Quadrasonic Remix),Hard House Classics,2004,Ministry Of Sound,636002,
Divine Inspiration,The Way (Put Your Hand In My Hand) (Friday Night Posse Remix),Hard House Classics,2004,Ministry Of Sound,636002,
Paradise (3),See The Light (Andre Pascal Remix),Hard House Classics,2004,Ministry Of Sound,636002,
Northern Heightz,Look At Us (Northstarz vs. Pez Tellett Remix),Hard House Classics,2004,Ministry Of Sound,636002,
JX,Restless (Guyver Remix),Hard House Classics,2004,Ministry Of Sound,636002,
The Source,You Got The Love (Electroheadz Remix),Hard House Classics,2004,Ministry Of Sound,636002,
Stellar Project,Get Up Stand Up (F&W Remix),Hard House Classics,2004,Ministry Of Sound,636002,
Onyx (2),Every Little Time (Rezonance Q Remix),Hard House Classics,2004,Ministry Of Sound,636002,
Jamiroquai,Too Young To Die,Acid Jazz Classics,2004,Ministry Of Sound,566435,4:25
The Brand New Heavies,Midnight At The Oasis,Acid Jazz Classics,2004,Ministry Of Sound,566435,3:41
Freak Power,"Turn On, Tune In, Cop Out",Acid Jazz Classics,2004,Ministry Of Sound,566435,4:14
Drizabone,Real Love,Acid Jazz Classics,2004,Ministry Of Sound,566435,5:02
Ronny Jordan,So What!,Acid Jazz Classics,2004,Ministry Of Sound,566435,3:54
Jhelisa,Friendly Pressure,Acid Jazz Classics,2004,Ministry Of Sound,566435,4:13
Corduroy,Mini,Acid Jazz Classics,2004,Ministry Of Sound,566435,3:01
D*Note,Now Is The Time,Acid Jazz Classics,2004,Ministry Of Sound,566435,3:50
Sandals,Nothing,Acid Jazz Classics,2004,Ministry Of Sound,566435,3:12
Snowboy,24 For Betty Page,Acid Jazz Classics,2004,Ministry Of Sound,566435,3:52
A Man Called Adam,A.P.B.,Acid Jazz Classics,2004,Ministry Of Sound,566435,3:38
Sunship,Sunship,Acid Jazz Classics,2004,Ministry Of Sound,566435,5:06
Snowboy,New Avengers,Acid Jazz Classics,2004,Ministry Of Sound,566435,4:28
Mother Earth,Stoned Woman,Acid Jazz Classics,2004,Ministry Of Sound,566435,4:52
The James Taylor Quartet,Love Will Keep Us Together,Acid Jazz Classics,2004,Ministry Of Sound,566435,3:40
Incognito,Don’t You Worry ‘Bout A Thing,Acid Jazz Classics,2004,Ministry Of Sound,566435,3:58
Omar,There’s Nothing Like This,Acid Jazz Classics,2004,Ministry Of Sound,566435,3:46
Martine Girault,Revival,Acid Jazz Classics,2004,Ministry Of Sound,566435,3:26
Goldbug,Whole Lotta Love,Acid Jazz Classics,2004,Ministry Of Sound,566435,4:58
Galliano,Skunk Funk,Acid Jazz Classics,2004,Ministry Of Sound,566435,5:05
K-Collective,Never Stop,Acid Jazz Classics,2004,Ministry Of Sound,566435,7:34
Leena Conquest,Boundaries,Acid Jazz Classics,2004,Ministry Of Sound,566435,4:07
Corduroy,Something In My Eye,Acid Jazz Classics,2004,Ministry Of Sound,566435,3:20
Izit,Stories,Acid Jazz Classics,2004,Ministry Of Sound,566435,3:42
The Brand New Heavies,Stay This Way,Acid Jazz Classics,2004,Ministry Of Sound,566435,4:07
Will Downing,A Love Supreme,Acid Jazz Classics,2004,Ministry Of Sound,566435,3:22
Jhelisa,Whirl Keeps Turning,Acid Jazz Classics,2004,Ministry Of Sound,566435,3:31
Mother Earth,Bad Ass Weed,Acid Jazz Classics,2004,Ministry Of Sound,566435,4:31
Snowboy,Lucky Fellow,Acid Jazz Classics,2004,Ministry Of Sound,566435,6:18
Emperors New Clothes,Unsettled Life,Acid Jazz Classics,2004,Ministry Of Sound,566435,4:28
Urban Species,Brother,Acid Jazz Classics,2004,Ministry Of Sound,566435,3:52
Mother Earth,Jesse,Acid Jazz Classics,2004,Ministry Of Sound,566435,4:29
Artful Dodger,Re-Rewind (The Crowd Say Bo Selecta),Rewind (Garage Classics),2004,Ministry Of Sound,770666,
DJ Pied Piper & The Masters Of Ceremonies,Do U Really Like It?,Rewind (Garage Classics),2004,Ministry Of Sound,770666,
DJ Luck & MC Neat,A Little Bit Of Luck,Rewind (Garage Classics),2004,Ministry Of Sound,770666,
More Fire Crew,Oi!,Rewind (Garage Classics),2004,Ministry Of Sound,770666,
Sticky,Booo!,Rewind (Garage Classics),2004,Ministry Of Sound,770666,
Pay As You Go Cartel,Champagne Dance (Brown Acid Mix),Rewind (Garage Classics),2004,Ministry Of Sound,770666,
Dizzee Rascal,I Luv U,Rewind (Garage Classics),2004,Ministry Of Sound,770666,
Richie Dan,Call It Fate,Rewind (Garage Classics),2004,Ministry Of Sound,770666,
Zed Bias,Neighbourhood,Rewind (Garage Classics),2004,Ministry Of Sound,770666,
K-Warren,Coming Home,Rewind (Garage Classics),2004,Ministry Of Sound,770666,
Jaimeson,True,Rewind (Garage Classics),2004,Ministry Of Sound,770666,
Liberty X,Just A Little (Bump & Flex Electro Shock Club Mix),Rewind (Garage Classics),2004,Ministry Of Sound,770666,
Monsta Boy,Sorry (I Didn't Know),Rewind (Garage Classics),2004,Ministry Of Sound,770666,
The Wideboys,Your Mine (I'm Yours),Rewind (Garage Classics),2004,Ministry Of Sound,770666,
Mystikal,Shake It Fast (Anonymous People Remix),Rewind (Garage Classics),2004,Ministry Of Sound,770666,
"Sunship, Chunky",Dread Love,Rewind (Garage Classics),2004,Ministry Of Sound,770666,
Magnolia,It's All Vain (Sticky's Refix),Rewind (Garage Classics),2004,Ministry Of Sound,770666,
GodsGift,Mic Tribute,Rewind (Garage Classics),2004,Ministry Of Sound,770666,
Daniel Bedingfield,Gotta Get Thru This (D'n'D Remix),Rewind (Garage Classics),2004,Ministry Of Sound,770666,
Architechs,Body Groove,Rewind (Garage Classics),2004,Ministry Of Sound,770666,
Sweet Female Attitude,Flowers,Rewind (Garage Classics),2004,Ministry Of Sound,770666,
Sisqo,Thong Song (Artful Dodger Remix),Rewind (Garage Classics),2004,Ministry Of Sound,770666,
B-15 Project,Girls Like Us,Rewind (Garage Classics),2004,Ministry Of Sound,770666,
Gabrielle,Sunshine (Wookie Main Mix),Rewind (Garage Classics),2004,Ministry Of Sound,770666,
MJ Cole,Sincere,Rewind (Garage Classics),2004,Ministry Of Sound,770666,
Tina Moore,Never Gonna Let You Go,Rewind (Garage Classics),2004,Ministry Of Sound,770666,
N'n'G,Right Before My Eyes (The Remix Edit),Rewind (Garage Classics),2004,Ministry Of Sound,770666,
Nesha,What's It Gonna Be? (Sticky Y2K Mix),Rewind (Garage Classics),2004,Ministry Of Sound,770666,
James Brown,Funk On Ah Roll (Bump & Flex Remix),Rewind (Garage Classics),2004,Ministry Of Sound,770666,
Ed Case,Something In Your Eyes (K-Warren Remix),Rewind (Garage Classics),2004,Ministry Of Sound,770666,
Ladies First,Messin' (Ladies First vs. Sovereign Radio Mix),Rewind (Garage Classics),2004,Ministry Of Sound,770666,
Mystery Men (3),Shake It,Rewind (Garage Classics),2004,Ministry Of Sound,770666,
The Underdog Project,Summer Jam,Rewind (Garage Classics),2004,Ministry Of Sound,770666,
True Steppers,Out Of Your Mind,Rewind (Garage Classics),2004,Ministry Of Sound,770666,
Lovestation,Teardrops,Rewind (Garage Classics),2004,Ministry Of Sound,770666,
Azzido Da Bass,Dooms Night (Timo Mass Remix),Rewind (Garage Classics),2004,Ministry Of Sound,770666,
Smokin Beats,Dreams,Rewind (Garage Classics),2004,Ministry Of Sound,770666,
Industry Standard (2),Industry Standard Vol.1 (What You Want),Rewind (Garage Classics),2004,Ministry Of Sound,770666,
Serious Danger,Deeper,Rewind (Garage Classics),2004,Ministry Of Sound,770666,
Scott Garcia,A London Thing,Rewind (Garage Classics),2004,Ministry Of Sound,770666,
Antonio (2),Hyperfunk,Rewind (Garage Classics),2004,Ministry Of Sound,770666,
Basement Jaxx,Jump N' Shout (Stanton Warriors Remix),Rewind (Garage Classics),2004,Ministry Of Sound,770666,
DJ Zinc,138 Trek,Rewind (Garage Classics),2004,Ministry Of Sound,770666,
Santos,Camels (DJ Zinc Remix),Rewind (Garage Classics),2004,Ministry Of Sound,770666,
Genius Cru,Boom Selection,Rewind (Garage Classics),2004,Ministry Of Sound,770666,
Colours (5),Hold On,Rewind (Garage Classics),2004,Ministry Of Sound,770666,
Danny J Lewis,Spend The Night,Rewind (Garage Classics),2004,Ministry Of Sound,770666,
"Blaze, Underground Dance Artists United For Life",Most Precious Love (DF Future 3000 Mix),Funky House Sessions,2005,Ministry Of Sound,738340,
Studio B,I See Girls (Crazy) (Freemasons Remix),Funky House Sessions,2005,Ministry Of Sound,738340,
Soulshaker,Hypnotic Erotic Games,Funky House Sessions,2005,Ministry Of Sound,738340,
Cabin Crew,Star To Fall (Uniting Nations Remix),Funky House Sessions,2005,Ministry Of Sound,738340,
Soul Central,Strings Of Life (Stronger On My Own) (Danny Krivit Re-Edit),Funky House Sessions,2005,Ministry Of Sound,738340,
Aaron Smith,Dancin,Funky House Sessions,2005,Ministry Of Sound,738340,
Roman Flügel,Geht's Noch? (Steve Angello Mix),Funky House Sessions,2005,Ministry Of Sound,738340,
Spektrum,Kinda New (Tiefschwarz Remix),Funky House Sessions,2005,Ministry Of Sound,738340,
Sander Kleinenberg,The Fruit (Tom Novy Club Mix),Funky House Sessions,2005,Ministry Of Sound,738340,
"Luke Walker, DJ Loki",Seamrider,Funky House Sessions,2005,Ministry Of Sound,738340,
A Studio,SOS (Skylark Remix),Funky House Sessions,2005,Ministry Of Sound,738340,
Basement Jaxx,Oh My Gosh (Jaxx Club Edit),Funky House Sessions,2005,Ministry Of Sound,738340,
Fatboy Slim,The Joker (ATFC's Aces High Remix),Funky House Sessions,2005,Ministry Of Sound,738340,
Cerrone,Je Suis Music (Armand Van Helden Remix),Funky House Sessions,2005,Ministry Of Sound,738340,
Tweet,Boogie 2nite (T&F Crushed DB Boulevard Club Re-Edit),Funky House Sessions,2005,Ministry Of Sound,738340,
Seamus Haji,Last Night A DJ Saved My Life (ATFC's Ayteez Remix),Funky House Sessions,2005,Ministry Of Sound,738340,
"Steve Mac, Mosquito (3)",That Big Track,Funky House Sessions,2005,Ministry Of Sound,738340,
Luka (2),Tô Nem Ai,Funky House Sessions,2005,Ministry Of Sound,738340,
"Steve Angello, Dave Armstrong",Groove In U (DJ DLG Remix),Funky House Sessions,2005,Ministry Of Sound,738340,
Future Funk,Wildberry Tracks (Gadjo Remix),Funky House Sessions,2005,Ministry Of Sound,738340,
Fallen Angels (3),City Life,Funky House Sessions,2005,Ministry Of Sound,738340,
Scape,Be My Friend (Michael Gray Remix),Funky House Sessions,2005,Ministry Of Sound,738340,
Belezamusica,Running Away,Funky House Sessions,2005,Ministry Of Sound,738340,
Solu Music,Fade (Eric Kupper Vocal Mix),Funky House Sessions,2005,Ministry Of Sound,738340,
Ratpack,Searchin' For My Rizzla,Very Best Of Back To The Old Skool,2005,Ministry Of Sound,589906,3:37
Marradonna,Out Of My Head,Very Best Of Back To The Old Skool,2005,Ministry Of Sound,589906,3:11
LFO,LFO,Very Best Of Back To The Old Skool,2005,Ministry Of Sound,589906,3:10
"C + C Music Factory, Freedom Williams",Gonna Make Your Sweat (Everybody Dance Now),Very Best Of Back To The Old Skool,2005,Ministry Of Sound,589906,4:03
Urban Cookie Collective,The Key The Secret (Glamourously Developed Edit),Very Best Of Back To The Old Skool,2005,Ministry Of Sound,589906,3:26
Inner City,Good Life (Buena Vida),Very Best Of Back To The Old Skool,2005,Ministry Of Sound,589906,3:44
Cola Boy,7 Ways To Love,Very Best Of Back To The Old Skool,2005,Ministry Of Sound,589906,3:26
"True Faith, Bridget Grace, Final Cut",Take Me Away,Very Best Of Back To The Old Skool,2005,Ministry Of Sound,589906,5:56
R.A.F.,We've Got To Live Forever,Very Best Of Back To The Old Skool,2005,Ministry Of Sound,589906,5:36
Tony Di Bart,The Real Thing,Very Best Of Back To The Old Skool,2005,Ministry Of Sound,589906,4:13
The Original,I Luv U Baby (Dancing Divas Club Mix),Very Best Of Back To The Old Skool,2005,Ministry Of Sound,589906,3:17
"Farley ""Jackmaster"" Funk",Love Can't Turn Around,Very Best Of Back To The Old Skool,2005,Ministry Of Sound,589906,4:08
Mylo,"In My Arms (Tocadisco's ""Zwischen Den Stühlen"" Mix)",Funky House Sessions 06,2006,Ministry Of Sound,738124,4:01
Studio B,C'mon Get It On (Young Punx Edit),Funky House Sessions 06,2006,Ministry Of Sound,738124,4:00
Filterfunk,Message In A Bottle (Hi_Tack Remix),Funky House Sessions 06,2006,Ministry Of Sound,738124,3:48
"StoneBridge, Therese",Put 'Em High (Axwell Remix),Funky House Sessions 06,2006,Ministry Of Sound,738124,4:00
"Scape, D-Empress",Be My Friend (Ian Carey Remix),Funky House Sessions 06,2006,Ministry Of Sound,738124,3:45
"Aaron Smith, Luvli",Dancin (Eric Smax & Thomas Gold Remix),Funky House Sessions 06,2006,Ministry Of Sound,738124,3:22
"Digital Dog, 45 Flat",Dirty,Funky House Sessions 06,2006,Ministry Of Sound,738124,3:52
"Cajmere, Dajaé",Say U Will (Mark Grant Remix),Funky House Sessions 06,2006,Ministry Of Sound,738124,3:45
Rob Boskamp,In The Evening (Mark Simmons Remix),Funky House Sessions 06,2006,Ministry Of Sound,738124,3:51
"Freemasons, Amanda Wilson",Love On My Mind (ATFC Mix),Funky House Sessions 06,2006,Ministry Of Sound,738124,3:29
Loleatta Holloway,Love Sensation '06 (Dead Stereo Remix),Funky House Sessions 06,2006,Ministry Of Sound,738124,4:14
"David Morales, Lea-Lorién",How Would U Feel,Funky House Sessions 06,2006,Ministry Of Sound,738124,3:59
"Antoine Clamaran, Emily Chick",Keep On Tryin',Funky House Sessions 06,2006,Ministry Of Sound,738124,3:44
Grooveland,Tell Me (Original Vocal Mix),Funky House Sessions 06,2006,Ministry Of Sound,738124,3:29
"Mark Knight, Katherine Ellis",Insatiable (MYMC Remix),Funky House Sessions 06,2006,Ministry Of Sound,738124,4:14
"Blaze, Barbara Tucker",Most Precious Love,Funky House Sessions 06,2006,Ministry Of Sound,738124,2:59
"Sunkids, Chance",Rise Up! (Praise Cats Remix),Funky House Sessions 06,2006,Ministry Of Sound,738124,3:59
"Syke 'n' Sugarstarr, Alexandra Prince",Are You (Watching Me Watching You),Funky House Sessions 06,2006,Ministry Of Sound,738124,3:44
Booka Love,My Boo,Funky House Sessions 06,2006,Ministry Of Sound,738124,4:14
"The S&M Project, Sam Noon, Pav",One Man (Thomas Gold Remix),Funky House Sessions 06,2006,Ministry Of Sound,738124,3:32
"Krafty Kuts, Yolanda Quartey",Tell Me How You Feel (Young Punx Remix),Dance Anthems Classics,2006,Ministry Of Sound,845514,4:22
Orkidea,Beautiful (Alt + F4 Remix),Dance Anthems Classics,2006,Ministry Of Sound,845514,3:42
N-Joi,Anthem (2006) (Hoxton Whores Renix),Dance Anthems Classics,2006,Ministry Of Sound,845514,3:59
Solarstone,Seven Cities,Dance Anthems Classics,2006,Ministry Of Sound,845514,4:23
"Planet Perfecto, Grace",Not Over Yet '99,Dance Anthems Classics,2006,Ministry Of Sound,845514,4:29
Mauro Picotto,Lizard,Dance Anthems Classics,2006,Ministry Of Sound,845514,3:05
Brainbug,Nightmare,Dance Anthems Classics,2006,Ministry Of Sound,845514,5:00
Lock 'N Load,Blow Ya Mind (Club Caviar Radio Edit),Dance Anthems Classics,2006,Ministry Of Sound,845514,3:48
Fedde Le Grand,Put Your Hands Up For Detroit (Soul Central Remix),Funky House Sessions 07,2007,Ministry Of Sound,1453169,3:27
"Chris Lake, Emma Hewitt",Carry Me Away,Funky House Sessions 07,2007,Ministry Of Sound,1453169,4:46
"Dirty South (2), Paul Harris",Better Day,Funky House Sessions 07,2007,Ministry Of Sound,1453169,4:00
"Camille Jones, Fedde Le Grand",The Creeps (Fonzerelli Remix),Funky House Sessions 07,2007,Ministry Of Sound,1453169,4:15
Byron Stingily,Get Up Everybody (Steve Mac Remix),Funky House Sessions 07,2007,Ministry Of Sound,1453169,4:15
The Dab Hands,Supergood 07 Style,Funky House Sessions 07,2007,Ministry Of Sound,1453169,3:56
Haji & Emanuel,Take Me Away (Vox Mix),Funky House Sessions 07,2007,Ministry Of Sound,1453169,3:22
Gaelle Adisson,Give It Back (Grant Nelson Mix),Funky House Sessions 07,2007,Ministry Of Sound,1453169,2:30
The Wideboys,Aiya Napa (Its The Sound Of The Summer) (Dubplate Intro Mix),Garage Classics Volume II: Summer Edition,2008,Ministry Of Sound,3024303,2:51
"Dizzee Rascal, Calvin Harris",Dance With Me (Extended Mix),Garage Classics Volume II: Summer Edition,2008,Ministry Of Sound,3024303,3:05
"DJ Q (3), MC Bonez",You Wot! (Wideboys Bassline Remix),Garage Classics Volume II: Summer Edition,2008,Ministry Of Sound,3024303,3:03
"Bob Sinclar, Fireball (3)",What I Want (Wideboys Bassline Mix),Garage Classics Volume II: Summer Edition,2008,Ministry Of Sound,3024303,4:58
De'Lacy,Hideaway (Wideboys Mix),Garage Classics Volume II: Summer Edition,2008,Ministry Of Sound,3024303,2:22
"Mobin Master, Robin S.",Show Me Love (Wideboys Bassline Mix),Garage Classics Volume II: Summer Edition,2008,Ministry Of Sound,3024303,4:58
The Wideboys,Rock The Download,Garage Classics Volume II: Summer Edition,2008,Ministry Of Sound,3024303,2:36
"DJ Ng, Katy B, MC Versatile",Tell Me (DJ Q Remix),Garage Classics Volume II: Summer Edition,2008,Ministry Of Sound,3024303,4:37
DJ Paleface,Do You Mind (Control S Feat. Majestic MC Mix),Garage Classics Volume II: Summer Edition,2008,Ministry Of Sound,3024303,4:05
"Addictive (2), T2 (5)",Gonna Be Mine (Mr V Remix),Garage Classics Volume II: Summer Edition,2008,Ministry Of Sound,3024303,4:26
"Big Ang, Denzee",Tusty,Garage Classics Volume II: Summer Edition,2008,Ministry Of Sound,3024303,3:08
"Agent X, Oggie",You (4X4 Mix),Garage Classics Volume II: Summer Edition,2008,Ministry Of Sound,3024303,4:16
"Dezz Jones, Sarah Blake",Take Me In (D&G Vs Dezz Jones Remix),Garage Classics Volume II: Summer Edition,2008,Ministry Of Sound,3024303,3:47
"Davey Boy, Nicky G, Richard Kerr",Strand Song,Garage Classics Volume II: Summer Edition,2008,Ministry Of Sound,3024303,4:32
"FB (2), Carly George",Baby Baby,Garage Classics Volume II: Summer Edition,2008,Ministry Of Sound,3024303,4:01
"The Wideboys, MC JLC",Subfrequency Test,Garage Classics Volume II: Summer Edition,2008,Ministry Of Sound,3024303,3:29
"Crazy Cousinz, Calista",Bongo Jam,Garage Classics Volume II: Summer Edition,2008,Ministry Of Sound,3024303,3:27
"The Wideboys, Majestic MC",Summer In Ibiza (Dubplate Intro Mix),Garage Classics Volume II: Summer Edition,2008,Ministry Of Sound,3024303,4:20
"Alex Gaudino, Shena",Watch Out (Jamie Duggan Meets Da Booda In Yer Face Edit),Garage Classics Volume II: Summer Edition,2008,Ministry Of Sound,3024303,3:58
"Ida Corr, Fedde Le Grand",Let Me Think About It (Big Ang Remix),Garage Classics Volume II: Summer Edition,2008,Ministry Of Sound,3024303,3:36
"David Morales, The Face (3), Juliet Rogers",Needin' U (Vocal Version),Garage Classics Volume II: Summer Edition,2008,Ministry Of Sound,3024303,3:19
Booty Luv,Shine (Richard Dolby Mix),Garage Classics Volume II: Summer Edition,2008,Ministry Of Sound,3024303,4:22
Basshunter,All I Ever Wanted (Wideboys Dub Remix),Garage Classics Volume II: Summer Edition,2008,Ministry Of Sound,3024303,4:23
Joey Negro,Make A Move On Me (Juicy Joints Bassline Mix),Garage Classics Volume II: Summer Edition,2008,Ministry Of Sound,3024303,3:04
Bump,I'm Rushin (Wideboys Bassline Mix),Garage Classics Volume II: Summer Edition,2008,Ministry Of Sound,3024303,1:57
Eric Prydz,Call On Me (Wideboys Exclusive Ibiza Mix),Garage Classics Volume II: Summer Edition,2008,Ministry Of Sound,3024303,4:01
Aly-Us,Follow Me (Full Intention Club Mix),Garage Classics Volume II: Summer Edition,2008,Ministry Of Sound,3024303,4:23
Funkerman,Speed Up (Delinquent Remix),Garage Classics Volume II: Summer Edition,2008,Ministry Of Sound,3024303,3:36
"Haji & Emanuel, Erire",Take Me Away (Wideboys Remix),Garage Classics Volume II: Summer Edition,2008,Ministry Of Sound,3024303,4:42
"Alex Gaudino, Crystal Waters",Destination Calabria (DJ Lapell Remix),Garage Classics Volume II: Summer Edition,2008,Ministry Of Sound,3024303,5:07
"The Wideboys, Vula",UK Shakedown (Exclusive Delmonte Mix),Garage Classics Volume II: Summer Edition,2008,Ministry Of Sound,3024303,3:58
"Tito Puente Jr., India",Oye Como Va (Wideboys Bassline Remix),Garage Classics Volume II: Summer Edition,2008,Ministry Of Sound,3024303,4:15
"The Mac Project, Therese",Another Love (Wideboys Remix),Garage Classics Volume II: Summer Edition,2008,Ministry Of Sound,3024303,3:48
Fire Island,There But For The Grace Of God (Roger's Garage Mix),Garage Classics Volume II: Summer Edition,2008,Ministry Of Sound,3024303,4:11
"The Wideboys, Majestic MC",Let The Sunshine (Sound Of The Summer) (Dubplate Intro Mix),Garage Classics Volume II: Summer Edition,2008,Ministry Of Sound,3024303,3:59
"DJ Luck & MC Neat, JJ (5)",Master Blaster 2000,Garage Classics Volume II: Summer Edition,2008,Ministry Of Sound,3024303,2:59
"Artful Dodger, Craig David",What You Gonna Do? (Wideboys Classic Mix),Garage Classics Volume II: Summer Edition,2008,Ministry Of Sound,3024303,4:10
NU-Birth,Anytime,Garage Classics Volume II: Summer Edition,2008,Ministry Of Sound,3024303,4:10
"Sticky, Kele Le Roc",Triplets,Garage Classics Volume II: Summer Edition,2008,Ministry Of Sound,3024303,2:38
"The Wideboys, Tyrone",She's The One (2 Step Mix),Garage Classics Volume II: Summer Edition,2008,Ministry Of Sound,3024303,3:08
Y-Tribe,Enough Is Enough,Garage Classics Volume II: Summer Edition,2008,Ministry Of Sound,3024303,2:44
Baby D,Let Me Be Your Fantasy (Trick Or Treat Feat. MC Tails Remix),Garage Classics Volume II: Summer Edition,2008,Ministry Of Sound,3024303,3:34
Gerideau,Masquerade (MJ Cole Vocal Mix),Garage Classics Volume II: Summer Edition,2008,Ministry Of Sound,3024303,4:46
Zack Toms,Bring Me Down (Stanton Warriors Mix),Garage Classics Volume II: Summer Edition,2008,Ministry Of Sound,3024303,3:13
R.I.P. Productions,The Chant (We Are) (Speed Garage Mix),Garage Classics Volume II: Summer Edition,2008,Ministry Of Sound,3024303,2:58
"NCA, Robbie Craig",We Can Make It Happen (New Horizons Mix),Garage Classics Volume II: Summer Edition,2008,Ministry Of Sound,3024303,3:20
"Skepta, MC Creed",Duppy,Garage Classics Volume II: Summer Edition,2008,Ministry Of Sound,3024303,3:34
"The Wideboys, Dennis G",If You Wanna Party (Atari Era's Feel Good Mix),Garage Classics Volume II: Summer Edition,2008,Ministry Of Sound,3024303,3:49
Indeep,Las Night A DJ Saved My Life,Saturday Night Club Classics,2009,Ministry Of Sound,1990998,4:30
Everything But The Girl,Missing,Saturday Night Club Classics,2009,Ministry Of Sound,1990998,3:45
Rozalla,"Everybody's Free (Original 12"" Mix)",Saturday Night Club Classics,2009,Ministry Of Sound,1990998,3:48
The Ting Tings,That's Not My Name,Saturday Night Club Classics,2009,Ministry Of Sound,1990998,3:14
Groove Armada,I See You Baby,Saturday Night Club Classics,2009,Ministry Of Sound,1990998,3:59
Tori Amos,Professional Widow,Saturday Night Club Classics,2009,Ministry Of Sound,1990998,4:16
BeatFreakz,Somebody's Watching Me (Hi_Tack Radio Final),Saturday Night Club Classics,2009,Ministry Of Sound,1990998,2:42
Nightcrawlers,Push The Feeling On (Dub Of Doom),Saturday Night Club Classics,2009,Ministry Of Sound,1990998,3:28
Ken Doh,Nakasaki (I Need A Lover Tonight) (Extended Mix),Saturday Night Club Classics,2009,Ministry Of Sound,1990998,3:15
"Solu Music, KimBlee",Fade (Bimbo Jones Vocal Mix),Saturday Night Club Classics,2009,Ministry Of Sound,1990998,2:51
Age Of Love,The Age Of Love,Pump Up The Jam - Back To The Old Skool!,2009,Ministry Of Sound,1991162,3:18
Guru Josh Project,Infinity,Pump Up The Jam - Back To The Old Skool!,2009,Ministry Of Sound,1991162,3:31
Altern 8,Activ-8,Pump Up The Jam - Back To The Old Skool!,2009,Ministry Of Sound,1991162,3:52
JX,Son Of A Gun,Pump Up The Jam - Back To The Old Skool!,2009,Ministry Of Sound,1991162,3:34
Alex Party,Don't Give Me Your Life,Pump Up The Jam - Back To The Old Skool!,2009,Ministry Of Sound,1991162,3:41
"D.O.N.S., Technotronic","Pump Up The Jam (Billy ""Daniel"" Bunter & Sparky Back To 89 Mix)",Pump Up The Jam - Back To The Old Skool!,2009,Ministry Of Sound,1991162,3:43
Klubbheads,Klubbhopping,Pump Up The Jam - Back To The Old Skool!,2009,Ministry Of Sound,1991162,3:29
Candi Staton,You Got The Love (Erens Bootleg Mix),Back To The Old Skool,2001,Ministry Of Sound,33784,3:38
S'Express,"Theme From S'Express (Original Theme 7"" Plus 8)",Back To The Old Skool,2001,Ministry Of Sound,33784,3:36
"Yazz, The Plastic Population",The Only Way Is Up,Back To The Old Skool,2001,Ministry Of Sound,33784,3:48
Altern 8,Active 8 (Hardcore Holocaust Mix),Back To The Old Skool,2001,Ministry Of Sound,33784,3:28
808 State,Cubik,Back To The Old Skool,2001,Ministry Of Sound,33784,3:32
The Shamen,Ebeneezer Goode (Beat Mix),Back To The Old Skool,2011,Ministry Of Sound,3146889,3:35
Channel X,Rave The Rhythm,Back To The Old Skool,2011,Ministry Of Sound,3146889,4:28
Xenophobia,Rushing The House,Back To The Old Skool,2011,Ministry Of Sound,3146889,3:52
Human Resource,Dominator,Back To The Old Skool,2011,Ministry Of Sound,3146889,4:31
Humanoid,Stakker Humanoid,Back To The Old Skool,2011,Ministry Of Sound,3146889,4:44
Outlander,Vamp,Back To The Old Skool,2011,Ministry Of Sound,3146889,3:57
Energise,Report To The Dancefloor,Back To The Old Skool,2011,Ministry Of Sound,3146889,3:39
N.R.G.,Never Lost His Hardcore,Back To The Old Skool,2011,Ministry Of Sound,3146889,4:47
Acen,Trip II The Moon Part 2,Back To The Old Skool,2011,Ministry Of Sound,3146889,3:41
Kicksquad,Soundclash,Back To The Old Skool,2011,Ministry Of Sound,3146889,3:21
Urban Shakedown,Some Justice,Back To The Old Skool,2011,Ministry Of Sound,3146889,3:07
Yosh,Its Whats Up Front That Counts,Back To The Old Skool,2011,Ministry Of Sound,3146889,3:29
CLS,Can You Feel It? (In House Dub),Back To The Old Skool,2011,Ministry Of Sound,3146889,3:34
Subliminal Cuts,Le Voie Le Soleil (Gems For Jems Mix),Back To The Old Skool,2011,Ministry Of Sound,3146889,4:13
Day V Lately,Pulse & Thunder,Back To The Old Skool,2011,Ministry Of Sound,3146889,4:13
Age Of Love,The Age Of Love (Jam & Spoon Watch Out For Stella Mix),Back To The Old Skool,2011,Ministry Of Sound,3146889,5:28
Aretha Franklin,Think,Funk Soul Classics,2011,Ministry Of Sound,3171725,2:16
The Delfonics,Ready Or Not Here I Come (Can't Hide From Love),Funk Soul Classics,2011,Ministry Of Sound,3171725,1:59
Bill Withers,Use Me,Funk Soul Classics,2011,Ministry Of Sound,3171725,3:40
Aaron Neville,Hercules,Funk Soul Classics,2011,Ministry Of Sound,3171725,4:11
The Incredible Bongo Band,Apache,Funk Soul Classics,2011,Ministry Of Sound,3171725,4:51
The Mohawks,The Champ,Funk Soul Classics,2011,Ministry Of Sound,3171725,2:38
Booker T & The MG's,Green Onions,Funk Soul Classics,2011,Ministry Of Sound,3171725,2:52
Al Green,Here I Am (Come And Take Me),Funk Soul Classics,2011,Ministry Of Sound,3171725,4:15
Freda Payne,The Unhooked Generation,Funk Soul Classics,2011,Ministry Of Sound,3171725,2:29
Bar-Kays,Soul Finger,Funk Soul Classics,2011,Ministry Of Sound,3171725,2:20
Al Wilson,The Snake,Funk Soul Classics,2011,Ministry Of Sound,3171725,3:30
Commodores,Keep On Dancing,Funk Soul Classics,2011,Ministry Of Sound,3171725,2:49
Wilson Pickett,Land Of 1000 Dances,Funk Soul Classics,2011,Ministry Of Sound,3171725,2:25
Ray Charles,What'd I Say,Funk Soul Classics,2011,Ministry Of Sound,3171725,6:26
The Staple Singers,Respect Yourself,Funk Soul Classics,2011,Ministry Of Sound,3171725,4:53
Bobby Womack,Across 110th Street,Funk Soul Classics,2011,Ministry Of Sound,3171725,3:50
Isaac Hayes,Theme From Shaft,Funk Soul Classics,2011,Ministry Of Sound,3171725,3:16
Betty Wright,Clean Up Woman,Funk Soul Classics,2011,Ministry Of Sound,3171725,2:45
Curtis Mayfield,Superfly,Funk Soul Classics,2011,Ministry Of Sound,3171725,3:52
Donny Hathaway,The Ghetto - Part 1,Funk Soul Classics,2011,Ministry Of Sound,3171725,2:43
Sister Sledge,Reach Your Peak,Funk Soul Classics,2011,Ministry Of Sound,3171725,3:29
Ben E. King,Supernatural Thing,Funk Soul Classics,2011,Ministry Of Sound,3171725,3:22
Eddie Harris,It’s All Right Now,Funk Soul Classics,2011,Ministry Of Sound,3171725,3:54
S.O.U.L.,Burning Spear,Funk Soul Classics,2011,Ministry Of Sound,3171725,3:58
Herbie Hancock,Wiggle Waggle,Funk Soul Classics,2011,Ministry Of Sound,3171725,5:49
The Beginning Of The End,Funky Nassau - Part 1,Funk Soul Classics,2011,Ministry Of Sound,3171725,3:06
Chocolate Milk (2),Action Speaks Louder Than Words,Funk Soul Classics,2011,Ministry Of Sound,3171725,3:30
Shuggie Otis,Strawberry Letter 23,Funk Soul Classics,2011,Ministry Of Sound,3171725,3:59
Funkadelic,One Nation Under A Groove - Part 1,Funk Soul Classics,2011,Ministry Of Sound,3171725,3:35
Aretha Franklin,Rock Steady,Funk Soul Classics,2011,Ministry Of Sound,3171725,3:12
The Valentine Brothers,Money's Too Tight To Mention,Funk Soul Classics,2011,Ministry Of Sound,3171725,4:06
Randy Crawford,Street Life,Funk Soul Classics,2011,Ministry Of Sound,3171725,4:18
Philadelphia International All Stars,Let’s Clean Up The Ghetto,Funk Soul Classics,2011,Ministry Of Sound,3171725,3:49
The Fatback Band,Yum Yum (Gimme Some),Funk Soul Classics,2011,Ministry Of Sound,3171725,3:19
Rose Royce,Do Your Dance,Funk Soul Classics,2011,Ministry Of Sound,3171725,3:28
Change,A Lovers Holiday,Funk Soul Classics,2011,Ministry Of Sound,3171725,3:55
Sylvester,I Need You,Funk Soul Classics,2011,Ministry Of Sound,3171725,4:36
Jungle Brothers,"What ""U"" Waitin' ""4""",Funk Soul Classics,2011,Ministry Of Sound,3171725,4:03
"Coolio, LV",Too Hot,Funk Soul Classics,2011,Ministry Of Sound,3171725,3:39
Example,Stay Awake (Delta Heavy Remix),Addicted To Bass Classics,2011,Ministry Of Sound,3677346,2:36
"Danny Byrd, Liquid",Sweet Harmony,Addicted To Bass Classics,2011,Ministry Of Sound,3677346,2:29
Chase & Status,Wise Up,Addicted To Bass Classics,2011,Ministry Of Sound,3677346,4:40
"Dillinja, Skibadee",Twist 'Em Out,Addicted To Bass Classics,2011,Ministry Of Sound,3677346,2:35
"The Wideboys, Sarah Saville",What You're Thinking (Detroit Electro Mix),Addicted To Bass Classics,2011,Ministry Of Sound,3677346,3:13
Tina Moore,Never Gonna Let You Go (Kelly G. Bump-N-Go Mix),Addicted To Bass Classics,2011,Ministry Of Sound,3677346,3:29
The Wideboys,Westside,Addicted To Bass Classics,2011,Ministry Of Sound,3677346,3:51
"Wretch 32, Josh Kumra",Don’t Go (MJ Cole Remix),Addicted To Bass Classics,2011,Ministry Of Sound,3677346,4:07
"Garage Jams, KCAT",Back In My Life (Project Bassline Mix),Addicted To Bass Classics,2011,Ministry Of Sound,3677346,3:08
"Toddla T, Shola Ama",Take It Back (DJ Q Mix),Addicted To Bass Classics,2011,Ministry Of Sound,3677346,5:15
"The Wideboys, Sway, Anthony McLean",Shopaholic (Funtcase Remix),Addicted To Bass Classics,2011,Ministry Of Sound,3677346,5:26
Shy FX,Wolf,Addicted To Bass Classics,2011,Ministry Of Sound,3677346,3:23
"DJ Hype, MC Fats",Peace Love And Unity,Addicted To Bass Classics,2011,Ministry Of Sound,3677346,3:00
DJ Zinc,On Fire Tonight,Jungle Classics,2011,Ministry Of Sound,3308081,3:20
Adam F,The Original Junglesound,Jungle Classics,2011,Ministry Of Sound,3308081,3:14
"Urban Shakedown, Debo",Arsonist (Some Justice 95),Jungle Classics,2011,Ministry Of Sound,3308081,3:34
Dope Skillz,6 Million Ways To Die,Jungle Classics,2011,Ministry Of Sound,3308081,2:38
"DJ Hype, Ganja Max",Rinse Out,Jungle Classics,2011,Ministry Of Sound,3308081,3:23
"Goldie, Rufige Kru",Terminator,Jungle Classics,2011,Ministry Of Sound,3308081,3:09
Q Project,Champion Sound (Total Science 'Hardcore Will Never Die' Remix),Jungle Classics,2011,Ministry Of Sound,3308081,3:51
Dillinja,Grimey,Jungle Classics,2011,Ministry Of Sound,3308081,3:26
Fresh,Gatekeeper,Jungle Classics,2011,Ministry Of Sound,3308081,3:45
Krome & Time,The License,Jungle Classics,2011,Ministry Of Sound,3308081,4:18
Blame,Music Takes You,Jungle Classics,2011,Ministry Of Sound,3308081,4:45
Utah Saints,What Can You Do For Me (Drumsound & Bassline Smith Original Mix),Jungle Classics,2011,Ministry Of Sound,3308081,3:53
"Chase & Status, Capleton",Duppy Man,Jungle Classics,2011,Ministry Of Sound,3308081,3:07
"Yasmin (3), Shy Fx, Ms. Dynamite",Light Up (The World) (Benny Page Remix),Jungle Classics,2011,Ministry Of Sound,3308081,4:01
Distorted Minds,T-10 (Dillinja Remix),Jungle Classics,2011,Ministry Of Sound,3308081,3:53
Mulder,Don't Give A Damn,Jungle Classics,2011,Ministry Of Sound,3308081,4:30
Dead Dred,Dred Bass,Jungle Classics,2011,Ministry Of Sound,3308081,4:03
"DJ Hype, MC Fats","Peace, Love And Unity",Jungle Classics,2011,Ministry Of Sound,3308081,3:44
Shy FX,The Wolf,Jungle Classics,2011,Ministry Of Sound,3308081,2:59
"M-Beat, Nazlyn",Sweet Love,Jungle Classics,2011,Ministry Of Sound,3308081,2:59
T.Power,Mutant Jazz (DJ Trace Mix),Jungle Classics,2011,Ministry Of Sound,3308081,3:33
Sub Focus,Last Jungle,Jungle Classics,2011,Ministry Of Sound,3308081,2:27
Lennie De Ice,We Are I.E,Jungle Classics,2011,Ministry Of Sound,3308081,3:02
"Artful Dodger, Romina Johnson",Moving Too Fast,Back To The Old Skool Garage Classics,2012,Ministry Of Sound,3569093,4:10
"DJ Luck & MC Neat, JJ (5)",Master Blaster 2000 (Oracles Mix),Back To The Old Skool Garage Classics,2012,Ministry Of Sound,3569093,3:27
Shola Ama,Imagine (Club Asylum Remix),Back To The Old Skool Garage Classics,2012,Ministry Of Sound,3569093,3:32
"Wookie, Lain",Battle (Vocal Mix),Back To The Old Skool Garage Classics,2012,Ministry Of Sound,3569093,4:24
Amira,My Desire (Dreem Teem Remix),Back To The Old Skool Garage Classics,2012,Ministry Of Sound,3569093,3:17
"Ed Case, Shelley Nelson",Something In Your Eyes (K Warren Mix),Back To The Old Skool Garage Classics,2012,Ministry Of Sound,3569093,3:25
"N'n'G, Kallaghan, MC Neat",Right Before My Eyes (Remix),Back To The Old Skool Garage Classics,2012,Ministry Of Sound,3569093,4:36
Monsta Boy,Sorry (I Didn't Know) (David Howard Remix),Back To The Old Skool Garage Classics,2012,Ministry Of Sound,3569093,3:39
Jaheim,Just In Case (Dub-A-Holics Roller's Revival Mix),Back To The Old Skool Garage Classics,2012,Ministry Of Sound,3569093,3:16
M Dubs,Bump 'n' Grind (Sunship Mix),Back To The Old Skool Garage Classics,2012,Ministry Of Sound,3569093,3:09
Glamma Kid,Why (10° Below Vocal Mix),Back To The Old Skool Garage Classics,2012,Ministry Of Sound,3569093,3:16
"Tru Faith, Dub Conspiracy",Freak Like Me,Back To The Old Skool Garage Classics,2012,Ministry Of Sound,3569093,3:23
"Sunship, Anita Kelsey",Try Me Out (Let Me Lick It),Back To The Old Skool Garage Classics,2012,Ministry Of Sound,3569093,3:38
"Frances James, DJ Face",Girls Play Too,Back To The Old Skool Garage Classics,2012,Ministry Of Sound,3569093,3:16
DJ Innocence,So Beautiful,Back To The Old Skool Garage Classics,2012,Ministry Of Sound,3569093,3:45
Lonyo,Garage Girls (Sunship Remix),Back To The Old Skool Garage Classics,2012,Ministry Of Sound,3569093,3:27
"Dreem Teem, Artful Dodger",It Ain't Enough (Dub Mix),Back To The Old Skool Garage Classics,2012,Ministry Of Sound,3569093,3:20
Craig David,Seven Days (Sunship Remix),Back To The Old Skool Garage Classics,2012,Ministry Of Sound,3569093,4:18
"DJ Luck & MC Neat, JJ (5)",Ain't No Stoppin Us (Oracles Mix),Back To The Old Skool Garage Classics,2012,Ministry Of Sound,3569093,4:33
"Ramsey & Fen, Lynsey Moore",Love Bug,Back To The Old Skool Garage Classics,2012,Ministry Of Sound,3569093,2:53
Kristine Blond,Love Shy (Club Asylum Mix),Back To The Old Skool Garage Classics,2012,Ministry Of Sound,3569093,3:11
Amar,Sometimes It Snows In April (Dreem House Dub Mix),Back To The Old Skool Garage Classics,2012,Ministry Of Sound,3569093,4:07
Shola Ama,Run To Me (Club Asylum Remix),Back To The Old Skool Garage Classics,2012,Ministry Of Sound,3569093,4:22
Indo,RU Sleeping? (Bump & Flex Remix),Back To The Old Skool Garage Classics,2012,Ministry Of Sound,3569093,2:40
"10° Below, Kele Le Roc",My Love,Back To The Old Skool Garage Classics,2012,Ministry Of Sound,3569093,4:22
"Robbie Craig, Gerideau",Who's The Better Man? (Godfather Remix),Back To The Old Skool Garage Classics,2012,Ministry Of Sound,3569093,4:07
"Richie Dan, K-Warren",Call It Fate,Back To The Old Skool Garage Classics,2012,Ministry Of Sound,3569093,4:11
Bizzi,Bizzi's Party (Booker T Remix),Back To The Old Skool Garage Classics,2012,Ministry Of Sound,3569093,2:53
Cleptomaniacs,All I Do (Bump & Flex Club Mix),Back To The Old Skool Garage Classics,2012,Ministry Of Sound,3569093,2:39
"Somore, Damon Trueitt",I Refuse (What You Want) (Industry Standard Mix),Back To The Old Skool Garage Classics,2012,Ministry Of Sound,3569093,3:53
Once Waz Nice,Messing Around (Wideboys Remix),Back To The Old Skool Garage Classics,2012,Ministry Of Sound,3569093,2:47
Double 99,Ripgroove (Vocal Club Mix),Back To The Old Skool Garage Classics,2012,Ministry Of Sound,3569093,6:12
CJ Bolland,Sugar Is Sweeter (Armand's Drum 'n' Bass Mix),Back To The Old Skool Garage Classics,2012,Ministry Of Sound,3569093,3:11
"Sticky, Ms. Dynamite",Booo!,Back To The Old Skool Garage Classics,2012,Ministry Of Sound,3569093,3:44
Oxide & Neutrino,Bound 4 Da Reload,Back To The Old Skool Garage Classics,2012,Ministry Of Sound,3569093,3:20
"Teebone, MC Sparks, MC Kie",Fly Bi,Back To The Old Skool Garage Classics,2012,Ministry Of Sound,3569093,3:04
DJ Dee Kline,I Don't Smoke,Back To The Old Skool Garage Classics,2012,Ministry Of Sound,3569093,3:19
Future Underground Nation,It's The Way (99 Remix),Back To The Old Skool Garage Classics,2012,Ministry Of Sound,3569093,3:33
Zack Toms,Bring Me Down,Back To The Old Skool Garage Classics,2012,Ministry Of Sound,3569093,3:47
Sia,Little Man (Wookie Mix),Back To The Old Skool Garage Classics,2012,Ministry Of Sound,3569093,3:34
Mark Ryder,Joy,Back To The Old Skool Garage Classics,2012,Ministry Of Sound,3569093,3:51
DJ Lewi,Hold Me Tight (4x4 VIP Remix),Back To The Old Skool Garage Classics,2012,Ministry Of Sound,3569093,2:07
Second Protocol,Basslick,Back To The Old Skool Garage Classics,2012,Ministry Of Sound,3569093,3:47
Mr. Reds,Can You Feel It,Back To The Old Skool Garage Classics,2012,Ministry Of Sound,3569093,3:04
"BM Dubs, Mr. Rumble, Brasstooth, Kee",Whoomph!...There It Is,Back To The Old Skool Garage Classics,2012,Ministry Of Sound,3569093,2:39
"Sunship, MC RB",Cheque One Two,Back To The Old Skool Garage Classics,2012,Ministry Of Sound,3569093,4:06
Dem 2,Destiny,Back To The Old Skool Garage Classics,2012,Ministry Of Sound,3569093,2:51
"Artful Dodger, Craig David",Re-Rewind,Back To The Old Skool Garage Classics Volume II,2012,Ministry Of Sound,4194720,
Mis-Teeq,Why? (Matt Jam Lamont Mix),Back To The Old Skool Garage Classics Volume II,2012,Ministry Of Sound,4194720,
MJ Cole,Crazy Love,Back To The Old Skool Garage Classics Volume II,2012,Ministry Of Sound,4194720,
"True Steppers, Dane Bowers",Buggin',Back To The Old Skool Garage Classics Volume II,2012,Ministry Of Sound,4194720,
K-Ci & JoJo,Tell Me It's Real (Club Asylum Vocal Edit),Back To The Old Skool Garage Classics Volume II,2012,Ministry Of Sound,4194720,
"NCA, Robbie Craig",Lessons In Love (Jam & Face Remix),Back To The Old Skool Garage Classics Volume II,2012,Ministry Of Sound,4194720,
Usher,Pop Ya Collar (G4orce Jazz Step Vocal),Back To The Old Skool Garage Classics Volume II,2012,Ministry Of Sound,4194720,
Jhelisa,Friendly Pressure (Sunship Into The Sunshine Remix),Back To The Old Skool Garage Classics Volume II,2012,Ministry Of Sound,4194720,
Ladies First,Kiss The Sunshine (Ladies First Vs Sunship),Back To The Old Skool Garage Classics Volume II,2012,Ministry Of Sound,4194720,
Tony Momrelle,If You Were Here Tonight (Daryl B & M. Yardley Vocal Mix),Back To The Old Skool Garage Classics Volume II,2012,Ministry Of Sound,4194720,
P!nk,There You Go (Sovereign Remix),Back To The Old Skool Garage Classics Volume II,2012,Ministry Of Sound,4194720,
"Distant Soundz, Rob Beaumont",Time After Time,Back To The Old Skool Garage Classics Volume II,2012,Ministry Of Sound,4194720,
"TJ Cases, Kat Blu",Do It Again,Back To The Old Skool Garage Classics Volume II,2012,Ministry Of Sound,4194720,
"About 2, Cameron (4)",Let The Music Take Control,Back To The Old Skool Garage Classics Volume II,2012,Ministry Of Sound,4194720,
"B-15 Project, Shola Ama, Ms. Dynamite",Feels So Good,Back To The Old Skool Garage Classics Volume II,2012,Ministry Of Sound,4194720,
"Artful Dodger, Lifford",Please Don't Turn Me On (UK Garage Mix),Back To The Old Skool Garage Classics Volume II,2012,Ministry Of Sound,4194720,
Håkan Lidbo,Walk Away (Todd Edward's Tell Someone Dub Mix),Back To The Old Skool Garage Classics Volume II,2012,Ministry Of Sound,4194720,
3rd Core,Mindless And Broken (MJ Cole Edit),Back To The Old Skool Garage Classics Volume II,2012,Ministry Of Sound,4194720,
"Artful Dodger, Robbie Craig, Craig David",Woman Trouble,Back To The Old Skool Garage Classics Volume II,2012,Ministry Of Sound,4194720,
DJ Luck & MC Neat,Piano Loco,Back To The Old Skool Garage Classics Volume II,2012,Ministry Of Sound,4194720,
So Solid Crew,Oh No,Back To The Old Skool Garage Classics Volume II,2012,Ministry Of Sound,4194720,
"Oxide & Neutrino, Megaman, Romeo, Lisa Maffia",No Good For Me,Back To The Old Skool Garage Classics Volume II,2012,Ministry Of Sound,4194720,
The Streets,Has It Come To This?,Back To The Old Skool Garage Classics Volume II,2012,Ministry Of Sound,4194720,
"Sticky, Kele Le Roc",Things We Do For Love,Back To The Old Skool Garage Classics Volume II,2012,Ministry Of Sound,4194720,
Dionne Rakeem,Sweeter Than Wine (Club Asylum Remix),Back To The Old Skool Garage Classics Volume II,2012,Ministry Of Sound,4194720,
Colour Girl,Joyrider (Y Tribes Underground Remix),Back To The Old Skool Garage Classics Volume II,2012,Ministry Of Sound,4194720,
Dinamyte,Dynamite (Dancehall Queen),Back To The Old Skool Garage Classics Volume II,2012,Ministry Of Sound,4194720,
"Stephen Emmanuel, Colours (5)",Hold On (SE22 Mix),Back To The Old Skool Garage Classics Volume II,2012,Ministry Of Sound,4194720,
Jeremy Sylvester,Making Love (Dub Mix),Back To The Old Skool Garage Classics Volume II,2012,Ministry Of Sound,4194720,
Deetah,Relax (Bump ‘N’ Flex Mix),Back To The Old Skool Garage Classics Volume II,2012,Ministry Of Sound,4194720,
Da Click,Good Rhymes,Back To The Old Skool Garage Classics Volume II,2012,Ministry Of Sound,4194720,
Jammin',Go DJ,Back To The Old Skool Garage Classics Volume II,2012,Ministry Of Sound,4194720,
Shut Up & Dance,No Doubt,Back To The Old Skool Garage Classics Volume II,2012,Ministry Of Sound,4194720,
Reservoir Dogs,Buddah Finger,Back To The Old Skool Garage Classics Volume II,2012,Ministry Of Sound,4194720,
Maxwell D,Serious,Back To The Old Skool Garage Classics Volume II,2012,Ministry Of Sound,4194720,
"GodsGift, Teebone",Mic Tribute Update,Back To The Old Skool Garage Classics Volume II,2012,Ministry Of Sound,4194720,
187 Lockdown,Rewind (Come Selecta),Back To The Old Skool Garage Classics Volume II,2012,Ministry Of Sound,4194720,
"Boris Dlugosch, BOOOM!",Hold Your Head Up High (Julian Jonah's Bad Boy Remix),Back To The Old Skool Garage Classics Volume II,2012,Ministry Of Sound,4194720,
Kim English,Nite Life (The Armand Van Helden Retail Mix),Back To The Old Skool Garage Classics Volume II,2012,Ministry Of Sound,4194720,
"Matt ""Jam"" Lamont, The Jam Experience",Feel My Love,Back To The Old Skool Garage Classics Volume II,2012,Ministry Of Sound,4194720,
The Dub Monsters,Waiting,Back To The Old Skool Garage Classics Volume II,2012,Ministry Of Sound,4194720,
Jodeci,Freek'n You (MK Dub),Back To The Old Skool Garage Classics Volume II,2012,Ministry Of Sound,4194720,
New Horizons,Find The Path (In Your Mind),Back To The Old Skool Garage Classics Volume II,2012,Ministry Of Sound,4194720,
D'n'D,Diamond Rings,Back To The Old Skool Garage Classics Volume II,2012,Ministry Of Sound,4194720,
Big Bird,Flav,Back To The Old Skool Garage Classics Volume II,2012,Ministry Of Sound,4194720,
"M Dubs, Richie Dan",Over Here (M-Dubs Iron Mike Mix),Back To The Old Skool Garage Classics Volume II,2012,Ministry Of Sound,4194720,
24Hour Experience,Together,Back To The Old Skool Garage Classics Volume II,2012,Ministry Of Sound,4194720,
N'n'G,I Keep,Back To The Old Skool Garage Classics Volume II,2012,Ministry Of Sound,4194720,
Danny J Lewis,Spend The Night (H Man Mix),Back To The Old Skool Garage Classics Volume II,2012,Ministry Of Sound,4194720,
"Roy Davis Jr., Peven Everett",Gabriel (Live Garage Mix),Back To The Old Skool Garage Classics Volume II,2012,Ministry Of Sound,4194720,
Myron,We Can Get Down (Groove Chronicles Remix),Back To The Old Skool Garage Classics Volume II,2012,Ministry Of Sound,4194720,
Siedah Garrett,Do You Want It Right Now,Saturday Night Club Classics,2013,Ministry Of Sound,4514999,
Rosie Gaines,Closer Than Close,Saturday Night Club Classics,2013,Ministry Of Sound,4514999,
Black Legend,See The Trouble With Me,Saturday Night Club Classics,2013,Ministry Of Sound,4514999,
The Cardigans,My Favourite Game,Back To The Old Skool Indie Dance Classics,2013,Ministry Of Sound,4714437,
The Stone Roses,Begging You,Back To The Old Skool Indie Dance Classics,2013,Ministry Of Sound,4714437,
The Bluetones,Marblehead Johnson,Back To The Old Skool Indie Dance Classics,2013,Ministry Of Sound,4714437,
Monaco,What Do You Want From Me?,Back To The Old Skool Indie Dance Classics,2013,Ministry Of Sound,4714437,
Dodgy,Good Enough,Back To The Old Skool Indie Dance Classics,2013,Ministry Of Sound,4714437,
The Levellers,One Way,Back To The Old Skool Indie Dance Classics,2013,Ministry Of Sound,4714437,
Pop Will Eat Itself,Def Con One,Back To The Old Skool Indie Dance Classics,2013,Ministry Of Sound,4714437,
Saint Etienne,He's On The Phone (Motiv 8 Mix),Back To The Old Skool Indie Dance Classics,2013,Ministry Of Sound,4714437,
Pianoman,Blurred,Back To The Old Skool Indie Dance Classics,2013,Ministry Of Sound,4714437,
Sunscreem,Perfect Motion,Back To The Old Skool Indie Dance Classics,2013,Ministry Of Sound,4714437,
Fluke,Slid (Grid),Back To The Old Skool Indie Dance Classics,2013,Ministry Of Sound,4714437,
Boy George,Generations Of Love,Back To The Old Skool Indie Dance Classics,2013,Ministry Of Sound,4714437,
The Orb,The Blue Room,Back To The Old Skool Indie Dance Classics,2013,Ministry Of Sound,4714437,
Fatboy Slim,Santa Cruz,Back To The Old Skool Indie Dance Classics,2013,Ministry Of Sound,4714437,
Credit To The Nation,Call It What You Want,Back To The Old Skool Indie Dance Classics,2013,Ministry Of Sound,4714437,
"MC Tunes, 808 State",The Only Rhyme That Bites,Back To The Old Skool Indie Dance Classics,2013,Ministry Of Sound,4714437,
Mr. Fingers,Can You Feel It? (Original Instrumental Mix),Back To The Old Skool Indie Dance Classics,2013,Ministry Of Sound,4714437,
Florence And The Machine,Spectrum (Maya Jane Coles Remix),Chilled House Classics,2013,Ministry Of Sound,4820566,3:54
"Naughty Boy (3), Emeli Sandé",Wonder (Kidnap Kid Remix),Chilled House Classics,2013,Ministry Of Sound,4820566,3:03
"Duke Dumont, A*M*E",Need You (100%) (Skreamix),Chilled House Classics,2013,Ministry Of Sound,4820566,3:21
Jessie Ware,If You're Never Gonna To Move,Chilled House Classics,2013,Ministry Of Sound,4820566,3:15
"Alex Metric, Jacques Lu Cont, Malin Dahlström",Safe With You (Henry Krinkle Remix),Chilled House Classics,2013,Ministry Of Sound,4820566,4:05
Foals,My Number (Totally Enormous Extinct Dinosaurs Remix),Chilled House Classics,2013,Ministry Of Sound,4820566,4:36
Totally Enormous Extinct Dinosaurs,Your Love (Waze & Odyssey Remix),Chilled House Classics,2013,Ministry Of Sound,4820566,4:19
Aloe Blacc,I Need A Dollar (Tensnake Remix),Chilled House Classics,2013,Ministry Of Sound,4820566,3:20
Nero (5),Reaching Out (Fred Falke Remix),Chilled House Classics,2013,Ministry Of Sound,4820566,4:00
The Chemical Brothers,Swoon (Lindstrøm & Prins Thomas Remix Edit),Chilled House Classics,2013,Ministry Of Sound,4820566,4:27
Empire Of The Sun,We Are The People (The Shapeshifters Vocal Remix),Chilled House Classics,2013,Ministry Of Sound,4820566,4:14
Burns (4),Lies (Acrobat Remix),Chilled House Classics,2013,Ministry Of Sound,4820566,4:36
Metronomy,The Bay (Erol Alkan Remix),Chilled House Classics,2013,Ministry Of Sound,4820566,4:42
"Breakbot, Irfane",Baby I'm Yours,Chilled House Classics,2013,Ministry Of Sound,4820566,3:32
Silicone Soul,Right On,Chilled House Classics,2013,Ministry Of Sound,4820566,3:55
"Sandy Rivera, Haze",Changes,Chilled House Classics,2013,Ministry Of Sound,4820566,3:33
Rusko,Cockney Thug,The Sound Of Dubstep Classics,2013,Ministry Of Sound,5213837,3:33
"Foreign Beggars, Skrillex",Still Gettin' It,The Sound Of Dubstep Classics,2013,Ministry Of Sound,5213837,3:39
"Flux Pavilion, Doctor P",Superbad,The Sound Of Dubstep Classics,2013,Ministry Of Sound,5213837,3:29
Modestep,Sunlight,The Sound Of Dubstep Classics,2013,Ministry Of Sound,5213837,3:48
Benga,26 Basslines,The Sound Of Dubstep Classics,2013,Ministry Of Sound,5213837,4:29
"Rusko, Amber Coffman",Hold On,The Sound Of Dubstep Classics,2013,Ministry Of Sound,5213837,4:29
Emalkay,When I Look At You,The Sound Of Dubstep Classics,2013,Ministry Of Sound,5213837,4:40
Jamie Woon,Night Air (Ramadanman Refix),The Sound Of Dubstep Classics,2013,Ministry Of Sound,5213837,2:27
Professor Green,Monster (Camo & Krooked Remix),The Sound Of Dubstep Classics,2013,Ministry Of Sound,5213837,4:34
Swedish House Mafia,One (Caspa Dub Remix),The Sound Of Dubstep Classics,2013,Ministry Of Sound,5213837,4:21
Ellie Goulding,Starry Eyed (Jakwob Remix),The Sound Of Dubstep Classics,2013,Ministry Of Sound,5213837,4:07
"Wiley (2), Chew-Fu Phat",Take That (Doorly Dubstep Remix),The Sound Of Dubstep Classics,2013,Ministry Of Sound,5213837,3:49
"Labrinth, Tinie Tempah",Earthquake (Noisa Remix),The Sound Of Dubstep Classics,2013,Ministry Of Sound,5213837,5:14
"Kid Sister, Kanye West",Pro Nails (Rusko Remix),The Sound Of Dubstep Classics,2013,Ministry Of Sound,5213837,4:21
Andy C & Shimon,Quest (VIP Mix),Back To The Old Skool Drum N Bass,2002,Ministry Of Sound,33783,4:28
Q Project,Champion Sound (Alliance Mix),Back To The Old Skool Drum N Bass,2002,Ministry Of Sound,33783,4:10
Fatboy Slim,The Rockafeller Skank (Mulder's Urban Takeover Remix),Back To The Old Skool Drum N Bass,2002,Ministry Of Sound,33783,3:43
Aphrodite & Micky Finn,Bad Ass (LAPD Mix),Back To The Old Skool Drum N Bass,2002,Ministry Of Sound,33783,2:59
Amazon II,King Of The Beats,Back To The Old Skool Drum N Bass,2002,Ministry Of Sound,33783,4:51
Aphrodite,Tower Bass,Back To The Old Skool Drum N Bass,2002,Ministry Of Sound,33783,4:17
Urban Shakedown,Arsonist A.K.A. Some Justice 95 (Arsonist Dub Mix),Back To The Old Skool Drum N Bass,2002,Ministry Of Sound,33783,3:21
"Hatiras, J Majik",Spaced Invader,Back To The Old Skool Drum N Bass,2002,Ministry Of Sound,33783,4:28
"J Majik, Kathy Brown",Love Is Not A Game,Back To The Old Skool Drum N Bass,2002,Ministry Of Sound,33783,5:02
Doc Scott,Drumz '95 (Nasty Habits Remix),Back To The Old Skool Drum N Bass,2002,Ministry Of Sound,33783,3:49
Goldie,Still Life (Photek Remix),Back To The Old Skool Drum N Bass,2002,Ministry Of Sound,33783,3:34
Dillinja,Angels Fall,Back To The Old Skool Drum N Bass,2002,Ministry Of Sound,33783,3:50
T.Power,Mutant Jazz - Roller Instinct (DJ Trace Remix),Back To The Old Skool Drum N Bass,2002,Ministry Of Sound,33783,4:22
Omni Trio,Renegade Snares (Foul Play Mix),Back To The Old Skool Drum N Bass,2002,Ministry Of Sound,33783,4:54
Breakbeat Era,Ultra Obscene,Back To The Old Skool Drum N Bass,2002,Ministry Of Sound,33783,4:43
Peshay,The Piano Tune,Back To The Old Skool Drum N Bass,2002,Ministry Of Sound,33783,4:07
E-Z Rollers,RS2000,Back To The Old Skool Drum N Bass,2002,Ministry Of Sound,33783,3:44
Deep Blue,The Helicopter Tune (VIP Mix),Back To The Old Skool Drum N Bass,2002,Ministry Of Sound,33783,4:16
Hyper On Experience,Lord Of The Null Lines,Back To The Old Skool Drum N Bass,2002,Ministry Of Sound,33783,3:38
Foul Play,The Stepper (Remix),Back To The Old Skool Drum N Bass,2002,Ministry Of Sound,33783,5:07
PFM,The Western,Back To The Old Skool Drum N Bass,2002,Ministry Of Sound,33783,4:22
LTJ Bukem,Music,Back To The Old Skool Drum N Bass,2002,Ministry Of Sound,33783,4:58
J Majik,Your Sound,Back To The Old Skool Drum N Bass,2002,Ministry Of Sound,33783,3:21
Apollo Two,Atlantis (I Need You) (LTJ Bukem Mix),Back To The Old Skool Drum N Bass,2002,Ministry Of Sound,33783,3:44
Lennie De Ice,We Are I.E.,Back To The Old Skool Drum N Bass,2002,Ministry Of Sound,33783,3:23
Jaheim,Just In Case (Dub-A-Holics Roller's Revival Mix Edit),Throwback Old Skool Anthems,2015,Ministry Of Sound,6979895,
"Selena (5), X-Men (5)",Give It Up,Throwback Old Skool Anthems,2015,Ministry Of Sound,6979895,
Jamiroquai,Space Cowboy (Classic Radio),Throwback Old Skool Anthems,2015,Ministry Of Sound,6979895,
Mousse T.,Horny '98,Throwback Old Skool Anthems,2015,Ministry Of Sound,6979895,
Alison Limerick,Where Love Lives (Come On In) (Dancing Divaz Club Mix),Throwback Old Skool Anthems,2015,Ministry Of Sound,6979895,
"David Guetta & Joachim Garraud, Chris Willis",Just A Little More Love (Wally Lopez Remix),Throwback Old Skool Anthems,2015,Ministry Of Sound,6979895,
Layo & Bushwacka!,Love Story (Vs Finally) Bootleg,Throwback Old Skool Anthems,2015,Ministry Of Sound,6979895,
Freemasons,Watchin',Throwback Old Skool Anthems,2015,Ministry Of Sound,6979895,
Craig David,Rendez-Vous (Blacksmith R&B Rerub),Old Skool,2016,Ministry Of Sound,8482069,
Ne-Yo,Because Of You,Old Skool,2016,Ministry Of Sound,8482069,
Nina Sky,Move Ya Body,Old Skool,2016,Ministry Of Sound,8482069,
Kelly Rowland,Work (Freemasons Radio Edit),Old Skool,2016,Ministry Of Sound,8482069,
"The Wideboys, Dennis G",Sambuca,Old Skool,2016,Ministry Of Sound,8482069,
"Oxide & Neutrino, Megaman, Romeo, Lisa Maffia",No Good 4 Me,Old Skool,2016,Ministry Of Sound,8482069,
K.P. & Envyi,Swing My Way,Old Skool,2016,Ministry Of Sound,8482069,
Ghost Town DJ's,My Boo,Old Skool,2016,Ministry Of Sound,8482069,
702,You Don't Know,Old Skool,2016,Ministry Of Sound,8482069,
Sean Paul,Gimme The Light,Old Skool,2016,Ministry Of Sound,8482069,
Jennifer Lopez,Jenny From The Block,Old Skool,2016,Ministry Of Sound,8482069,
Eve (2),Who's That Girl?,Old Skool,2016,Ministry Of Sound,8482069,
Usher,Pop Ya Collar (G4orge Jazz Step Vocal),Old Skool,2016,Ministry Of Sound,8482069,
"Gadjo, Alexandra Prince",So Many Times (StoneBridge Radio Edit),Old Skool,2016,Ministry Of Sound,8482069,
"Tzant, ODC MC",Sounds Of Wickedness (PF Project Radio Edit),Old Skool,2016,Ministry Of Sound,8482069,
Incognito,Always There (David Morales Remix),Old Skool,2016,Ministry Of Sound,8482069,
Degrees Of Motion,Do You Want It Right Now (King Street Edit),Old Skool,2016,Ministry Of Sound,8482069,
Luniz,I Got 5 On It (Urban Takeover Radio Remix),Old Skool,2016,Ministry Of Sound,8482069,
Nelly,Country Grammar,Old Skool,2016,Ministry Of Sound,8482069,
"Cassidy (3), R. Kelly",Hotel,Old Skool,2016,Ministry Of Sound,8482069,
"Cam'ron, Juelz Santana, Freekey Zekey, Toya (2)",Hey Ma,Old Skool,2016,Ministry Of Sound,8482069,
Marvin Gaye,I Heard It Through The Grapevine,Anthems Soul Classics,2016,Ministry Of Sound,8899875,
Stevie Wonder,"Signed, Sealed, Delivered (I'm Yours)",Anthems Soul Classics,2016,Ministry Of Sound,8899875,
Aretha Franklin,I Say A Little Prayer,Anthems Soul Classics,2016,Ministry Of Sound,8899875,
James Brown,Papa's Got A Brand New Bag,Anthems Soul Classics,2016,Ministry Of Sound,8899875,
Bobby Hebb,Sunny,Anthems Soul Classics,2016,Ministry Of Sound,8899875,
Nina Simone,Here Comes The Sun,Anthems Soul Classics,2016,Ministry Of Sound,8899875,
Marlena Shaw,California Soul,Anthems Soul Classics,2016,Ministry Of Sound,8899875,
"Marvin Gaye, Tammi Terrell",Ain't No Mountain High Enough,Anthems Soul Classics,2016,Ministry Of Sound,8899875,
The Supremes,You Keep Me Hangin' On,Anthems Soul Classics,2016,Ministry Of Sound,8899875,
The Miracles,The Tracks Of My Tears,Anthems Soul Classics,2016,Ministry Of Sound,8899875,
The Isley Brothers,This Old Heart Of Mine (Is Weak For You),Anthems Soul Classics,2016,Ministry Of Sound,8899875,
The Temptations,My Girl,Anthems Soul Classics,2016,Ministry Of Sound,8899875,
Mary Wells,My Guy,Anthems Soul Classics,2016,Ministry Of Sound,8899875,
Martha Reeves & The Vandellas,Dancing In The Street,Anthems Soul Classics,2016,Ministry Of Sound,8899875,
Sam & Dave,Soul Man,Anthems Soul Classics,2016,Ministry Of Sound,8899875,
Michael Jackson,Ben,Anthems Soul Classics,2016,Ministry Of Sound,8899875,
Otis Redding,Sittin' On (The Dock Of The Bay),Anthems Soul Classics,2016,Ministry Of Sound,8899875,
The Jackson 5,Who's Lovin' You,Anthems Soul Classics,2016,Ministry Of Sound,8899875,
James Brown,The Boss,Anthems Soul Classics,2016,Ministry Of Sound,8899875,
Erma Franklin,Piece Of My Heart,Anthems Soul Classics,2016,Ministry Of Sound,8899875,
Four Tops,"Reach Out, I'll Be There",Anthems Soul Classics,2016,Ministry Of Sound,8899875,
Jackie Wilson,(I Get The) Sweetest Feeling,Anthems Soul Classics,2016,Ministry Of Sound,8899875,
Eddie Floyd,Knock On Wood,Anthems Soul Classics,2016,Ministry Of Sound,8899875,
Gladys Knight And The Pips,Midnight Train To Georgia,Anthems Soul Classics,2016,Ministry Of Sound,8899875,
Wilson Pickett,In The Midnight Hour,Anthems Soul Classics,2016,Ministry Of Sound,8899875,
The Young Rascals,Groovin',Anthems Soul Classics,2016,Ministry Of Sound,8899875,
Sam & Dave,Hold On! I'm Comin',Anthems Soul Classics,2016,Ministry Of Sound,8899875,
Carla Thomas,B-A-B-Y,Anthems Soul Classics,2016,Ministry Of Sound,8899875,
Don Covay & The Goodtimers,See Saw,Anthems Soul Classics,2016,Ministry Of Sound,8899875,
The Jackson 5,I'll Be There,Anthems Soul Classics,2016,Ministry Of Sound,8899875,
Aretha Franklin,Until You Come Back To Me (That's What I'm Going To Do),Anthems Soul Classics,2016,Ministry Of Sound,8899875,
The Drifters,Under The Boardwalk,Anthems Soul Classics,2016,Ministry Of Sound,8899875,
Solomon Burke,Cry To Me,Anthems Soul Classics,2016,Ministry Of Sound,8899875,
Jimmy Ruffin,What Becomes Of The Brokenhearted,Anthems Soul Classics,2016,Ministry Of Sound,8899875,
Percy Sledge,When A Man Loves A Woman,Anthems Soul Classics,2016,Ministry Of Sound,8899875,
Dionne Warwick,Walk On By,Anthems Soul Classics,2016,Ministry Of Sound,8899875,
Roberta Flack,The First Time Ever I Saw Your Face,Anthems Soul Classics,2016,Ministry Of Sound,8899875,
Billy Paul,Me And Mrs Jones,Anthems Soul Classics,2016,Ministry Of Sound,8899875,
"Marvin Gaye, Tammi Terrell",You're All I Need To Get By,Anthems Soul Classics,2016,Ministry Of Sound,8899875,
Spinners,Could It Be I'm Falling In Love,Anthems Soul Classics,2016,Ministry Of Sound,8899875,
Billy Ocean,Love Really Hurts Without You,Anthems Soul Classics,2016,Ministry Of Sound,8899875,
Bloodstone,Natural High,Anthems Soul Classics,2016,Ministry Of Sound,8899875,
William Bell,A Tribute To A King,Anthems Soul Classics,2016,Ministry Of Sound,8899875,
Ce Ce Peniston,"Finally [7"" Choice Mix]",Club Classics ,2017,Ministry Of Sound,13841041,3:50
Basement Jaxx,Red Alert [Jaxx Radio Mix],Club Classics ,2017,Ministry Of Sound,13841041,3:45
Jamiroquai,Space Cowboy [Classic Radio],Club Classics ,2017,Ministry Of Sound,13841041,4:03
Bobby Brown,Two Can Play That Game [K-Klassik Radio Mix],Club Classics ,2017,Ministry Of Sound,13841041,3:33
Robin S.,Show Me Love [Radio Mix],Club Classics ,2017,Ministry Of Sound,13841041,3:27
Armand Van Helden,You Don't Know Me [Radio Edit],Club Classics ,2017,Ministry Of Sound,13841041,3:33
Urban Cookie Collective,"Key, The Secret [Dancing Divaz Edit]",Club Classics ,2017,Ministry Of Sound,13841041,3:36
Rosie Gaines,Closer Than Close [Mentor Mix],Club Classics ,2017,Ministry Of Sound,13841041,3:38
Tina Moore,Never Gonna Let You Go [Kelly G. Bump-N-Go Vocal Edit],Club Classics ,2017,Ministry Of Sound,13841041,4:11
Ultra Naté,Free [Radio Edit],Club Classics ,2017,Ministry Of Sound,13841041,3:50
The Jacksons,Shake Your Body (Down To The Ground) [Single Edit],Club Classics ,2017,Ministry Of Sound,13841041,3:41
"Earth, Wind & Fire",September [Album Version],Club Classics ,2017,Ministry Of Sound,13841041,3:35
Chic,Freak [Single Version],Club Classics ,2017,Ministry Of Sound,13841041,3:31
Shalamar,Night To Remember,Club Classics ,2017,Ministry Of Sound,13841041,3:26
Change,Change Of Heart [Radio Edit],Club Classics ,2017,Ministry Of Sound,13841041,3:46
Clean Bandit,Rather Be,Club Classics ,2017,Ministry Of Sound,13841041,3:44
Phats & Small,Turn Around [Radio Edit],Club Classics ,2017,Ministry Of Sound,13841041,3:30
Eric Prydz,Call On Me [Radio Mix],Club Classics ,2017,Ministry Of Sound,13841041,2:42
Avicii,Wake Me Up [Radio Edit],Club Classics ,2017,Ministry Of Sound,13841041,4:08
Sigala,Easy Love [Radio Edit],Club Classics ,2017,Ministry Of Sound,13841041,2:35
Moloko,Sing It Back [Boris Musical Mix],Club Classics ,2017,Ministry Of Sound,13841041,4:41
Michael Gray,Weekend [Radio Edit],Club Classics ,2017,Ministry Of Sound,13841041,3:10
Tom Novy,Your Body [Uk Radio Edit],Club Classics ,2017,Ministry Of Sound,13841041,2:46
Booty Luv,Boogie 2nite [Seamus Haji Big Love Edit],Club Classics ,2017,Ministry Of Sound,13841041,3:10
Fatboy Slim,Praise You [Remastered],Club Classics ,2017,Ministry Of Sound,13841041,3:43
Roger Sanchez,Another Chance [Radio Edit],Club Classics ,2017,Ministry Of Sound,13841041,3:26
Studio B,I See Girls (Crazy) [Tom Neville Radio Edit],Club Classics ,2017,Ministry Of Sound,13841041,2:56
Byron Stingily,Get Up (Everybody) (Parade Edit),Piano House Classics,2017,Ministry Of Sound,11194599,
M People,How Can I Love You More?,Piano House Classics,2017,Ministry Of Sound,11194599,
Rhythm On The Loose,Break Of Dawn (Edit Me Edit),Piano House Classics,2017,Ministry Of Sound,11194599,
Kym Sims,Too Blind To See It,Piano House Classics,2017,Ministry Of Sound,11194599,
"Nuyorican Soul, Jocelyn Brown","It's Alright, I Feel It",Piano House Classics,2017,Ministry Of Sound,11194599,
Atlantic Ocean,Waterfall (Netherlands Mix),Piano House Classics,2017,Ministry Of Sound,11194599,
East Side Beat,Ride Like The Wind,Piano House Classics,2017,Ministry Of Sound,11194599,
49ers,Touch Me,Piano House Classics,2017,Ministry Of Sound,11194599,
Saint Etienne,He's On The Phone,Piano House Classics,2017,Ministry Of Sound,11194599,
"Fire Island, Mark Anthoni",If You Should Need A Friend (Fire Island Club Mix Edit),Piano House Classics,2017,Ministry Of Sound,11194599,
The Chimes,Heaven,Piano House Classics,2017,Ministry Of Sound,11194599,
Slo Moshun,Bells Of N.Y. (House 2 House Edit),Piano House Classics,2017,Ministry Of Sound,11194599,
Lovestation,Love Come Rescue Me,Piano House Classics,2017,Ministry Of Sound,11194599,
"Double Dee, Dany",Found Love,Piano House Classics,2017,Ministry Of Sound,11194599,
"Solu Music, Kimblee",Fade (Grant Nelson Remix),Funky House Classics,2018,Ministry Of Sound,12564716,
"Blaze, Underground Dance Artists United For Life, Barbara Tucker",Most Precious Love (Freemasons Edit),Funky House Classics,2018,Ministry Of Sound,12564716,
Shakedown,At Night (Kid Crème Club Edit),Funky House Classics,2018,Ministry Of Sound,12564716,
Studio B,I See Girls (Crazy) (Tom Neville Edit),Funky House Classics,2018,Ministry Of Sound,12564716,
"Seamus Haji, KayJay",Last Night A DJ Saved My Life (Haji & Emanuel Mix),Funky House Classics,2018,Ministry Of Sound,12564716,
"Dave Spoon, Lisa Maffia",Bad Girl (At Night),Funky House Classics,2018,Ministry Of Sound,12564716,
The Ian Carey Project,Get Shaky (Vandalism Edit),Funky House Classics,2018,Ministry Of Sound,12564716,
"Bob Sinclar, Steve Edwards","World, Hold On",Funky House Classics,2018,Ministry Of Sound,12564716,
Red Carpet,Alright,Funky House Classics,2018,Ministry Of Sound,12564716,
"Aaron Smith, Luvli",Dancin',Funky House Classics,2018,Ministry Of Sound,12564716,
"Salif Keita, Martin Solveig",Madan (Exotic Disco Edit),Funky House Classics,2018,Ministry Of Sound,12564716,
"ATFC, Lisa Millett",Bad Habit,Funky House Classics,2018,Ministry Of Sound,12564716,
Bobby Blanco & Miki Moto,3AM,Funky House Classics,2018,Ministry Of Sound,12564716,
"Scott Grooves, Parliament, Funkadelic",Mothership Reconnection (Daft Punk Remix),Funky House Classics,2018,Ministry Of Sound,12564716,
Modjo,Chillin',Funky House Classics,2018,Ministry Of Sound,12564716,
"Superfunk, Ron Carroll",Lucky Star,Funky House Classics,2018,Ministry Of Sound,12564716,
"David Morales, The Face (3), Juliet Roberts",Needin' U (I Needed U),Funky House Classics,2018,Ministry Of Sound,12564716,
Barbara Tucker,Beautiful People (Original Club Mix),Funky House Classics,2018,Ministry Of Sound,12564716,
"Jon Cutler, E-Man",It's Yours (Distant Music Mix),Funky House Classics,2018,Ministry Of Sound,12564716,
Silicone Soul,Right On!,Funky House Classics,2018,Ministry Of Sound,12564716,
"Ramos, Supreme & Sunset Regime",Crowd Control (Slipmatt Remix),Back To The Old Skool Happy Hardcore,2019,Ministry Of Sound,14130671,
DJ Seduction,Sample Mania,Back To The Old Skool Happy Hardcore,2019,Ministry Of Sound,14130671,
DJ Red Alert & Mike Slammer,In Effect (Sy & Unknown Remix),Back To The Old Skool Happy Hardcore,2019,Ministry Of Sound,14130671,
Dougal & Mickey Skeedale,Really Love You,Back To The Old Skool Happy Hardcore,2019,Ministry Of Sound,14130671,
SMD,SMD #3,Back To The Old Skool Happy Hardcore,2019,Ministry Of Sound,14130671,
Jimmy J & Cru-L-T,Six Days,Back To The Old Skool Happy Hardcore,2019,Ministry Of Sound,14130671,
"Dougal, DJ Vibes",Feel Free,Back To The Old Skool Happy Hardcore,2019,Ministry Of Sound,14130671,
DJ Force & The Evolution,Perfect Dreams,Back To The Old Skool Happy Hardcore,2019,Ministry Of Sound,14130671,
Brisk,Airhead (SMD Remix),Back To The Old Skool Happy Hardcore,2019,Ministry Of Sound,14130671,
Force & Styles,All Over The World,Back To The Old Skool Happy Hardcore,2019,Ministry Of Sound,14130671,
Triple J,Have It All,Back To The Old Skool Happy Hardcore,2019,Ministry Of Sound,14130671,
A Sense Of Summer,On Top (Hixxy Remix),Back To The Old Skool Happy Hardcore,2019,Ministry Of Sound,14130671,
Force Mass Motion,Panic (Hixxy & Druid Remix),Back To The Old Skool Happy Hardcore,2019,Ministry Of Sound,14130671,
"DJ Ham, DJ Demo, Justin Time",Here I Am,Back To The Old Skool Happy Hardcore,2019,Ministry Of Sound,14130671,
"Dougal, Eruption",Party Time,Back To The Old Skool Happy Hardcore,2019,Ministry Of Sound,14130671,
Dougal & Mickey Skeedale,Got To Go,Back To The Old Skool Happy Hardcore,2019,Ministry Of Sound,14130671,
"DJ Seduction, Eruption",Bust The New Jam,Back To The Old Skool Happy Hardcore,2019,Ministry Of Sound,14130671,
Hixxy & Sunset Regime,People's Party,Back To The Old Skool Happy Hardcore,2019,Ministry Of Sound,14130671,
"Force & Styles, Junior",Pretty Green Eyes,Back To The Old Skool Happy Hardcore,2019,Ministry Of Sound,14130671,
"Hixxy, Sharkey",Toy Town,Back To The Old Skool Happy Hardcore,2019,Ministry Of Sound,14130671,
Antisocial,Get Into Love,Back To The Old Skool Happy Hardcore,2019,Ministry Of Sound,14130671,
Visa,Fly Away (Hixxy Mix),Back To The Old Skool Happy Hardcore,2019,Ministry Of Sound,14130671,
Triple J,Follow The Sun,Back To The Old Skool Happy Hardcore,2019,Ministry Of Sound,14130671,
Hopscotch,Midnight Express,Back To The Old Skool Happy Hardcore,2019,Ministry Of Sound,14130671,
Force & Styles,Heart Of Gold,Back To The Old Skool Happy Hardcore,2019,Ministry Of Sound,14130671,
Antisocial,My Way,Back To The Old Skool Happy Hardcore,2019,Ministry Of Sound,14130671,
"Scott Brown, DJ Rab S",Now Is The Time,Back To The Old Skool Happy Hardcore,2019,Ministry Of Sound,14130671,
Dr. Who,Love Of My Life,Back To The Old Skool Happy Hardcore,2019,Ministry Of Sound,14130671,
Paul Elstak,Rainbow In The Sky (DJ Paul's Forze Mix),Back To The Old Skool Happy Hardcore,2019,Ministry Of Sound,14130671,
Bang!,Sailaway (Storm & Seduction Remix),Back To The Old Skool Happy Hardcore,2019,Ministry Of Sound,14130671,
Paul Elstak,Luv U More,Back To The Old Skool Happy Hardcore,2019,Ministry Of Sound,14130671,
"Stingray, Sonicdriver",As Cold As Ice,Back To The Old Skool Happy Hardcore,2019,Ministry Of Sound,14130671,
Force & Styles,Shining Down (Slipmatt Remix),Back To The Old Skool Happy Hardcore,2019,Ministry Of Sound,14130671,
Bang!,Shooting Star (Al Storm's HS Remix),Back To The Old Skool Happy Hardcore,2019,Ministry Of Sound,14130671,
Amen! UK,Passion (Sy & Unknown Remix),Back To The Old Skool Happy Hardcore,2019,Ministry Of Sound,14130671,
Seb,Rainbow Islands,Back To The Old Skool Happy Hardcore,2019,Ministry Of Sound,14130671,
N-Trance,Set You Free (Hixxy Mix),Back To The Old Skool Happy Hardcore,2019,Ministry Of Sound,14130671,
Hixxy & UFO,Welcome,Back To The Old Skool Happy Hardcore,2019,Ministry Of Sound,14130671,
"Mickey Skeedale, Jenna",Through The Darkness (Dougal And Gammer Remix),Back To The Old Skool Happy Hardcore,2019,Ministry Of Sound,14130671,
Divine Inspiration,The Way (Breeze & Styles Remix),Back To The Old Skool Happy Hardcore,2019,Ministry Of Sound,14130671,
Hixxy & Re-Con,Love Comes,Back To The Old Skool Happy Hardcore,2019,Ministry Of Sound,14130671,
Hixxy,Sacrifice,Back To The Old Skool Happy Hardcore,2019,Ministry Of Sound,14130671,
System F,Cry (Re-Con Remix),Back To The Old Skool Happy Hardcore,2019,Ministry Of Sound,14130671,
Darren Styles,Come Running,Back To The Old Skool Happy Hardcore,2019,Ministry Of Sound,14130671,
Dougal & Gammer,Every Time I Hear Your Name,Back To The Old Skool Happy Hardcore,2019,Ministry Of Sound,14130671,
"Dougal & Gammer, Hannah Faulkner",Knight In Shining Armour,Back To The Old Skool Happy Hardcore,2019,Ministry Of Sound,14130671,
Hixxy,Deep In The Night,Back To The Old Skool Happy Hardcore,2019,Ministry Of Sound,14130671,
Dougal & Gammer,Guitar Hero,Back To The Old Skool Happy Hardcore,2019,Ministry Of Sound,14130671,
"Dougal & Gammer, Jenna",All The Tears I've Cried,Back To The Old Skool Happy Hardcore,2019,Ministry Of Sound,14130671,
Ultrabeat,Elysium (I Go Crazy),Back To The Old Skool Happy Hardcore,2019,Ministry Of Sound,14130671,
Dougal & Gammer,Lifting Me Higher,Back To The Old Skool Happy Hardcore,2019,Ministry Of Sound,14130671,
Hixxy & Re-Con,Power Of Love,Back To The Old Skool Happy Hardcore,2019,Ministry Of Sound,14130671,
Darren Styles,Cutting Deep,Back To The Old Skool Happy Hardcore,2019,Ministry Of Sound,14130671,
"Styles & Breeze, Karen Danzig",Heartbeatz,Back To The Old Skool Happy Hardcore,2019,Ministry Of Sound,14130671,
"Gareth Emery, Ian Standerwick, Haliene",Saving Light (Hixxy Remix),Back To The Old Skool Happy Hardcore,2019,Ministry Of Sound,14130671,
"Dougal & Gammer, Niki Mak",Back Home,Back To The Old Skool Happy Hardcore,2019,Ministry Of Sound,14130671,
Nush,U Girls (Look So Sexy) (Original Nush Mix),Back To The Old Skool Club Classics,2003,Ministry Of Sound,137100,2:44
Gusto,Disco's Revenge (Mole Hole Remix),Back To The Old Skool Club Classics,2003,Ministry Of Sound,137100,2:23
Ce Ce Peniston,"Finally (12"" Original Mix)",Back To The Old Skool Club Classics,2003,Ministry Of Sound,137100,3:36
Screen II,Hey Mr D.J. (Stab Mix),Back To The Old Skool Club Classics,2003,Ministry Of Sound,137100,4:37
Real McCoy,"Another Night (12"" Dance Mix)",Back To The Old Skool Club Classics,2003,Ministry Of Sound,137100,3:17
Wildchild,Renegade Master (Original Mix),Back To The Old Skool Club Classics,2003,Ministry Of Sound,137100,3:21
Bamboo,Bamboogie,Back To The Old Skool Club Classics,2003,Ministry Of Sound,137100,3:39
Rosie Gaines,Closer Than Close (Mentor Remix),Back To The Old Skool Club Classics,2003,Ministry Of Sound,137100,2:50
Double 99,"Ripgroove (Original 12"" Mix)",Back To The Old Skool Club Classics,2003,Ministry Of Sound,137100,3:47
Sandy B,Make The World Go Around (Deep Dish Vocal Mix),Back To The Old Skool Club Classics,2003,Ministry Of Sound,137100,4:29
Heller & Farley Project,Ultra Flava (Original Mix),Back To The Old Skool Club Classics,2003,Ministry Of Sound,137100,2:52
Armand Van Helden,Funk Phenomena (Original Mix),Back To The Old Skool Club Classics,2003,Ministry Of Sound,137100,3:29
Ruff Driverz,Don't Stop (Ballistic Bass Remix),Back To The Old Skool Club Classics,2003,Ministry Of Sound,137100,3:12
"UK Apachi, Shy FX",Original Nuttah (Original Mix),Jungle Classics,2011,Ministry Of Sound,3331144,4:01
"M-Beat, General Levy",Incredible (Original Mix),Jungle Classics,2011,Ministry Of Sound,3331144,4:29
The Ganja Kru,Super Sharp Shooter (Original Mix),Jungle Classics,2011,Ministry Of Sound,3331144,6:26
DJ Zinc,On Fire Tonight (Original Mix),Jungle Classics,2011,Ministry Of Sound,3331144,6:44
Adam F,The Original Junglesound (Switch Mix),Jungle Classics,2011,Ministry Of Sound,3331144,5:03
"Urban Shakedown, Debo",Arsonist (Some Justice 95) (Original Mix),Jungle Classics,2011,Ministry Of Sound,3331144,5:07
Origin Unknown,Valley Of The Shadows (Original Mix),Jungle Classics,2011,Ministry Of Sound,3331144,4:29
DJ SS,The Lighter (Original Mix),Jungle Classics,2011,Ministry Of Sound,3331144,5:08
Dope Skillz,6 Million Ways To Die (Original Mix),Jungle Classics,2011,Ministry Of Sound,3331144,3:59
Deep Blue,The Helicopter Tune (Fantasy #1),Jungle Classics,2011,Ministry Of Sound,3331144,5:24
"DJ Hype, Ganja Max",Rinse Out (Original Mix),Jungle Classics,2011,Ministry Of Sound,3331144,5:08
"Goldie, Rufige Kru",Terminator (Original Mix),Jungle Classics,2011,Ministry Of Sound,3331144,4:30
Alex Reece,Pulp Fiction (Original Mix),Jungle Classics,2011,Ministry Of Sound,3331144,6:11
Roni Size,It's Jazzy (Original Mix),Jungle Classics,2011,Ministry Of Sound,3331144,6:27
Krust,Warhead (Steppa Mix),Jungle Classics,2011,Ministry Of Sound,3331144,6:03
Dillinja,Grimey (Original Mix),Jungle Classics,2011,Ministry Of Sound,3331144,5:35
Fresh,Gatekeeper (Original Mix),Jungle Classics,2011,Ministry Of Sound,3331144,5:27
Krome & Time,The License (Original Mix),Jungle Classics,2011,Ministry Of Sound,3331144,5:33
Blame,Music Takes You (Original Mix),Jungle Classics,2011,Ministry Of Sound,3331144,5:46
"Utah Saints, Drumsound & Simon ""Bassline"" Smith",What Can You Do For Me (Extended Extended Mix),Jungle Classics,2011,Ministry Of Sound,3331144,11:13
Pendulum (3),Masochist (Original Mix),Jungle Classics,2011,Ministry Of Sound,3331144,7:04
"Chase & Status, Capleton",Duppy Man (Original Mix),Jungle Classics,2011,Ministry Of Sound,3331144,5:55
"DJ Marky, XRS, Stamina MC",LK (Radio Edit),Jungle Classics,2011,Ministry Of Sound,3331144,3:09
"Shimon, Andy C",Body Rock (Original Mix),Jungle Classics,2011,Ministry Of Sound,3331144,6:36
Dillinja,Twist Em Out (Original Mix),Jungle Classics,2011,Ministry Of Sound,3331144,3:54
"Micky Finn, Aphrodite",Bad Ass (Original Mix),Jungle Classics,2011,Ministry Of Sound,3331144,6:39
Mulder,Don't Give A Damn (Original Edit),Jungle Classics,2011,Ministry Of Sound,3331144,5:09
Dead Dred,Dred Bass (Original Mix),Jungle Classics,2011,Ministry Of Sound,3331144,5:50
"DJ Hype, MC Fats","Peace, Love & Unity (Original Mix)",Jungle Classics,2011,Ministry Of Sound,3331144,5:42
Shy FX,The Wolf (Original Mix),Jungle Classics,2011,Ministry Of Sound,3331144,5:10
"M-Beat, Nazlyn",Sweet Love (Original Mix),Jungle Classics,2011,Ministry Of Sound,3331144,3:25
Renegade,Terrorist (Original Mix),Jungle Classics,2011,Ministry Of Sound,3331144,6:14
Sub Focus,Last Jungle (Original Mix),Jungle Classics,2011,Ministry Of Sound,3331144,3:39
Lennie De Ice,We Are I.E (Original Mix),Jungle Classics,2011,Ministry Of Sound,3331144,4:58
Various,Jungle Classics Mix 1,Jungle Classics,2011,Ministry Of Sound,3331144,77:41
Various,Jungle Classics Mix 2,Jungle Classics,2011,Ministry Of Sound,3331144,79:14
La Roux,In For The Kill (Skream Let Get Ravey Remix),The Sound Of Dubstep Classics,2013,Ministry Of Sound,6037093,3:41
Amber Coffman,Hold On (Feat Rusko),The Sound Of Dubstep Classics,2013,Ministry Of Sound,6037093,4:34
Clare Maguire (2),Ain't Nobody (Breakage Suck It Up Mix),The Sound Of Dubstep Classics,2013,Ministry Of Sound,6037093,4:57
Deadmau5,Ghosts N Stuff (Nero Remix),The Sound Of Dubstep Classics,2013,Ministry Of Sound,6037093,6:55
"Kid Sister, Kanye West",Pro Nails (Feat Kanye West - Rusko Remix),The Sound Of Dubstep Classics,2013,Ministry Of Sound,6037093,4:24
Various,The Sound Of Dubstep Classics (Continuous DJ Mix 1),The Sound Of Dubstep Classics,2013,Ministry Of Sound,6037093,55:58
Various,The Sound Of Dubstep Classics (Continuous DJ Mix 2),The Sound Of Dubstep Classics,2013,Ministry Of Sound,6037093,63:56
Various,The Sound Of Dubstep Classics (Continuous DJ Mix 3),The Sound Of Dubstep Classics,2013,Ministry Of Sound,6037093,67:16
