artist,track,release_title,release_year,label,release_id,duration
"Laidback Luke, Example",Natural Disaster (Skream Remix),The Sound Of Dubstep Darker,2011,Ministry Of Sound,4143647,4:43
Funtcase,Gorilla Flex (Roksonix King Kong Remix),The Sound Of Dubstep Darker,2011,Ministry Of Sound,4143647,5:22
"Fatboy Slim, JFB",Praise You (JFB Remix),The Sound Of Dubstep Darker,2011,Ministry Of Sound,4143647,5:38
"Zed Bias, Skream",Badness,The Sound Of Dubstep Darker,2011,Ministry Of Sound,4143647,5:36
"Yogi (31), Ayah Marar",Follow U (Xilent Remix),The Sound Of Dubstep Darker,2011,Ministry Of Sound,4143647,4:57
"DJ Die, Interface (7), William Cartwright",Bright Lights (Joker Remix),The Sound Of Dubstep Darker,2011,Ministry Of Sound,4143647,5:10
"Foreign Beggars, Black Sun Empire",Solace One,The Sound Of Dubstep Darker,2011,Ministry Of Sound,4143647,4:36
The Black Ghosts,Some Way Through This (Plastician & Skream Remix),The Sound Of Dubstep Darker,2011,Ministry Of Sound,4143647,5:51
"The Qemists, Wiley (2)",Dem Na Like Me (Subscape Dub),The Sound Of Dubstep Darker,2011,Ministry Of Sound,4143647,5:19
"Roksonix, Statelapse",Let's Go,The Sound Of Dubstep Darker,2011,Ministry Of Sound,4143647,4:56
"Dodge & Fuski, Kezza",Killing Me,The Sound Of Dubstep Darker,2011,Ministry Of Sound,4143647,4:51
Zomboy,Pirate Hooker,The Sound Of Dubstep Darker,2011,Ministry Of Sound,4143647,3:40
Skism (4),Rise Of The Idiots (Funtcase Remix),The Sound Of Dubstep Darker,2011,Ministry Of Sound,4143647,6:10
Skeptiks,Under The Bed,The Sound Of Dubstep Darker,2011,Ministry Of Sound,4143647,5:40
Amon Tobin,Surge (16Bit Remix),The Sound Of Dubstep Darker,2011,Ministry Of Sound,4143647,5:02
Teknian,Ruff (Coven Remix),The Sound Of Dubstep Darker,2011,Ministry Of Sound,4143647,5:49
Apollo (28),Killer,The Sound Of Dubstep Darker,2011,Ministry Of Sound,4143647,4:37
Dodge & Fuski,Filth,The Sound Of Dubstep Darker,2011,Ministry Of Sound,4143647,4:23
Kaney (3),Remake,The Sound Of Dubstep Darker,2011,Ministry Of Sound,4143647,3:42
"JFB, Southbound Hangers",Something Out There,The Sound Of Dubstep Darker,2011,Ministry Of Sound,4143647,4:41
SashaSlay,I Need A Touch,The Sound Of Dubstep Darker,2011,Ministry Of Sound,4143647,3:27
"Apollo (28), Joe Tano",Running Against The Clock,The Sound Of Dubstep Darker,2011,Ministry Of Sound,4143647,4:09
"Refix, Taji",Soldier,The Sound Of Dubstep Darker,2011,Ministry Of Sound,4143647,5:42
Chripsy,Open,The Sound Of Dubstep Darker,2011,Ministry Of Sound,4143647,6:04
"The Qemists, Maxsta",Renegate (Qemists VIP),The Sound Of Dubstep Darker,2011,Ministry Of Sound,4143647,5:01
Skit (5),Evaporate,The Sound Of Dubstep Darker,2011,Ministry Of Sound,4143647,3:53
Gully Floss,Gullystep,The Sound Of Dubstep Darker,2011,Ministry Of Sound,4143647,4:07
A-Bot,Took My Love,The Sound Of Dubstep Darker,2011,Ministry Of Sound,4143647,5:38
Various,The Sound Of Dubstep Darker - Mix 1,The Sound Of Dubstep Darker,2011,Ministry Of Sound,4143647,40:10
Various,The Sound Of Dubstep Darker - Mix 2,The Sound Of Dubstep Darker,2011,Ministry Of Sound,4143647,36:58
Metallica,Last Caress,Garage Singles                                     ,1999,Ministry Of Sound,12494208,3:58
Metallica,Bleeding Me,Garage Singles                                     ,1999,Ministry Of Sound,12494208,8:33
Metallica,Stone Cold Crazy,Garage Singles                                     ,1999,Ministry Of Sound,12494208,3:32
Metallica,The Wait,Garage Singles                                     ,1999,Ministry Of Sound,12494208,4:44
Metallica,Damage Inc.,Garage Singles                                     ,1999,Ministry Of Sound,12494208,4:56
Metallica,The Unforgiven II (Demo),Garage Singles                                     ,1999,Ministry Of Sound,12494208,7:15
Metallica,The Memory Remains (Demo),Garage Singles                                     ,1999,Ministry Of Sound,12494208,6:45
Metallica,Fuel (Work In Progress),Garage Singles                                     ,1999,Ministry Of Sound,12494208,4:43
"Goldie, Metalheads",Inner City Life,Drum&BassArena - The Classics,2005,Ministry Of Sound,803074,5:53
Rufige Kru,Terminator,Drum&BassArena - The Classics,2005,Ministry Of Sound,803074,3:58
Spirit,Calling Card,Drum&BassArena - The Classics,2005,Ministry Of Sound,803074,2:10
LTJ Bukem,Atlantis (I Need You),Drum&BassArena - The Classics,2005,Ministry Of Sound,803074,3:02
Krust,Warhead,Drum&BassArena - The Classics,2005,Ministry Of Sound,803074,2:20
Adam F,Circles (Original Mix),Drum&BassArena - The Classics,2005,Ministry Of Sound,803074,3:58
"DJ Marky & XRS, Stamina MC",LK (Carolina Carol Bela),Drum&BassArena - The Classics,2005,Ministry Of Sound,803074,2:14
UN-CUT,Midnight (M.I.S.T. V.I.P. Remix),Drum&BassArena - The Classics,2005,Ministry Of Sound,803074,2:45
Roni Size / Reprazent,Watching Windows (DJ Die Remix),Drum&BassArena - The Classics,2005,Ministry Of Sound,803074,2:23
Matrix,Sleepwalk,Drum&BassArena - The Classics,2005,Ministry Of Sound,803074,2:23
Roni Size / Reprazent,Brown Paper Bag,Drum&BassArena - The Classics,2005,Ministry Of Sound,803074,5:29
"D. Kay & Epsilon, Stamina MC",Barcelona,Drum&BassArena - The Classics,2005,Ministry Of Sound,803074,2:56
DJ Die,Clear Skyz,Drum&BassArena - The Classics,2005,Ministry Of Sound,803074,3:39
John B,Up All Night,Drum&BassArena - The Classics,2005,Ministry Of Sound,803074,4:45
D-Bridge,True Romance,Drum&BassArena - The Classics,2005,Ministry Of Sound,803074,2:12
Influx UK,Ghost People,Drum&BassArena - The Classics,2005,Ministry Of Sound,803074,2:12
Konflict,Messiah,Drum&BassArena - The Classics,2005,Ministry Of Sound,803074,2:34
Doc Scott,Kemistry,Drum&BassArena - The Classics,2005,Ministry Of Sound,803074,6:43
Commix,Satellite Song,Drum&BassArena - The Classics,2005,Ministry Of Sound,803074,3:18
Digital,Deadline,Drum&BassArena - The Classics,2005,Ministry Of Sound,803074,2:12
Nasty Habits,Shadow Boxing,Drum&BassArena - The Classics,2005,Ministry Of Sound,803074,2:56
Jonny L,Piper,Drum&BassArena - The Classics,2005,Ministry Of Sound,803074,3:28
Bad Company,The Nine,Drum&BassArena - The Classics,2005,Ministry Of Sound,803074,1:39
Klute,We R The Ones,Drum&BassArena - The Classics,2005,Ministry Of Sound,803074,2:56
Adam F,Metropolis,Drum&BassArena - The Classics,2005,Ministry Of Sound,803074,2:41
Alex Reece,Pulp Fiction,Drum&BassArena - The Classics,2005,Ministry Of Sound,803074,1:53
Digital,Down Under,Drum&BassArena - The Classics,2005,Ministry Of Sound,803074,1:08
Digital & Spirit,Phantom Force,Drum&BassArena - The Classics,2005,Ministry Of Sound,803074,2:27
Krust,True Stories,Drum&BassArena - The Classics,2005,Ministry Of Sound,803074,2:14
DJ Die,Drop Bear,Drum&BassArena - The Classics,2005,Ministry Of Sound,803074,2:14
Shy FX,Bambaataa,Drum&BassArena - The Classics,2005,Ministry Of Sound,803074,2:35
Dillinja,Silver Blade,Drum&BassArena - The Classics,2005,Ministry Of Sound,803074,2:00
Pendulum (3),Vault,Drum&BassArena - The Classics,2005,Ministry Of Sound,803074,1:38
Moving Fusion,Atlantis,Drum&BassArena - The Classics,2005,Ministry Of Sound,803074,1:27
DJ Zinc,Casino Royale,Drum&BassArena - The Classics,2005,Ministry Of Sound,803074,4:44
Marcus Intalex,Universe,Drum&BassArena - The Classics,2005,Ministry Of Sound,803074,2:55
DJ Lee & D. Kay,Tuning,Drum&BassArena - The Classics,2005,Ministry Of Sound,803074,2:33
"Calyx, Gridlok",Dead Ringer,Drum&BassArena - The Classics,2005,Ministry Of Sound,803074,4:51
"DJ Die, Interface (7), William Cartwright",Bright Lights (Rockers Mix),Drum & Bass Arena: Anthology,2010,Ministry Of Sound,2585773,3:27
"Chase & Status, Plan B (4)",Pieces,Drum & Bass Arena: Anthology,2010,Ministry Of Sound,2585773,5:13
Nero (5),Electron,Drum & Bass Arena: Anthology,2010,Ministry Of Sound,2585773,3:07
High Contrast,Kiss Kiss Bang Bang,Drum & Bass Arena: Anthology,2010,Ministry Of Sound,2585773,3:38
Commix,Be True,Drum & Bass Arena: Anthology,2010,Ministry Of Sound,2585773,4:22
"Alix Perez, Peven Everett, SpectraSoul",Forsaken,Drum & Bass Arena: Anthology,2010,Ministry Of Sound,2585773,4:23
"Lenzman, Riya (2)",Open Page,Drum & Bass Arena: Anthology,2010,Ministry Of Sound,2585773,4:12
Alex Reece,Pulp Fiction (Lynx 2010 Edit),Drum & Bass Arena: Anthology,2010,Ministry Of Sound,2585773,3:44
Netsky,I Refuse,Drum & Bass Arena: Anthology,2010,Ministry Of Sound,2585773,3:50
"High Contrast, Diane Charlemagne",If We Ever,Drum & Bass Arena: Anthology,2010,Ministry Of Sound,2585773,3:50
J Majik & Wickaman,Crazy World,Drum & Bass Arena: Anthology,2010,Ministry Of Sound,2585773,3:50
Sub Focus,Let The Story Begin,Drum & Bass Arena: Anthology,2010,Ministry Of Sound,2585773,3:38
Fresh,Heavyweight,Drum & Bass Arena: Anthology,2010,Ministry Of Sound,2585773,2:52
DJ Hazard,Machete,Drum & Bass Arena: Anthology,2010,Ministry Of Sound,2585773,3:37
Spor,Aztec,Drum & Bass Arena: Anthology,2010,Ministry Of Sound,2585773,3:57
Noisia,Stigma,Drum & Bass Arena: Anthology,2010,Ministry Of Sound,2585773,4:19
"DJ Friction, Camo & Krooked, Dynamite MC",Stand Up,Drum & Bass Arena: Anthology,2010,Ministry Of Sound,2585773,3:34
High Contrast,Racing Green,Drum & Bass Arena: Anthology,2010,Ministry Of Sound,2585773,4:13
"DJ Marky & XRS, Stamina MC",LK,Drum & Bass Arena: Anthology,2010,Ministry Of Sound,2585773,3:29
"D-Bridge, Vegas (2)",True Romance,Drum & Bass Arena: Anthology,2010,Ministry Of Sound,2585773,3:40
Calibre,Drop It Down,Drum & Bass Arena: Anthology,2010,Ministry Of Sound,2585773,3:51
High Contrast,Return Of Forever,Drum & Bass Arena: Anthology,2010,Ministry Of Sound,2585773,4:46
Kosheen,Hide U,Drum & Bass Arena: Anthology,2010,Ministry Of Sound,2585773,4:06
Logistics,Together,Drum & Bass Arena: Anthology,2010,Ministry Of Sound,2585773,2:55
Shy FX & T Power,Feelings,Drum & Bass Arena: Anthology,2010,Ministry Of Sound,2585773,4:03
Andy C & Shimon,Body Rock,Drum & Bass Arena: Anthology,2010,Ministry Of Sound,2585773,4:30
Ed Rush & Optical,Pacman (Ram Trilogy Remix),Drum & Bass Arena: Anthology,2010,Ministry Of Sound,2585773,4:35
Dillinja,Twist 'Em Out,Drum & Bass Arena: Anthology,2010,Ministry Of Sound,2585773,3:24
Noisia,Block Control,Drum & Bass Arena: Anthology,2010,Ministry Of Sound,2585773,3:40
Bad Company,Planet Dust,Drum & Bass Arena: Anthology,2010,Ministry Of Sound,2585773,3:21
"Die & Clipz, Ben Westbeech",Number One,Drum & Bass Arena: Anthology,2010,Ministry Of Sound,2585773,4:37
Pendulum (3),Masochist,Drum & Bass Arena: Anthology,2010,Ministry Of Sound,2585773,3:35
Konflict,Messiah (Noisia Remix),Drum & Bass Arena: Anthology,2010,Ministry Of Sound,2585773,3:05
Adam F,Circles,Drum & Bass Arena: Anthology,2010,Ministry Of Sound,2585773,3:34
Pascal,P-Funk Era,Drum & Bass Arena: Anthology,2010,Ministry Of Sound,2585773,5:16
Omni Trio,Renegade Snares (Foul Play Remix),Drum & Bass Arena: Anthology,2010,Ministry Of Sound,2585773,4:05
Deep Blue,The Helicopter Tune,Drum & Bass Arena: Anthology,2010,Ministry Of Sound,2585773,2:43
"UK Apachi, Shy FX",Original Nuttah,Drum & Bass Arena: Anthology,2010,Ministry Of Sound,2585773,3:18
The Ganja Kru,Super Sharp Shooter,Drum & Bass Arena: Anthology,2010,Ministry Of Sound,2585773,4:21
Aphrodite & Micky Finn,Bad Ass,Drum & Bass Arena: Anthology,2010,Ministry Of Sound,2585773,3:25
DJ SS,The Lighter,Drum & Bass Arena: Anthology,2010,Ministry Of Sound,2585773,3:36
Renegade,Terrorist,Drum & Bass Arena: Anthology,2010,Ministry Of Sound,2585773,3:39
Marcus Intalex & ST Files,How You Make Me Feel,Drum & Bass Arena: Anthology,2010,Ministry Of Sound,2585773,3:28
Moving Fusion,Turbulence,Drum & Bass Arena: Anthology,2010,Ministry Of Sound,2585773,3:22
"Ed Rush & Optical, Fierce",Alien Girl,Drum & Bass Arena: Anthology,2010,Ministry Of Sound,2585773,4:13
Q Project,Champion Sound (Total Science Hardcore Will Never Die Remix),Drum & Bass Arena: Anthology,2010,Ministry Of Sound,2585773,4:10
Ray Keith,Chopper (Shy FX Remix),Drum & Bass Arena: Anthology,2010,Ministry Of Sound,2585773,3:56
Ram Trilogy,Titan,Drum & Bass Arena: Anthology,2010,Ministry Of Sound,2585773,3:54
Original Sin (2),Dr Feels Good,Drum & Bass Arena: Anthology,2010,Ministry Of Sound,2422347,5:18
Alix Perez,Forsaken,Drum & Bass Arena: Anthology,2010,Ministry Of Sound,2422347,5:59
Ebony Dubsters,Ra (Original Sin Remix),Drum & Bass Arena: Anthology,2010,Ministry Of Sound,2422347,4:27
Dillinja,Twist Em Out,Drum & Bass Arena: Anthology,2010,Ministry Of Sound,2422347,3:55
Total Science,Nosher (Baron Remix),Drum & Bass Arena: Anthology,2010,Ministry Of Sound,2422347,5:45
Die & Clipz,Number One,Drum & Bass Arena: Anthology,2010,Ministry Of Sound,2422347,5:01
Wots My Code,Dubplate (Total Science Remix),Drum & Bass Arena: Anthology,2010,Ministry Of Sound,2422347,6:07
Q Project,Champion Sound,Drum & Bass Arena: Anthology,2010,Ministry Of Sound,2422347,7:35
Various,Drum & Bass Arena: Anthology Mix 1,Drum & Bass Arena: Anthology,2010,Ministry Of Sound,2422347,78:40
Various,Drum & Bass Arena: Anthology Mix 2,Drum & Bass Arena: Anthology,2010,Ministry Of Sound,2422347,78:30
Various,Drum & Bass Arena: Anthology Mix 3,Drum & Bass Arena: Anthology,2010,Ministry Of Sound,2422347,76:21
"Fresh, Diplo, Dominique Young Unique",Earthquake (Delta Heavy Remix),The Sound Of Dubstep Worldwide 4,2013,Ministry Of Sound,8672490,
"Professor Green, Miles Kane",Are You Getting Enough (Kaos Remix),The Sound Of Dubstep Worldwide 4,2013,Ministry Of Sound,8672490,
Cookie Monsta,Come Find Me,The Sound Of Dubstep Worldwide 4,2013,Ministry Of Sound,8672490,
"Avicii, Nicky Romero",I Could Be The One (Dank Remix),The Sound Of Dubstep Worldwide 4,2013,Ministry Of Sound,8672490,
Ellie Goulding,Explosions (Gemini Remix),The Sound Of Dubstep Worldwide 4,2013,Ministry Of Sound,8672490,
"Sub Focus, Alex Clare (2)",Endorphins,The Sound Of Dubstep Worldwide 4,2013,Ministry Of Sound,8672490,
"Funtcase, Foreign Beggars, Organised Grime",Everybody Knows,The Sound Of Dubstep Worldwide 4,2013,Ministry Of Sound,8672490,
"Brookes Brothers, Chrom3",Carry Me On (Rusher Returns Remix),The Sound Of Dubstep Worldwide 4,2013,Ministry Of Sound,8672490,
Au5,Blossom,The Sound Of Dubstep Worldwide 4,2013,Ministry Of Sound,8672490,
Xilent,Boss Wave (Teddy Killerz Remix),The Sound Of Dubstep Worldwide 4,2013,Ministry Of Sound,8672490,
Koven,More Than You,The Sound Of Dubstep Worldwide 4,2013,Ministry Of Sound,8672490,
Nero (5),Must Be The Feeling (Delta Heavy Remix),The Sound Of Dubstep Worldwide 4,2013,Ministry Of Sound,8672490,
Andrew Bayer,Detuned,The Sound Of Dubstep Worldwide 4,2013,Ministry Of Sound,8672490,
Noisestorm,Together,The Sound Of Dubstep Worldwide 4,2013,Ministry Of Sound,8672490,
Azedia,Loved Again,The Sound Of Dubstep Worldwide 4,2013,Ministry Of Sound,8672490,
Delilah (6),Breathe (Emalkay Remix),The Sound Of Dubstep Worldwide 4,2013,Ministry Of Sound,8672490,
Roksonix,Music In Me (Doctor P Remix),The Sound Of Dubstep Worldwide 4,2013,Ministry Of Sound,8672490,
Calvertron,50K,The Sound Of Dubstep Worldwide 4,2013,Ministry Of Sound,8672490,
"Wretch 32, Shakka",Blackout (Bobby Tank Remix),The Sound Of Dubstep Worldwide 4,2013,Ministry Of Sound,8672490,
Genetix (10),Squid Attack (Funtcase Remix),The Sound Of Dubstep Worldwide 4,2013,Ministry Of Sound,8672490,
"Drumsound & Simon ""Bassline"" Smith, Fleur (6)",One In A Million (Northern Lights Remix),The Sound Of Dubstep Worldwide 4,2013,Ministry Of Sound,8672490,
"The Mike Delinquent Project, KCAT, Donae'o",Out Of Control (High Rankin Remix),The Sound Of Dubstep Worldwide 4,2013,Ministry Of Sound,8672490,
Whistle,Just Buggin' (Calvertron's Bugstep Remix),The Sound Of Dubstep Worldwide 4,2013,Ministry Of Sound,8672490,
"Candyland (3), Zak Waters",Not Coming Down,The Sound Of Dubstep Worldwide 4,2013,Ministry Of Sound,8672490,
"Juventa, Erica Curran",Move Into Light (Koven Radio Edit),The Sound Of Dubstep Worldwide 4,2013,Ministry Of Sound,8672490,
"SpectraSoul, Tamara Blessa",Away With Me (Kito Remix),The Sound Of Dubstep Worldwide 4,2013,Ministry Of Sound,8672490,
Icicle,BNC,The Sound Of Dubstep Worldwide 4,2013,Ministry Of Sound,8672490,
Various,The Sound Of Dubstep Worldwide 4 (Continuous Mix 1),The Sound Of Dubstep Worldwide 4,2013,Ministry Of Sound,8672490,
Various,The Sound Of Dubstep Worldwide 4 (Continuous Mix 2),The Sound Of Dubstep Worldwide 4,2013,Ministry Of Sound,8672490,
Genius Cru,Boom Selection (Original Vocal Mix),2-Step The Album (UK Garage Anthems),2001,Ministry Of Sound,307206,3:31
Artful Dodger,Rewind (Wideboys VIP Remix),2-Step The Album (UK Garage Anthems),2001,Ministry Of Sound,307206,3:41
Shola Ama,Imagine (Asylum Remix),2-Step The Album (UK Garage Anthems),2001,Ministry Of Sound,307206,3:12
"Tru Faith, Dub Conspiracy",Freak Like Me (Original Mix),2-Step The Album (UK Garage Anthems),2001,Ministry Of Sound,307206,3:47
Sunship,Cheque One - Two (Original Rocker),2-Step The Album (UK Garage Anthems),2001,Ministry Of Sound,307206,1:54
Mark Ryder,Joy (Ruff Ryder Garage Remix),2-Step The Album (UK Garage Anthems),2001,Ministry Of Sound,307206,3:37
Christian Falk,"Make It Right (True Faith 12"" Remix)",2-Step The Album (UK Garage Anthems),2001,Ministry Of Sound,307206,3:05
Kristine Blond,Love Shy (Club Asylum Remix),2-Step The Album (UK Garage Anthems),2001,Ministry Of Sound,307206,2:50
All Saints,I Know Where It's At (Wideboys Remix),2-Step The Album (UK Garage Anthems),2001,Ministry Of Sound,307206,4:01
Baby D,Let Me Be Your Fantasy (Trick Or Treat Remix),2-Step The Album (UK Garage Anthems),2001,Ministry Of Sound,307206,5:12
So Solid Crew,Oh No (Original Version),2-Step The Album (UK Garage Anthems),2001,Ministry Of Sound,307206,3:40
Bob Sinclar,Darlin (K-Warren Vox Mix),2-Step The Album (UK Garage Anthems),2001,Ministry Of Sound,307206,3:12
B-15 Project,Girls Like Us (Full Length Version),2-Step The Album (UK Garage Anthems),2001,Ministry Of Sound,307206,3:33
Cherie Amore,I Don't Want Nobody (Wideboys Full Vocal Mix),2-Step The Album (UK Garage Anthems),2001,Ministry Of Sound,307206,2:57
DJ Zinc,138 Trek (Original Mix),2-Step The Album (UK Garage Anthems),2001,Ministry Of Sound,307206,2:50
"Teebone, Skibadee",Super S (Superfly Mix),2-Step The Album (UK Garage Anthems),2001,Ministry Of Sound,307206,2:08
Wookie,Battle (Full Mix),2-Step The Album (UK Garage Anthems),2001,Ministry Of Sound,307206,4:01
Azzido Da Bass,Dooms Night (Revisited) (Stanton Warriors Vocal Mix),2-Step The Album (UK Garage Anthems),2001,Ministry Of Sound,307206,4:41
Second Protocol,Basslick (VIP Remix),2-Step The Album (UK Garage Anthems),2001,Ministry Of Sound,307206,2:01
3rd Core,Mindless And Broken (MJ Cole Mix),2-Step The Album (UK Garage Anthems),2001,Ministry Of Sound,307206,4:45
MJ Cole,Sincere (Original Mix),2-Step The Album (UK Garage Anthems),2001,Ministry Of Sound,307206,5:03
High Rankin,Lift Me Up,Sound Of Dubstep Volume 02,2011,Ministry Of Sound,3329952,1:49
"RackNRuin, Janai, Illaman",Dazed & Confused (SKisM's Baroque Out Remix),Sound Of Dubstep Volume 02,2011,Ministry Of Sound,3329952,1:49
Skeptiks,Cobwebs,Sound Of Dubstep Volume 02,2011,Ministry Of Sound,3329952,1:36
Robyn,Call Your Girlfriend (Feed Me Remix),Sound Of Dubstep Volume 02,2011,Ministry Of Sound,3329952,4:20
"Neon Stereo, Aaradhna",Blow My Mind,Sound Of Dubstep Volume 02,2011,Ministry Of Sound,3329952,2:18
"Ray Foxx, Lovelle",La Musica (The Trumpeter) (Subscape Remix),Sound Of Dubstep Volume 02,2011,Ministry Of Sound,3329952,2:17
Spencer & Hill,Beatrocka (High Rankin Remix),Sound Of Dubstep Volume 02,2011,Ministry Of Sound,3329952,1:22
Temper D,Out Of My Way,Sound Of Dubstep Volume 02,2011,Ministry Of Sound,3329952,1:48
"Professor Green, Maverick Sabre",Jungle (High Rankin Remix),Sound Of Dubstep Volume 02,2011,Ministry Of Sound,3329952,4:18
The UniK,Bad Funk,Sound Of Dubstep Volume 02,2011,Ministry Of Sound,3329952,1:50
High Rankin,Things You Do,Sound Of Dubstep Volume 02,2011,Ministry Of Sound,3329952,1:42
"Borgore, Adi Ulmansky",Someone Elses (Document One Remix),Sound Of Dubstep Volume 02,2011,Ministry Of Sound,3329952,2:44
Feed Me,Blood Red,Sound Of Dubstep Volume 02,2011,Ministry Of Sound,3329952,1:35
Nero (5),Promises (Skrillex & Nero Remix),Sound Of Dubstep Volume 02,2011,Ministry Of Sound,3329952,4:48
Mord Fustang,A New World,Sound Of Dubstep Volume 02,2011,Ministry Of Sound,3329952,4:06
Dodge & Fuski,Sick,Sound Of Dubstep Volume 02,2011,Ministry Of Sound,3329952,2:28
"Fresh, Sian Evans",Louder (Flux Pavilion & Doctor P Remix),Sound Of Dubstep Volume 02,2011,Ministry Of Sound,3329952,2:51
"Medison, Skrein",Harry (Bare Noize Remix),Sound Of Dubstep Volume 02,2011,Ministry Of Sound,3329952,1:36
Laid Blak,Red (Chasing Shadows Remix),Sound Of Dubstep Volume 02,2011,Ministry Of Sound,3329952,2:18
"Camo & Krooked, Shaz Sparks",All Fall Down,Sound Of Dubstep Volume 02,2011,Ministry Of Sound,3329952,2:13
High Rankin,Cut You Down VIP,Sound Of Dubstep Volume 02,2011,Ministry Of Sound,3329952,3:42
High Rankin,Stepping On The Devil’s Tail,Sound Of Dubstep Volume 02,2011,Ministry Of Sound,3329952,4:00
Truth (18),Direct Blow,Sound Of Dubstep Volume 02,2011,Ministry Of Sound,3329952,3:49
Ajapai,Brain,Sound Of Dubstep Volume 02,2011,Ministry Of Sound,3329952,2:20
"FS, Reid Speed",Bass Monster,Sound Of Dubstep Volume 02,2011,Ministry Of Sound,3329952,2:44
Dodge & Fuski,Aerophobia,Sound Of Dubstep Volume 02,2011,Ministry Of Sound,3329952,2:58
Xilent,Choose Me II,Sound Of Dubstep Volume 02,2011,Ministry Of Sound,3329952,3:25
Document One,Breakdown,Sound Of Dubstep Volume 02,2011,Ministry Of Sound,3329952,3:11
"Bulletproof, Tiki Taane",Soundtrack To Forever (Crushington Remix),Sound Of Dubstep Volume 02,2011,Ministry Of Sound,3329952,4:07
Spor,Pacifica (Chasing Shadows Remix),Sound Of Dubstep Volume 02,2011,Ministry Of Sound,3329952,4:20
Fresh,Gold Dust (Flux Pavillion Remix),Sound Of Dubstep Volume 02,2011,Ministry Of Sound,3329952,2:17
"Wretch 32, Example",Unorthodox (BAR9 Remix),Sound Of Dubstep Volume 02,2011,Ministry Of Sound,3329952,2:03
Haters,Shut Up,Sound Of Dubstep Volume 02,2011,Ministry Of Sound,3329952,3:05
Datsik,Firepower,Sound Of Dubstep Volume 02,2011,Ministry Of Sound,3329952,3:39
Afrowhitey,Ridin (Ed Solo VIP Mix),Sound Of Dubstep Volume 02,2011,Ministry Of Sound,3329952,3:06
360 (3),Killer (12th Planet Remix),Sound Of Dubstep Volume 02,2011,Ministry Of Sound,3329952,4:13
"Doorly, Footsie",She Got Moves,Sound Of Dubstep Volume 02,2011,Ministry Of Sound,3329952,2:08
"Tom Piper, Cutlass Supreme (3)",Radcakes Freshness,Sound Of Dubstep Volume 02,2011,Ministry Of Sound,3329952,3:34
Nick Thayer,Reach For The Lazers (Will Styles Mix),Sound Of Dubstep Volume 02,2011,Ministry Of Sound,3329952,1:30
Rednek,Game Over (Calvertron Remix),Sound Of Dubstep Volume 02,2011,Ministry Of Sound,3329952,3:23
"Excision, Datsik",Reploid (Neon Steve Remix),Sound Of Dubstep Volume 02,2011,Ministry Of Sound,3329952,2:54
Figure (4),Aliens,Sound Of Dubstep Volume 02,2011,Ministry Of Sound,3329952,3:12
Tom Piper,Bassline Fuckers (Matta Remix),Sound Of Dubstep Volume 02,2011,Ministry Of Sound,3329952,2:43
"Flufftronix, 215 The Freshest Kids",Bassface (Kanji Kinetic Remix),Sound Of Dubstep Volume 02,2011,Ministry Of Sound,3329952,1:49
Rusko,Everyday (Netsky Remix),Sound Of Dubstep Volume 02,2011,Ministry Of Sound,3329952,3:16
Nero (5),Crush On You (Knife Party Remix),Sound Of Dubstep Volume 02,2011,Ministry Of Sound,3329952,4:21
Deadmau5,Raise Your Weapon (Noisia Remix),Sound Of Dubstep Volume 02,2011,Ministry Of Sound,3329952,5:36
KOAN Sound,Trouble In The West,Sound Of Dubstep Vol.3,2012,Ministry Of Sound,3575928,
Subzee D,Jack In The Box,Sound Of Dubstep Vol.3,2012,Ministry Of Sound,3575928,
"Utah Saints, Drumsound & Simon ""Bassline"" Smith",What Can You Do For Me (Tantrum Desire Remix),Sound Of Dubstep Vol.3,2012,Ministry Of Sound,3575928,
DJ Chuckie,Who Is Ready To Jump (Dillon Francis Remix),Sound Of Dubstep Vol.3,2012,Ministry Of Sound,3575928,
"Sub Focus, Kenzie May",Falling Down,Sound Of Dubstep Vol.3,2012,Ministry Of Sound,3575928,
"Foreign Beggars, Skrillex",Still Getting It,Sound Of Dubstep Vol.3,2012,Ministry Of Sound,3575928,
Bar 9,Piano Tune VIP,Sound Of Dubstep Vol.3,2012,Ministry Of Sound,3575928,
Crissy Criss,Need Me,Sound Of Dubstep Vol.3,2012,Ministry Of Sound,3575928,
"Document One, Maksim (3)",Ace In The Pack,Sound Of Dubstep Vol.3,2012,Ministry Of Sound,3575928,
Noisia,Tommy's Theme,Sound Of Dubstep Vol.3,2012,Ministry Of Sound,3575928,
Bar 9,Before The Storm,Sound Of Dubstep Vol.3,2012,Ministry Of Sound,3575928,
Boy Kid Cloud,Contraband,Sound Of Dubstep Vol.3,2012,Ministry Of Sound,3575928,
The Others (7),First Flight,Sound Of Dubstep Vol.3,2012,Ministry Of Sound,3575928,
Skepta,Amnesia,Sound Of Dubstep Vol.3,2012,Ministry Of Sound,3575928,
"Substantial Error, Mr Pace",The Knowing,Sound Of Dubstep Vol.3,2012,Ministry Of Sound,3575928,
Koven,Whoopi's Back In The Habit,Sound Of Dubstep Vol.3,2012,Ministry Of Sound,3575928,
Tasha Baxter,The Journey (Culprate & Twist Remix),Sound Of Dubstep Vol.3,2012,Ministry Of Sound,3575928,
"Camo & Krooked, T.C. (2)",Make The Call (Dubstep Mix),Sound Of Dubstep Vol.3,2012,Ministry Of Sound,3575928,
Gemini (40),Feel Me,Sound Of Dubstep Vol.3,2012,Ministry Of Sound,3575928,
"Does It Offend You, Yeah?",The Monkeys Are Coming (Bar 9 Remix),Sound Of Dubstep Vol.3,2012,Ministry Of Sound,3575928,
PNAU,Unite Us (Xilent Remix),Sound Of Dubstep Vol.3,2012,Ministry Of Sound,3575928,
"Chase & Status, Sub Focus, Takura",Flashing Lights,Sound Of Dubstep Vol.3,2012,Ministry Of Sound,3575928,
Skrillex,First Of The Year (Equinox),Sound Of Dubstep Vol.3,2012,Ministry Of Sound,3575928,
"Kombat (4), Whoami, Maksim (3)",Shatter,Sound Of Dubstep Vol.3,2012,Ministry Of Sound,3575928,
The Immigrant,Day Out Of Time (Shockone’s Earthquake In B Remix),Sound Of Dubstep Vol.3,2012,Ministry Of Sound,3575928,
Zomboy,Pump It Up,Sound Of Dubstep Vol.3,2012,Ministry Of Sound,3575928,
Dodge & Fuski,Come Again,Sound Of Dubstep Vol.3,2012,Ministry Of Sound,3575928,
Dodge & Fuski,Come Again (Phetsta Remix),Sound Of Dubstep Vol.3,2012,Ministry Of Sound,3575928,
Pendulum (3),Witchcraft (Rob Swire's Drum-Step Mix),Sound Of Dubstep Vol.3,2012,Ministry Of Sound,3575928,
Calvertron,Devil's Playground,Sound Of Dubstep Vol.3,2012,Ministry Of Sound,3575928,
"Stanton Warriors, Ruby Goe",Shoot Me Down (Sigma Remix),Sound Of Dubstep Vol.3,2012,Ministry Of Sound,3575928,
"Document One, Maksim (3)",Locked In,Sound Of Dubstep Vol.3,2012,Ministry Of Sound,3575928,
"Doctor Werewolf, Эдуард Хиль",Trololo Man (Doctor Werewolf Troll Face Remix),Sound Of Dubstep Vol.3,2012,Ministry Of Sound,3575928,
The Unik,Where I Came From (Habstrakt Remix),Sound Of Dubstep Vol.3,2012,Ministry Of Sound,3575928,
Doctor Werewolf,Lasercat Rocket Attack,Sound Of Dubstep Vol.3,2012,Ministry Of Sound,3575928,
"Borgore, ShayGray",Flex,Sound Of Dubstep Vol.3,2012,Ministry Of Sound,3575928,
Gemini (40),Graduation,Sound Of Dubstep Vol.3,2012,Ministry Of Sound,3575928,
"Coolio, Kylian Mash, Rico Bernasconi",Gangsta's Paradise 2010 (Doctor Werewolf Remix),Sound Of Dubstep Vol.3,2012,Ministry Of Sound,3575928,
Xkore,Otherside,Sound Of Dubstep Vol.3,2012,Ministry Of Sound,3575928,
"Karton, Chanel Cole",Chase It High (Cutline Remix),Sound Of Dubstep Vol.3,2012,Ministry Of Sound,3575928,
Specimen A,Jaws,Sound Of Dubstep Vol.3,2012,Ministry Of Sound,3575928,
"Switch (2), Andrea Martin",I Still Love You (Doctor Werewolf Remix),Sound Of Dubstep Vol.3,2012,Ministry Of Sound,3575928,
Nero (5),Reaching Out (Wilkinson Remix),Sound Of Dubstep Vol.3,2012,Ministry Of Sound,3575928,
"Doctor Werewolf, Yasoda",Take Me Away,Sound Of Dubstep Vol.3,2012,Ministry Of Sound,3575928,
"Protohype, Init (3)",Bombs Away (Kezwik Remix),Anthems Sound Of Dubstep,2012,Ministry Of Sound,4188127,
"Excision, Messinian",X Rated (Space Laces Remix),Anthems Sound Of Dubstep,2012,Ministry Of Sound,4188127,
"Skism (4), DC Breaks, Dee Freer",Killer,Anthems Sound Of Dubstep,2012,Ministry Of Sound,4188127,
"Static Revenger, Dev (4)",Turn The World On (Kezwik & Protohype Remix),Anthems Sound Of Dubstep,2012,Ministry Of Sound,4188127,
"Document One, Tigerlight",Already Lost,Anthems Sound Of Dubstep,2012,Ministry Of Sound,4188127,
Cookie Monsta,Ginga Pubes,Anthems Sound Of Dubstep,2012,Ministry Of Sound,4188127,
"Fresh, Rita Ora",Hot Right Now (Zomboy Remix),Anthems Sound Of Dubstep,2012,Ministry Of Sound,4188127,
Delta Heavy,Get By,Anthems Sound Of Dubstep,2012,Ministry Of Sound,4188127,
Rusko,Somebody To Love,Anthems Sound Of Dubstep,2012,Ministry Of Sound,4188127,
"Steve Aoki, Rivers Cuomo",Earthquakey People (Alvin Risk Remix),Anthems Sound Of Dubstep,2012,Ministry Of Sound,4188127,
Dada Life,Kick Out The Epic Motherf**ker (Datsik Remix),Anthems Sound Of Dubstep,2012,Ministry Of Sound,4188127,
Benga,Smack Your Bitch Up,Anthems Sound Of Dubstep,2012,Ministry Of Sound,4188127,
"Calvertron, Figure (4)",Bring The Bass Back (Calvertron Remix),Anthems Sound Of Dubstep,2012,Ministry Of Sound,4188127,
"Calvertron, Mellee Fresh",8Bit Dreamz,Anthems Sound Of Dubstep,2012,Ministry Of Sound,4188127,
"Hirshee, Sue Cho",Hold On To Love (KillaGraham Remix),Anthems Sound Of Dubstep,2012,Ministry Of Sound,4188127,
"Dodge & Fuski, Messinian",Bad,Anthems Sound Of Dubstep,2012,Ministry Of Sound,4188127,
Adam F,When The Rain Is Gone (Delta Heavy Remix),Anthems Sound Of Dubstep,2012,Ministry Of Sound,4188127,
The Prototypes,Abyss,Anthems Sound Of Dubstep,2012,Ministry Of Sound,4188127,
Bingo Players,Rattle (Candyland Remix),Anthems Sound Of Dubstep,2012,Ministry Of Sound,4188127,
Feed Me,One Click Headshot,Anthems Sound Of Dubstep,2012,Ministry Of Sound,4188127,
Kill The Noise,My World (Brillz Remix),Anthems Sound Of Dubstep,2012,Ministry Of Sound,4188127,
Trolley Snatcha,Make My Whole World,Anthems Sound Of Dubstep,2012,Ministry Of Sound,4188127,
Flux Pavilion,I Can't Stop,Anthems Sound Of Dubstep,2012,Ministry Of Sound,4188127,
"Afrojack, Eva Simons",Take Over Control (Adam F Remix),Anthems Sound Of Dubstep,2012,Ministry Of Sound,4188127,
"Drumsound & Simon ""Bassline"" Smith, Tom Cane",Through The Night (501 Remix),Anthems Sound Of Dubstep,2012,Ministry Of Sound,4188127,
Sub Scape,Universal,Anthems Sound Of Dubstep,2012,Ministry Of Sound,4188127,
Filth Collins,Bomb Bass,Anthems Sound Of Dubstep,2012,Ministry Of Sound,4188127,
Caspa (3),Sir Rock A Lot,Anthems Sound Of Dubstep,2012,Ministry Of Sound,4188127,
Filth Collins,Fatboy Riddim,Anthems Sound Of Dubstep,2012,Ministry Of Sound,4188127,
Ed Sheeran,"You Need Me, I Don't Need You (Gemini Remix)",Anthems Sound Of Dubstep,2012,Ministry Of Sound,4188127,
"12th Planet, The Antiserum",Bass Salt,Anthems Sound Of Dubstep,2012,Ministry Of Sound,4188127,
Pixel Fist,Let Yourself Go,Anthems Sound Of Dubstep,2012,Ministry Of Sound,4188127,
Shift K3Y,Let You Down,Anthems Sound Of Dubstep,2012,Ministry Of Sound,4188127,
"deadmau5, Rob Swire",Ghosts N Stuff (Nero Remix),Anthems Sound Of Dubstep,2012,Ministry Of Sound,4188127,
"Michael Woods, Ester Dean",We've Only Just Begun (Thunderskank & Trufix Remix),Anthems Sound Of Dubstep,2012,Ministry Of Sound,4188127,
KillSonik,Girly,Anthems Sound Of Dubstep,2012,Ministry Of Sound,4188127,
Fresh,Louder (Doctor P & Flux Pavillion Remix),Anthems Sound Of Dubstep,2012,Ministry Of Sound,4188127,
"Doctor P, Ce'Cile",Galaxies & Stars,Anthems Sound Of Dubstep,2012,Ministry Of Sound,4188127,
Bassnectar,The Matrix,Anthems Sound Of Dubstep,2012,Ministry Of Sound,4188127,
"Borgore, Carnage (17)",Turn Up,Anthems Sound Of Dubstep,2012,Ministry Of Sound,4188127,
Pop The Hatch,I've Been Waiting,Anthems Sound Of Dubstep,2012,Ministry Of Sound,4188127,
Cedric Gervais,Molly (Borgore Suck My Tit Remix),Anthems Sound Of Dubstep,2012,Ministry Of Sound,4188127,
Modestep,Show Me A Sign,Anthems Sound Of Dubstep,2012,Ministry Of Sound,4188127,
KLRGRM,Time And Space,Anthems Sound Of Dubstep,2012,Ministry Of Sound,4188127,
Filth Collins,Levels (VIP Mix),Anthems Sound Of Dubstep,2012,Ministry Of Sound,4188127,
Eptic,Death Ray,Anthems Sound Of Dubstep,2012,Ministry Of Sound,4188127,
Totally Enormous Extinct Dinosaurs,Household Goods (Zeds Dead Remix),Anthems Sound Of Dubstep,2012,Ministry Of Sound,4188127,
Artful Dodger,Re-Rewind (The Crowd Say Bo Selecta),Rewind (Garage Classics),2004,Ministry Of Sound,770666,
DJ Pied Piper & The Masters Of Ceremonies,Do U Really Like It?,Rewind (Garage Classics),2004,Ministry Of Sound,770666,
DJ Luck & MC Neat,A Little Bit Of Luck,Rewind (Garage Classics),2004,Ministry Of Sound,770666,
More Fire Crew,Oi!,Rewind (Garage Classics),2004,Ministry Of Sound,770666,
Sticky,Booo!,Rewind (Garage Classics),2004,Ministry Of Sound,770666,
Pay As You Go Cartel,Champagne Dance (Brown Acid Mix),Rewind (Garage Classics),2004,Ministry Of Sound,770666,
Dizzee Rascal,I Luv U,Rewind (Garage Classics),2004,Ministry Of Sound,770666,
Richie Dan,Call It Fate,Rewind (Garage Classics),2004,Ministry Of Sound,770666,
Zed Bias,Neighbourhood,Rewind (Garage Classics),2004,Ministry Of Sound,770666,
K-Warren,Coming Home,Rewind (Garage Classics),2004,Ministry Of Sound,770666,
Jaimeson,True,Rewind (Garage Classics),2004,Ministry Of Sound,770666,
Liberty X,Just A Little (Bump & Flex Electro Shock Club Mix),Rewind (Garage Classics),2004,Ministry Of Sound,770666,
Monsta Boy,Sorry (I Didn't Know),Rewind (Garage Classics),2004,Ministry Of Sound,770666,
The Wideboys,Your Mine (I'm Yours),Rewind (Garage Classics),2004,Ministry Of Sound,770666,
Mystikal,Shake It Fast (Anonymous People Remix),Rewind (Garage Classics),2004,Ministry Of Sound,770666,
"Sunship, Chunky",Dread Love,Rewind (Garage Classics),2004,Ministry Of Sound,770666,
Magnolia,It's All Vain (Sticky's Refix),Rewind (Garage Classics),2004,Ministry Of Sound,770666,
GodsGift,Mic Tribute,Rewind (Garage Classics),2004,Ministry Of Sound,770666,
Daniel Bedingfield,Gotta Get Thru This (D'n'D Remix),Rewind (Garage Classics),2004,Ministry Of Sound,770666,
Architechs,Body Groove,Rewind (Garage Classics),2004,Ministry Of Sound,770666,
Sweet Female Attitude,Flowers,Rewind (Garage Classics),2004,Ministry Of Sound,770666,
Sisqo,Thong Song (Artful Dodger Remix),Rewind (Garage Classics),2004,Ministry Of Sound,770666,
B-15 Project,Girls Like Us,Rewind (Garage Classics),2004,Ministry Of Sound,770666,
Gabrielle,Sunshine (Wookie Main Mix),Rewind (Garage Classics),2004,Ministry Of Sound,770666,
MJ Cole,Sincere,Rewind (Garage Classics),2004,Ministry Of Sound,770666,
Tina Moore,Never Gonna Let You Go,Rewind (Garage Classics),2004,Ministry Of Sound,770666,
N'n'G,Right Before My Eyes (The Remix Edit),Rewind (Garage Classics),2004,Ministry Of Sound,770666,
Nesha,What's It Gonna Be? (Sticky Y2K Mix),Rewind (Garage Classics),2004,Ministry Of Sound,770666,
James Brown,Funk On Ah Roll (Bump & Flex Remix),Rewind (Garage Classics),2004,Ministry Of Sound,770666,
Ed Case,Something In Your Eyes (K-Warren Remix),Rewind (Garage Classics),2004,Ministry Of Sound,770666,
Ladies First,Messin' (Ladies First vs. Sovereign Radio Mix),Rewind (Garage Classics),2004,Ministry Of Sound,770666,
Mystery Men (3),Shake It,Rewind (Garage Classics),2004,Ministry Of Sound,770666,
The Underdog Project,Summer Jam,Rewind (Garage Classics),2004,Ministry Of Sound,770666,
True Steppers,Out Of Your Mind,Rewind (Garage Classics),2004,Ministry Of Sound,770666,
Lovestation,Teardrops,Rewind (Garage Classics),2004,Ministry Of Sound,770666,
Azzido Da Bass,Dooms Night (Timo Mass Remix),Rewind (Garage Classics),2004,Ministry Of Sound,770666,
Smokin Beats,Dreams,Rewind (Garage Classics),2004,Ministry Of Sound,770666,
Industry Standard (2),Industry Standard Vol.1 (What You Want),Rewind (Garage Classics),2004,Ministry Of Sound,770666,
Serious Danger,Deeper,Rewind (Garage Classics),2004,Ministry Of Sound,770666,
Scott Garcia,A London Thing,Rewind (Garage Classics),2004,Ministry Of Sound,770666,
Antonio (2),Hyperfunk,Rewind (Garage Classics),2004,Ministry Of Sound,770666,
Basement Jaxx,Jump N' Shout (Stanton Warriors Remix),Rewind (Garage Classics),2004,Ministry Of Sound,770666,
DJ Zinc,138 Trek,Rewind (Garage Classics),2004,Ministry Of Sound,770666,
Santos,Camels (DJ Zinc Remix),Rewind (Garage Classics),2004,Ministry Of Sound,770666,
Genius Cru,Boom Selection,Rewind (Garage Classics),2004,Ministry Of Sound,770666,
Colours (5),Hold On,Rewind (Garage Classics),2004,Ministry Of Sound,770666,
Danny J Lewis,Spend The Night,Rewind (Garage Classics),2004,Ministry Of Sound,770666,
Craig David,7 Days (Sunship Remix),UK Garage The Album (The Sound Of 2000),2000,Ministry Of Sound,405867,4:10
"Monsta Boy, Denzie",Sorry (I Didn't Know) (David Howard Remix),UK Garage The Album (The Sound Of 2000),2000,Ministry Of Sound,405867,4:09
"True Steppers, Dane Bowers, Victoria Beckham","Out Of Your Mind (12"" Mix)",UK Garage The Album (The Sound Of 2000),2000,Ministry Of Sound,405867,3:51
"Artful Dodger, Robbie Craig, Craig David",Woman Trouble (Full Length Version),UK Garage The Album (The Sound Of 2000),2000,Ministry Of Sound,405867,4:06
"DJ Luck & MC Neat, JJ (5)",Ain't No Stopping Us (Oracles Mix),UK Garage The Album (The Sound Of 2000),2000,Ministry Of Sound,405867,3:23
Ed Case,Something In Your Eyes (K Warren Mix),UK Garage The Album (The Sound Of 2000),2000,Ministry Of Sound,405867,3:08
"Sisqo, MC Alistair",Thong Song (Artful Dodger Remix),UK Garage The Album (The Sound Of 2000),2000,Ministry Of Sound,405867,2:53
Gabrielle,Rise (Artful Dodger Remix),UK Garage The Album (The Sound Of 2000),2000,Ministry Of Sound,405867,3:22
"Artful Dodger, Romina Johnson",Movin' Too Fast (Original Mix),UK Garage The Album (The Sound Of 2000),2000,Ministry Of Sound,405867,3:36
Sweet Female Attitude,Flowers (Sunship Mix),UK Garage The Album (The Sound Of 2000),2000,Ministry Of Sound,405867,3:29
Mis-Teeq,"Why? (Matt ""Jam"" Lamont & DJ Face Classic Vox Mix)",UK Garage The Album (The Sound Of 2000),2000,Ministry Of Sound,405867,3:36
Dinamyte,Dynamite (Dancehall Queen) (Original Mix),UK Garage The Album (The Sound Of 2000),2000,Ministry Of Sound,405867,3:07
"N'n'G, Kallaghan",Right Before My Eyes (The Remix Feat. MC Neat),UK Garage The Album (The Sound Of 2000),2000,Ministry Of Sound,405867,5:30
"DJ Luck, MC Neat",A Little Bit Of Luck (Original Mix),UK Garage The Album (The Sound Of 2000),2000,Ministry Of Sound,405867,3:50
"So Solid Crew, Romeo, Lisa Maffia, Megaman",Oh No (Sentimental Things) (Radio Mix),UK Garage The Album (The Sound Of 2000),2000,Ministry Of Sound,405867,3:07
Oxide & Neutrino,Bound 4 Da Reload (Casualty) (Original Mix),UK Garage The Album (The Sound Of 2000),2000,Ministry Of Sound,405867,3:32
Mellow Trax,Outta Space (DJ Dee Kline Remix),UK Garage The Album (The Sound Of 2000),2000,Ministry Of Sound,405867,3:33
DJ Dee Kline,I Don't Smoke (Original Mix),UK Garage The Album (The Sound Of 2000),2000,Ministry Of Sound,405867,3:04
"Ol' Dirty Bastard, Kelis",Got Your Money (DJ Dee Kline And ED209 Breakbeat Mix),UK Garage The Album (The Sound Of 2000),2000,Ministry Of Sound,405867,2:50
Wookie,Down On Me (Original Mix),UK Garage The Album (The Sound Of 2000),2000,Ministry Of Sound,405867,4:44
Mark Ryder,Joy (Instrumental Mix),UK Garage The Album (The Sound Of 2000),2000,Ministry Of Sound,405867,3:19
Brasstooth,Celebrate Life (El-B Remix),UK Garage The Album (The Sound Of 2000),2000,Ministry Of Sound,405867,3:13
Phaze One,Nicole's Groove (Original Mix),UK Garage The Album (The Sound Of 2000),2000,Ministry Of Sound,405867,3:47
Artful Dodger,Re-Rewind The Crowd Say Bo Selecta (Wideboys Mix),UK Garage The Album (The Sound Of 2000),2000,Ministry Of Sound,405867,2:46
Soulsearcher,Do It To Me Again (Artful Dodger Remix),UK Garage The Album (The Sound Of 2000),2000,Ministry Of Sound,405867,2:09
"Richie Dan, K-Warren",Call It Fate (Full Vocal Mix),UK Garage The Album (The Sound Of 2000),2000,Ministry Of Sound,405867,3:56
"ATFC, OnePhatDeeva",Bad Habit (Stanton Warriors Vocal Mix),UK Garage The Album (The Sound Of 2000),2000,Ministry Of Sound,405867,3:14
Nesha,What's It Gonna Be (Sticky Y2K Mix),UK Garage The Album (The Sound Of 2000),2000,Ministry Of Sound,405867,3:20
Matt Darey,Beautiful (Dubaholics Deeper Dub),UK Garage The Album (The Sound Of 2000),2000,Ministry Of Sound,405867,2:37
"Oris Jay, MC Ranking",Biggin' Up The Massive (Original Mix),UK Garage The Album (The Sound Of 2000),2000,Ministry Of Sound,405867,3:34
Simba,We Come Again (Original Mix),UK Garage The Album (The Sound Of 2000),2000,Ministry Of Sound,405867,3:20
"Curtis Lynch Jr, Kele Le Roc, Red Rat",Thinking Of You (B-15 Project Dub),UK Garage The Album (The Sound Of 2000),2000,Ministry Of Sound,405867,2:51
Tanto Metro & Devonte,Everyone Falls In Love (Masterstepz Vocal Mix),UK Garage The Album (The Sound Of 2000),2000,Ministry Of Sound,405867,2:51
Astrotrax,The Energy (Stanton Warriors Dub Mix),UK Garage The Album (The Sound Of 2000),2000,Ministry Of Sound,405867,4:10
"M Dubs, Lady Saw, Sherelle, MC Secret Agent",Bump 'N' Grind (Breakbeat Funk Y3K Dub),UK Garage The Album (The Sound Of 2000),2000,Ministry Of Sound,405867,4:17
The Wideboys,Aiya Napa (Its The Sound Of The Summer) (Dubplate Intro Mix),Garage Classics Volume II: Summer Edition,2008,Ministry Of Sound,3024303,2:51
"Dizzee Rascal, Calvin Harris",Dance With Me (Extended Mix),Garage Classics Volume II: Summer Edition,2008,Ministry Of Sound,3024303,3:05
"DJ Q (3), MC Bonez",You Wot! (Wideboys Bassline Remix),Garage Classics Volume II: Summer Edition,2008,Ministry Of Sound,3024303,3:03
"Bob Sinclar, Fireball (3)",What I Want (Wideboys Bassline Mix),Garage Classics Volume II: Summer Edition,2008,Ministry Of Sound,3024303,4:58
De'Lacy,Hideaway (Wideboys Mix),Garage Classics Volume II: Summer Edition,2008,Ministry Of Sound,3024303,2:22
"Mobin Master, Robin S.",Show Me Love (Wideboys Bassline Mix),Garage Classics Volume II: Summer Edition,2008,Ministry Of Sound,3024303,4:58
The Wideboys,Rock The Download,Garage Classics Volume II: Summer Edition,2008,Ministry Of Sound,3024303,2:36
"DJ Ng, Katy B, MC Versatile",Tell Me (DJ Q Remix),Garage Classics Volume II: Summer Edition,2008,Ministry Of Sound,3024303,4:37
DJ Paleface,Do You Mind (Control S Feat. Majestic MC Mix),Garage Classics Volume II: Summer Edition,2008,Ministry Of Sound,3024303,4:05
"Addictive (2), T2 (5)",Gonna Be Mine (Mr V Remix),Garage Classics Volume II: Summer Edition,2008,Ministry Of Sound,3024303,4:26
"Big Ang, Denzee",Tusty,Garage Classics Volume II: Summer Edition,2008,Ministry Of Sound,3024303,3:08
"Agent X, Oggie",You (4X4 Mix),Garage Classics Volume II: Summer Edition,2008,Ministry Of Sound,3024303,4:16
"Dezz Jones, Sarah Blake",Take Me In (D&G Vs Dezz Jones Remix),Garage Classics Volume II: Summer Edition,2008,Ministry Of Sound,3024303,3:47
"Davey Boy, Nicky G, Richard Kerr",Strand Song,Garage Classics Volume II: Summer Edition,2008,Ministry Of Sound,3024303,4:32
"FB (2), Carly George",Baby Baby,Garage Classics Volume II: Summer Edition,2008,Ministry Of Sound,3024303,4:01
"The Wideboys, MC JLC",Subfrequency Test,Garage Classics Volume II: Summer Edition,2008,Ministry Of Sound,3024303,3:29
"Crazy Cousinz, Calista",Bongo Jam,Garage Classics Volume II: Summer Edition,2008,Ministry Of Sound,3024303,3:27
"The Wideboys, Majestic MC",Summer In Ibiza (Dubplate Intro Mix),Garage Classics Volume II: Summer Edition,2008,Ministry Of Sound,3024303,4:20
"Alex Gaudino, Shena",Watch Out (Jamie Duggan Meets Da Booda In Yer Face Edit),Garage Classics Volume II: Summer Edition,2008,Ministry Of Sound,3024303,3:58
"Ida Corr, Fedde Le Grand",Let Me Think About It (Big Ang Remix),Garage Classics Volume II: Summer Edition,2008,Ministry Of Sound,3024303,3:36
"David Morales, The Face (3), Juliet Rogers",Needin' U (Vocal Version),Garage Classics Volume II: Summer Edition,2008,Ministry Of Sound,3024303,3:19
Booty Luv,Shine (Richard Dolby Mix),Garage Classics Volume II: Summer Edition,2008,Ministry Of Sound,3024303,4:22
Basshunter,All I Ever Wanted (Wideboys Dub Remix),Garage Classics Volume II: Summer Edition,2008,Ministry Of Sound,3024303,4:23
Joey Negro,Make A Move On Me (Juicy Joints Bassline Mix),Garage Classics Volume II: Summer Edition,2008,Ministry Of Sound,3024303,3:04
Bump,I'm Rushin (Wideboys Bassline Mix),Garage Classics Volume II: Summer Edition,2008,Ministry Of Sound,3024303,1:57
Eric Prydz,Call On Me (Wideboys Exclusive Ibiza Mix),Garage Classics Volume II: Summer Edition,2008,Ministry Of Sound,3024303,4:01
Aly-Us,Follow Me (Full Intention Club Mix),Garage Classics Volume II: Summer Edition,2008,Ministry Of Sound,3024303,4:23
Funkerman,Speed Up (Delinquent Remix),Garage Classics Volume II: Summer Edition,2008,Ministry Of Sound,3024303,3:36
"Haji & Emanuel, Erire",Take Me Away (Wideboys Remix),Garage Classics Volume II: Summer Edition,2008,Ministry Of Sound,3024303,4:42
"Alex Gaudino, Crystal Waters",Destination Calabria (DJ Lapell Remix),Garage Classics Volume II: Summer Edition,2008,Ministry Of Sound,3024303,5:07
"The Wideboys, Vula",UK Shakedown (Exclusive Delmonte Mix),Garage Classics Volume II: Summer Edition,2008,Ministry Of Sound,3024303,3:58
"Tito Puente Jr., India",Oye Como Va (Wideboys Bassline Remix),Garage Classics Volume II: Summer Edition,2008,Ministry Of Sound,3024303,4:15
"The Mac Project, Therese",Another Love (Wideboys Remix),Garage Classics Volume II: Summer Edition,2008,Ministry Of Sound,3024303,3:48
Fire Island,There But For The Grace Of God (Roger's Garage Mix),Garage Classics Volume II: Summer Edition,2008,Ministry Of Sound,3024303,4:11
"The Wideboys, Majestic MC",Let The Sunshine (Sound Of The Summer) (Dubplate Intro Mix),Garage Classics Volume II: Summer Edition,2008,Ministry Of Sound,3024303,3:59
"DJ Luck & MC Neat, JJ (5)",Master Blaster 2000,Garage Classics Volume II: Summer Edition,2008,Ministry Of Sound,3024303,2:59
"Artful Dodger, Craig David",What You Gonna Do? (Wideboys Classic Mix),Garage Classics Volume II: Summer Edition,2008,Ministry Of Sound,3024303,4:10
NU-Birth,Anytime,Garage Classics Volume II: Summer Edition,2008,Ministry Of Sound,3024303,4:10
"Sticky, Kele Le Roc",Triplets,Garage Classics Volume II: Summer Edition,2008,Ministry Of Sound,3024303,2:38
"The Wideboys, Tyrone",She's The One (2 Step Mix),Garage Classics Volume II: Summer Edition,2008,Ministry Of Sound,3024303,3:08
Y-Tribe,Enough Is Enough,Garage Classics Volume II: Summer Edition,2008,Ministry Of Sound,3024303,2:44
Baby D,Let Me Be Your Fantasy (Trick Or Treat Feat. MC Tails Remix),Garage Classics Volume II: Summer Edition,2008,Ministry Of Sound,3024303,3:34
Gerideau,Masquerade (MJ Cole Vocal Mix),Garage Classics Volume II: Summer Edition,2008,Ministry Of Sound,3024303,4:46
Zack Toms,Bring Me Down (Stanton Warriors Mix),Garage Classics Volume II: Summer Edition,2008,Ministry Of Sound,3024303,3:13
R.I.P. Productions,The Chant (We Are) (Speed Garage Mix),Garage Classics Volume II: Summer Edition,2008,Ministry Of Sound,3024303,2:58
"NCA, Robbie Craig",We Can Make It Happen (New Horizons Mix),Garage Classics Volume II: Summer Edition,2008,Ministry Of Sound,3024303,3:20
"Skepta, MC Creed",Duppy,Garage Classics Volume II: Summer Edition,2008,Ministry Of Sound,3024303,3:34
"The Wideboys, Dennis G",If You Wanna Party (Atari Era's Feel Good Mix),Garage Classics Volume II: Summer Edition,2008,Ministry Of Sound,3024303,3:49
Doctor P,Sweet Shop (Friction Edit),Mixed... Drum & Bass,2010,Ministry Of Sound,2349264,1:49
Interface (7),Get Low,Mixed... Drum & Bass,2010,Ministry Of Sound,2349264,1:49
Nu:Tone,Hyper Hyper,Mixed... Drum & Bass,2010,Ministry Of Sound,2349264,2:32
"DJ Zinc, Ms. Dynamite",Wile Out (DJ Marky & S.P.Y. Remix),Mixed... Drum & Bass,2010,Ministry Of Sound,2349264,3:44
"Lenzman, Riya (2)",Bittersweet Pt 2,Mixed... Drum & Bass,2010,Ministry Of Sound,2349264,2:32
Sigma (8),Paint It Black VIP,Mixed... Drum & Bass,2010,Ministry Of Sound,2349264,1:38
"DJ Die, Interface (7)",Bright Lights,Mixed... Drum & Bass,2010,Ministry Of Sound,2349264,2:10
Noisia,Diplodocus,Mixed... Drum & Bass,2010,Ministry Of Sound,2349264,
The Prototypes,Cascade,Mixed... Drum & Bass,2010,Ministry Of Sound,2349264,1:27
Spor,Kingdom,Mixed... Drum & Bass,2010,Ministry Of Sound,2349264,2:10
Noisia,Brainstitch (Break Remix),Mixed... Drum & Bass,2010,Ministry Of Sound,2349264,
Rollz,Plugged In,Mixed... Drum & Bass,2010,Ministry Of Sound,2349264,2:10
Netsky,I Refuse (Shock One Remix),Mixed... Drum & Bass,2010,Ministry Of Sound,2349264,3:38
Prolix,Eruption,Mixed... Drum & Bass,2010,Ministry Of Sound,2349264,1:27
"Total Science, S.P.Y.",Gangsta,Mixed... Drum & Bass,2010,Ministry Of Sound,2349264,1:49
Sigma (8),Baltimore (Instrumental),Mixed... Drum & Bass,2010,Ministry Of Sound,2349264,4:21
Capone,Friday,Mixed... Drum & Bass,2010,Ministry Of Sound,2349264,
Blu Mar Ten,Overwhelm (Seba Remix),Mixed... Drum & Bass,2010,Ministry Of Sound,2349264,3:16
"Total Science, Riya (2)",Redlines,Mixed... Drum & Bass,2010,Ministry Of Sound,2349264,3:16
S.P.Y.,Favela,Mixed... Drum & Bass,2010,Ministry Of Sound,2349264,2:10
"DJ Friction, K.Tee",Set It Off (Icicle Remix),Mixed... Drum & Bass,2010,Ministry Of Sound,2349264,1:27
Sigma (8),Front To Back (Original Sin Remix),Mixed... Drum & Bass,2010,Ministry Of Sound,2349264,2:54
Break,Let It Happen,Mixed... Drum & Bass,2010,Ministry Of Sound,2349264,
Sub Focus,Timewarp VIP,Mixed... Drum & Bass,2010,Ministry Of Sound,2349264,1:49
Hive,Neo Remix,Mixed... Drum & Bass,2010,Ministry Of Sound,2349264,0:43
DJ SS,We Came To Entertain (Sub Zero Remix),Mixed... Drum & Bass,2010,Ministry Of Sound,2349264,2:11
"Drumsound & Simon ""Bassline"" Smith",Error,Mixed... Drum & Bass,2010,Ministry Of Sound,2349264,1:05
DC Breaks,Mankind (2010 V.I.P),Mixed... Drum & Bass,2010,Ministry Of Sound,2349264,1:27
Sigma (8),Stronger,Mixed... Drum & Bass,2010,Ministry Of Sound,2349264,3:33
Raiden,Alpha Centauri,Mixed... Drum & Bass,2010,Ministry Of Sound,2349264,2:33
Alix Perez,Menacing Ways,Mixed... Drum & Bass,2010,Ministry Of Sound,2349264,2:10
Need For Mirrors,Gallows,Mixed... Drum & Bass,2010,Ministry Of Sound,2349264,2:54
"Spectrasoul, D-Bridge",Glimpse,Mixed... Drum & Bass,2010,Ministry Of Sound,2349264,3:16
"Noisia, Spor",Falling Through,Mixed... Drum & Bass,2010,Ministry Of Sound,2349264,2:54
"Alix Perez, Foreign Beggars",Dark Days,Mixed... Drum & Bass,2010,Ministry Of Sound,2349264,3:37
Rockwell (10),DJ Friendly Unit Shifter,Mixed... Drum & Bass,2010,Ministry Of Sound,2349264,2:54
Phace,Strange Science,Mixed... Drum & Bass,2010,Ministry Of Sound,2349264,3:17
"BCee, S.P.Y.",Nothing To Declare,Mixed... Drum & Bass,2010,Ministry Of Sound,2349264,1:49
D-Bridge,Inner Disbelief,Mixed... Drum & Bass,2010,Ministry Of Sound,2349264,3:15
"Noisia, Phace",Floating Zero,Mixed... Drum & Bass,2010,Ministry Of Sound,2349264,3:17
"Lenzman, Jo-s",Fade Away,Mixed... Drum & Bass,2010,Ministry Of Sound,2349264,2:30
"Icicle, Commix",Ultra Clean,Mixed... Drum & Bass,2010,Ministry Of Sound,2349264,1:07
"Alix Perez, MC Fats",Down The Line (Break Remix),Mixed... Drum & Bass,2010,Ministry Of Sound,2349264,3:16
S.P.Y.,System Crash,Mixed... Drum & Bass,2010,Ministry Of Sound,2349264,2:10
Ulterior Motive,Featherweight,Mixed... Drum & Bass,2010,Ministry Of Sound,2349264,1:48
Rockwell (10),Full Circle,Mixed... Drum & Bass,2010,Ministry Of Sound,2349264,2:10
Spectrasoul,Arsentis,Mixed... Drum & Bass,2010,Ministry Of Sound,2349264,2:10
"Noisia, Giovanca",My World,Mixed... Drum & Bass,2010,Ministry Of Sound,2349264,3:16
Alix Perez,Stray (Icicle Remix VIP),Mixed... Drum & Bass,2010,Ministry Of Sound,2349264,1:27
Alex Reece,Pulp Fiction (Lync 2010 Edit),Mixed... Drum & Bass,2010,Ministry Of Sound,2349264,2:10
Lenzman,Masquerade,Mixed... Drum & Bass,2010,Ministry Of Sound,2349264,5:15
"Breakage, Newham Generals, David Rodigan",Hard,The Sound Of Dubstep,2010,Ministry Of Sound,2308471,2:59
Simian Mobile Disco,Cruel Intentions (Joker Remix),The Sound Of Dubstep,2010,Ministry Of Sound,2308471,3:27
MJ Cole,Sincere (Nero Remix),The Sound Of Dubstep,2010,Ministry Of Sound,2308471,3:47
The One Hundred,Break Me Down (Tek-One Remix),The Sound Of Dubstep,2010,Ministry Of Sound,2308471,3:36
"Kid Cudi, Crookers",Day 'N' Nite (Brackles Remix),The Sound Of Dubstep,2010,Ministry Of Sound,2308471,2:59
"Drumsound & Simon ""Bassline"" Smith",R U Ready (Dubstep Mix),The Sound Of Dubstep,2010,Ministry Of Sound,2308471,3:00
"Fresh, Stamina MC, Koko (9)",Hypercaine (Nero Remix),The Sound Of Dubstep,2010,Ministry Of Sound,2308471,3:13
Bassnectar,Bass Head,The Sound Of Dubstep,2010,Ministry Of Sound,2308471,2:59
Coki,Spongebob,The Sound Of Dubstep,2010,Ministry Of Sound,2308471,2:45
Chasing Shadows,Amirah,The Sound Of Dubstep,2010,Ministry Of Sound,2308471,3:30
Unicorn Kid,Dreamcatcher,The Sound Of Dubstep,2010,Ministry Of Sound,2308471,3:28
Tek-One,Broken String,The Sound Of Dubstep,2010,Ministry Of Sound,2308471,2:59
Artwork,Red,The Sound Of Dubstep,2010,Ministry Of Sound,2308471,3:27
"Digital Mystikz, Spen G",Anti War Dub,The Sound Of Dubstep,2010,Ministry Of Sound,2308471,3:20
"Geiom, Marita Robinson",Remissin',The Sound Of Dubstep,2010,Ministry Of Sound,2308471,2:59
Shackleton,Blood On My Hands,The Sound Of Dubstep,2010,Ministry Of Sound,2308471,3:40
TRG,Broken Heart (Martyn's DCM Remix),The Sound Of Dubstep,2010,Ministry Of Sound,2308471,4:18
Doctor P,Sweet Shop,The Sound Of Dubstep,2010,Ministry Of Sound,2308471,3:12
Calvin Harris,I'm Not Alone (Doorly Remix),The Sound Of Dubstep,2010,Ministry Of Sound,2308471,4:48
Sub Focus,Could This Be Real (Joker Remix),The Sound Of Dubstep,2010,Ministry Of Sound,2308471,2:29
Example,Won't Go Quietly (Wire Remix),The Sound Of Dubstep,2010,Ministry Of Sound,2308471,3:40
Audio Bullys,Only Man (Jakwob Remix),The Sound Of Dubstep,2010,Ministry Of Sound,2308471,3:52
Fugative,Supafly (Tek-One Remix),The Sound Of Dubstep,2010,Ministry Of Sound,2308471,4:34
"Breakage, Donae'o",Speechless,The Sound Of Dubstep,2010,Ministry Of Sound,2308471,3:37
"Sidney Samson, Wizard Sleeve",Riverside (Lets Go!) (Breakage Remix),The Sound Of Dubstep,2010,Ministry Of Sound,2308471,2:58
Nneka,Heartbeat (Chase & Status We Just Bought A Guitar Mix),The Sound Of Dubstep,2010,Ministry Of Sound,2308471,3:54
Bloc Party,Where Is Home? (Burial Remix),The Sound Of Dubstep,2010,Ministry Of Sound,2308471,4:06
Man Like Me,London Town (Doorly Remix),The Sound Of Dubstep,2010,Ministry Of Sound,2308471,3:39
"Steve Aoki, Zuper Blahq",I'm In The House (Hervé's Burning Down The House Remix),The Sound Of Dubstep,2010,Ministry Of Sound,2308471,3:12
"Joker (5), Ginz (2)",Purple City,The Sound Of Dubstep,2010,Ministry Of Sound,2308471,2:58
Sukh Knight,Diesel Not Petrol,The Sound Of Dubstep,2010,Ministry Of Sound,2308471,2:30
Jakes,Scanners,The Sound Of Dubstep,2010,Ministry Of Sound,2308471,3:39
The Bug,Poison Dart (Skream Remix),The Sound Of Dubstep,2010,Ministry Of Sound,2308471,3:39
"N-Type, The Others (7)",Technophobe,The Sound Of Dubstep,2010,Ministry Of Sound,2308471,3:53
"DJ Hatcha, Benga",10 Tons Heavy,The Sound Of Dubstep,2010,Ministry Of Sound,2308471,3:46
16 Bit (2),Jump!,The Sound Of Dubstep,2010,Ministry Of Sound,2308471,3:53
Mala (4),Changes,The Sound Of Dubstep,2010,Ministry Of Sound,2308471,4:14
Egyptrixx,The Only Way Up (Ikonika Remix),Adventures In Dubstep And Beyond Vol. 1,2010,Ministry Of Sound,2667840,4:56
Martin Kemp (2),After The Night,Adventures In Dubstep And Beyond Vol. 1,2010,Ministry Of Sound,2667840,3:39
Noodles (2),Muzik,Adventures In Dubstep And Beyond Vol. 1,2010,Ministry Of Sound,2667840,3:50
Sully (5),In Some Pattern,Adventures In Dubstep And Beyond Vol. 1,2010,Ministry Of Sound,2667840,3:43
VVV,Project Z,Adventures In Dubstep And Beyond Vol. 1,2010,Ministry Of Sound,2667840,2:58
Svpreme Fiend,Downfall,Adventures In Dubstep And Beyond Vol. 1,2010,Ministry Of Sound,2667840,2:21
Sines,Twitta Dat,Adventures In Dubstep And Beyond Vol. 1,2010,Ministry Of Sound,2667840,3:06
Dom Hz,Without You,Adventures In Dubstep And Beyond Vol. 1,2010,Ministry Of Sound,2667840,4:15
Martyn,Natural Selection (Flying Lotus Cleanse Mix),Adventures In Dubstep And Beyond Vol. 1,2010,Ministry Of Sound,2667840,4:13
"El-B, Nico (52)",This Thrill,Adventures In Dubstep And Beyond Vol. 1,2010,Ministry Of Sound,2667840,4:20
"Goldielocks, Benga",Green Eyes,Adventures In Dubstep And Beyond Vol. 1,2010,Ministry Of Sound,2667840,3:35
"Geiom, Appleblim",Flame Tree,Adventures In Dubstep And Beyond Vol. 1,2010,Ministry Of Sound,2667840,4:47
8Bitch,G41,Adventures In Dubstep And Beyond Vol. 1,2010,Ministry Of Sound,2667840,3:09
Fused Forces,What's Going Down,Adventures In Dubstep And Beyond Vol. 1,2010,Ministry Of Sound,2667840,3:51
"The Moody Boys, Pete Simpson (2)",Freedom (Vocal Mix),Adventures In Dubstep And Beyond Vol. 1,2010,Ministry Of Sound,2667840,4:53
"Tekfro, DJ Assault",Keep Bouncin',Adventures In Dubstep And Beyond Vol. 1,2010,Ministry Of Sound,2667840,3:53
"Wedge (4), Shadz",Running Away (Guido Remix),Adventures In Dubstep And Beyond Vol. 1,2010,Ministry Of Sound,2667840,4:47
Bracket (2),Grime 3,Adventures In Dubstep And Beyond Vol. 1,2010,Ministry Of Sound,2667840,6:09
"Cotti, Chefal",End Of Da Road,Adventures In Dubstep And Beyond Vol. 1,2010,Ministry Of Sound,2667840,4:34
"Badness (2), Lil Nasty, Skepta",Nightmare (Coki & Cotti Remix),Adventures In Dubstep And Beyond Vol. 1,2010,Ministry Of Sound,2667840,4:05
Mskrnt,Walk Alone,Adventures In Dubstep And Beyond Vol. 1,2010,Ministry Of Sound,2667840,4:20
Cardopusher,Gibold (Scandalous Unltd. Remix),Adventures In Dubstep And Beyond Vol. 1,2010,Ministry Of Sound,2667840,3:39
"Stagga, Tzer, Young Dot, JBone",Face Get Splat,Adventures In Dubstep And Beyond Vol. 1,2010,Ministry Of Sound,2667840,2:58
Rude Kid,Electric,Adventures In Dubstep And Beyond Vol. 1,2010,Ministry Of Sound,2667840,2:43
Wr1ng,Walk On By,Adventures In Dubstep And Beyond Vol. 1,2010,Ministry Of Sound,2667840,3:19
J Beatz,Dutty,Adventures In Dubstep And Beyond Vol. 1,2010,Ministry Of Sound,2667840,4:34
"Valta, Minikin",Fed Up!,Adventures In Dubstep And Beyond Vol. 1,2010,Ministry Of Sound,2667840,5:01
Numan,Skull Crusher,Adventures In Dubstep And Beyond Vol. 1,2010,Ministry Of Sound,2667840,3:11
"Lewi White, Kozzie",Metal Face,Adventures In Dubstep And Beyond Vol. 1,2010,Ministry Of Sound,2667840,3:12
Mark One,Move Your Soul,Adventures In Dubstep And Beyond Vol. 1,2010,Ministry Of Sound,2667840,4:06
"J Da Flex, Jammer",Knucklin',Adventures In Dubstep And Beyond Vol. 1,2010,Ministry Of Sound,2667840,3:55
Nero (5),Innocence,The Sound Of Dubstep 2,2010,Ministry Of Sound,2625435,2:17
Freestylers,Cracks (Flux Pavilion Remix),The Sound Of Dubstep 2,2010,Ministry Of Sound,2625435,3:12
"Sub Focus, Coco Sumner",Splash (Rusko Remix),The Sound Of Dubstep 2,2010,Ministry Of Sound,2625435,3:53
Example,Kick Starts (Bar9 Remix),The Sound Of Dubstep 2,2010,Ministry Of Sound,2625435,3:39
"Wretch 32, L (6)",Traktor (Friction Remix),The Sound Of Dubstep 2,2010,Ministry Of Sound,2625435,3:57
"UK Apachi, Shy FX",Original Nuttah (The Tek-One Dubstep 2010 Mix),The Sound Of Dubstep 2,2010,Ministry Of Sound,2625435,3:37
"Mark One, Virus Syndicate",Talk To Frank,The Sound Of Dubstep 2,2010,Ministry Of Sound,2625435,3:11
Tempa T,Next Hype (Ashburner Remix),The Sound Of Dubstep 2,2010,Ministry Of Sound,2625435,4:19
"Redlight (4), Ms. Dynamite",What You Talking About?,The Sound Of Dubstep 2,2010,Ministry Of Sound,2625435,2:45
Marco Del Horno,Ho! Riddim (Funtcase Remix),The Sound Of Dubstep 2,2010,Ministry Of Sound,2625435,3:38
Joker (5),Tron,The Sound Of Dubstep 2,2010,Ministry Of Sound,2625435,3:18
"Excision, Datsik",Swagga,The Sound Of Dubstep 2,2010,Ministry Of Sound,2625435,3:11
Noisia,Machine Gun (16 Bit Remix),The Sound Of Dubstep 2,2010,Ministry Of Sound,2625435,4:06
Bar 9,Piano Tune,The Sound Of Dubstep 2,2010,Ministry Of Sound,2625435,4:33
Fused Forces,K-Hole,The Sound Of Dubstep 2,2010,Ministry Of Sound,2625435,3:11
V.I.V.E.K,Feel It,The Sound Of Dubstep 2,2010,Ministry Of Sound,2625435,3:59
Matty G,50.000 Watts,The Sound Of Dubstep 2,2010,Ministry Of Sound,2625435,3:08
"Flux Pavilion, Foreign Beggars",Lines In Wax,The Sound Of Dubstep 2,2010,Ministry Of Sound,2625435,3:15
"WTF?!, Dead Prez",It's Bigger Than Hip Hop UK (Dubbed Out Mix),The Sound Of Dubstep 2,2010,Ministry Of Sound,2625435,2:37
Youngman MC,Ho!,The Sound Of Dubstep 2,2010,Ministry Of Sound,2625435,3:25
Fresh,Gold Dust (Flux Pavilion Remix),The Sound Of Dubstep 2,2010,Ministry Of Sound,2625435,3:11
"Blame, Camilla Beeput",Star (Doctor P Remix),The Sound Of Dubstep 2,2010,Ministry Of Sound,2625435,3:40
Gyptian,Hold You (Thunderskank Remix),The Sound Of Dubstep 2,2010,Ministry Of Sound,2625435,3:46
Borgore,Love,The Sound Of Dubstep 2,2010,Ministry Of Sound,2625435,3:11
DJ Luck & MC Neat,A Little Bit Of Luck (D1 Remix),The Sound Of Dubstep 2,2010,Ministry Of Sound,2625435,3:12
Paloma Faith,Smoke & Mirrors (True Tiger Remix),The Sound Of Dubstep 2,2010,Ministry Of Sound,2625435,4:20
"Skream, Cluekid",Sandsnake (Goth Trad Remix),The Sound Of Dubstep 2,2010,Ministry Of Sound,2625435,3:39
Untold,Anaconda,The Sound Of Dubstep 2,2010,Ministry Of Sound,2625435,3:53
"Plastician, Skepta",Intensive Snare,The Sound Of Dubstep 2,2010,Ministry Of Sound,2625435,2:58
Jakwob,Here With Me,The Sound Of Dubstep 2,2010,Ministry Of Sound,2625435,3:11
Digital Mystikz,Much Chat,The Sound Of Dubstep 2,2010,Ministry Of Sound,2625435,3:25
Loefah,Disco Rekah,The Sound Of Dubstep 2,2010,Ministry Of Sound,2625435,4:34
Pinch (2),Qawwali,The Sound Of Dubstep 2,2010,Ministry Of Sound,2625435,3:25
Digital Mystikz,Miracles,The Sound Of Dubstep 2,2010,Ministry Of Sound,2625435,3:39
DJ Distance,Fallen (Vex'd Remix),The Sound Of Dubstep 2,2010,Ministry Of Sound,2625435,3:32
Lung.,Afterlife (Kryptic Minds Remix),The Sound Of Dubstep 2,2010,Ministry Of Sound,2625435,4:34
Commix,Be True (Burial Remix),The Sound Of Dubstep 2,2010,Ministry Of Sound,2625435,3:49
"Phaeleh, Soundmouse",Afterglow,The Sound Of Dubstep 2,2010,Ministry Of Sound,2625435,4:00
Gumnaam,Blow My Mind,Adventures In Dubstep And Beyond Vol. 2,2011,Ministry Of Sound,3029186,5:26
"Chefal, Chefal",Electro Bashment,Adventures In Dubstep And Beyond Vol. 2,2011,Ministry Of Sound,3029186,4:08
El-B,Romp,Adventures In Dubstep And Beyond Vol. 2,2011,Ministry Of Sound,3029186,3:37
"J Beatz, Mr. Mitch (2)",Panda Pop,Adventures In Dubstep And Beyond Vol. 2,2011,Ministry Of Sound,3029186,3:10
Royal T (2),Side Effect (Asa And Khan Mix),Adventures In Dubstep And Beyond Vol. 2,2011,Ministry Of Sound,3029186,3:37
Slaughter Mob,Buddha Assassinator,Adventures In Dubstep And Beyond Vol. 2,2011,Ministry Of Sound,3029186,2:29
"Maddslinky, Omar",Special (Chimpo Dub),Adventures In Dubstep And Beyond Vol. 2,2011,Ministry Of Sound,3029186,4:42
Jak A Tron,Will You Ever Know,Adventures In Dubstep And Beyond Vol. 2,2011,Ministry Of Sound,3029186,4:48
Zed Bias,Hero Style Licks,Adventures In Dubstep And Beyond Vol. 2,2011,Ministry Of Sound,3029186,2:39
Evol Intent,Paradize City (Instrumental Dub),Adventures In Dubstep And Beyond Vol. 2,2011,Ministry Of Sound,3029186,2:49
"Marger, Sibling (2)",My Thing (Sibling Remix),Adventures In Dubstep And Beyond Vol. 2,2011,Ministry Of Sound,3029186,2:57
DVA (2),Still Born,Adventures In Dubstep And Beyond Vol. 2,2011,Ministry Of Sound,3029186,2:43
The Blood Of Heroes,Descend Destroy (Joel Hamilton & Submerged Mix),Adventures In Dubstep And Beyond Vol. 2,2011,Ministry Of Sound,3029186,3:37
Hectic (9),Start Here,Adventures In Dubstep And Beyond Vol. 2,2011,Ministry Of Sound,3029186,3:10
DJ Hatcha,Dark Claps,Adventures In Dubstep And Beyond Vol. 2,2011,Ministry Of Sound,3029186,2:36
Rustie,Hyperthrust,Adventures In Dubstep And Beyond Vol. 2,2011,Ministry Of Sound,3029186,1:53
Joker (5),Gully Brook Lane (Terror Danjah's Gully Goon Estate Mix),Adventures In Dubstep And Beyond Vol. 2,2011,Ministry Of Sound,3029186,5:52
Kidkanevil,Land Of Plenty (Throwing Snow Mix),Adventures In Dubstep And Beyond Vol. 2,2011,Ministry Of Sound,3029186,5:19
Subeena,Wishful Talk (Ghosts On Tape Remix),Adventures In Dubstep And Beyond Vol. 2,2011,Ministry Of Sound,3029186,4:05
Nehuen,Between Love And Hate,Adventures In Dubstep And Beyond Vol. 2,2011,Ministry Of Sound,3029186,2:27
Lunice,Hitmane's Anthem,Adventures In Dubstep And Beyond Vol. 2,2011,Ministry Of Sound,3029186,4:17
Modepth,Indelible,Adventures In Dubstep And Beyond Vol. 2,2011,Ministry Of Sound,3029186,3:51
DJ Heny.G,Christopher,Adventures In Dubstep And Beyond Vol. 2,2011,Ministry Of Sound,3029186,5:17
"Lostlojic, Bisweed",The Overworld,Adventures In Dubstep And Beyond Vol. 2,2011,Ministry Of Sound,3029186,4:01
Dong (2),Suzuran (Quarta 330 And LV Remake),Adventures In Dubstep And Beyond Vol. 2,2011,Ministry Of Sound,3029186,3:20
"Jay 5ive, Kromestar",Bass 96,Adventures In Dubstep And Beyond Vol. 2,2011,Ministry Of Sound,3029186,3:17
"Kuma (7), Juakali",What It's Not,Adventures In Dubstep And Beyond Vol. 2,2011,Ministry Of Sound,3029186,4:01
Africa Hitech,Blen,Adventures In Dubstep And Beyond Vol. 2,2011,Ministry Of Sound,3029186,3:05
Skinnz,Keep It Gutta,Adventures In Dubstep And Beyond Vol. 2,2011,Ministry Of Sound,3029186,4:34
Geiom,Heat Sync,Adventures In Dubstep And Beyond Vol. 2,2011,Ministry Of Sound,3029186,4:08
Macabre Unit,Lift Off,Adventures In Dubstep And Beyond Vol. 2,2011,Ministry Of Sound,3029186,4:05
Mskrnt,D-Town,Adventures In Dubstep And Beyond Vol. 2,2011,Ministry Of Sound,3029186,3:09
Jazzsteppa,Sweet Tooth,Adventures In Dubstep And Beyond Vol. 2,2011,Ministry Of Sound,3029186,4:30
Point B,Suicide Beauty Spot (Boxcutter Remix),Adventures In Dubstep And Beyond Vol. 2,2011,Ministry Of Sound,3029186,4:35
"D Double E, Dizzee Rascal",Bluku! Bluku!,The Sound Of Dubstep 3,2011,Ministry Of Sound,3179330,3:26
Caspa (3),Fulham 2 Waterloo (Emalkay Remix),The Sound Of Dubstep 3,2011,Ministry Of Sound,3179330,3:25
"Benny Benassi, The Biz (5)",Satisfaction (J. Rabbit Remix),The Sound Of Dubstep 3,2011,Ministry Of Sound,3179330,3:12
"Wretch 32, Josh Kumra",Don’t Go (Thunderskank Go Harder Remix),The Sound Of Dubstep 3,2011,Ministry Of Sound,3179330,3:53
"T.C. (2), Dread MC",Concrete,The Sound Of Dubstep 3,2011,Ministry Of Sound,3179330,2:30
"Lewi White, Ed Sheeran, Yasmin (3), Griminal, Devlin (2)",Young Guns,The Sound Of Dubstep 3,2011,Ministry Of Sound,3179330,3:18
"Does It Offend You, Yeah?",Wondering (Dirtyphonics Mix),The Sound Of Dubstep 3,2011,Ministry Of Sound,3179330,3:39
Engine Earz Experiment,They Live,The Sound Of Dubstep 3,2011,Ministry Of Sound,3179330,4:06
"Excision, Downlink (3)",Existence VIP,The Sound Of Dubstep 3,2011,Ministry Of Sound,3179330,3:20
"Bare, Datsik",King Kong,The Sound Of Dubstep 3,2011,Ministry Of Sound,3179330,3:50
Cookie Monsta,Ginger Pubes,The Sound Of Dubstep 3,2011,Ministry Of Sound,3179330,3:32
Digital Mystikz,Horrid Henry,The Sound Of Dubstep 3,2011,Ministry Of Sound,3179330,4:06
District (4),3.5 Grams,The Sound Of Dubstep 3,2011,Ministry Of Sound,3179330,3:11
Andreya Triana,A Town Called Obsolete (Mala Remix),The Sound Of Dubstep 3,2011,Ministry Of Sound,3179330,3:40
Pinch (2),Swish,The Sound Of Dubstep 3,2011,Ministry Of Sound,3179330,3:04
Skream,Exothermic Reaction,The Sound Of Dubstep 3,2011,Ministry Of Sound,3179330,2:57
Breakage,Higher,The Sound Of Dubstep 3,2011,Ministry Of Sound,3179330,2:31
Gemini (40),Blue,The Sound Of Dubstep 3,2011,Ministry Of Sound,3179330,3:53
"Excision, Downlink (3)",Heavy Artillery (SKisM Remix),The Sound Of Dubstep 3,2011,Ministry Of Sound,3179330,3:38
Blue Foundation,Eyes On Fire (Zeds Dead Rmx),The Sound Of Dubstep 3,2011,Ministry Of Sound,3179330,3:54
"Drumsound & Simon ""Bassline"" Smith",Close (Mensah Remix),The Sound Of Dubstep 3,2011,Ministry Of Sound,3179330,4:06
Coki,Haymaker,The Sound Of Dubstep 3,2011,Ministry Of Sound,3179330,3:18
Cyrus (9),Manhattan Blues,The Sound Of Dubstep 3,2011,Ministry Of Sound,3179330,3:22
DJ Distance,Night Vision,The Sound Of Dubstep 3,2011,Ministry Of Sound,3179330,5:18
"Silkie, Von D",Snowed In,The Sound Of Dubstep 3,2011,Ministry Of Sound,3179330,3:25
Icicle,Xylophobia,The Sound Of Dubstep 3,2011,Ministry Of Sound,3179330,3:11
Girl Unit,Wut,The Sound Of Dubstep 3,2011,Ministry Of Sound,3179330,4:20
Ramadanman,Glut,The Sound Of Dubstep 3,2011,Ministry Of Sound,3179330,2:58
Hackman,Close (Instrumental),The Sound Of Dubstep 3,2011,Ministry Of Sound,3179330,3:53
Eskmo,Cloudlight,The Sound Of Dubstep 3,2011,Ministry Of Sound,3179330,3:39
Mount Kimbie,Maybes (James Blake Remix),The Sound Of Dubstep 3,2011,Ministry Of Sound,3179330,3:14
DJ Zinc,On Fire Tonight,Jungle Classics,2011,Ministry Of Sound,3308081,3:20
Adam F,The Original Junglesound,Jungle Classics,2011,Ministry Of Sound,3308081,3:14
"Urban Shakedown, Debo",Arsonist (Some Justice 95),Jungle Classics,2011,Ministry Of Sound,3308081,3:34
Dope Skillz,6 Million Ways To Die,Jungle Classics,2011,Ministry Of Sound,3308081,2:38
"DJ Hype, Ganja Max",Rinse Out,Jungle Classics,2011,Ministry Of Sound,3308081,3:23
"Goldie, Rufige Kru",Terminator,Jungle Classics,2011,Ministry Of Sound,3308081,3:09
Q Project,Champion Sound (Total Science 'Hardcore Will Never Die' Remix),Jungle Classics,2011,Ministry Of Sound,3308081,3:51
Dillinja,Grimey,Jungle Classics,2011,Ministry Of Sound,3308081,3:26
Fresh,Gatekeeper,Jungle Classics,2011,Ministry Of Sound,3308081,3:45
Krome & Time,The License,Jungle Classics,2011,Ministry Of Sound,3308081,4:18
Blame,Music Takes You,Jungle Classics,2011,Ministry Of Sound,3308081,4:45
Utah Saints,What Can You Do For Me (Drumsound & Bassline Smith Original Mix),Jungle Classics,2011,Ministry Of Sound,3308081,3:53
"Chase & Status, Capleton",Duppy Man,Jungle Classics,2011,Ministry Of Sound,3308081,3:07
"Yasmin (3), Shy Fx, Ms. Dynamite",Light Up (The World) (Benny Page Remix),Jungle Classics,2011,Ministry Of Sound,3308081,4:01
Distorted Minds,T-10 (Dillinja Remix),Jungle Classics,2011,Ministry Of Sound,3308081,3:53
Mulder,Don't Give A Damn,Jungle Classics,2011,Ministry Of Sound,3308081,4:30
Dead Dred,Dred Bass,Jungle Classics,2011,Ministry Of Sound,3308081,4:03
"DJ Hype, MC Fats","Peace, Love And Unity",Jungle Classics,2011,Ministry Of Sound,3308081,3:44
Shy FX,The Wolf,Jungle Classics,2011,Ministry Of Sound,3308081,2:59
"M-Beat, Nazlyn",Sweet Love,Jungle Classics,2011,Ministry Of Sound,3308081,2:59
T.Power,Mutant Jazz (DJ Trace Mix),Jungle Classics,2011,Ministry Of Sound,3308081,3:33
Sub Focus,Last Jungle,Jungle Classics,2011,Ministry Of Sound,3308081,2:27
Lennie De Ice,We Are I.E,Jungle Classics,2011,Ministry Of Sound,3308081,3:02
Redlight (4),Get Out My Head (Joker Remix),The Sound Of Dubstep 4,2012,Ministry Of Sound,3564267,2:57
Nadia Ali,Rapture (High Rankin Remix),The Sound Of Dubstep 4,2012,Ministry Of Sound,3564267,2:30
"Sebastian (6), Mayer Hawthorne",Love In Motion (Skrillex's Funkt-Out Mix),The Sound Of Dubstep 4,2012,Ministry Of Sound,3564267,2:57
Koven,Wake You Up,The Sound Of Dubstep 4,2012,Ministry Of Sound,3564267,4:09
Benga,Any Steppers,The Sound Of Dubstep 4,2012,Ministry Of Sound,3564267,3:38
"DJ First Aid, Pulsar (20)",Bombaclat,The Sound Of Dubstep 4,2012,Ministry Of Sound,3564267,3:38
Hard Evidence (2),Spark Plug (Dubstep Mix),The Sound Of Dubstep 4,2012,Ministry Of Sound,3564267,3:25
Karin Park,Fryngies (Funtcase Remix),The Sound Of Dubstep 4,2012,Ministry Of Sound,3564267,3:04
Dodge & Fuski,Python,The Sound Of Dubstep 4,2012,Ministry Of Sound,3564267,3:59
Bassnectar,Timestretch,The Sound Of Dubstep 4,2012,Ministry Of Sound,3564267,4:10
"Doctor P, Jenna Gibbons",Neon,The Sound Of Dubstep 4,2012,Ministry Of Sound,3564267,3:24
Dismantle,Clone,The Sound Of Dubstep 4,2012,Ministry Of Sound,3564267,3:11
Zomby,Spliff Dub (Sukh Knight Remix),The Sound Of Dubstep 4,2012,Ministry Of Sound,3564267,2:43
Dream (19),Dub Runner,The Sound Of Dubstep 4,2012,Ministry Of Sound,3564267,4:03
"J:Kenzo, Rod Azlan",Ruffhouse,The Sound Of Dubstep 4,2012,Ministry Of Sound,3564267,3:14
Phaeleh,Lament (DJ Madd Remix),The Sound Of Dubstep 4,2012,Ministry Of Sound,3564267,3:28
Henry & Louis,Love Like (Pinch Remix),The Sound Of Dubstep 4,2012,Ministry Of Sound,3564267,2:47
Johnny Osbourne,Fally Ranking (V.I.V.E.K. Remix),The Sound Of Dubstep 4,2012,Ministry Of Sound,3564267,3:28
King Midas Sound,Earth A Kill Ya (Mala Rework),The Sound Of Dubstep 4,2012,Ministry Of Sound,3564267,2:59
Digital Mystikz,Misty Winter,The Sound Of Dubstep 4,2012,Ministry Of Sound,3564267,3:18
Biome (2),Propaganda,The Sound Of Dubstep 4,2012,Ministry Of Sound,3564267,4:06
Sleeper (5),GTFO,The Sound Of Dubstep 4,2012,Ministry Of Sound,3564267,4:06
"SP:MC, LX One",Hunted,The Sound Of Dubstep 4,2012,Ministry Of Sound,3564267,4:06
Kahn (5),Way Mi Defend,The Sound Of Dubstep 4,2012,Ministry Of Sound,3564267,3:39
Pangaea (4),Hex,The Sound Of Dubstep 4,2012,Ministry Of Sound,3564267,4:28
Mosca (2),Bax,The Sound Of Dubstep 4,2012,Ministry Of Sound,3564267,4:00
Rustie,Ultra Thizz,The Sound Of Dubstep 4,2012,Ministry Of Sound,3564267,3:18
"Artful Dodger, Romina Johnson",Moving Too Fast,Back To The Old Skool Garage Classics,2012,Ministry Of Sound,3569093,4:10
"DJ Luck & MC Neat, JJ (5)",Master Blaster 2000 (Oracles Mix),Back To The Old Skool Garage Classics,2012,Ministry Of Sound,3569093,3:27
Shola Ama,Imagine (Club Asylum Remix),Back To The Old Skool Garage Classics,2012,Ministry Of Sound,3569093,3:32
"Wookie, Lain",Battle (Vocal Mix),Back To The Old Skool Garage Classics,2012,Ministry Of Sound,3569093,4:24
Amira,My Desire (Dreem Teem Remix),Back To The Old Skool Garage Classics,2012,Ministry Of Sound,3569093,3:17
"Ed Case, Shelley Nelson",Something In Your Eyes (K Warren Mix),Back To The Old Skool Garage Classics,2012,Ministry Of Sound,3569093,3:25
"N'n'G, Kallaghan, MC Neat",Right Before My Eyes (Remix),Back To The Old Skool Garage Classics,2012,Ministry Of Sound,3569093,4:36
Monsta Boy,Sorry (I Didn't Know) (David Howard Remix),Back To The Old Skool Garage Classics,2012,Ministry Of Sound,3569093,3:39
Jaheim,Just In Case (Dub-A-Holics Roller's Revival Mix),Back To The Old Skool Garage Classics,2012,Ministry Of Sound,3569093,3:16
M Dubs,Bump 'n' Grind (Sunship Mix),Back To The Old Skool Garage Classics,2012,Ministry Of Sound,3569093,3:09
Glamma Kid,Why (10° Below Vocal Mix),Back To The Old Skool Garage Classics,2012,Ministry Of Sound,3569093,3:16
"Tru Faith, Dub Conspiracy",Freak Like Me,Back To The Old Skool Garage Classics,2012,Ministry Of Sound,3569093,3:23
"Sunship, Anita Kelsey",Try Me Out (Let Me Lick It),Back To The Old Skool Garage Classics,2012,Ministry Of Sound,3569093,3:38
"Frances James, DJ Face",Girls Play Too,Back To The Old Skool Garage Classics,2012,Ministry Of Sound,3569093,3:16
DJ Innocence,So Beautiful,Back To The Old Skool Garage Classics,2012,Ministry Of Sound,3569093,3:45
Lonyo,Garage Girls (Sunship Remix),Back To The Old Skool Garage Classics,2012,Ministry Of Sound,3569093,3:27
"Dreem Teem, Artful Dodger",It Ain't Enough (Dub Mix),Back To The Old Skool Garage Classics,2012,Ministry Of Sound,3569093,3:20
Craig David,Seven Days (Sunship Remix),Back To The Old Skool Garage Classics,2012,Ministry Of Sound,3569093,4:18
"DJ Luck & MC Neat, JJ (5)",Ain't No Stoppin Us (Oracles Mix),Back To The Old Skool Garage Classics,2012,Ministry Of Sound,3569093,4:33
"Ramsey & Fen, Lynsey Moore",Love Bug,Back To The Old Skool Garage Classics,2012,Ministry Of Sound,3569093,2:53
Kristine Blond,Love Shy (Club Asylum Mix),Back To The Old Skool Garage Classics,2012,Ministry Of Sound,3569093,3:11
Amar,Sometimes It Snows In April (Dreem House Dub Mix),Back To The Old Skool Garage Classics,2012,Ministry Of Sound,3569093,4:07
Shola Ama,Run To Me (Club Asylum Remix),Back To The Old Skool Garage Classics,2012,Ministry Of Sound,3569093,4:22
Indo,RU Sleeping? (Bump & Flex Remix),Back To The Old Skool Garage Classics,2012,Ministry Of Sound,3569093,2:40
"10° Below, Kele Le Roc",My Love,Back To The Old Skool Garage Classics,2012,Ministry Of Sound,3569093,4:22
"Robbie Craig, Gerideau",Who's The Better Man? (Godfather Remix),Back To The Old Skool Garage Classics,2012,Ministry Of Sound,3569093,4:07
"Richie Dan, K-Warren",Call It Fate,Back To The Old Skool Garage Classics,2012,Ministry Of Sound,3569093,4:11
Bizzi,Bizzi's Party (Booker T Remix),Back To The Old Skool Garage Classics,2012,Ministry Of Sound,3569093,2:53
Cleptomaniacs,All I Do (Bump & Flex Club Mix),Back To The Old Skool Garage Classics,2012,Ministry Of Sound,3569093,2:39
"Somore, Damon Trueitt",I Refuse (What You Want) (Industry Standard Mix),Back To The Old Skool Garage Classics,2012,Ministry Of Sound,3569093,3:53
Once Waz Nice,Messing Around (Wideboys Remix),Back To The Old Skool Garage Classics,2012,Ministry Of Sound,3569093,2:47
Double 99,Ripgroove (Vocal Club Mix),Back To The Old Skool Garage Classics,2012,Ministry Of Sound,3569093,6:12
CJ Bolland,Sugar Is Sweeter (Armand's Drum 'n' Bass Mix),Back To The Old Skool Garage Classics,2012,Ministry Of Sound,3569093,3:11
"Sticky, Ms. Dynamite",Booo!,Back To The Old Skool Garage Classics,2012,Ministry Of Sound,3569093,3:44
Oxide & Neutrino,Bound 4 Da Reload,Back To The Old Skool Garage Classics,2012,Ministry Of Sound,3569093,3:20
"Teebone, MC Sparks, MC Kie",Fly Bi,Back To The Old Skool Garage Classics,2012,Ministry Of Sound,3569093,3:04
DJ Dee Kline,I Don't Smoke,Back To The Old Skool Garage Classics,2012,Ministry Of Sound,3569093,3:19
Future Underground Nation,It's The Way (99 Remix),Back To The Old Skool Garage Classics,2012,Ministry Of Sound,3569093,3:33
Zack Toms,Bring Me Down,Back To The Old Skool Garage Classics,2012,Ministry Of Sound,3569093,3:47
Sia,Little Man (Wookie Mix),Back To The Old Skool Garage Classics,2012,Ministry Of Sound,3569093,3:34
Mark Ryder,Joy,Back To The Old Skool Garage Classics,2012,Ministry Of Sound,3569093,3:51
DJ Lewi,Hold Me Tight (4x4 VIP Remix),Back To The Old Skool Garage Classics,2012,Ministry Of Sound,3569093,2:07
Second Protocol,Basslick,Back To The Old Skool Garage Classics,2012,Ministry Of Sound,3569093,3:47
Mr. Reds,Can You Feel It,Back To The Old Skool Garage Classics,2012,Ministry Of Sound,3569093,3:04
"BM Dubs, Mr. Rumble, Brasstooth, Kee",Whoomph!...There It Is,Back To The Old Skool Garage Classics,2012,Ministry Of Sound,3569093,2:39
"Sunship, MC RB",Cheque One Two,Back To The Old Skool Garage Classics,2012,Ministry Of Sound,3569093,4:06
Dem 2,Destiny,Back To The Old Skool Garage Classics,2012,Ministry Of Sound,3569093,2:51
Nero (5),Me & You (Roksonix Remix),The Sound Of Dubstep 5,2012,Ministry Of Sound,4146914,4:12
Borgore,Decisions,The Sound Of Dubstep 5,2012,Ministry Of Sound,4146914,2:46
Hadouken!,Bad Signal (Xilent Remix),The Sound Of Dubstep 5,2012,Ministry Of Sound,4146914,4:06
"Drumsound & Simon ""Bassline"" Smith, Tom Cane",Through The Night (Bare Noize Remix),The Sound Of Dubstep 5,2012,Ministry Of Sound,4146914,4:08
"Netsky, Diane Charlemagne",Wanna Die For You,The Sound Of Dubstep 5,2012,Ministry Of Sound,4146914,3:38
Eptic,Slime City,The Sound Of Dubstep 5,2012,Ministry Of Sound,4146914,4:06
"Excision, Downlink (3)",Headbanga,The Sound Of Dubstep 5,2012,Ministry Of Sound,4146914,2:59
"Mayhem (7), Mark Instinct",Nerds,The Sound Of Dubstep 5,2012,Ministry Of Sound,4146914,3:04
Meta (11),Phoenix Down,The Sound Of Dubstep 5,2012,Ministry Of Sound,4146914,4:09
"Sub Focus, Kenzie May",Falling Down (xKore Remix),The Sound Of Dubstep 5,2012,Ministry Of Sound,4146914,3:18
"Borgore, ShayGray",Flex (Figure Remix),The Sound Of Dubstep 5,2012,Ministry Of Sound,4146914,3:36
"Fresh, RaVaughn",The Feeling (Ashcroft Remix),The Sound Of Dubstep 5,2012,Ministry Of Sound,4146914,4:41
Emalkay,Bring It Down,The Sound Of Dubstep 5,2012,Ministry Of Sound,4146914,3:12
Skream,Snarled,The Sound Of Dubstep 5,2012,Ministry Of Sound,4146914,4:20
"Stinkahbell, Psy:am",Gwop Shop,The Sound Of Dubstep 5,2012,Ministry Of Sound,4146914,3:11
P Money,Dubsteppin',The Sound Of Dubstep 5,2012,Ministry Of Sound,4146914,3:51
Cookie Monsta,RIOT!,The Sound Of Dubstep 5,2012,Ministry Of Sound,4146914,2:45
Zomboy,Hoedown,The Sound Of Dubstep 5,2012,Ministry Of Sound,4146914,3:32
Subzee d,Hold Me,The Sound Of Dubstep 5,2012,Ministry Of Sound,4146914,3:46
"Dream (19), Beezy",Pornstar,The Sound Of Dubstep 5,2012,Ministry Of Sound,4146914,2:58
Clare Maguire (2),Ain't Nobody (Breakage's Suck It Up Mix),The Sound Of Dubstep 5,2012,Ministry Of Sound,4146914,4:20
Jess Mills,Live For What I'd Die For (Distance Remix),The Sound Of Dubstep 5,2012,Ministry Of Sound,4146914,4:07
Brown & Gammon,Blow My Mind,The Sound Of Dubstep 5,2012,Ministry Of Sound,4146914,3:24
DC Breaks,Move Closer (Dubstep VIP),The Sound Of Dubstep 5,2012,Ministry Of Sound,4146914,3:51
"Jack Sparrow, Ruckspin",Good Old Days,The Sound Of Dubstep 5,2012,Ministry Of Sound,4146914,2:57
Kryptic Minds,Hybrid (Biome Remix),The Sound Of Dubstep 5,2012,Ministry Of Sound,4146914,2:57
Coki,Revolution,The Sound Of Dubstep 5,2012,Ministry Of Sound,4146914,2:53
"Artful Dodger, Craig David",Re-Rewind,Back To The Old Skool Garage Classics Volume II,2012,Ministry Of Sound,4194720,
Mis-Teeq,Why? (Matt Jam Lamont Mix),Back To The Old Skool Garage Classics Volume II,2012,Ministry Of Sound,4194720,
MJ Cole,Crazy Love,Back To The Old Skool Garage Classics Volume II,2012,Ministry Of Sound,4194720,
"True Steppers, Dane Bowers",Buggin',Back To The Old Skool Garage Classics Volume II,2012,Ministry Of Sound,4194720,
K-Ci & JoJo,Tell Me It's Real (Club Asylum Vocal Edit),Back To The Old Skool Garage Classics Volume II,2012,Ministry Of Sound,4194720,
"NCA, Robbie Craig",Lessons In Love (Jam & Face Remix),Back To The Old Skool Garage Classics Volume II,2012,Ministry Of Sound,4194720,
Usher,Pop Ya Collar (G4orce Jazz Step Vocal),Back To The Old Skool Garage Classics Volume II,2012,Ministry Of Sound,4194720,
Jhelisa,Friendly Pressure (Sunship Into The Sunshine Remix),Back To The Old Skool Garage Classics Volume II,2012,Ministry Of Sound,4194720,
Ladies First,Kiss The Sunshine (Ladies First Vs Sunship),Back To The Old Skool Garage Classics Volume II,2012,Ministry Of Sound,4194720,
Tony Momrelle,If You Were Here Tonight (Daryl B & M. Yardley Vocal Mix),Back To The Old Skool Garage Classics Volume II,2012,Ministry Of Sound,4194720,
P!nk,There You Go (Sovereign Remix),Back To The Old Skool Garage Classics Volume II,2012,Ministry Of Sound,4194720,
"Distant Soundz, Rob Beaumont",Time After Time,Back To The Old Skool Garage Classics Volume II,2012,Ministry Of Sound,4194720,
"TJ Cases, Kat Blu",Do It Again,Back To The Old Skool Garage Classics Volume II,2012,Ministry Of Sound,4194720,
"About 2, Cameron (4)",Let The Music Take Control,Back To The Old Skool Garage Classics Volume II,2012,Ministry Of Sound,4194720,
"B-15 Project, Shola Ama, Ms. Dynamite",Feels So Good,Back To The Old Skool Garage Classics Volume II,2012,Ministry Of Sound,4194720,
"Artful Dodger, Lifford",Please Don't Turn Me On (UK Garage Mix),Back To The Old Skool Garage Classics Volume II,2012,Ministry Of Sound,4194720,
Håkan Lidbo,Walk Away (Todd Edward's Tell Someone Dub Mix),Back To The Old Skool Garage Classics Volume II,2012,Ministry Of Sound,4194720,
3rd Core,Mindless And Broken (MJ Cole Edit),Back To The Old Skool Garage Classics Volume II,2012,Ministry Of Sound,4194720,
"Artful Dodger, Robbie Craig, Craig David",Woman Trouble,Back To The Old Skool Garage Classics Volume II,2012,Ministry Of Sound,4194720,
DJ Luck & MC Neat,Piano Loco,Back To The Old Skool Garage Classics Volume II,2012,Ministry Of Sound,4194720,
So Solid Crew,Oh No,Back To The Old Skool Garage Classics Volume II,2012,Ministry Of Sound,4194720,
"Oxide & Neutrino, Megaman, Romeo, Lisa Maffia",No Good For Me,Back To The Old Skool Garage Classics Volume II,2012,Ministry Of Sound,4194720,
The Streets,Has It Come To This?,Back To The Old Skool Garage Classics Volume II,2012,Ministry Of Sound,4194720,
"Sticky, Kele Le Roc",Things We Do For Love,Back To The Old Skool Garage Classics Volume II,2012,Ministry Of Sound,4194720,
Dionne Rakeem,Sweeter Than Wine (Club Asylum Remix),Back To The Old Skool Garage Classics Volume II,2012,Ministry Of Sound,4194720,
Colour Girl,Joyrider (Y Tribes Underground Remix),Back To The Old Skool Garage Classics Volume II,2012,Ministry Of Sound,4194720,
Dinamyte,Dynamite (Dancehall Queen),Back To The Old Skool Garage Classics Volume II,2012,Ministry Of Sound,4194720,
"Stephen Emmanuel, Colours (5)",Hold On (SE22 Mix),Back To The Old Skool Garage Classics Volume II,2012,Ministry Of Sound,4194720,
Jeremy Sylvester,Making Love (Dub Mix),Back To The Old Skool Garage Classics Volume II,2012,Ministry Of Sound,4194720,
Deetah,Relax (Bump ‘N’ Flex Mix),Back To The Old Skool Garage Classics Volume II,2012,Ministry Of Sound,4194720,
Da Click,Good Rhymes,Back To The Old Skool Garage Classics Volume II,2012,Ministry Of Sound,4194720,
Jammin',Go DJ,Back To The Old Skool Garage Classics Volume II,2012,Ministry Of Sound,4194720,
Shut Up & Dance,No Doubt,Back To The Old Skool Garage Classics Volume II,2012,Ministry Of Sound,4194720,
Reservoir Dogs,Buddah Finger,Back To The Old Skool Garage Classics Volume II,2012,Ministry Of Sound,4194720,
Maxwell D,Serious,Back To The Old Skool Garage Classics Volume II,2012,Ministry Of Sound,4194720,
"GodsGift, Teebone",Mic Tribute Update,Back To The Old Skool Garage Classics Volume II,2012,Ministry Of Sound,4194720,
187 Lockdown,Rewind (Come Selecta),Back To The Old Skool Garage Classics Volume II,2012,Ministry Of Sound,4194720,
"Boris Dlugosch, BOOOM!",Hold Your Head Up High (Julian Jonah's Bad Boy Remix),Back To The Old Skool Garage Classics Volume II,2012,Ministry Of Sound,4194720,
Kim English,Nite Life (The Armand Van Helden Retail Mix),Back To The Old Skool Garage Classics Volume II,2012,Ministry Of Sound,4194720,
"Matt ""Jam"" Lamont, The Jam Experience",Feel My Love,Back To The Old Skool Garage Classics Volume II,2012,Ministry Of Sound,4194720,
The Dub Monsters,Waiting,Back To The Old Skool Garage Classics Volume II,2012,Ministry Of Sound,4194720,
Jodeci,Freek'n You (MK Dub),Back To The Old Skool Garage Classics Volume II,2012,Ministry Of Sound,4194720,
New Horizons,Find The Path (In Your Mind),Back To The Old Skool Garage Classics Volume II,2012,Ministry Of Sound,4194720,
D'n'D,Diamond Rings,Back To The Old Skool Garage Classics Volume II,2012,Ministry Of Sound,4194720,
Big Bird,Flav,Back To The Old Skool Garage Classics Volume II,2012,Ministry Of Sound,4194720,
"M Dubs, Richie Dan",Over Here (M-Dubs Iron Mike Mix),Back To The Old Skool Garage Classics Volume II,2012,Ministry Of Sound,4194720,
24Hour Experience,Together,Back To The Old Skool Garage Classics Volume II,2012,Ministry Of Sound,4194720,
N'n'G,I Keep,Back To The Old Skool Garage Classics Volume II,2012,Ministry Of Sound,4194720,
Danny J Lewis,Spend The Night (H Man Mix),Back To The Old Skool Garage Classics Volume II,2012,Ministry Of Sound,4194720,
"Roy Davis Jr., Peven Everett",Gabriel (Live Garage Mix),Back To The Old Skool Garage Classics Volume II,2012,Ministry Of Sound,4194720,
Myron,We Can Get Down (Groove Chronicles Remix),Back To The Old Skool Garage Classics Volume II,2012,Ministry Of Sound,4194720,
Rusko,Cockney Thug,The Sound Of Dubstep Classics,2013,Ministry Of Sound,5213837,3:33
"Foreign Beggars, Skrillex",Still Gettin' It,The Sound Of Dubstep Classics,2013,Ministry Of Sound,5213837,3:39
"Flux Pavilion, Doctor P",Superbad,The Sound Of Dubstep Classics,2013,Ministry Of Sound,5213837,3:29
Modestep,Sunlight,The Sound Of Dubstep Classics,2013,Ministry Of Sound,5213837,3:48
Benga,26 Basslines,The Sound Of Dubstep Classics,2013,Ministry Of Sound,5213837,4:29
"Rusko, Amber Coffman",Hold On,The Sound Of Dubstep Classics,2013,Ministry Of Sound,5213837,4:29
Emalkay,When I Look At You,The Sound Of Dubstep Classics,2013,Ministry Of Sound,5213837,4:40
Jamie Woon,Night Air (Ramadanman Refix),The Sound Of Dubstep Classics,2013,Ministry Of Sound,5213837,2:27
Professor Green,Monster (Camo & Krooked Remix),The Sound Of Dubstep Classics,2013,Ministry Of Sound,5213837,4:34
Swedish House Mafia,One (Caspa Dub Remix),The Sound Of Dubstep Classics,2013,Ministry Of Sound,5213837,4:21
Ellie Goulding,Starry Eyed (Jakwob Remix),The Sound Of Dubstep Classics,2013,Ministry Of Sound,5213837,4:07
"Wiley (2), Chew-Fu Phat",Take That (Doorly Dubstep Remix),The Sound Of Dubstep Classics,2013,Ministry Of Sound,5213837,3:49
"Labrinth, Tinie Tempah",Earthquake (Noisa Remix),The Sound Of Dubstep Classics,2013,Ministry Of Sound,5213837,5:14
"Kid Sister, Kanye West",Pro Nails (Rusko Remix),The Sound Of Dubstep Classics,2013,Ministry Of Sound,5213837,4:21
"Somore, Damon Trueitt",I Refuse (What You Want) (Industry Standard Radio Edit),The House That Garage Built,2014,Ministry Of Sound,6297158,
"Bump & Flex, Kallaghan",Got Myself Together,The House That Garage Built,2014,Ministry Of Sound,6297158,
Smokin Beats,Dreams (Smokin Beats Original Club Mix),The House That Garage Built,2014,Ministry Of Sound,6297158,
Bump & Flex,Long Time Coming (Big Up Version),The House That Garage Built,2014,Ministry Of Sound,6297158,
Sia,Little Man (Exemen Remix),The House That Garage Built,2014,Ministry Of Sound,6297158,
"Architechs, Nana",Body Groove,The House That Garage Built,2014,Ministry Of Sound,6297158,
"Artful Dodger, Craig David",Re-Rewind (The Crowd Say Bo Selecta),The House That Garage Built,2014,Ministry Of Sound,6297158,
"Selena (5), X-Men (5)",Give It Up (X.Men Vocal),The House That Garage Built,2014,Ministry Of Sound,6297158,
Goldie,Inner City Life,Anthems Drum & Bass,2015,Ministry Of Sound,6920124,
"DJ Hype, MC Fats","Peace, Love & Unity",Anthems Drum & Bass,2015,Ministry Of Sound,6920124,
Sound Of The Future,Lighter,Anthems Drum & Bass,2015,Ministry Of Sound,6920124,
Leviticus,Burial,Anthems Drum & Bass,2015,Ministry Of Sound,6920124,
Q Project,Champion Sound (Total Science Remix),Anthems Drum & Bass,2015,Ministry Of Sound,6920124,
DJ Zinc,174 Trek,Anthems Drum & Bass,2015,Ministry Of Sound,6920124,
Ram Trilogy,Screamer,Anthems Drum & Bass,2015,Ministry Of Sound,6920124,
Un-Cut,Midnight,Anthems Drum & Bass,2015,Ministry Of Sound,6920124,
Mampi Swift,Jaws,Anthems Drum & Bass,2015,Ministry Of Sound,6920124,
"Ed Rush, Optical, Fierce",Alien Girl,Anthems Drum & Bass,2015,Ministry Of Sound,6920124,
Brockie & Ed Solo,Dangerous,Anthems Drum & Bass,2015,Ministry Of Sound,6920124,
Peshay,Miles From Home,Anthems Drum & Bass,2015,Ministry Of Sound,6920124,
Roni Size / Reprazent,Trust Me,Anthems Drum & Bass,2015,Ministry Of Sound,6920124,
"Fresh, Ella Eyre",Gravity (DJ Fresh's Exclusive Edit),Anthems Drum & Bass,2015,Ministry Of Sound,6920124,
"Andy C, Fiora Cutler",Heartbeat Loud,Anthems Drum & Bass,2015,Ministry Of Sound,6920124,
"High Contrast, Clare Maguire (2)",Who's Loving You (Pt. 2),Anthems Drum & Bass,2015,Ministry Of Sound,6920124,
Jacob Banks,Move With You (High Contrast Remix),Anthems Drum & Bass,2015,Ministry Of Sound,6920124,
"DJ Hazard, Distorted Minds",Mr. Happy,Anthems Drum & Bass,2015,Ministry Of Sound,6920124,
Noisia,Facade VIP,Anthems Drum & Bass,2015,Ministry Of Sound,6920124,
"AR15, Section Boyz",Trapping Ain't Dead,The Sound Of Rinse FM,2015,Ministry Of Sound,7736709,
"Jamie xx, Young Thug (2), Popcaan",I Know There's Gonna Be (Good Times),The Sound Of Rinse FM,2015,Ministry Of Sound,7736709,
"MoStack, J Hus",So Paranoid,The Sound Of Rinse FM,2015,Ministry Of Sound,7736709,
Nines (2),Can't Blame Me,The Sound Of Rinse FM,2015,Ministry Of Sound,7736709,
Stormzy,Know Me From,The Sound Of Rinse FM,2015,Ministry Of Sound,7736709,
Novelist (2),Endz,The Sound Of Rinse FM,2015,Ministry Of Sound,7736709,
Bonkaz,We Run The Block,The Sound Of Rinse FM,2015,Ministry Of Sound,7736709,
Bugzy Malone,Watch Your Mouth,The Sound Of Rinse FM,2015,Ministry Of Sound,7736709,
"Plastician, Jammz",London Living,The Sound Of Rinse FM,2015,Ministry Of Sound,7736709,
"Mumdance, Novelist (2)",Take Time,The Sound Of Rinse FM,2015,Ministry Of Sound,7736709,
"J Spades, MoStack, Swift (10), J Hus, Grizzy (3)",Nobody,The Sound Of Rinse FM,2015,Ministry Of Sound,7736709,
Wiley (2),Chasing The Art,The Sound Of Rinse FM,2015,Ministry Of Sound,7736709,
"Lethal Bizzle, Diztortion",Faster Skank,The Sound Of Rinse FM,2015,Ministry Of Sound,7736709,
"Naira Marley, Max Twigz",Marry Juana,The Sound Of Rinse FM,2015,Ministry Of Sound,7736709,
"Maxsta, Boothroyd, Maniac (6)",100 Problems,The Sound Of Rinse FM,2015,Ministry Of Sound,7736709,
"The Heavytrackerz, Section Boyz",Say It Ain't That,The Sound Of Rinse FM,2015,Ministry Of Sound,7736709,
P Money,Pepper Riddim,The Sound Of Rinse FM,2015,Ministry Of Sound,7736709,
Cashmere Cat,With Me,The Sound Of Rinse FM,2015,Ministry Of Sound,7736709,
"Hudson Mohawke, Irfane",Very First Breath,The Sound Of Rinse FM,2015,Ministry Of Sound,7736709,
Travis Scott (2),Antidote,The Sound Of Rinse FM,2015,Ministry Of Sound,7736709,
Kelela,Rewind,The Sound Of Rinse FM,2015,Ministry Of Sound,7736709,
"Faze Miyake, Little Simz",The Nest,The Sound Of Rinse FM,2015,Ministry Of Sound,7736709,
Hannah Diamond,Every Night,The Sound Of Rinse FM,2015,Ministry Of Sound,7736709,
"Future Brown, Tink (7)",Room 302,The Sound Of Rinse FM,2015,Ministry Of Sound,7736709,
Alessia Cara,Here,The Sound Of Rinse FM,2015,Ministry Of Sound,7736709,
Hot Chip,Need You Now,The Sound Of Rinse FM,2015,Ministry Of Sound,7736709,
Kali Uchis,Rush,The Sound Of Rinse FM,2015,Ministry Of Sound,7736709,
The Internet (2),Special Affair,The Sound Of Rinse FM,2015,Ministry Of Sound,7736709,
Shura (8),Indecision (Jungle Remix),The Sound Of Rinse FM,2015,Ministry Of Sound,7736709,
Zak Abel,These Are The Days,The Sound Of Rinse FM,2015,Ministry Of Sound,7736709,
"Sunless '97, Palmistry",aia,The Sound Of Rinse FM,2015,Ministry Of Sound,7736709,
"Jessy Lanza, DJ Spinn, Taso",You Never Show Your Love,The Sound Of Rinse FM,2015,Ministry Of Sound,7736709,
Tei Shi,Go Slow,The Sound Of Rinse FM,2015,Ministry Of Sound,7736709,
"Catz N' Dogz, Tanika (4)",Get It Right,The Sound Of Rinse FM,2015,Ministry Of Sound,7736709,
"Eats Everything, Tiga, Audion",Danging (Again!),The Sound Of Rinse FM,2015,Ministry Of Sound,7736709,
Hot Natured,Off World Lover,The Sound Of Rinse FM,2015,Ministry Of Sound,7736709,
"Serge Devant, Damiano (10), Camille Safiya",Fearing Love,The Sound Of Rinse FM,2015,Ministry Of Sound,7736709,
Billon,Slave To The Vibe,The Sound Of Rinse FM,2015,Ministry Of Sound,7736709,
DJ Haus,Higher,The Sound Of Rinse FM,2015,Ministry Of Sound,7736709,
The Acid,Ghost (Maya Jane Coles Mix),The Sound Of Rinse FM,2015,Ministry Of Sound,7736709,
Daniel Bedingfield,Gotta Get Thru This (D'n'D Radio Edit),I Love Garage,2015,Ministry Of Sound,7764298,
Sweet Female Attitude,Flowers (Sunship Radio Edit),I Love Garage,2015,Ministry Of Sound,7764298,
"The Wideboys, Dennis G",Sambuca (The Return),I Love Garage,2015,Ministry Of Sound,7764298,
"N'n'G, Kallaghan, MC Neat",Right Before My Eyes (The Remix),I Love Garage,2015,Ministry Of Sound,7764298,
CJ Bolland,Sugar Is Sweeter (Armand Van Helden Drum'N'Bass Mix),I Love Garage,2015,Ministry Of Sound,7764298,
Tina Moore,Never Gonna Let You Go (Kelly G Bump-N-Go Vocal Edit),I Love Garage,2015,Ministry Of Sound,7764298,
Jaheim,Just In Case (Dub-A-Holics Roller Revival Mix Edit),I Love Garage,2015,Ministry Of Sound,7764298,
"Jaimeson, Angel Blu",True (Original 4x4 Mix),I Love Garage,2015,Ministry Of Sound,7764298,
The Streets,Has It Come To This,I Love Garage,2015,Ministry Of Sound,7764298,
Oxide & Neutrino,Bound 4 Da Reload (Casualty),I Love Garage,2015,Ministry Of Sound,7764298,
"Cleptomaniacs, Bryan Chambers",All I Do (Bump & Flex Dub Mix),I Love Garage,2015,Ministry Of Sound,7764298,
"Stanton Warriors, Zack Toms",Bring Me Down,I Love Garage,2015,Ministry Of Sound,7764298,
Kim English,Nite Life (Armand Van Helden Retail Mix),I Love Garage,2015,Ministry Of Sound,7764298,
Stormzy,Shut Up,Grime Time,2016,Ministry Of Sound,8359896,2:52
Wiley (2),Wot Do U Call It?,Grime Time,2016,Ministry Of Sound,8359896,3:04
Kano (4),P's And Q's,Grime Time,2016,Ministry Of Sound,8359896,3:41
"Meridian Dan, Big H, JME (2)",German Whip,Grime Time,2016,Ministry Of Sound,8359896,3:05
Roll Deep,When I'm 'Ere,Grime Time,2016,Ministry Of Sound,8359896,3:01
"Fekky, Skepta",Way Too Much,Grime Time,2016,Ministry Of Sound,8359896,3:17
Big Narstie,Don't Fuck Up The Base,Grime Time,2016,Ministry Of Sound,8359896,2:59
S-X,Woooo,Grime Time,2016,Ministry Of Sound,8359896,2:45
D Double E,Street Fighter Riddim,Grime Time,2016,Ministry Of Sound,8359896,2:36
Faze Miyake,Take Off,Grime Time,2016,Ministry Of Sound,8359896,3:40
"True Tiger, P Money",Slang Like This,Grime Time,2016,Ministry Of Sound,8359896,3:48
"Lethal Bizzle, JME (2), Tempa T",Rari Workout,Grime Time,2016,Ministry Of Sound,8359896,3:25
DJ Maximum (2),Shaky,Grime Time,2016,Ministry Of Sound,8359896,5:22
Preditah,Circles,Grime Time,2016,Ministry Of Sound,8359896,4:46
Low Deep,Straight Flush,Grime Time,2016,Ministry Of Sound,8359896,3:41
"Platinum 45, More Fire Crew",Oi!,Grime Time,2016,Ministry Of Sound,8359896,4:16
"Novelist (2), Mumdance",1 Sec,Grime Time,2016,Ministry Of Sound,8359896,2:50
Section Boyz,Lock Arff,Grime Time,2016,Ministry Of Sound,8359896,5:24
Musical Mob,Pulse X,Grime Time,2016,Ministry Of Sound,8359896,2:45
"Sir Spyro, Big H, Bossman (5), President T",Side By Side,Grime Time,2016,Ministry Of Sound,8359896,2:45
Dizzee Rascal,Stop Dat,Grime Time,2016,Ministry Of Sound,8359896,3:05
D Double E,Bluku! Bluku!,Grime Time,2016,Ministry Of Sound,8359896,3:40
Wiley (2),Eskimo,Grime Time,2016,Ministry Of Sound,8359896,2:45
"Skepta, JME (2)",That's Not Me,Grime Time,2016,Ministry Of Sound,8359896,2:08
Lethal Bizzle,Pow (Forward),Grime Time,2016,Ministry Of Sound,8359896,2:45
Big$hot,Stomp,Grime Time,2016,Ministry Of Sound,8359896,2:59
"C4 (26), Boy Better Know",Off Track,Grime Time,2016,Ministry Of Sound,8359896,3:38
Jammer,Royal Rumble,Grime Time,2016,Ministry Of Sound,8359896,3:35
Danny Weed,Creeper,Grime Time,2016,Ministry Of Sound,8359896,3:00
Bruza,Get Me,Grime Time,2016,Ministry Of Sound,8359896,3:27
The Ends (2),Are You Really From The Ends?,Grime Time,2016,Ministry Of Sound,8359896,3:16
Bugzy Malone,M.E.N,Grime Time,2016,Ministry Of Sound,8359896,3:43
Treble Clef,Ghetto Kyote,Grime Time,2016,Ministry Of Sound,8359896,3:13
"MJ Cole, Elisabeth Troy",Crazy Love,House X Garage,2016,Ministry Of Sound,9591800,
"TIEKS, Dan Harkna",Sunshine (MJ Cole Remix),House X Garage,2016,Ministry Of Sound,9591800,
"Secondcity, Tyler Rowe",I Enter,House X Garage,2016,Ministry Of Sound,9591800,
Another Level,Be Alone No More (Another Groove Remix),House X Garage,2016,Ministry Of Sound,9591800,
Hardrive,Deep Inside (Low Steppa Remix),House X Garage,2016,Ministry Of Sound,9591800,
Craig David,One More Time,House X Garage,2016,Ministry Of Sound,9591800,
Jodeci,Freek'N You (MK Dub Edit),House X Garage,2016,Ministry Of Sound,9591800,
"Boris Dlugosch, Booom!",Hold Your Head Up High (Julian Jonah's Bad Boy Mix),House X Garage,2016,Ministry Of Sound,9591800,
"Calvin Harris, Disciples (5)",How Deep Is Your Love,House X Garage,2016,Ministry Of Sound,9591800,
"Diplo, Sleepy Tom",Be Right There (Flava D Remix),House X Garage,2016,Ministry Of Sound,9591800,
TroyBoi,And Wot?,House X Garage,2016,Ministry Of Sound,9591800,
"Corrupted Cru, MC Neat",G.A.R.A.G.E.,House X Garage,2016,Ministry Of Sound,9591800,
Tina Moore,Never Gonna Let You Go (Kelly G Bump-N-Go Mix),Garage XXV,2017,Ministry Of Sound,11552898,3:26
Reach & Spin,Hyper! (Hype The Funk),Garage XXV,2017,Ministry Of Sound,11552898,5:25
George Morel,Let's Groove (Original Mix),Garage XXV,2017,Ministry Of Sound,11552898,6:56
Colour Girl,Joyrider (Y-Tribe's Underground Remix),Garage XXV,2017,Ministry Of Sound,11552898,3:37
The Jam Experience,Feel My Love,Garage XXV,2017,Ministry Of Sound,11552898,1:56
Tony Momrelle,If You Were Here Tonight (Daryl B. & M. Yardley Vocal Mix),Garage XXV,2017,Ministry Of Sound,11552898,2:51
Ramsey & Fen,Love Bug,Garage XXV,2017,Ministry Of Sound,11552898,2:11
DJ Narrows,Saved Soul,Garage XXV,2017,Ministry Of Sound,11552898,1:51
M Dubs,Bump N Grind,Garage XXV,2017,Ministry Of Sound,11552898,3:04
"Scott Garcia, MC Styles",A London Thing,Garage XXV,2017,Ministry Of Sound,11552898,3:04
Sia,Little Man (Exemen Rework),Garage XXV,2017,Ministry Of Sound,11552898,2:08
Jaimeson,Urban Hero,Garage XXV,2017,Ministry Of Sound,11552898,2:48
Monsta Boy,Sorry! I didn't Know,Garage XXV,2017,Ministry Of Sound,11552898,4:00
"TJR, Xavier",Just Gets Better (Original Dub),Garage XXV,2017,Ministry Of Sound,11552898,2:34
Mr. Reds,Cab You Feel It,Garage XXV,2017,Ministry Of Sound,11552898,2:50
Glamma Kid,Why 10° Below Vocal Mix),Garage XXV,2017,Ministry Of Sound,11552898,4:08
Wookie,Scrappy,Garage XXV,2017,Ministry Of Sound,11552898,2:58
Jeremy Sylvester,Making Love,Garage XXV,2017,Ministry Of Sound,11552898,3:04
Danny J Lewis,Spend The Night (H-Man Dub),Garage XXV,2017,Ministry Of Sound,11552898,2:53
"M Dubs, Richie Dan",Over Here,Garage XXV,2017,Ministry Of Sound,11552898,3:07
Groove Chronicles,Stonecold,Garage XXV,2017,Ministry Of Sound,11552898,1:26
Once Waz Nice,Messing Around (Wideboys Mix),Garage XXV,2017,Ministry Of Sound,11552898,3:22
Deetah,Relax (Bump & Flex Remix),Garage XXV,2017,Ministry Of Sound,11552898,2:09
Somore,I Refuse (What You Want),Garage XXV,2017,Ministry Of Sound,11552898,3:07
Master Stepz,Melody,Garage XXV,2017,Ministry Of Sound,11552898,2:24
Cloud 9 (5),Do You Want Me Baby,Garage XXV,2017,Ministry Of Sound,11552898,3:50
Future Underground Nation,It's The Way 99',Garage XXV,2017,Ministry Of Sound,11552898,3:58
DJ Lewi,Hold Me Tight (4x4 VIP Mix),Garage XXV,2017,Ministry Of Sound,11552898,3:25
Lovestation,"Teardrops (Flava 12"" Remix)",Garage XXV,2017,Ministry Of Sound,11552898,3:37
"Ed Case, Shelley Nelson",Something In Your Eyes,Garage XXV,2017,Ministry Of Sound,11552898,3:22
Tubby T,Tales Of The Hood,Garage XXV,2017,Ministry Of Sound,11552898,4:19
Various,The Sound Of Dubstep 2 (Continuous DJ Mix 1),The Sound Of Dubstep 2,2011,Ministry Of Sound,6056617,78:45
Various,The Sound Of Dubstep 2 (Continuous DJ Mix 2),The Sound Of Dubstep 2,2011,Ministry Of Sound,6056617,78:53
Magnetic Man,I Need Air (Feat Angela Hunte),The Sound Of Dubstep 2,2011,Ministry Of Sound,6056617,4:18
Sub Focus,Splash (Rusko Remix),The Sound Of Dubstep 2,2011,Ministry Of Sound,6056617,4:08
Wretch 32,Traktor (Feat L - Friction Edit),The Sound Of Dubstep 2,2011,Ministry Of Sound,6056617,10:13
Redlight (4),What You Talking About!? (Feat Ms Dynamite),The Sound Of Dubstep 2,2011,Ministry Of Sound,6056617,3:19
Noisia,Machine Gun (16Bit Remix),The Sound Of Dubstep 2,2011,Ministry Of Sound,6056617,6:00
Matty G,"50,000 Watts",The Sound Of Dubstep 2,2011,Ministry Of Sound,6056617,5:36
The Bug,Skeng (Feat Killa P & Flowdan),The Sound Of Dubstep 2,2011,Ministry Of Sound,6056617,4:39
Afrojack,Take Over Control (Feat Eva Simons - Adam F Remix),The Sound Of Dubstep 2,2011,Ministry Of Sound,6056617,3:37
Flux Pavilion,Lines In Wax,The Sound Of Dubstep 2,2011,Ministry Of Sound,6056617,3:46
Youngman MC,Ho! (Produced By Benga),The Sound Of Dubstep 2,2011,Ministry Of Sound,6056617,4:40
Blame,Star (Feat Camilla Marie - Doctor P No Rap Remix),The Sound Of Dubstep 2,2011,Ministry Of Sound,6056617,4:37
"Dj Luck, Mc Neat",A Little Bit Of Luck (D1 Remix),The Sound Of Dubstep 2,2011,Ministry Of Sound,6056617,4:10
Plastician,Intensive Snare (Feat Skepta),The Sound Of Dubstep 2,2011,Ministry Of Sound,6056617,3:44
Loefah,Disko Rekah,The Sound Of Dubstep 2,2011,Ministry Of Sound,6056617,5:18
Phaeleh,Afterglow (Feat Soundmouse),The Sound Of Dubstep 2,2011,Ministry Of Sound,6056617,4:40
Example,Dirty Face (Benga Remix),The Sound Of Dubstep 2,2011,Ministry Of Sound,6056617,4:48
Various,Adventures In Dubstep & Beyond (continuous DJ mix 1),Adventures In Dubstep And Beyond Vol. 2,2011,Ministry Of Sound,6037191,60:26
Various,Adventures In Dubstep & Beyond (continuous DJ mix 2),Adventures In Dubstep And Beyond Vol. 2,2011,Ministry Of Sound,6037191,68:10
DJ EZ,EZ Intro 7,The Essential Garage Collection,2009,Ministry Of Sound,3387055,6:13
Double 99,Ripgroove (Original Mix),The Essential Garage Collection,2009,Ministry Of Sound,3387055,6:10
The Fabulous Baker Boys,Oh Boy (Ramsey & Fen Remix),The Essential Garage Collection,2009,Ministry Of Sound,3387055,6:04
Tuff Jam,Experience (Classic Garage Mix),The Essential Garage Collection,2009,Ministry Of Sound,3387055,5:30
D'n'D,Diamond Rings (Original),The Essential Garage Collection,2009,Ministry Of Sound,3387055,5:55
Dreem Teem,The Theme (Original),The Essential Garage Collection,2009,Ministry Of Sound,3387055,5:28
DJ EZ,EZ Intro 8,The Essential Garage Collection,2009,Ministry Of Sound,3387055,6:24
"10° Below, Kele Le Roc",My Love (Edit),The Essential Garage Collection,2009,Ministry Of Sound,3387055,3:12
Richie Dan,Call It Fate (Original Mix),The Essential Garage Collection,2009,Ministry Of Sound,3387055,5:11
"Sunship, Anita Kelsey",Try Me Out (Original),The Essential Garage Collection,2009,Ministry Of Sound,3387055,6:07
"Cleptomaniacs, Bryan Chambers",All I Do (Bump & Flex Dance Floor Dub Edit),The Essential Garage Collection,2009,Ministry Of Sound,3387055,3:38
Agent X,Decoy (EZ Dubplate Mix),The Essential Garage Collection,2009,Ministry Of Sound,3387055,5:50
"So Solid Crew, Romeo, Lisa Maffia, Megaman",Oh No (Sentimental Things) (Original Mix),The Essential Garage Collection,2009,Ministry Of Sound,3387055,4:44
"Artful Dodger, Craig David",What Ya Gonna Do,The Essential Garage Collection,2009,Ministry Of Sound,3387055,6:55
DJ EZ,EZ Intro 10,The Essential Garage Collection,2009,Ministry Of Sound,3387055,5:05
"Kid Cudi, Crookers",Day 'N' Nite (Agent X Remix),The Essential Garage Collection,2009,Ministry Of Sound,3387055,5:10
"Perempay & Dee, Katie Pearl",In The Air (Rekless Edit),The Essential Garage Collection,2009,Ministry Of Sound,3387055,3:01
"DJ Paleface, Nina Jayne",Like A Feather (Delinquent Remix),The Essential Garage Collection,2009,Ministry Of Sound,3387055,4:42
"DJ Paleface, Kyla (3)",Do You Mind (Control S Feat. Majestic MC Mix),The Essential Garage Collection,2009,Ministry Of Sound,3387055,5:22
Jay Sean,Maybe (Sunship Remix),The Essential Garage Collection,2009,Ministry Of Sound,3387055,5:20
Chanel,If You Love Me (Control S Remix),The Essential Garage Collection,2009,Ministry Of Sound,3387055,6:43
"Control-S, Scott Maurice, Majestic MC",Never Leave Me Alone,The Essential Garage Collection,2009,Ministry Of Sound,3387055,6:10
Todd Edwards,When Angels Sing (Radio Edit),The Essential Garage Collection,2009,Ministry Of Sound,3387055,4:18
"The Wideboys, Sarah Saville",What You're Thinking (Exclusive Maximum Bass Remix),The Essential Garage Collection,2009,Ministry Of Sound,3387055,5:55
"Sunship, Charlise Rookwood",Love On The Rocks,The Essential Garage Collection,2009,Ministry Of Sound,3387055,5:17
"Danny C, Top-T, Jade (4), MC Supplier",Magic,The Essential Garage Collection,2009,Ministry Of Sound,3387055,5:15
The Midnight Circus,Complicated,The Essential Garage Collection,2009,Ministry Of Sound,3387055,6:24
Deekline & Wizard,Angels (MJ Cole Mix),The Essential Garage Collection,2009,Ministry Of Sound,3387055,5:59
"Steve Angello, Laidback Luke, Robin S.",Show Me Love (Geeneus Mix),The Essential Garage Collection,2009,Ministry Of Sound,3387055,7:03
DJ EZ,The Essential Garage Collection Mix 1,The Essential Garage Collection,2009,Ministry Of Sound,3387055,74:01
DJ EZ,The Essential Garage Collection Mix 2,The Essential Garage Collection,2009,Ministry Of Sound,3387055,68:46
DJ EZ,The Essential Garage Collection Mix 3,The Essential Garage Collection,2009,Ministry Of Sound,3387055,74:10
Example,Watch The Sun Come Up (Joker & Ginz Remix),The Sound Of Dubstep,2010,Ministry Of Sound,22501925,4:27
Bassnectar,Art of Revolution,The Sound Of Dubstep,2010,Ministry Of Sound,22501925,4:08
El-B,Think Ur Greezy,The Sound Of Dubstep,2010,Ministry Of Sound,22501925,5:20
Various,The Sound of Dubstep Mix 1,The Sound Of Dubstep,2010,Ministry Of Sound,22501925,72:05
Various,The Sound of Dubstep Mix 2,The Sound Of Dubstep,2010,Ministry Of Sound,22501925,78:53
"UK Apachi, Shy FX",Original Nuttah (Original Mix),Jungle Classics,2011,Ministry Of Sound,3331144,4:01
"M-Beat, General Levy",Incredible (Original Mix),Jungle Classics,2011,Ministry Of Sound,3331144,4:29
The Ganja Kru,Super Sharp Shooter (Original Mix),Jungle Classics,2011,Ministry Of Sound,3331144,6:26
DJ Zinc,On Fire Tonight (Original Mix),Jungle Classics,2011,Ministry Of Sound,3331144,6:44
Adam F,The Original Junglesound (Switch Mix),Jungle Classics,2011,Ministry Of Sound,3331144,5:03
"Urban Shakedown, Debo",Arsonist (Some Justice 95) (Original Mix),Jungle Classics,2011,Ministry Of Sound,3331144,5:07
Origin Unknown,Valley Of The Shadows (Original Mix),Jungle Classics,2011,Ministry Of Sound,3331144,4:29
DJ SS,The Lighter (Original Mix),Jungle Classics,2011,Ministry Of Sound,3331144,5:08
Dope Skillz,6 Million Ways To Die (Original Mix),Jungle Classics,2011,Ministry Of Sound,3331144,3:59
Deep Blue,The Helicopter Tune (Fantasy #1),Jungle Classics,2011,Ministry Of Sound,3331144,5:24
"DJ Hype, Ganja Max",Rinse Out (Original Mix),Jungle Classics,2011,Ministry Of Sound,3331144,5:08
"Goldie, Rufige Kru",Terminator (Original Mix),Jungle Classics,2011,Ministry Of Sound,3331144,4:30
Alex Reece,Pulp Fiction (Original Mix),Jungle Classics,2011,Ministry Of Sound,3331144,6:11
Roni Size,It's Jazzy (Original Mix),Jungle Classics,2011,Ministry Of Sound,3331144,6:27
Krust,Warhead (Steppa Mix),Jungle Classics,2011,Ministry Of Sound,3331144,6:03
Dillinja,Grimey (Original Mix),Jungle Classics,2011,Ministry Of Sound,3331144,5:35
Fresh,Gatekeeper (Original Mix),Jungle Classics,2011,Ministry Of Sound,3331144,5:27
Krome & Time,The License (Original Mix),Jungle Classics,2011,Ministry Of Sound,3331144,5:33
Blame,Music Takes You (Original Mix),Jungle Classics,2011,Ministry Of Sound,3331144,5:46
"Utah Saints, Drumsound & Simon ""Bassline"" Smith",What Can You Do For Me (Extended Extended Mix),Jungle Classics,2011,Ministry Of Sound,3331144,11:13
Pendulum (3),Masochist (Original Mix),Jungle Classics,2011,Ministry Of Sound,3331144,7:04
"Chase & Status, Capleton",Duppy Man (Original Mix),Jungle Classics,2011,Ministry Of Sound,3331144,5:55
"DJ Marky, XRS, Stamina MC",LK (Radio Edit),Jungle Classics,2011,Ministry Of Sound,3331144,3:09
"Shimon, Andy C",Body Rock (Original Mix),Jungle Classics,2011,Ministry Of Sound,3331144,6:36
Dillinja,Twist Em Out (Original Mix),Jungle Classics,2011,Ministry Of Sound,3331144,3:54
"Micky Finn, Aphrodite",Bad Ass (Original Mix),Jungle Classics,2011,Ministry Of Sound,3331144,6:39
Mulder,Don't Give A Damn (Original Edit),Jungle Classics,2011,Ministry Of Sound,3331144,5:09
Dead Dred,Dred Bass (Original Mix),Jungle Classics,2011,Ministry Of Sound,3331144,5:50
"DJ Hype, MC Fats","Peace, Love & Unity (Original Mix)",Jungle Classics,2011,Ministry Of Sound,3331144,5:42
Shy FX,The Wolf (Original Mix),Jungle Classics,2011,Ministry Of Sound,3331144,5:10
"M-Beat, Nazlyn",Sweet Love (Original Mix),Jungle Classics,2011,Ministry Of Sound,3331144,3:25
Renegade,Terrorist (Original Mix),Jungle Classics,2011,Ministry Of Sound,3331144,6:14
Sub Focus,Last Jungle (Original Mix),Jungle Classics,2011,Ministry Of Sound,3331144,3:39
Lennie De Ice,We Are I.E (Original Mix),Jungle Classics,2011,Ministry Of Sound,3331144,4:58
Various,Jungle Classics Mix 1,Jungle Classics,2011,Ministry Of Sound,3331144,77:41
Various,Jungle Classics Mix 2,Jungle Classics,2011,Ministry Of Sound,3331144,79:14
"Fresh, RaVaughn",The Feeling (Hadouken! Remix),The Sound Of Dubstep 5,2012,Ministry Of Sound,6040136,5:11
Zomboy,Howdown,The Sound Of Dubstep 5,2012,Ministry Of Sound,6040136,4:20
Various,The Sound of Dubstep 5 - Continuous DJ Mix 1,The Sound Of Dubstep 5,2012,Ministry Of Sound,6040136,78:46
Various,The Sound of Dubstep 5 - Continuous DJ Mix 2,The Sound Of Dubstep 5,2012,Ministry Of Sound,6040136,79:02
La Roux,In For The Kill (Skream Let Get Ravey Remix),The Sound Of Dubstep Classics,2013,Ministry Of Sound,6037093,3:41
Amber Coffman,Hold On (Feat Rusko),The Sound Of Dubstep Classics,2013,Ministry Of Sound,6037093,4:34
Clare Maguire (2),Ain't Nobody (Breakage Suck It Up Mix),The Sound Of Dubstep Classics,2013,Ministry Of Sound,6037093,4:57
Deadmau5,Ghosts N Stuff (Nero Remix),The Sound Of Dubstep Classics,2013,Ministry Of Sound,6037093,6:55
"Kid Sister, Kanye West",Pro Nails (Feat Kanye West - Rusko Remix),The Sound Of Dubstep Classics,2013,Ministry Of Sound,6037093,4:24
Various,The Sound Of Dubstep Classics (Continuous DJ Mix 1),The Sound Of Dubstep Classics,2013,Ministry Of Sound,6037093,55:58
Various,The Sound Of Dubstep Classics (Continuous DJ Mix 2),The Sound Of Dubstep Classics,2013,Ministry Of Sound,6037093,63:56
Various,The Sound Of Dubstep Classics (Continuous DJ Mix 3),The Sound Of Dubstep Classics,2013,Ministry Of Sound,6037093,67:16
Tina Moore,Never Gonna Let You Go (Tuff Jam UVM Dub),Garage XXV,2017,Ministry Of Sound,11282793,6:27
"Scott Garcia, MC Styles",A London Thing (Full Length Mix),Garage XXV,2017,Ministry Of Sound,11282793,6:06
Big Bird,Flav (Original Mix),Garage XXV,2017,Ministry Of Sound,11282793,6:12
"Double 99, Top Cat",Ripgroove (Vocal Club Mix),Garage XXV,2017,Ministry Of Sound,11282793,6:08
Leviticus,Burial (Chronic 1),[ Origins ] Jungle,2020,Ministry Of Sound,15642972,6:27
Adam F,"Circles (7"" Edit)",[ Origins ] Jungle,2020,Ministry Of Sound,15642972,3:28
Conquering Lion,Code Red (94 Remix),[ Origins ] Jungle,2020,Ministry Of Sound,15642972,4:34
"Urban Shakedown, D.BO General",Some Justice '95 (Arsonist Dub Mix),[ Origins ] Jungle,2020,Ministry Of Sound,15642972,5:51
"Aladdin, Aphrodite",We Enter (Heavenly Remix),[ Origins ] Jungle,2020,Ministry Of Sound,15642972,6:23
Noise Factory,Set Me Free,[ Origins ] Jungle,2020,Ministry Of Sound,15642972,4:37
Aphrodite & Micky Finn,Bad Ass !,[ Origins ] Jungle,2020,Ministry Of Sound,15642972,6:39
Double 99,Rip Groove (Radio Edit),Original Garage Selection,2007,Ministry Of Sound Recordings,1401168,3:21
B-15 Project,Girls Like Us (Radio Version),Original Garage Selection,2007,Ministry Of Sound Recordings,1401168,3:07
"Artful Dodger, Robbie Craig, Craig David",Woman Trouble (Radio Edit),Original Garage Selection,2007,Ministry Of Sound Recordings,1401168,4:00
All Saints,Never Ever (Booker T. Vocal),Original Garage Selection,2007,Ministry Of Sound Recordings,1401168,5:47
Shola Ama,Imagine (Asylum Mix),Original Garage Selection,2007,Ministry Of Sound Recordings,1401168,5:42
"Scott Garcia, MC Styles",A London Thing (London Mix),Original Garage Selection,2007,Ministry Of Sound Recordings,1401168,6:08
"Sunship, Chunky",Dreadest Love,Original Garage Selection,2007,Ministry Of Sound Recordings,1401168,5:34
DJ Dee Kline,I Don't Smoke (Radio Edit),Original Garage Selection,2007,Ministry Of Sound Recordings,1401168,2:59
Artful Dodger,Re-Rewind (Radio Edit),Original Garage Selection,2007,Ministry Of Sound Recordings,1401168,4:03
DJ Luck & MC Neat,"Piano Loco (7"" Original Mix)",Original Garage Selection,2007,Ministry Of Sound Recordings,1401168,3:40
The Fabulous Baker Boys,Oh Boy (Ramsey & Fen Remix Edit),Original Garage Selection,2007,Ministry Of Sound Recordings,1401168,4:04
Sunship,Almighty Father,Original Garage Selection,2007,Ministry Of Sound Recordings,1401168,4:07
Industry Standard (2),Industry Standard Vol. 1 (What You Want) (Radio Edit),Original Garage Selection,2007,Ministry Of Sound Recordings,1401168,2:58
Kristine Blond,You Make Me Go Oooh (DND Radio Edit),Original Garage Selection,2007,Ministry Of Sound Recordings,1401168,3:54
"Lady Sovereign, Riko",Random (Menta Remix),Original Garage Selection,2007,Ministry Of Sound Recordings,1401168,4:57
Lovestation,Teardrops (Perky Park Radio),Original Garage Selection,2007,Ministry Of Sound Recordings,1401168,3:47
