artist,track,release_title,release_year,label,release_id,duration
Above & Beyond,Small Moments,Anjunabeats Volume 10,2013,Ministry Of Sound,4340546,2:52
Soundprank,Animus,Anjunabeats Volume 10,2013,Ministry Of Sound,4340546,5:29
Sunny Lax,Isla Margarita,Anjunabeats Volume 10,2013,Ministry Of Sound,4340546,5:22
Audien (2),Wayfarer,Anjunabeats Volume 10,2013,Ministry Of Sound,4340546,4:21
Mike Shiver,Ohh,Anjunabeats Volume 10,2013,Ministry Of Sound,4340546,5:58
"Above & Beyond, Zoë Johnston",Alchemy (Above & Beyond Club Mix),Anjunabeats Volume 10,2013,Ministry Of Sound,4340546,5:58
Jaytech,Inception,Anjunabeats Volume 10,2013,Ministry Of Sound,4340546,4:28
"Boom Jinx, Maor Levi, Ashley Tomberlin",When You Loved Me,Anjunabeats Volume 10,2013,Ministry Of Sound,4340546,4:28
Oliver Smith,Pressure,Anjunabeats Volume 10,2013,Ministry Of Sound,4340546,5:27
"Ronski Speed, Syntrobic, Renee Stahl",Pink Skye,Anjunabeats Volume 10,2013,Ministry Of Sound,4340546,5:48
Above & Beyond,Walter White,Anjunabeats Volume 10,2013,Ministry Of Sound,4340546,5:33
Kyau & Albert,Glühwürmchen,Anjunabeats Volume 10,2013,Ministry Of Sound,4340546,4:11
Maor Levi,Holding On,Anjunabeats Volume 10,2013,Ministry Of Sound,4340546,5:10
Ost & Meyer,Here We Go,Anjunabeats Volume 10,2013,Ministry Of Sound,4340546,5:54
Above & Beyond,Liquid Love (Maor Levi Club Mix),Anjunabeats Volume 10,2013,Ministry Of Sound,4340546,7:00
Andrew Bayer,England,Anjunabeats Volume 10,2013,Ministry Of Sound,4340546,5:35
Norin & Rad,Aldo,Anjunabeats Volume 10,2013,Ministry Of Sound,4340546,5:17
Genix,Stateside,Anjunabeats Volume 10,2013,Ministry Of Sound,4340546,6:45
"Nitrous Oxide (2), N2O",K.O.,Anjunabeats Volume 10,2013,Ministry Of Sound,4340546,4:29
Super8 & Tab,L.A.,Anjunabeats Volume 10,2013,Ministry Of Sound,4340546,4:11
ilan Bluestone,Sinai,Anjunabeats Volume 10,2013,Ministry Of Sound,4340546,5:54
"7 Skies, Nitrous Oxide (2)",Right On,Anjunabeats Volume 10,2013,Ministry Of Sound,4340546,4:41
Arty (2),Believe In Me (Instrumental),Anjunabeats Volume 10,2013,Ministry Of Sound,4340546,5:10
Above & Beyond,Black Room Boy (Above & Beyond Club Mix),Anjunabeats Volume 10,2013,Ministry Of Sound,4340546,5:48
Eximinds,Revolved,Anjunabeats Volume 10,2013,Ministry Of Sound,4340546,4:04
Above & Beyond,Home (Genix Remix),Anjunabeats Volume 10,2013,Ministry Of Sound,4340546,5:34
Ronski Speed,Sanity Dub (Exclusive Volume 10 Mix),Anjunabeats Volume 10,2013,Ministry Of Sound,4340546,5:49
"Lange, Genix",Immersion,Anjunabeats Volume 10,2013,Ministry Of Sound,4340546,5:05
"Mike Koglin, 7 Skies",Vision,Anjunabeats Volume 10,2013,Ministry Of Sound,4340546,5:37
"Bart Claessen, Raz Nitzan, Who.Is",Only Totally,Anjunabeats Volume 10,2013,Ministry Of Sound,4340546,5:20
Gran Cavaliere,Dancing Alma,Renaissance: The Mix Collection,2013,Ministry Of Sound,4361812,3:39
Mathew Jonson,When Love Feels Like Crying,Renaissance: The Mix Collection,2013,Ministry Of Sound,4361812,4:42
"Tale Of Us, Clockwork (25), The/Das",Life And Death,Renaissance: The Mix Collection,2013,Ministry Of Sound,4361812,4:18
Kollektiv Turmstrasse,Ordinary (Lake People's Circle Motive Remix),Renaissance: The Mix Collection,2013,Ministry Of Sound,4361812,3:55
Kollektiv Turmstrasse,Heimat (Robag's Turmkolle Rekksmow),Renaissance: The Mix Collection,2013,Ministry Of Sound,4361812,3:54
Roman Flügel,Cookie Dust,Renaissance: The Mix Collection,2013,Ministry Of Sound,4361812,3:06
Scuba (4),Hardbody,Renaissance: The Mix Collection,2013,Ministry Of Sound,4361812,4:42
Gold Panda,Marriage (Baths Remix),Renaissance: The Mix Collection,2013,Ministry Of Sound,4361812,3:00
Delta Funktionen,Nebula,Renaissance: The Mix Collection,2013,Ministry Of Sound,4361812,2:36
Sei A,Frozen Flower (Midland Remix),Renaissance: The Mix Collection,2013,Ministry Of Sound,4361812,3:07
Wareika,Burnin',Renaissance: The Mix Collection,2013,Ministry Of Sound,4361812,4:17
Simian Mobile Disco,Cerulean,Renaissance: The Mix Collection,2013,Ministry Of Sound,4361812,4:22
FaltyDL,Straight & Arrow (Four Tet Remix),Renaissance: The Mix Collection,2013,Ministry Of Sound,4361812,5:07
Closer Musik,Departures,Renaissance: The Mix Collection,2013,Ministry Of Sound,4361812,6:55
Tale Of Us,Obscure Promises,Renaissance: The Mix Collection,2013,Ministry Of Sound,4361812,6:00
"Daniel Avery, The Deadstock 33's",Magnetic (Barnt Remix Overture Edit),Renaissance: The Mix Collection,2013,Ministry Of Sound,4361812,1:38
Roman Flügel,Softice,Renaissance: The Mix Collection,2013,Ministry Of Sound,4361812,3:42
Tin Man (3),Nonneo (Donato Dozzy Remix),Renaissance: The Mix Collection,2013,Ministry Of Sound,4361812,5:00
Carl Craig,At Les (Christian Smith Hypnotica Remix),Renaissance: The Mix Collection,2013,Ministry Of Sound,4361812,4:13
Recondite,Felicity,Renaissance: The Mix Collection,2013,Ministry Of Sound,4361812,4:44
"Argy, Bajka",Upon Ourselves (Osunlade Stripped Mix),Renaissance: The Mix Collection,2013,Ministry Of Sound,4361812,3:25
Mind Against,Cagliostro,Renaissance: The Mix Collection,2013,Ministry Of Sound,4361812,5:46
Lake People,Point In Time,Renaissance: The Mix Collection,2013,Ministry Of Sound,4361812,3:03
Matthew Herbert,It's Only (DJ Koze Mix),Renaissance: The Mix Collection,2013,Ministry Of Sound,4361812,5:53
Seph (2),Zoom (Bi),Renaissance: The Mix Collection,2013,Ministry Of Sound,4361812,3:45
Triola,Leuchtturm (Wighnomy's Polarzipper Remix),Renaissance: The Mix Collection,2013,Ministry Of Sound,4361812,3:31
Robert Hood,Hate Transmissions,Renaissance: The Mix Collection,2013,Ministry Of Sound,4361812,3:59
Daniel Avery,Water Jump,Renaissance: The Mix Collection,2013,Ministry Of Sound,4361812,5:11
Petar Dundov,Distant Shores,Renaissance: The Mix Collection,2013,Ministry Of Sound,4361812,5:43
Extrawelt,Phoebe,Renaissance: The Mix Collection,2013,Ministry Of Sound,4361812,4:33
Area Forty_One,P.R.T.C.T.N.,Renaissance: The Mix Collection,2013,Ministry Of Sound,4361812,5:25
Andrew Bayer,Opening Act,"If It Were You, We'd Never Leave",2013,Ministry Of Sound,4493462,3:35
Andrew Bayer,Doomsday,"If It Were You, We'd Never Leave",2013,Ministry Of Sound,4493462,3:43
Andrew Bayer,It's Going To Be Fine,"If It Were You, We'd Never Leave",2013,Ministry Of Sound,4493462,3:55
Andrew Bayer,Let's Hear That B Section Again!,"If It Were You, We'd Never Leave",2013,Ministry Of Sound,4493462,4:24
Andrew Bayer,Lose Sight,"If It Were You, We'd Never Leave",2013,Ministry Of Sound,4493462,3:59
Andrew Bayer,You Are,"If It Were You, We'd Never Leave",2013,Ministry Of Sound,4493462,3:41
Andrew Bayer,All This Will Happen Again,"If It Were You, We'd Never Leave",2013,Ministry Of Sound,4493462,4:22
Andrew Bayer,Echo,"If It Were You, We'd Never Leave",2013,Ministry Of Sound,4493462,3:05
Andrew Bayer,A Brief Interlude,"If It Were You, We'd Never Leave",2013,Ministry Of Sound,4493462,3:00
Andrew Bayer,Gaff's Eulogy,"If It Were You, We'd Never Leave",2013,Ministry Of Sound,4493462,5:09
Andrew Bayer,Need Your Love,"If It Were You, We'd Never Leave",2013,Ministry Of Sound,4493462,3:56
Andrew Bayer,Farnsworth Court,"If It Were You, We'd Never Leave",2013,Ministry Of Sound,4493462,4:05
Andrew Bayer,Make No Sound,"If It Were You, We'd Never Leave",2013,Ministry Of Sound,4493462,3:18
Andrew Bayer,Counting Down,"If It Were You, We'd Never Leave",2013,Ministry Of Sound,4493462,3:10
Andrew Bayer,Soul Cry,"If It Were You, We'd Never Leave",2013,Ministry Of Sound,4493462,3:33
Andrew Bayer,Closing Act,"If It Were You, We'd Never Leave",2013,Ministry Of Sound,4493462,6:58
Croquet Club,Cardigan,Anjunadeep 05,2013,Ministry Of Sound,4750545,4:30
"Vincenzo, Aram Chabdjian",Let Go,Anjunadeep 05,2013,Ministry Of Sound,4750545,6:05
"Andrew Bayer, James Grant (4)",Living,Anjunadeep 05,2013,Ministry Of Sound,4750545,6:03
"Beckwith, Catherine Porter",Back To Love,Anjunadeep 05,2013,Ministry Of Sound,4750545,5:14
Universal Solution,Yukon,Anjunadeep 05,2013,Ministry Of Sound,4750545,5:28
Universal Solution,Osheen,Anjunadeep 05,2013,Ministry Of Sound,4750545,6:30
DAVI (2),The Time Has Come,Anjunadeep 05,2013,Ministry Of Sound,4750545,4:41
"Jody Wisternoff, Jonathan Mendelsohn",Out Of Reach (Alfred Taylor Remix),Anjunadeep 05,2013,Ministry Of Sound,4750545,5:16
DAVI (2),The Bay 6 (Pt. 1),Anjunadeep 05,2013,Ministry Of Sound,4750545,4:41
Tom Middleton,WYV AUW CHU,Anjunadeep 05,2013,Ministry Of Sound,4750545,4:10
Dusky (2),Mr Man,Anjunadeep 05,2013,Ministry Of Sound,4750545,5:31
"Matt Lange, Tania Zygar",Way You Know,Anjunadeep 05,2013,Ministry Of Sound,4750545,5:10
The Presets (2),It's Cool (Andrew Bayer & James Grant Remix),Anjunadeep 05,2013,Ministry Of Sound,4750545,6:41
Solarity,Symbols,Anjunadeep 05,2013,Ministry Of Sound,4750545,4:12
The Peacemaker Project,Ich Lass´ Dich Nicht Zurück (Jody Wisternoff Remix),Anjunadeep 05,2013,Ministry Of Sound,4750545,6:17
Lane 8,Be Mine (Jody Wisternoff's 05 Reshape),Anjunadeep 05,2013,Ministry Of Sound,4750545,5:20
"Skanna, Jody Wisternoff",This Way,Anjunadeep 05,2013,Ministry Of Sound,4750545,4:45
"Jody Wisternoff, Pete Josef",We Are Heros,Anjunadeep 05,2013,Ministry Of Sound,4750545,6:50
Alfred Taylor (3),Kuza,Anjunadeep 05,2013,Ministry Of Sound,4750545,4:41
Beckwith,Townsend Sling,Anjunadeep 05,2013,Ministry Of Sound,4750545,5:47
"Above & Beyond, Zoë Johnston",Alchemy (Jody Wisternoff Remix),Anjunadeep 05,2013,Ministry Of Sound,4750545,8:04
Rashid Ajami,Coming For You (Jody Wisternoff Remix),Anjunadeep 05,2013,Ministry Of Sound,4750545,7:38
Kahwe,Driving Me Wild (Jody Wisternoff's Deep 05 Reshape),Anjunadeep 05,2013,Ministry Of Sound,4750545,4:41
Leftwing & Kody,Deep In (Jody Wisternoff's Deep 05 Reshape),Anjunadeep 05,2013,Ministry Of Sound,4750545,4:41
Meramek,Feeling,Anjunadeep 05,2013,Ministry Of Sound,4750545,3:23
Jody Wisternoff,Macbeth,Anjunadeep 05,2013,Ministry Of Sound,4750545,8:04
Matt Lange,Only You,Anjunadeep 05,2013,Ministry Of Sound,4750545,4:44
André Sobota,Move Into Tokyo Dawn (Jody Wisternoff's Deep 05 Blend),Anjunadeep 05,2013,Ministry Of Sound,4750545,4:24
Tiefschwarz,Introduction,Renaissance: The Mix Collection,2013,Ministry Of Sound,4830714,3:03
Clarian,"Destroy, She Says",Renaissance: The Mix Collection,2013,Ministry Of Sound,4830714,2:42
Axel Boman,Cubic Mouth,Renaissance: The Mix Collection,2013,Ministry Of Sound,4830714,2:47
Bot'ox,Basement Of Love (Richard Fearless Mix),Renaissance: The Mix Collection,2013,Ministry Of Sound,4830714,3:19
"Bachar Khalifé, Kid A",Machins Choses (Ewan Pearson Remix),Renaissance: The Mix Collection,2013,Ministry Of Sound,4830714,5:00
Justus Köhncke,Timecode (Axel Boman Mix),Renaissance: The Mix Collection,2013,Ministry Of Sound,4830714,6:00
Aqob,All Moving Over The Earth (Dischords Remix),Renaissance: The Mix Collection,2013,Ministry Of Sound,4830714,6:53
Michael Mayer,Good Times,Renaissance: The Mix Collection,2013,Ministry Of Sound,4830714,7:24
Isolée,Allowance,Renaissance: The Mix Collection,2013,Ministry Of Sound,4830714,5:18
"Eric Volta, Jonny Cruz, Jacques Canziani",Sunrise,Renaissance: The Mix Collection,2013,Ministry Of Sound,4830714,7:38
DJ Koze,Royal Asscher Cut,Renaissance: The Mix Collection,2013,Ministry Of Sound,4830714,5:27
Spada,Norah,Renaissance: The Mix Collection,2013,Ministry Of Sound,4830714,5:04
"Acid Pauli, Laura Weider",Oregano,Renaissance: The Mix Collection,2013,Ministry Of Sound,4830714,2:57
Mario Basanov,Red Line,Renaissance: The Mix Collection,2013,Ministry Of Sound,4830714,6:40
Knox (9),Mornings,Renaissance: The Mix Collection,2013,Ministry Of Sound,4830714,2:25
Ruede Hagelstein,Detuned,Renaissance: The Mix Collection,2013,Ministry Of Sound,4830714,6:09
"Terranova, Jennifer Cardini",Wunderbar,Renaissance: The Mix Collection,2013,Ministry Of Sound,4830714,4:38
"Hanfry Martinez, Javier Carballo",Vamos Mi Niño,Renaissance: The Mix Collection,2013,Ministry Of Sound,4830714,5:15
Daze Maxim,Farbfilm (Dyed Soundorom Remix),Renaissance: The Mix Collection,2013,Ministry Of Sound,4830714,3:29
Slove,Flash (Pachanga Boys Remix),Renaissance: The Mix Collection,2013,Ministry Of Sound,4830714,5:15
Dauwd,Heat Division,Renaissance: The Mix Collection,2013,Ministry Of Sound,4830714,2:40
Ten Walls,Gotham,Renaissance: The Mix Collection,2013,Ministry Of Sound,4830714,7:27
Tale Of Us,Another Earth,Renaissance: The Mix Collection,2013,Ministry Of Sound,4830714,3:39
Tiefschwarz,Voices,Renaissance: The Mix Collection,2013,Ministry Of Sound,4830714,5:33
Elon,Andres,Renaissance: The Mix Collection,2013,Ministry Of Sound,4830714,3:40
Mathew Jonson,Automaton,Renaissance: The Mix Collection,2013,Ministry Of Sound,4830714,5:40
Sonodab,Dose Rhythm,Renaissance: The Mix Collection,2013,Ministry Of Sound,4830714,2:41
Michal Ho,Don't Rush (Jay Haze Return Of The Pony Mix),Renaissance: The Mix Collection,2013,Ministry Of Sound,4830714,7:24
Kenny Leaven,Rocket,Renaissance: The Mix Collection,2013,Ministry Of Sound,4830714,5:36
"Marco Freivogel, Elif Biçer",11 a.m (After),Renaissance: The Mix Collection,2013,Ministry Of Sound,4830714,5:40
Mat Zo,Superman Lost,Damage Control,2013,Ministry Of Sound,5219813,2:09
Mat Zo,Only For You,Damage Control,2013,Ministry Of Sound,5219813,5:14
Mat Zo,Easy,Damage Control,2013,Ministry Of Sound,5219813,6:38
Mat Zo,Caller ID,Damage Control,2013,Ministry Of Sound,5219813,4:02
Mat Zo,Little Damage,Damage Control,2013,Ministry Of Sound,5219813,1:45
Mat Zo,Pyramid Scheme,Damage Control,2013,Ministry Of Sound,5219813,3:31
Mat Zo,The Sky,Damage Control,2013,Ministry Of Sound,5219813,7:56
Mat Zo,Like It Used To Be,Damage Control,2013,Ministry Of Sound,5219813,1:00
Mat Zo,Time On Your Side,Damage Control,2013,Ministry Of Sound,5219813,3:14
Mat Zo,Moderate Stimulation,Damage Control,2013,Ministry Of Sound,5219813,1:27
Mat Zo,Lucid Dreams,Damage Control,2013,Ministry Of Sound,5219813,4:30
Mat Zo,EZ,Damage Control,2013,Ministry Of Sound,5219813,4:44
Mat Zo,Hurricane,Damage Control,2013,Ministry Of Sound,5219813,5:02
Mat Zo,Fall Into Dreams,Damage Control,2013,Ministry Of Sound,5219813,1:29
Above & Beyond,Miracle,Acoustic,2014,Ministry Of Sound,5352049,4:53
Above & Beyond,Satellite / Stealing Time,Acoustic,2014,Ministry Of Sound,5352049,5:04
Above & Beyond,Good For Me,Acoustic,2014,Ministry Of Sound,5352049,6:04
Above & Beyond,Sirens Of The Sea,Acoustic,2014,Ministry Of Sound,5352049,4:50
Above & Beyond,On A Good Day,Acoustic,2014,Ministry Of Sound,5352049,4:23
Above & Beyond,Making Plans,Acoustic,2014,Ministry Of Sound,5352049,4:22
Thomas Schwartz & Fausto Fanizza,You Would,Anjunabeats Volume 11,2014,Ministry Of Sound,5777116,6:42
"Betoko, Gemma Hayes",Wicked Game,Anjunabeats Volume 11,2014,Ministry Of Sound,5777116,4:38
16 Bit Lolita's,Beat Organ,Anjunabeats Volume 11,2014,Ministry Of Sound,5777116,4:26
Above & Beyond,Good For Me (Matt Lange Remix),Anjunabeats Volume 11,2014,Ministry Of Sound,5777116,5:42
Parker & Hanson,Gravity,Anjunabeats Volume 11,2014,Ministry Of Sound,5777116,5:04
Emma Louise (3),Boy (Spada Remix),Anjunabeats Volume 11,2014,Ministry Of Sound,5777116,7:05
Matt Lange,Staccato,Anjunabeats Volume 11,2014,Ministry Of Sound,5777116,6:06
"DJ Yellow, Flowers And Sea Creatures",No One Gets Left Behind (Konstantin Sibold Remix),Anjunabeats Volume 11,2014,Ministry Of Sound,5777116,4:40
Cid Inc.,Rediscovered,Anjunabeats Volume 11,2014,Ministry Of Sound,5777116,5:03
Twice As Nice,Overture (Guy J Remix),Anjunabeats Volume 11,2014,Ministry Of Sound,5777116,6:03
"Boom Jinx, Meredith Call",The Dark,Anjunabeats Volume 11,2014,Ministry Of Sound,5777116,4:01
Soundprank,Gemini,Anjunabeats Volume 11,2014,Ministry Of Sound,5777116,5:26
Underworld,Dark & Long [Dark Train] (Jerome Isma-Ae & Maor Levi Remix),Anjunabeats Volume 11,2014,Ministry Of Sound,5777116,4:38
"ilan Bluestone, Jerome Isma-Ae",Tension,Anjunabeats Volume 11,2014,Ministry Of Sound,5777116,3:45
Above & Beyond,Anjunabeach (Genix vs. Las Salinas Remix),Anjunabeats Volume 11,2014,Ministry Of Sound,5777116,4:30
London Grammar,Hey Now (Arty Remix),Anjunabeats Volume 11,2014,Ministry Of Sound,5777116,4:30
"Above & Beyond, Alex Vargas (5)",Sticky Fingers,Anjunabeats Volume 11,2014,Ministry Of Sound,5777116,4:59
"Super8 & Tab, Jaytech",Code Red,Anjunabeats Volume 11,2014,Ministry Of Sound,5777116,3:52
"Mat Zo, Chuck D",Pyramid Scheme (Club Mix),Anjunabeats Volume 11,2014,Ministry Of Sound,5777116,4:44
Audien (2),Hindsight,Anjunabeats Volume 11,2014,Ministry Of Sound,5777116,3:36
Sunny Lax,Karma,Anjunabeats Volume 11,2014,Ministry Of Sound,5777116,4:57
Genix,Run,Anjunabeats Volume 11,2014,Ministry Of Sound,5777116,4:55
Oliver Smith,Evermore,Anjunabeats Volume 11,2014,Ministry Of Sound,5777116,3:55
"Above & Beyond, Richard Bedford",On My Way To Mariana Heaven,Anjunabeats Volume 11,2014,Ministry Of Sound,5777116,4:17
ilan Bluestone,Spheres,Anjunabeats Volume 11,2014,Ministry Of Sound,5777116,5:09
"Above & Beyond, Andrew Bayer",Far From Needing Your Love,Anjunabeats Volume 11,2014,Ministry Of Sound,5777116,5:38
Above & Beyond,Hello,Anjunabeats Volume 11,2014,Ministry Of Sound,5777116,4:39
"Above & Beyond, OceanLab",Satellite (ilan Bluestone Remix),Anjunabeats Volume 11,2014,Ministry Of Sound,5777116,5:08
Andrew Bayer,The District,Anjunabeats Volume 11,2014,Ministry Of Sound,5777116,4:44
Croquet Club,Only You Can Tell,Anjunadeep 06,2014,Ministry Of Sound,6087857,4:28
"John Monkman, Liz Cass",Open Frontier,Anjunadeep 06,2014,Ministry Of Sound,6087857,5:03
Cubicolor,Soul Chords,Anjunadeep 06,2014,Ministry Of Sound,6087857,4:41
Steve Huerta,Say It Wasn't,Anjunadeep 06,2014,Ministry Of Sound,6087857,4:04
Danalog,"Click, Search (Jody Wisternoff Remix)",Anjunadeep 06,2014,Ministry Of Sound,6087857,5:36
"Vincenzo, Florian Kruse, Raquel Quińones",If He Runs,Anjunadeep 06,2014,Ministry Of Sound,6087857,4:31
Cubicolor,Still Linger In My Dreams,Anjunadeep 06,2014,Ministry Of Sound,6087857,6:16
"Lane 8, Solomon Grey",Diamonds,Anjunadeep 06,2014,Ministry Of Sound,6087857,5:19
16 Bit Lolita's,Deep In My Soul,Anjunadeep 06,2014,Ministry Of Sound,6087857,6:04
"Clancy (5), Eli & Fur",I Wanna Know,Anjunadeep 06,2014,Ministry Of Sound,6087857,5:46
Dusky (2),4T4,Anjunadeep 06,2014,Ministry Of Sound,6087857,4:43
Martin Roth,Maya,Anjunadeep 06,2014,Ministry Of Sound,6087857,4:11
Journeyman (8),Crash Reel,Anjunadeep 06,2014,Ministry Of Sound,6087857,5:12
16 Bit Lolita's,Premium Emo,Anjunadeep 06,2014,Ministry Of Sound,6087857,7:45
Aquilo,Part Of Your Life (Croquet Club Remix),Anjunadeep 06,2014,Ministry Of Sound,6087857,4:18
Choir Of Young Believers,"Hollow Talk (Jody Wisternoff, James Grant And Lane 8 Remix)",Anjunadeep 06,2014,Ministry Of Sound,6087857,7:52
Cubicolor,Got This Feeling,Anjunadeep 06,2014,Ministry Of Sound,6087857,6:05
Eli & Fur,Feel The Fire,Anjunadeep 06,2014,Ministry Of Sound,6087857,4:41
Dave Angel,Quartz,Anjunadeep 06,2014,Ministry Of Sound,6087857,3:08
"Beckwith, Natalie Conway",Take Me Home,Anjunadeep 06,2014,Ministry Of Sound,6087857,5:46
"Lancelot (9), Antony & Cleopatra",Givin’ It Up (Isaac Tichauer & Nibc Remix - Jody Wisternoff & James Grant Edit),Anjunadeep 06,2014,Ministry Of Sound,6087857,3:36
HVOB,Lion (Stimming Remix),Anjunadeep 06,2014,Ministry Of Sound,6087857,4:09
"Shingo Nakamura, Jody Wisternoff, James Grant (4)",Another Tone,Anjunadeep 06,2014,Ministry Of Sound,6087857,3:56
Shur-i-kan,My Love,Anjunadeep 06,2014,Ministry Of Sound,6087857,5:43
Ashworth,Rebound,Anjunadeep 06,2014,Ministry Of Sound,6087857,2:59
"Meramek, Tropixx (2)",Only You,Anjunadeep 06,2014,Ministry Of Sound,6087857,4:25
Jody Wisternoff,Paramour,Anjunadeep 06,2014,Ministry Of Sound,6087857,8:03
Leftwing & Kody,Tell Me,Anjunadeep 06,2014,Ministry Of Sound,6087857,4:23
Universal Solution,Bandur,Anjunadeep 06,2014,Ministry Of Sound,6087857,5:25
Ólafur Arnalds,Only The Winds (Ryan Davis’ A Letter From Far Away Variation),Anjunadeep 06,2014,Ministry Of Sound,6087857,5:11
Super8 & Tab,Memory Lane,Unified,2014,Ministry Of Sound,6346714,
"Super8 & Tab, Julie Thompson",Let Go,Unified,2014,Ministry Of Sound,6346714,
"Super8 & Tab, Julie Thompson",No Frontiers,Unified,2014,Ministry Of Sound,6346714,
"Super8 & Tab, Jan Burton",Who Needs Pain,Unified,2014,Ministry Of Sound,6346714,
"Super8 & Tab, Julie Thompson",Patience,Unified,2014,Ministry Of Sound,6346714,
"Super8 & Tab, BT",Aika,Unified,2014,Ministry Of Sound,6346714,
Super8 & Tab,Clairvoyant,Unified,2014,Ministry Of Sound,6346714,
"Super8 & Tab, Alyna",Say U Luv,Unified,2014,Ministry Of Sound,6346714,
"Super8 & Tab, 7 Skies",Antipodes,Unified,2014,Ministry Of Sound,6346714,
"Super8 & Tab, Sunny Lax",Sonata,Unified,2014,Ministry Of Sound,6346714,
"Super8 & Tab, 7 Skies",Rubicon,Unified,2014,Ministry Of Sound,6346714,
"Super8 & Tab, Jan Burton",Souls Of Lovers,Unified,2014,Ministry Of Sound,6346714,
Super8 & Tab,Forever,Unified,2014,Ministry Of Sound,6346714,
Vincenzo,The Tree,The Vanishing Years,2014,Ministry Of Sound,6367834,3:42
Vincenzo,Just Like Heaven,The Vanishing Years,2014,Ministry Of Sound,6367834,4:55
Vincenzo,New Time,The Vanishing Years,2014,Ministry Of Sound,6367834,3:40
Vincenzo,If He Runs,The Vanishing Years,2014,Ministry Of Sound,6367834,4:55
Vincenzo,All About You,The Vanishing Years,2014,Ministry Of Sound,6367834,6:23
Vincenzo,The Vanishing Years,The Vanishing Years,2014,Ministry Of Sound,6367834,5:09
Vincenzo,In The Dark,The Vanishing Years,2014,Ministry Of Sound,6367834,5:54
Vincenzo,Walk Home John Boy,The Vanishing Years,2014,Ministry Of Sound,6367834,6:36
Vincenzo,Into My Heart,The Vanishing Years,2014,Ministry Of Sound,6367834,5:58
Vincenzo,Today,The Vanishing Years,2014,Ministry Of Sound,6367834,3:37
Vincenzo,Around The Sun,The Vanishing Years,2014,Ministry Of Sound,6367834,7:47
Vincenzo,Rewind,The Vanishing Years,2014,Ministry Of Sound,6367834,2:47
Esteble,Passage,Anjunadeep 07,2015,Ministry Of Sound,7505145,2:14
Solomon Grey,Miradors (Jody Wisternoff & James Grant Remix),Anjunadeep 07,2015,Ministry Of Sound,7505145,4:41
"16 Bit Lolita's, Lucy Iris",More Than Music,Anjunadeep 07,2015,Ministry Of Sound,7505145,4:18
DEMS,"Never Have, Never Will",Anjunadeep 07,2015,Ministry Of Sound,7505145,2:53
Downtown Party Network,Space Me Out (Jody Wisternoff & James Grant Edit),Anjunadeep 07,2015,Ministry Of Sound,7505145,4:24
Thomas Schwartz & Fausto Fanizza,Dawn To Dusk,Anjunadeep 07,2015,Ministry Of Sound,7505145,3:50
Yotto,Slowly,Anjunadeep 07,2015,Ministry Of Sound,7505145,5:04
Lane 8,Rise,Anjunadeep 07,2015,Ministry Of Sound,7505145,6:15
16 Bit Lolita's,Love Left,Anjunadeep 07,2015,Ministry Of Sound,7505145,7:09
"Vincenzo, Florian Kruse, Lisa Shaw",All About You (Seb Dhajje Remix),Anjunadeep 07,2015,Ministry Of Sound,7505145,5:05
16 Bit Lolita's,Sediment,Anjunadeep 07,2015,Ministry Of Sound,7505145,6:51
"Lancelot (9), Laura Jae",Glass Voices,Anjunadeep 07,2015,Ministry Of Sound,7505145,4:30
Solomon Grey,Twilight (John Monkman Remix),Anjunadeep 07,2015,Ministry Of Sound,7505145,6:18
"16 Bit Lolita's, Lucy Iris",Stardust,Anjunadeep 07,2015,Ministry Of Sound,7505145,6:04
"Yotto, CAPS (2)",Wondering,Anjunadeep 07,2015,Ministry Of Sound,7505145,5:45
Kahwe,Prophets (Outro Edit),Anjunadeep 07,2015,Ministry Of Sound,7505145,2:12
Croquet Club,Go Slow,Anjunadeep 07,2015,Ministry Of Sound,7505145,3:55
Ryan Davis,Brun,Anjunadeep 07,2015,Ministry Of Sound,7505145,3:02
Cubicolor,Enigma,Anjunadeep 07,2015,Ministry Of Sound,7505145,5:56
Martin Roth,Have You Ever,Anjunadeep 07,2015,Ministry Of Sound,7505145,4:25
Universal Solution,Cordoba,Anjunadeep 07,2015,Ministry Of Sound,7505145,5:07
16 Bit Lolita's,Not The Only One (Anjunadeep 07 Mix),Anjunadeep 07,2015,Ministry Of Sound,7505145,5:20
"Dave DK, Piper Davis",Whitehill,Anjunadeep 07,2015,Ministry Of Sound,7505145,3:26
Maribou State,Rituals (MS Edit),Anjunadeep 07,2015,Ministry Of Sound,7505145,4:02
Matthias Vogt,Seven Summits,Anjunadeep 07,2015,Ministry Of Sound,7505145,4:53
Lancelot (9),Mover,Anjunadeep 07,2015,Ministry Of Sound,7505145,4:29
DEMS,Made For Myself (Jody Wisternoff & James Grant Remix),Anjunadeep 07,2015,Ministry Of Sound,7505145,5:02
Moon Boots (3),Red Sky,Anjunadeep 07,2015,Ministry Of Sound,7505145,4:30
"Jody Wisternoff, Sian Evans",The Bridge (Anjunadeep 07 Mix),Anjunadeep 07,2015,Ministry Of Sound,7505145,6:50
Meramek,Know Me,Anjunadeep 07,2015,Ministry Of Sound,7505145,5:12
Way Out West,Tuesday Maybe,Anjunadeep 07,2015,Ministry Of Sound,7505145,6:46
Dusky (2),Skin Deep (Global Communication Remix),Anjunadeep 07,2015,Ministry Of Sound,7505145,6:28
Låpsley,Heartless,Long Way Home,2016,Ministry Of Sound,8230301,
Låpsley,Hurt Me,Long Way Home,2016,Ministry Of Sound,8230301,
Låpsley,Falling Short,Long Way Home,2016,Ministry Of Sound,8230301,
Låpsley,Operator (He Doesn't Call Me),Long Way Home,2016,Ministry Of Sound,8230301,
Låpsley,Cliff,Long Way Home,2016,Ministry Of Sound,8230301,
Låpsley,Painter,Long Way Home,2016,Ministry Of Sound,8230301,
Låpsley,Tell Me The Truth,Long Way Home,2016,Ministry Of Sound,8230301,
Låpsley,Station,Long Way Home,2016,Ministry Of Sound,8230301,
Låpsley,Love Is Blind,Long Way Home,2016,Ministry Of Sound,8230301,
Låpsley,Silverlake,Long Way Home,2016,Ministry Of Sound,8230301,
Låpsley,Leap,Long Way Home,2016,Ministry Of Sound,8230301,
Låpsley,Seven Months,Long Way Home,2016,Ministry Of Sound,8230301,
"Snakehips, Tinashe (2), Chance The Rapper, Oliver Dickinson",All My Friends (PREP Remix),Beach House,2016,Ministry Of Sound,8671607,3:40
"Ben Delay, Alexandra Prince",The Boy Is Mine (Mark Lower Remix),Beach House,2016,Ministry Of Sound,8671607,5:16
Blinkie (4),Don’t Give Up (On Love) (Get To Know’s Future Boogie Remix),Beach House,2016,Ministry Of Sound,8671607,3:50
NY's Finest,Do You Feel Me (City Soul Project Club Mix),Beach House,2016,Ministry Of Sound,8671607,5:22
O&O Music,Music’s Hypnotising,Beach House,2016,Ministry Of Sound,8671607,3:39
"Sonny Fodera, Yasmin (3)",Feeling U (Deep Mix),Beach House,2016,Ministry Of Sound,8671607,5:30
Alex Metric,Always There (Purple Disco Machine Remix),Beach House,2016,Ministry Of Sound,8671607,4:43
"Kort (2), Elementary (5)",Won’t Stop Loving You,Beach House,2016,Ministry Of Sound,8671607,5:47
Sandy Rivera,Long Time Coming,Beach House,2016,Ministry Of Sound,8671607,4:24
Gershon Jackson,Take It Easy (Eli Escobar Remix),Beach House,2016,Ministry Of Sound,8671607,5:18
"Eddie Leader, Tom Lawson (5)",Feel For You (Boris Dlugosch Remix),Beach House,2016,Ministry Of Sound,8671607,5:46
Zsak,Time Around,Beach House,2016,Ministry Of Sound,8671607,4:27
COEO,Humbled,Beach House,2016,Ministry Of Sound,8671607,5:03
Lisa Shaw,I Can See It (Miguel Migs Salted Vocal Mix),Beach House,2016,Ministry Of Sound,8671607,5:41
"Alex Session, Nicole Jackson (5)",Bluest Skies,Beach House,2016,Ministry Of Sound,8671607,4:47
Gwen McCrae,Keep The Fire Burning (Joey Negro Feed The Flame Mix),Beach House,2016,Ministry Of Sound,8671607,6:55
Tete De La Course,Something About This,Beach House,2016,Ministry Of Sound,8671607,4:24
"Iban Montoro, Jazzman Wax",Underground Life,Beach House,2016,Ministry Of Sound,8671607,5:58
Domenico Albanese (2),Groovin’ Rhodes (City Soul Project’s Classic Mix),Beach House,2016,Ministry Of Sound,8671607,5:11
Crazibiza,Lockdown,Beach House,2016,Ministry Of Sound,8671607,3:08
Jay Nemor,Everyday (Opolopa Remix),Beach House,2016,Ministry Of Sound,8671607,4:59
"Lay-Far, Magic Number",Like The First Time,Beach House,2016,Ministry Of Sound,8671607,4:59
Faith Howard,One Day At A Time (OtherSoul Classic Mix),Beach House,2016,Ministry Of Sound,8671607,6:27
Housemechanix,Mamma Saved Me (Eric Kupper Remix),Beach House,2016,Ministry Of Sound,8671607,8:57
"Fusion Groove Orchestra, Steve Lucas",If Only I Could (Boston Bun Remix),Beach House,2016,Ministry Of Sound,8671607,5:07
"Giulio Sax Bonaccio, Stephanie Cooke",What I Need (Kenny Carpenter Soul Edge Remix),Beach House,2016,Ministry Of Sound,8671607,5:25
"Zsak, Crazibiza",Sun Goes Down,Beach House,2016,Ministry Of Sound,8671607,3:52
The Revenge (2),Do The Right Thing (Nachtbraker Remix),Beach House,2016,Ministry Of Sound,8671607,4:58
Eli Escobar,Visions (Purple Disco Machine Remix),Beach House,2016,Ministry Of Sound,8671607,3:01
"Joey Negro, The Sunburst Band",Here Comes The Sunburst Band (Fouk Radio Edit),Beach House,2016,Ministry Of Sound,8671607,2:45
Butch,Dope,Beach House,2016,Ministry Of Sound,8671607,5:59
"Yolanda Be Cool, DCup",From Me To You (Superlover Remix),Beach House,2016,Ministry Of Sound,8671607,5:56
"DJ Mighty Mi, Grand Puba",Shake With Me (Mason Remix),Beach House,2016,Ministry Of Sound,8671607,4:11
"Justin Jay (2), Josh Taylor (10), Benny Bridges",Karma,Beach House,2016,Ministry Of Sound,8671607,3:06
Anti.Dot,Lucid Dreaming,Beach House,2016,Ministry Of Sound,8671607,4:52
"Fred Everything, Kathy Diamond",Believe,Beach House,2016,Ministry Of Sound,8671607,5:09
"Groove Armada, Joel Culpepper",Call Me (Fouk Remix),Beach House,2016,Ministry Of Sound,8671607,4:47
Moon Boots (3),Red Sky (Kahwe Remix),Beach House,2016,Ministry Of Sound,8671607,4:16
"Roland Clark, Urban Soul",President House (Superlover ReWork),Beach House,2016,Ministry Of Sound,8671607,4:03
Nachtbraker,Backstabber,Beach House,2016,Ministry Of Sound,8671607,4:47
COEO,Back In The Days,Beach House,2016,Ministry Of Sound,8671607,3:22
Waze & Odyssey,Go Go Go,Beach House,2016,Ministry Of Sound,8671607,7:11
Simon Hardy,Mambo,Beach House,2016,Ministry Of Sound,8671607,4:56
"Ponty Mython, Lay-Far",Gracefully,Beach House,2016,Ministry Of Sound,8671607,3:54
Boris Dlugosch,Keep Pushin (Purple Disco Machine Vox Mix),Beach House,2016,Ministry Of Sound,8671607,5:15
Powell (9),Fit_17,Sport,2016,Ministry Of Sound,9191818,
Powell (9),"Fuck You, Oscar",Sport,2016,Ministry Of Sound,9191818,
Powell (9),Frankie,Sport,2016,Ministry Of Sound,9191818,
Powell (9),Big Keith ('Ok Ok' Mix),Sport,2016,Ministry Of Sound,9191818,
Powell (9),Skype,Sport,2016,Ministry Of Sound,9191818,
Powell (9),Junk,Sport,2016,Ministry Of Sound,9191818,
Powell (9),Jonny,Sport,2016,Ministry Of Sound,9191818,
Powell (9),Beat 20_194R,Sport,2016,Ministry Of Sound,9191818,
Powell (9),Gettin' Paid To Be Yourself (Al's 'Kick Ass' Mix),Sport,2016,Ministry Of Sound,9191818,
Powell (9),Do You Rotate?,Sport,2016,Ministry Of Sound,9191818,
Powell (9),Her Face,Sport,2016,Ministry Of Sound,9191818,
Powell (9),Gone A Bit Bendy (NTS Chatroom Version),Sport,2016,Ministry Of Sound,9191818,
Powell (9),Plastic,Sport,2016,Ministry Of Sound,9191818,
Powell (9),Mad Love,Sport,2016,Ministry Of Sound,9191818,
Powell (9),Sylvester Stallone,Sport,2016,Ministry Of Sound,9454345,7:17
Powell (9),Smut,Sport,2016,Ministry Of Sound,9454345,7:23
Powell (9),Insomniac,Sport,2016,Ministry Of Sound,9454345,6:58
Powell (9),Should've Been A Drummer,Sport,2016,Ministry Of Sound,9454345,7:03
Powell (9),Vega,Sport,2016,Ministry Of Sound,9454345,3:10
5 Seconds Of Summer,Want You Back (Tritonal Remix) (Clean),DMC Dance Mixes 205,2018,Ministry Of Sound,11889993,3:26
Chvrches,Get Out (One Bit Remix),DMC Dance Mixes 205,2018,Ministry Of Sound,11889993,5:23
Dua Lipa,New Rules (KREAM Remix),DMC Dance Mixes 205,2018,Ministry Of Sound,11889993,4:40
Dua Lipa,New Rules (MRK Club Mix),DMC Dance Mixes 205,2018,Ministry Of Sound,11889993,4:45
Duke Dumont,Inhale (TCTS Extended Mix),DMC Dance Mixes 205,2018,Ministry Of Sound,11889993,5:27
Gorgon City,Motorola (Mac Chapman Remix),DMC Dance Mixes 205,2018,Ministry Of Sound,11889993,7:48
Jamiroquai,Summer Girl (Brighton Bunker Remix),DMC Dance Mixes 205,2018,Ministry Of Sound,11889993,7:15
"Joe Stone (5), Cr3on",Is It Really Love (Extended),DMC Dance Mixes 205,2018,Ministry Of Sound,11889993,4:40
"Louisa Johnson, 2 Chainz",Yes (Zac Samuel Extended),DMC Dance Mixes 205,2018,Ministry Of Sound,11889993,5:05
MC Fioti,Bum Bum Tam Tam (Jonas Blue Remix),DMC Dance Mixes 205,2018,Ministry Of Sound,11889993,3:06
"NOTD, Bea Miller",I Wanna Know (Syn Cole Extended),DMC Dance Mixes 205,2018,Ministry Of Sound,11889993,4:01
Rae Morris,Someone Out There (Kat Krazy Remix),DMC Dance Mixes 205,2018,Ministry Of Sound,11889993,4:05
"Raye (3), Mabel (5), Stefflon Don",Cigarette (Danny Dove Club Edit),DMC Dance Mixes 205,2018,Ministry Of Sound,11889993,4:16
The Shires,Guilty (Danny Dove Remix),DMC Dance Mixes 205,2018,Ministry Of Sound,11889993,5:26
"Sigala, Paloma Faith",Lullaby (Martin Jensen Extended),DMC Dance Mixes 205,2018,Ministry Of Sound,11889993,3:28
Silentó,Thinking About You (Marcellus Wallace Remix),DMC Dance Mixes 205,2018,Ministry Of Sound,11889993,5:40
"Andrew Bayer, Ane Brun",Lose Sight,"If It Were You, We'd Never Leave",2018,Ministry Of Sound,12423682,
"Andrew Bayer, Deb Talan",You Are,"If It Were You, We'd Never Leave",2018,Ministry Of Sound,12423682,
"Andrew Bayer, Alison May",Echo,"If It Were You, We'd Never Leave",2018,Ministry Of Sound,12423682,
"Andrew Bayer, Alison May",Make No Sound,"If It Were You, We'd Never Leave",2018,Ministry Of Sound,12423682,
London Grammar,Hey Now,If You Wait,2015,Ministry Of Sound,15176840,3:22
London Grammar,Stay Awake,If You Wait,2015,Ministry Of Sound,15176840,3:05
London Grammar,Shyer,If You Wait,2015,Ministry Of Sound,15176840,3:05
London Grammar,Wasting My Young Years,If You Wait,2015,Ministry Of Sound,15176840,3:20
London Grammar,Sights,If You Wait,2015,Ministry Of Sound,15176840,4:13
London Grammar,Strong,If You Wait,2015,Ministry Of Sound,15176840,4:35
London Grammar,Nightcall,If You Wait,2015,Ministry Of Sound,15176840,4:28
London Grammar,Metal & Dust,If You Wait,2015,Ministry Of Sound,15176840,3:28
London Grammar,Interlude (Live),If You Wait,2015,Ministry Of Sound,15176840,3:59
London Grammar,Flickers,If You Wait,2015,Ministry Of Sound,15176840,4:43
London Grammar,If You Wait,If You Wait,2015,Ministry Of Sound,15176840,4:46
London Grammar,Intro,Californian Soil,2021,Ministry Of Sound,18191158,
London Grammar,Californian Soil,Californian Soil,2021,Ministry Of Sound,18191158,
London Grammar,Missing,Californian Soil,2021,Ministry Of Sound,18191158,
London Grammar,Lose Your Head,Californian Soil,2021,Ministry Of Sound,18191158,
London Grammar,Lord It's A Feeling,Californian Soil,2021,Ministry Of Sound,18191158,
London Grammar,How Does It Feel,Californian Soil,2021,Ministry Of Sound,18191158,
London Grammar,Baby It's You,Californian Soil,2021,Ministry Of Sound,18191158,
London Grammar,Call Your Friends,Californian Soil,2021,Ministry Of Sound,18191158,
London Grammar,All My Love,Californian Soil,2021,Ministry Of Sound,18191158,
London Grammar,Talking,Californian Soil,2021,Ministry Of Sound,18191158,
London Grammar,I Need The Night,Californian Soil,2021,Ministry Of Sound,18191158,
London Grammar,America,Californian Soil,2021,Ministry Of Sound,18191158,
London Grammar,Interlude,If You Wait,2023,Ministry Of Sound,26840264,
Creeds,Push Up,Hard Techno Nation (Push Up Sounds 2023),2023,Ministry Of Sound,29749549,4:00
Nick Slater (3),Route 303,Hard Techno Nation (Push Up Sounds 2023),2023,Ministry Of Sound,29749549,3:41
Tranzvission,U.F.O.,Hard Techno Nation (Push Up Sounds 2023),2023,Ministry Of Sound,29749549,3:51
DJ Jordan,Manifest (N.O.B.A Remix),Hard Techno Nation (Push Up Sounds 2023),2023,Ministry Of Sound,29749549,3:50
Raneo,Tremendo Quilombo,Hard Techno Nation (Push Up Sounds 2023),2023,Ministry Of Sound,29749549,5:35
Nous Klear,By Silence,Hard Techno Nation (Push Up Sounds 2023),2023,Ministry Of Sound,29749549,5:30
PET Duo,A Time In The Future,Hard Techno Nation (Push Up Sounds 2023),2023,Ministry Of Sound,29749549,6:11
Tkg (5),Job Hopper,Hard Techno Nation (Push Up Sounds 2023),2023,Ministry Of Sound,29749549,6:48
Marco Leckbert,What Is This,Hard Techno Nation (Push Up Sounds 2023),2023,Ministry Of Sound,29749549,5:36
Poddy Crane,Industrial Machine,Hard Techno Nation (Push Up Sounds 2023),2023,Ministry Of Sound,29749549,3:50
Sara Krin,Believe,Hard Techno Nation (Push Up Sounds 2023),2023,Ministry Of Sound,29749549,5:49
"Push, Retro-Active (2)",Dark Motion,Hard Techno Nation (Push Up Sounds 2023),2023,Ministry Of Sound,29749549,3:29
Jim Solis,Fatal Distraction,Hard Techno Nation (Push Up Sounds 2023),2023,Ministry Of Sound,29749549,5:13
Rotura XXL,Wake Up,Hard Techno Nation (Push Up Sounds 2023),2023,Ministry Of Sound,29749549,6:03
Freak Unique (2),Execute,Hard Techno Nation (Push Up Sounds 2023),2023,Ministry Of Sound,29749549,3:54
Carl Shorts,Like That,Hard Techno Nation (Push Up Sounds 2023),2023,Ministry Of Sound,29749549,3:47
"Paula Carolina, Marti Fischer",Schreien! (Turbo Remix),Hard Techno Nation (Push Up Sounds 2023),2023,Ministry Of Sound,29749549,2:45
H! Dude,Demise,Hard Techno Nation (Push Up Sounds 2023),2023,Ministry Of Sound,29749549,5:46
Luckes,Push Akai,Hard Techno Nation (Push Up Sounds 2023),2023,Ministry Of Sound,29749549,6:25
Sandro Mure,Infected,Hard Techno Nation (Push Up Sounds 2023),2023,Ministry Of Sound,29749549,6:12
Danitz,Aborted Dreams,Hard Techno Nation (Push Up Sounds 2023),2023,Ministry Of Sound,29749549,6:41
Jeremias Clerici,Pride,Hard Techno Nation (Push Up Sounds 2023),2023,Ministry Of Sound,29749549,5:16
Ivan BM,Valhalla,Hard Techno Nation (Push Up Sounds 2023),2023,Ministry Of Sound,29749549,5:33
Buchecha,Squad,Hard Techno Nation (Push Up Sounds 2023),2023,Ministry Of Sound,29749549,6:59
Rudaki,2 D Floor,Hard Techno Nation (Push Up Sounds 2023),2023,Ministry Of Sound,29749549,6:13
Dorian Parano,Machine Head,Hard Techno Nation (Push Up Sounds 2023),2023,Ministry Of Sound,29749549,5:41
Utoka (2),Possessiveness,Hard Techno Nation (Push Up Sounds 2023),2023,Ministry Of Sound,29749549,6:17
Hanzzo,Dark (Edit),Hard Techno Nation (Push Up Sounds 2023),2023,Ministry Of Sound,29749549,3:54
Greg Notill,The Call From Above,Hard Techno Nation (Push Up Sounds 2023),2023,Ministry Of Sound,29749549,3:50
"Jack Rush, Cruze",Butterfly (KxE Remix),Hard Techno Nation (Push Up Sounds 2023),2023,Ministry Of Sound,29749549,4:02
Avaro,I Don't Wanna Play (No Games) (Sped Up Version),Hard Techno Nation (Push Up Sounds 2023),2023,Ministry Of Sound,29749549,2:50
London Grammar,House,The greatest Love,2024,Ministry Of Sound,31788992,3:10
London Grammar,Fakest Bitch,The greatest Love,2024,Ministry Of Sound,31788992,4:24
London Grammar,You And I,The greatest Love,2024,Ministry Of Sound,31788992,5:11
London Grammar,LA,The greatest Love,2024,Ministry Of Sound,31788992,4:35
London Grammar,Ordinary Life,The greatest Love,2024,Ministry Of Sound,31788992,3:43
London Grammar,Santa Fe,The greatest Love,2024,Ministry Of Sound,31788992,3:19
London Grammar,Kind Of Man,The greatest Love,2024,Ministry Of Sound,31788992,4:14
London Grammar,Rescue,The greatest Love,2024,Ministry Of Sound,31788992,4:00
London Grammar,Into Gold,The greatest Love,2024,Ministry Of Sound,31788992,5:45
London Grammar,The Greatest Love,The greatest Love,2024,Ministry Of Sound,31788992,4:18
London Grammar,Rooting For You,Truth Is A Beautiful Thing,2017,Ministry Of Sound,10631039,
London Grammar,Big Picture,Truth Is A Beautiful Thing,2017,Ministry Of Sound,10631039,
London Grammar,Wild Eyed,Truth Is A Beautiful Thing,2017,Ministry Of Sound,10631039,
London Grammar,Oh Woman Oh Man,Truth Is A Beautiful Thing,2017,Ministry Of Sound,10631039,
London Grammar,Hell To The Liars,Truth Is A Beautiful Thing,2017,Ministry Of Sound,10631039,
London Grammar,Everyone Else,Truth Is A Beautiful Thing,2017,Ministry Of Sound,10631039,
London Grammar,Non Believer,Truth Is A Beautiful Thing,2017,Ministry Of Sound,10631039,
London Grammar,Bones Of Ribbon,Truth Is A Beautiful Thing,2017,Ministry Of Sound,10631039,
London Grammar,Who Am I,Truth Is A Beautiful Thing,2017,Ministry Of Sound,10631039,
London Grammar,Leave The War With Me,Truth Is A Beautiful Thing,2017,Ministry Of Sound,10631039,
London Grammar,Truth Is A Beautiful Thing,Truth Is A Beautiful Thing,2017,Ministry Of Sound,10631039,
London Grammar,What A Day,Truth Is A Beautiful Thing,2017,Ministry Of Sound,10432205,
London Grammar,Different Breeds,Truth Is A Beautiful Thing,2017,Ministry Of Sound,10432205,
London Grammar,Control,Truth Is A Beautiful Thing,2017,Ministry Of Sound,10432205,
London Grammar,Trials (Demo),Truth Is A Beautiful Thing,2017,Ministry Of Sound,10432205,
London Grammar,May The Best (Church Mix),Truth Is A Beautiful Thing,2017,Ministry Of Sound,10432205,
London Grammar,Rooting For You (Demo),Truth Is A Beautiful Thing,2017,Ministry Of Sound,10432205,
London Grammar,Bitter Sweet Symphony (Live At BBC Maida Vale),Truth Is A Beautiful Thing,2017,Ministry Of Sound,10432205,
London Grammar,Help,If You Wait,2013,Ministry Of Sound,5321680,3:55
London Grammar,Darling Are You Gonna Leave Me,If You Wait,2013,Ministry Of Sound,5321680,3:02
Disclosure (3),Help Me Lose My Mind,If You Wait,2013,Ministry Of Sound,5321680,4:05
London Grammar,High Life,If You Wait,2013,Ministry Of Sound,5321680,4:04
London Grammar,Maybe,If You Wait,2013,Ministry Of Sound,5321680,4:24
London Grammar,When We Were Young,If You Wait,2013,Ministry Of Sound,5321680,3:07
London Grammar,Non Believe,Truth Is A Beautiful Thing,2017,Ministry Of Sound,10417384,4:18
Sigala,Brighter Days,Brighter Days,2018,Ministry Of Sound,12587205,3:57
Sigala,Came Here For Love,Brighter Days,2018,Ministry Of Sound,12587205,3:23
Sigala,Feels Like Home,Brighter Days,2018,Ministry Of Sound,12587205,3:39
Sigala,Just Got Paid,Brighter Days,2018,Ministry Of Sound,12587205,3:38
Sigala,We Don't Care,Brighter Days,2018,Ministry Of Sound,12587205,3:27
Sigala,You Don't Know Me,Brighter Days,2018,Ministry Of Sound,12587205,3:16
Sigala,Somebody,Brighter Days,2018,Ministry Of Sound,12587205,3:58
Sigala,Lullaby,Brighter Days,2018,Ministry Of Sound,12587205,3:24
Sigala,Ain't Giving Up,Brighter Days,2018,Ministry Of Sound,12587205,2:37
Sigala,What You Waiting For?,Brighter Days,2018,Ministry Of Sound,12587205,4:11
Sigala,Sweet Lovin,Brighter Days,2018,Ministry Of Sound,12587205,3:22
Sigala,Revival,Brighter Days,2018,Ministry Of Sound,12587205,3:12
Sigala,Give Me Your Love,Brighter Days,2018,Ministry Of Sound,12587205,3:27
Sigala,All For Love,Brighter Days,2018,Ministry Of Sound,12587205,3:43
Sigala,Say You Do,Brighter Days,2018,Ministry Of Sound,12587205,3:22
Sigala,Easy Love,Brighter Days,2018,Ministry Of Sound,12587205,3:49
Sigala,Sweet Lovin', Brighter Days,2018,Ministry Of Sound,12638800,3:21
"Perry Como, The Fontane Sisters",It's Beginning To Look A Lot Like Christmas,It's Beginning To Look A Lot Like Christmas ,2018,Ministry Of Sound,15752742,
Andy Williams,It's The Most Wonderful Time Of The Year,It's Beginning To Look A Lot Like Christmas ,2018,Ministry Of Sound,15752742,
Eartha Kitt,Santa Baby,It's Beginning To Look A Lot Like Christmas ,2018,Ministry Of Sound,15752742,
Bing Crosby,White Christmas,It's Beginning To Look A Lot Like Christmas ,2018,Ministry Of Sound,15752742,
Dean Martin,Silver Bells,It's Beginning To Look A Lot Like Christmas ,2018,Ministry Of Sound,15752742,
Gene Autry,Rudolph The Red Nosed Reindeer,It's Beginning To Look A Lot Like Christmas ,2018,Ministry Of Sound,15752742,
Nat King Cole,Deck The Halls,It's Beginning To Look A Lot Like Christmas ,2018,Ministry Of Sound,15752742,
Doris Day,The Christmas Song,It's Beginning To Look A Lot Like Christmas ,2018,Ministry Of Sound,15752742,
Tony Bennett,Winter Wonderland,It's Beginning To Look A Lot Like Christmas ,2018,Ministry Of Sound,15752742,
"Frank Sinatra, The B. Swanson Quartet",Let It Snow! Let It Sniw! Let It Snow!,It's Beginning To Look A Lot Like Christmas ,2018,Ministry Of Sound,15752742,
Jimmy Boyd,I Saw Mommy Kissing Santa Claus,It's Beginning To Look A Lot Like Christmas ,2018,Ministry Of Sound,15752742,
Elvis Presley,Santa Bring My Baby Back To Me,It's Beginning To Look A Lot Like Christmas ,2018,Ministry Of Sound,15752742,
Brenda Lee,Rockin' Around The Christmas Tree,It's Beginning To Look A Lot Like Christmas ,2018,Ministry Of Sound,15752742,
Bobby Helms,Jingle Bell Rock,It's Beginning To Look A Lot Like Christmas ,2018,Ministry Of Sound,15752742,
"Johnny Mathis, Percy Faith & His Orchestra",Sleigh Ride,It's Beginning To Look A Lot Like Christmas ,2018,Ministry Of Sound,15752742,
Gene Autry,Here Cones Santa Claus (Right Down Santa Claus Lane),It's Beginning To Look A Lot Like Christmas ,2018,Ministry Of Sound,15752742,
"Ella Fitzgerald, The Ink Spots",Santa Claus Got Stuck (In My Chimney),It's Beginning To Look A Lot Like Christmas ,2018,Ministry Of Sound,15752742,
Harry Belafonte,Mary's Boy Child,It's Beginning To Look A Lot Like Christmas ,2018,Ministry Of Sound,15752742,
Julie Andrews,The Secret Of Christmas,It's Beginning To Look A Lot Like Christmas ,2018,Ministry Of Sound,15752742,
Dickie Valentine,Christmas Alphabet,It's Beginning To Look A Lot Like Christmas ,2018,Ministry Of Sound,15752742,
Aretha Franklin,Winter Wonderland,It's Beginning To Look A Lot Like Christmas ,2018,Ministry Of Sound,15752742,
Frank Sinatra,Have Yourself A a Merry a Little Christmas,It's Beginning To Look A Lot Like Christmas ,2018,Ministry Of Sound,15752742,
Dean Martin,"Baby, It's Cold Outside",It's Beginning To Look A Lot Like Christmas ,2018,Ministry Of Sound,15752742,
"Bing Crosby, The Andrews Sisters",Santa Claus Is Comin' To Town,It's Beginning To Look A Lot Like Christmas ,2018,Ministry Of Sound,15752742,
Tony Bennett,O Christmas Tree,It's Beginning To Look A Lot Like Christmas ,2018,Ministry Of Sound,15752742,
Elvis Presley,Blue Christmas,It's Beginning To Look A Lot Like Christmas ,2018,Ministry Of Sound,15752742,
Andy Williams,Happy Holiday,It's Beginning To Look A Lot Like Christmas ,2018,Ministry Of Sound,15752742,
Andy Williams,The Holiday Season,It's Beginning To Look A Lot Like Christmas ,2018,Ministry Of Sound,15752742,
Gene Autry,Frosty The Snowman,It's Beginning To Look A Lot Like Christmas ,2018,Ministry Of Sound,15752742,
Sammy Davis Jr.,Jingle Bells,It's Beginning To Look A Lot Like Christmas ,2018,Ministry Of Sound,15752742,
José Feliciano,Feliz Navidad,It's Beginning To Look A Lot Like Christmas ,2018,Ministry Of Sound,15752742,
Kay Starr,(Everybody's Waitin' For) Tge Man With The Bag,It's Beginning To Look A Lot Like Christmas ,2018,Ministry Of Sound,15752742,
"Louis Armstrong, The Commanders",Zat You Santa Claus,It's Beginning To Look A Lot Like Christmas ,2018,Ministry Of Sound,15752742,
"Frankie Carle, Marjorie Hughes",Little Jack Frost Get Lost,It's Beginning To Look A Lot Like Christmas ,2018,Ministry Of Sound,15752742,
Perry Como,(There's No Place Like) Home For The Holidays,It's Beginning To Look A Lot Like Christmas ,2018,Ministry Of Sound,15752742,
Rosemary Clooney,C-H-R-I-S-T-M-A-S,It's Beginning To Look A Lot Like Christmas ,2018,Ministry Of Sound,15752742,
Connie Francis,Baby's First Christmas,It's Beginning To Look A Lot Like Christmas ,2018,Ministry Of Sound,15752742,
Patti Page,Christmas Bells,It's Beginning To Look A Lot Like Christmas ,2018,Ministry Of Sound,15752742,
Bobby Darin,Christmas Auld Lang Syne,It's Beginning To Look A Lot Like Christmas ,2018,Ministry Of Sound,15752742,
"Benny Goodman, Peggy Lee",Winter Weather,It's Beginning To Look A Lot Like Christmas ,2018,Ministry Of Sound,15752742,
Peggy Lee,The Christmas Waltz,It's Beginning To Look A Lot Like Christmas ,2018,Ministry Of Sound,15752742,
Curtis Mayfield,Move On Up,[ Origins ] Funk,2020,Ministry Of Sound,16076788,2:48
James Brown,Cold Sweat,[ Origins ] Funk,2020,Ministry Of Sound,16076788,2:53
"Earth, Wind & Fire",Shining Star,[ Origins ] Funk,2020,Ministry Of Sound,16076788,2:51
Marvin Gaye,Got To Give It Up (Pt. 1),[ Origins ] Funk,2020,Ministry Of Sound,16076788,4:13
Kool & The Gang,Jungle Boogie,[ Origins ] Funk,2020,Ministry Of Sound,16076788,3:06
Charles Wright & The Watts 103rd St Rhythm Band,Express Yourself,[ Origins ] Funk,2020,Ministry Of Sound,16076788,3:51
Jean Knight,Mr. Big Stuff,[ Origins ] Funk,2020,Ministry Of Sound,16076788,2:47
The Isley Brothers,It's Your Thing,[ Origins ] Funk,2020,Ministry Of Sound,16076788,2:46
Parliament,Give Up The Funk (Tear The Roof Off The Sucker),[ Origins ] Funk,2020,Ministry Of Sound,16076788,3:47
Average White Band,Pick Up The Pieces,[ Origins ] Funk,2020,Ministry Of Sound,16076788,3:54
Idris Muhammad,Could Heaven Ever Be Like This,[ Origins ] Funk,2020,Ministry Of Sound,16076788,8:37
Gil Scott-Heron,The Revolution Will Not Be Televised,[ Origins ] Funk,2020,Ministry Of Sound,16076788,3:07
Don Blackman,Heart's Desire,[ Origins ] Funk,2020,Ministry Of Sound,16076788,4:30
Roy Ayers Ubiquity,Running Away,[ Origins ] Funk,2020,Ministry Of Sound,16076788,3:57
Zapp,More Bounce To The Ounce,[ Origins ] Funk,2020,Ministry Of Sound,16076788,3:59
Sly & The Family Stone,If You Want Me To Stay,[ Origins ] Funk,2020,Ministry Of Sound,16076788,3:00
The Temptations,Papa Was A Rollin' Stone,[ Origins ] Funk,2020,Ministry Of Sound,16076788,6:59
Rufus & Chaka Khan,Tell Me Something Good,[ Origins ] Funk,2020,Ministry Of Sound,16076788,4:40
The Meters,Cissy Strut,[ Origins ] Funk,2020,Ministry Of Sound,16076788,3:04
Sigala,Top 5,Every Cloud,2023,Ministry Of Sound,29219227,
Sigala,Melody,Every Cloud,2023,Ministry Of Sound,29219227,
Sigala,Radio,Every Cloud,2023,Ministry Of Sound,29219227,
Sigala,Stay The Night,Every Cloud,2023,Ministry Of Sound,29219227,
Sigala,Living Without You,Every Cloud,2023,Ministry Of Sound,29219227,
Sigala,Wish You Well,Every Cloud,2023,Ministry Of Sound,29219227,
Sigala,Rely On Me,Every Cloud,2023,Ministry Of Sound,29219227,
Sigala,Just Look Up,Every Cloud,2023,Ministry Of Sound,29219227,
Sigala,Lasting Lover,Every Cloud,2023,Ministry Of Sound,29219227,
Sigala,Deep Like That,Every Cloud,2023,Ministry Of Sound,29219227,
Sigala,Mood For You,Every Cloud,2023,Ministry Of Sound,29219227,
Sigala,Feels This Good,Every Cloud,2023,Ministry Of Sound,29219227,
Sigala,Passengers,Every Cloud,2023,Ministry Of Sound,29219227,
Sigala,Ordinary Love,Every Cloud,2023,Ministry Of Sound,29219227,
Sigala,Somebody New,Every Cloud,2023,Ministry Of Sound,29219227,
Sigala,Not Over Us,Every Cloud,2023,Ministry Of Sound,29219227,
Sigala,Be Your Friend,Every Cloud,2023,Ministry Of Sound,29219227,
Sigala,You For Me,Every Cloud,2023,Ministry Of Sound,29219227,
Sigala,Heaven On My Mind,Every Cloud,2023,Ministry Of Sound,29219227,
Sigala,All By Myself,Every Cloud,2023,Ministry Of Sound,29219227,
"Mantronix, Wondress Hutchinson",Got To Have Your Love,Last Night A DJ Saved My Life,2014,Ministry Of Sound,5649117,
Cameo,Word Up!,Last Night A DJ Saved My Life,2014,Ministry Of Sound,5649117,
Donna Summer,I Feel Love,Last Night A DJ Saved My Life,2014,Ministry Of Sound,5649117,
Marvin Gaye,Got To Give It Up,Last Night A DJ Saved My Life,2014,Ministry Of Sound,5649117,
Rick James,Superfreak,Last Night A DJ Saved My Life,2014,Ministry Of Sound,5649117,
D-Train,You're The One For Me,Last Night A DJ Saved My Life,2014,Ministry Of Sound,5649117,
Melba Moore,Love's Comin' At Ya,Last Night A DJ Saved My Life,2014,Ministry Of Sound,5649117,
Midnight Star,Midas Touch,Last Night A DJ Saved My Life,2014,Ministry Of Sound,5649117,
Shannon,Let The Music Play,Last Night A DJ Saved My Life,2014,Ministry Of Sound,5649117,
Pointer Sisters,Automatic,Last Night A DJ Saved My Life,2014,Ministry Of Sound,5649117,
Shalamar,I Can Make You Feel Good,Last Night A DJ Saved My Life,2014,Ministry Of Sound,5649117,
Nu Shooz,I Can't Wait,Last Night A DJ Saved My Life,2014,Ministry Of Sound,5649117,
Gwen Guthrie,Ain't Nothin' Goin' On But The Rent,Last Night A DJ Saved My Life,2014,Ministry Of Sound,5649117,
Chic,Soup For One,Last Night A DJ Saved My Life,2014,Ministry Of Sound,5649117,
"Quincy Jones, Dune (7)",Ai No Corrida,Last Night A DJ Saved My Life,2014,Ministry Of Sound,5649117,
A Taste Of Honey,Boogie Oogie Oogie,Last Night A DJ Saved My Life,2014,Ministry Of Sound,5649117,
Loleatta Holloway,Love Sensation (A Tom Moulton Mix),Last Night A DJ Saved My Life,2014,Ministry Of Sound,5649117,
Musique,Keep On Jumpin',Last Night A DJ Saved My Life,2014,Ministry Of Sound,5649117,
Adventures Of Stevie V.,"Dirty Cash (Sold Out 7"" Edit)",Last Night A DJ Saved My Life,2014,Ministry Of Sound,5649117,
Alison Limerick,Where Love Lives (Come On In),Last Night A DJ Saved My Life,2014,Ministry Of Sound,5649117,
"Incognito, Jocelyn Brown",Always There,Last Night A DJ Saved My Life,2014,Ministry Of Sound,5649117,
Crystal Waters,Gypsy Woman (La Da Dee La Da Da),Last Night A DJ Saved My Life,2014,Ministry Of Sound,5649117,
Ce Ce Peniston,"Finally (7"" Choice Mix)",Last Night A DJ Saved My Life,2014,Ministry Of Sound,5649117,
De'Lacy,Hideaway (Deep Dish Radio Edit),Last Night A DJ Saved My Life,2014,Ministry Of Sound,5649117,
Robin S.,Show Me Love (Stone's Radio Edit),Last Night A DJ Saved My Life,2014,Ministry Of Sound,5649117,
Rosie Gaines,Closer Than Close (Mentor Original Radio Edit),Last Night A DJ Saved My Life,2014,Ministry Of Sound,5649117,
Tina Moore,Never Gonna Let You Go (Kelly G. Bump-N-Go Vocal Edit),Last Night A DJ Saved My Life,2014,Ministry Of Sound,5649117,
"Masters At Work, India",To Be In Love (Full Intention Vocal Club Edit),Last Night A DJ Saved My Life,2014,Ministry Of Sound,5649117,
Gusto,Disco's Revenge,Last Night A DJ Saved My Life,2014,Ministry Of Sound,5649117,
"David Morales, The Face (3), Juliet Roberts",Needin' U,Last Night A DJ Saved My Life,2014,Ministry Of Sound,5649117,
Todd Terry,Something's Goin' On (Tee's Radio Edit),Last Night A DJ Saved My Life,2014,Ministry Of Sound,5649117,
Cassius,99 Remix,Last Night A DJ Saved My Life,2014,Ministry Of Sound,5649117,
Byron Stingily,Get Up (Everybody) (Parade Radio Edit),Last Night A DJ Saved My Life,2014,Ministry Of Sound,5649117,
Blaze,Most Precious Love (DF Future 3000 Mix),Last Night A DJ Saved My Life,2014,Ministry Of Sound,5649117,
"M&S, The Girl Next Door",Salsoul Nugget,Last Night A DJ Saved My Life,2014,Ministry Of Sound,5649117,
Frankie Goes To Hollywood,Relax,80s Mix,2014,Ministry Of Sound,6397537,
The Human League,Don't You Want Me,80s Mix,2014,Ministry Of Sound,6397537,
Soft Cell,Tainted Love,80s Mix,2014,Ministry Of Sound,6397537,
Talk Talk,It's My Life,80s Mix,2014,Ministry Of Sound,6397537,
ABC,Poison Arrow,80s Mix,2014,Ministry Of Sound,6397537,
Spandau Ballet,Chant No 1 (I Don't Need This Pressure On),80s Mix,2014,Ministry Of Sound,6397537,
Duran Duran,Save A Prayer,80s Mix,2014,Ministry Of Sound,6397537,
Simple Minds,Don't You (Forget About Me),80s Mix,2014,Ministry Of Sound,6397537,
Nik Kershaw,Wouldn't It Be Good,80s Mix,2014,Ministry Of Sound,6397537,
Run-DMC,Walk This Way,80s Mix,2014,Ministry Of Sound,6397537,
Beastie Boys,(You Gotta) Fight For Your Right (To Party),80s Mix,2014,Ministry Of Sound,6397537,
Salt 'N' Pepa,Push It,80s Mix,2014,Ministry Of Sound,6397537,
"Grandmaster Flash, Melle Mel",White Lines (Don't Do It),80s Mix,2014,Ministry Of Sound,6397537,
Sugarhill Gang,Rapper's Delight,80s Mix,2014,Ministry Of Sound,6397537,
"Doug E. Fresh, Slick Rick",The Show,80s Mix,2014,Ministry Of Sound,6397537,
N.W.A.,Express Yourself,80s Mix,2014,Ministry Of Sound,6397537,
Eric B. & Rakim,Paid In Full (Mini Madness - The Cold Cut Remix),80s Mix,2014,Ministry Of Sound,6397537,
Stetsasonic,Talkin' All That Jazz,80s Mix,2014,Ministry Of Sound,6397537,
Herbie Hancock,Rockit,80s Mix,2014,Ministry Of Sound,6397537,
Harold Faltermeyer,Axel F,80s Mix,2014,Ministry Of Sound,6397537,
The Rock Steady Crew,(Hey You) The Rock Steady Crew,80s Mix,2014,Ministry Of Sound,6397537,
Hashim,Al-Naayfish (The Soul),80s Mix,2014,Ministry Of Sound,6397537,
Afrika Bambaataa & Soulsonic Force,Don't Stop... Planet Rock,80s Mix,2014,Ministry Of Sound,6397537,
Ollie And Jerry,Breakin'... There's No Stopping Us,80s Mix,2014,Ministry Of Sound,6397537,
Freeez,"I.O.U. (7"" Edit)",80s Mix,2014,Ministry Of Sound,6397537,
Chaka Khan,I Feel For You,80s Mix,2014,Ministry Of Sound,6397537,
Daryl Hall & John Oates,I Can't Go For That (No Can Do),80s Mix,2014,Ministry Of Sound,6397537,
Alexander O'Neal,Criticize,80s Mix,2014,Ministry Of Sound,6397537,
Womack & Womack,"Teardrops (7"" Edit)",80s Mix,2014,Ministry Of Sound,6397537,
Colonel Abrams,Trapped (Vocal Version),80s Mix,2014,Ministry Of Sound,6397537,
Steve Arrington,Feel So Real,80s Mix,2014,Ministry Of Sound,6397537,
The Fatback Band,I Found Lovin',80s Mix,2014,Ministry Of Sound,6397537,
Loose Ends,Hangin' On A String (Contemplating),80s Mix,2014,Ministry Of Sound,6397537,
Joyce Sims,Come Into My Life,80s Mix,2014,Ministry Of Sound,6397537,
Ashford & Simpson,Solid,80s Mix,2014,Ministry Of Sound,6397537,
Jocelyn Brown,Somebody Else's Guy,80s Mix,2014,Ministry Of Sound,6397537,
Neneh Cherry,Buffalo Stance,80s Mix,2014,Ministry Of Sound,6397537,
"Coldcut, Lisa Stansfield",People Hold On,80s Mix,2014,Ministry Of Sound,6397537,
M|A|R|R|S,"Pump Up The Volume (7"")",80s Mix,2014,Ministry Of Sound,6397537,
"Technotronic, Felly",Pump Up The Jam,80s Mix,2014,Ministry Of Sound,6397537,
Ten City,That's The Way Love Is (Deep House Remix),80s Mix,2014,Ministry Of Sound,6397537,
"Farley ""Jackmaster"" Funk, Jesse Saunders, Darryl Pandy",Love Can't Turn Around,80s Mix,2014,Ministry Of Sound,6397537,
"D Mob, Gary Haisman",We Call It Acieed,80s Mix,2014,Ministry Of Sound,6397537,
Jungle Brothers,I'll House You (Club Mix),80s Mix,2014,Ministry Of Sound,6397537,
Mr. Fingers,Can You Feel It (Instrumental),80s Mix,2014,Ministry Of Sound,6397537,
Jack 'N' Chill,The Jack That House Built,80s Mix,2014,Ministry Of Sound,6397537,
"Ralphi Rosario, Xaviera Gold",You Used To Hold Me,80s Mix,2014,Ministry Of Sound,6397537,
Kariya,Let Me Love You For Tonight (House Radio Version),80s Mix,2014,Ministry Of Sound,6397537,
London Grammar,What A Day (Bonus Track),Truth Is A Beautiful Thing,2017,Ministry Of Sound,10452167,
London Grammar,Different Breeds (Bonus Track),Truth Is A Beautiful Thing,2017,Ministry Of Sound,10452167,
London Grammar,Control (Bonus Track),Truth Is A Beautiful Thing,2017,Ministry Of Sound,10452167,
London Grammar,Trials (Demo) (Bonus Track),Truth Is A Beautiful Thing,2017,Ministry Of Sound,10452167,
London Grammar,May The Best (Church Mix) (Bonus Track),Truth Is A Beautiful Thing,2017,Ministry Of Sound,10452167,
London Grammar,Rooting For You (Demo) (Bonus Track),Truth Is A Beautiful Thing,2017,Ministry Of Sound,10452167,
London Grammar,Bitter Sweet Symphony (Live At BBC Maida Vale) (Bonus Track),Truth Is A Beautiful Thing,2017,Ministry Of Sound,10452167,
Rhodes (9),Intro,Wishes,2015,Ministry Of Sound,7792853,2:38
Rhodes (9),Close Your Eyes,Wishes,2015,Ministry Of Sound,7792853,3:34
Rhodes (9),Raise Your Love,Wishes,2015,Ministry Of Sound,7792853,3:33
Rhodes (9),You & I,Wishes,2015,Ministry Of Sound,7792853,4:55
Rhodes (9),Breathe,Wishes,2015,Ministry Of Sound,7792853,4:22
Rhodes (9),Somebody,Wishes,2015,Ministry Of Sound,7792853,4:18
Rhodes (9),Turning Back Around,Wishes,2015,Ministry Of Sound,7792853,3:43
Rhodes (9),Your Soul,Wishes,2015,Ministry Of Sound,7792853,3:50
Rhodes (9),Losing It,Wishes,2015,Ministry Of Sound,7792853,2:33
"Rhodes (9), Birdy (8)",Let It All Go,Wishes,2015,Ministry Of Sound,7792853,4:43
Rhodes (9),Better,Wishes,2015,Ministry Of Sound,7792853,5:26
Rhodes (9),Wishes,Wishes,2015,Ministry Of Sound,7792853,4:17
Rhodes (9),Glow,Wishes,2015,Ministry Of Sound,7792853,4:14
Rhodes (9),Worry,Wishes,2015,Ministry Of Sound,7792853,4:05
Rhodes (9),Run,Wishes,2015,Ministry Of Sound,7792853,3:49
Rhodes (9),Blank Space (BBC R1 Piano Session),Wishes,2015,Ministry Of Sound,7792853,4:07
Rhodes (9),Morning,Wishes,2015,Ministry Of Sound,7792853,3:38
Rhodes (9),Love Live On,Wishes,2015,Ministry Of Sound,7792853,4:48
Haddaway,What Is Love,Ministry Of Sound 90s,2017,Ministry Of Sound,12028068,
Dr. Alban,It's My Life,Ministry Of Sound 90s,2017,Ministry Of Sound,12028068,
Corona,The Rhythm Of The Night,Ministry Of Sound 90s,2017,Ministry Of Sound,12028068,
Reel 2 Real,I Like To Move It,Ministry Of Sound 90s,2017,Ministry Of Sound,12028068,
La Bouche,Be My Lover,Ministry Of Sound 90s,2017,Ministry Of Sound,12028068,
Zhi-Vago,Celebrate (The Love),Ministry Of Sound 90s,2017,Ministry Of Sound,12028068,
Real McCoy,Another Night,Ministry Of Sound 90s,2017,Ministry Of Sound,12028068,
Jam & Spoon,Right In The Night,Ministry Of Sound 90s,2017,Ministry Of Sound,12028068,
Guru Josh,Infinity,Ministry Of Sound 90s,2017,Ministry Of Sound,12028068,
ATB,9 PM (Till I Come),Ministry Of Sound 90s,2017,Ministry Of Sound,12028068,
Robin S.,Show Me Love,Ministry Of Sound 90s,2017,Ministry Of Sound,12028068,
Faithless,Insomnia,Ministry Of Sound 90s,2017,Ministry Of Sound,12028068,
DJ Tonka,She Knows You,Ministry Of Sound 90s,2017,Ministry Of Sound,12028068,
"Mousse T., Hot 'N' Juicy",Horny '98,Ministry Of Sound 90s,2017,Ministry Of Sound,12028068,
Phil Fuldner,The Final (The Captain Future Theme),Ministry Of Sound 90s,2017,Ministry Of Sound,12028068,
"Tom Novy, Lima",Now Or Never,Ministry Of Sound 90s,2017,Ministry Of Sound,12028068,
"Boris Dlugosch, Inaya Day",Keep Pushin,Ministry Of Sound 90s,2017,Ministry Of Sound,12028068,
Da Hool,Meet Her At The Loveparade,Ministry Of Sound 90s,2017,Ministry Of Sound,12028068,
Aretha Franklin,A Deeper Love,Ministry Of Sound 90s,2017,Ministry Of Sound,12028068,
Justine Earp,Ooo-La-La-La,Ministry Of Sound 90s,2017,Ministry Of Sound,12028068,
Crystal Waters,Gypsy Woman (She's Homeless),Ministry Of Sound 90s,2017,Ministry Of Sound,12028068,
Fatboy Slim,The Rockafeller Skank,Ministry Of Sound 90s,2017,Ministry Of Sound,12028068,
Olive,You're Not Alone,Ministry Of Sound 90s,2017,Ministry Of Sound,12028068,
J-Kwon,Tipsy (Club Mix),Throw Back,2017,Ministry Of Sound,25614709,
Ini Kamoze,Here Comes The Hotstepper,Throw Back,2017,Ministry Of Sound,25614709,
Jagged Edge (2),Let's Get Married (Remarqable Remix),Throw Back,2017,Ministry Of Sound,25614709,
Ghost Town DJ's,My Boo (Hitman's Club Mix),Throw Back,2017,Ministry Of Sound,25614709,
Ciara (2),Goodies,Throw Back,2017,Ministry Of Sound,25614709,
Blu Cantrell,Breathe (Rap Version),Throw Back,2017,Ministry Of Sound,25614709,
Rascalz,Northern Touch,Throw Back,2017,Ministry Of Sound,25614709,
Kris Kross,Jump,Throw Back,2017,Ministry Of Sound,25614709,
OutKast,Hey Ya! (Club Mix),Throw Back,2017,Ministry Of Sound,25614709,
Justin Timberlake,Sexyback,Throw Back,2017,Ministry Of Sound,25614709,
Len,Steal My Sunshine,Throw Back,2017,Ministry Of Sound,25614709,
DJ Jazzy Jeff & The Fresh Prince,Summertime,Throw Back,2017,Ministry Of Sound,25614709,
Jennifer Lopez,Jenny From The Block (Bronx Mix),Throw Back,2017,Ministry Of Sound,25614709,
Amerie,1 Thing,Throw Back,2017,Ministry Of Sound,25614709,
Usher,U Got It Bad,Throw Back,2017,Ministry Of Sound,25614709,
R. Kelly,Ignition (Remix),Throw Back,2017,Ministry Of Sound,25614709,
SWV,Right Here Right Now (Human Nature Radio Mix),Throw Back,2017,Ministry Of Sound,25614709,
Bobby Darin,Beyond The Sea,Cool Cats & Diamond Dolls,2017,Ministry Of Sound,11194201,
Andy Williams,Music To Watch Girls By,Cool Cats & Diamond Dolls,2017,Ministry Of Sound,11194201,
Dusty Springfield,Son Of A Preacher Man,Cool Cats & Diamond Dolls,2017,Ministry Of Sound,11194201,
Tom Jones,What's New Pussycat?,Cool Cats & Diamond Dolls,2017,Ministry Of Sound,11194201,
Paul Anka,Put Your Head On My Shoulder,Cool Cats & Diamond Dolls,2017,Ministry Of Sound,11194201,
Doris Day,Move Over Darling,Cool Cats & Diamond Dolls,2017,Ministry Of Sound,11194201,
Nat King Cole,When I Fall In Love,Cool Cats & Diamond Dolls,2017,Ministry Of Sound,11194201,
Dean Martin,That's Amore,Cool Cats & Diamond Dolls,2017,Ministry Of Sound,11194201,
Scott Walker,Jackie,Cool Cats & Diamond Dolls,2017,Ministry Of Sound,11194201,
Tony Bennett,The Good Life,Cool Cats & Diamond Dolls,2017,Ministry Of Sound,11194201,
Marilyn Monroe,Diamonds Are A Girl's Best Friend,Cool Cats & Diamond Dolls,2017,Ministry Of Sound,11194201,
Dionne Warwick,Trains And Boats And Planes,Cool Cats & Diamond Dolls,2017,Ministry Of Sound,11194201,
Cilla Black,Alfie,Cool Cats & Diamond Dolls,2017,Ministry Of Sound,11194201,
Gilbert Bécaud,A Little Love And Understanding,Cool Cats & Diamond Dolls,2017,Ministry Of Sound,11194201,
Paul Mauriat,Love Is Blue,Cool Cats & Diamond Dolls,2017,Ministry Of Sound,11194201,
B.J. Thomas,Raindrops Keep Fallin' On My Head,Cool Cats & Diamond Dolls,2017,Ministry Of Sound,11194201,
Johnnie Ray,Just Walkin' In The Rain,Cool Cats & Diamond Dolls,2017,Ministry Of Sound,11194201,
Vic Damone,On The Street Where You Live,Cool Cats & Diamond Dolls,2017,Ministry Of Sound,11194201,
The Four Seasons,"December, 1963 (Oh, What A Night)",Cool Cats & Diamond Dolls,2017,Ministry Of Sound,11194201,
Shirley Bassey,Diamonds Are Forever,Cool Cats & Diamond Dolls,2017,Ministry Of Sound,11194201,
Tom Jones,Thunderball,Cool Cats & Diamond Dolls,2017,Ministry Of Sound,11194201,
Matt Monro,From Russia With Love,Cool Cats & Diamond Dolls,2017,Ministry Of Sound,11194201,
Shirley Bassey,Goldfinger,Cool Cats & Diamond Dolls,2017,Ministry Of Sound,11194201,
John Barry & His Orchestra,James Bond Theme,Cool Cats & Diamond Dolls,2017,Ministry Of Sound,11194201,
Sounds Orchestral,Cast Your Fate To The Wind,Cool Cats & Diamond Dolls,2017,Ministry Of Sound,11194201,
Mason Williams,Classical Gas,Cool Cats & Diamond Dolls,2017,Ministry Of Sound,11194201,
Tony Bennett,I Left My Heart In San Francisco,Cool Cats & Diamond Dolls,2017,Ministry Of Sound,11194201,
Perry Como,For The Good Times,Cool Cats & Diamond Dolls,2017,Ministry Of Sound,11194201,
Dionne Warwick,Do You Know The Way To San Jose,Cool Cats & Diamond Dolls,2017,Ministry Of Sound,11194201,
Al Martino,Spanish Eyes,Cool Cats & Diamond Dolls,2017,Ministry Of Sound,11194201,
"Stan Getz, João Gilberto, Astrud Gilberto",The Girl From Ipanema,Cool Cats & Diamond Dolls,2017,Ministry Of Sound,11194201,
Frankie Valli,My Eyes Adored You,Cool Cats & Diamond Dolls,2017,Ministry Of Sound,11194201,
Anthony Newley,Why,Cool Cats & Diamond Dolls,2017,Ministry Of Sound,11194201,
The Manhattan Transfer,Chanson D'amour,Cool Cats & Diamond Dolls,2017,Ministry Of Sound,11194201,
Morris Albert,Feelings,Cool Cats & Diamond Dolls,2017,Ministry Of Sound,11194201,
Dusty Springfield,Spooky,Cool Cats & Diamond Dolls,2017,Ministry Of Sound,11194201,
Scott Walker,Joanna,Cool Cats & Diamond Dolls,2017,Ministry Of Sound,11194201,
Doris Day,"Whatever Will Be, Will Be (Que Sera, Sera)",Cool Cats & Diamond Dolls,2017,Ministry Of Sound,11194201,
Tony Christie,Las Vegas,Cool Cats & Diamond Dolls,2017,Ministry Of Sound,11194201,
Frank Sinatra,Have Yourself A Merry Little Christmas,Cool Cats & Diamond Dolls,2017,Ministry Of Sound,11194201,
Dean Martin,Let It Snow! Let It Snow! Let It Snow!,Cool Cats & Diamond Dolls,2017,Ministry Of Sound,11194201,
"Perry Como, The Fontane Sisters, Mitchell Ayres And His Orchestra",It's Beginning To Look Like Christmas,Cool Cats & Diamond Dolls,2017,Ministry Of Sound,11194201,
Johnny Mathis,When A Child Is Born,Cool Cats & Diamond Dolls,2017,Ministry Of Sound,11194201,
"Bobby Rydell, Chubby Checker",Jingle Bell Rock,Cool Cats & Diamond Dolls,2017,Ministry Of Sound,11194201,
Roy Orbison,Pretty Paper,Cool Cats & Diamond Dolls,2017,Ministry Of Sound,11194201,
Nat King Cole,The Christmas Song,Cool Cats & Diamond Dolls,2017,Ministry Of Sound,11194201,
Jim Reeves,Silver Bells,Cool Cats & Diamond Dolls,2017,Ministry Of Sound,11194201,
Elvis Presley,Santa Bring My Baby Back (To Me),Cool Cats & Diamond Dolls,2017,Ministry Of Sound,11194201,
Adam Faith,Lonely Pup (In A Christmas Shop),Cool Cats & Diamond Dolls,2017,Ministry Of Sound,11194201,
Johnny Mathis,Winter Wonderland,Cool Cats & Diamond Dolls,2017,Ministry Of Sound,11194201,
Nina & Frederik,Little Donkey,Cool Cats & Diamond Dolls,2017,Ministry Of Sound,11194201,
The Harry Simeone Chorale,The Little Drummer Boy,Cool Cats & Diamond Dolls,2017,Ministry Of Sound,11194201,
Bing Crosby,Silent Night,Cool Cats & Diamond Dolls,2017,Ministry Of Sound,11194201,
Pat Boone,White Christmas,Cool Cats & Diamond Dolls,2017,Ministry Of Sound,11194201,
"Cookin' On 3 Burners, Kylie Auldist",This Girl (Acoustic Version),Recover,2016,Ministry Of Sound,8946742,3:45
"TIEKS, Dan Harkna",Sunshine (Acoustic Version),Recover,2016,Ministry Of Sound,8946742,3:12
"Kyla (3), Crazy Cousinz",Do You Mind (Acoustic Version),Recover,2016,Ministry Of Sound,8946742,3:22
Michael Collings,Fast Car (Acoustic Version),Recover,2016,Ministry Of Sound,8946742,4:37
Grace Grundy,I Took A Pill In Ibiza,Recover,2016,Ministry Of Sound,8946742,2:51
"Kygo, Conrad Sewell",Firestone (Fireworks Version),Recover,2016,Ministry Of Sound,8946742,3:56
Years & Years,King (Acoustic Version),Recover,2016,Ministry Of Sound,8946742,4:03
Jess Glynne,My Love (Acoustic Version),Recover,2016,Ministry Of Sound,8946742,3:02
Mr. Probz,Waves,Recover,2016,Ministry Of Sound,8946742,2:52
Pentatonix,Lean On,Recover,2016,Ministry Of Sound,8946742,2:40
"Skrillex, Diplo, Justin Bieber",Where Are Ü Now (Ember Island Remix),Recover,2016,Ministry Of Sound,8946742,2:31
Francesco Yates,Sugar (Acoustic Version),Recover,2016,Ministry Of Sound,8946742,3:29
"Avicii, Nicky Romero",I Could Be The One (Noonie Bao Acoustic Mix),Recover,2016,Ministry Of Sound,8946742,3:51
Collin McLoughlin,Titanium,Recover,2016,Ministry Of Sound,8946742,3:32
"Swedish House Mafia, John Martin (9)",Don't You Worry Child (Acoustic Version),Recover,2016,Ministry Of Sound,8946742,4:17
"Fresh, Ella Eyre",Gravity (Acoustic Version),Recover,2016,Ministry Of Sound,8946742,2:51
Sigala,Easy Love (Acoustic Version),Recover,2016,Ministry Of Sound,8946742,3:45
Kwabs,Gecko (Overdrive) (Live Acoustic Version),Recover,2016,Ministry Of Sound,8946742,2:49
Beth (16),How Deep Is Your Love,Recover,2016,Ministry Of Sound,8946742,2:05
Alan Walker (9),Faded (Restrung),Recover,2016,Ministry Of Sound,8946742,3:36
Nicole Cross,Can't Stop The Feeling,Recover,2016,Ministry Of Sound,8946742,3:01
Justin Bieber,Love Yourself,Recover,2016,Ministry Of Sound,8946742,3:53
Sam Smith (12),Latch (Acoustic Version),Recover,2016,Ministry Of Sound,8946742,3:41
Bruno Mars,Grenade (Acoustic Version),Recover,2016,Ministry Of Sound,8946742,4:09
Sia,Chandelier (Piano Version),Recover,2016,Ministry Of Sound,8946742,4:00
Ellie Goulding,Love Me Like You Do (Acoustic Version),Recover,2016,Ministry Of Sound,8946742,4:15
"Naughty Boy (3), Tanika",Get Lucky,Recover,2016,Ministry Of Sound,8946742,4:17
Ella Eyre,Waiting All Night (Acoustic Version),Recover,2016,Ministry Of Sound,8946742,3:26
John Mayer,XO,Recover,2016,Ministry Of Sound,8946742,3:33
Florence And The Machine,Shake It Out (Acoustic Version),Recover,2016,Ministry Of Sound,8946742,4:12
Jessie Ware,Running (Acoustic Version),Recover,2016,Ministry Of Sound,8946742,3:56
James Morrison (2),Man In The Mirror (Acoustic Version),Recover,2016,Ministry Of Sound,8946742,4:04
Aloe Blacc,Wake Me Up (Acoustic Version),Recover,2016,Ministry Of Sound,8946742,3:45
James Vincent McMorrow,Wicked Game (Recorded Live At St Canice Cathedral Kilkenny),Recover,2016,Ministry Of Sound,8946742,4:31
Lo-Fang,You're The One That I Want,Recover,2016,Ministry Of Sound,8946742,3:20
Ryan Adams,Wonderwall,Recover,2016,Ministry Of Sound,8946742,4:08
Taken By Trees,Sweet Child O' Mine,Recover,2016,Ministry Of Sound,8946742,5:02
Katie Melua,Wonderful Life,Recover,2016,Ministry Of Sound,8946742,4:06
Rae Morris,Grounded (Acoustic Version),Recover,2016,Ministry Of Sound,8946742,4:01
Various,Recover (Continuous Mix 1),Recover,2016,Ministry Of Sound,8946742,65:49
Various,Recover (Continuous Mix 2),Recover,2016,Ministry Of Sound,8946742,78:34
"KDA, Tinashe (2)",Just Say (Moby Remix),Just Say (Remixes_Vol_3),2017,Ministry Of Sound,10616278,5:31
"KDA, Tinashe (2)",Just Say (KDA Junglism Dub),Just Say (Remixes_Vol_3),2017,Ministry Of Sound,10616278,5:54
Franky Wah,Parallel Universe,The Revival Volume 1,2020,Ministry Of Sound,15442477,6:07
Franky Wah,Fly,The Revival Volume 1,2020,Ministry Of Sound,15442477,5:16
Moby,In This World (Franky Wah Remix),The Revival Volume 1,2020,Ministry Of Sound,15442477,6:10
Franky Wah,Come Together,The Revival Volume 1,2020,Ministry Of Sound,15442477,4:56
Franky Wah,Don't Be,The Revival Volume 1,2020,Ministry Of Sound,15442477,5:16
Franky Wah,Lost In Time,The Revival Volume 1,2020,Ministry Of Sound,15442477,4:40
"Franky Wah, Olive",You're Not Alone,The Revival Volume 1,2020,Ministry Of Sound,15442477,6:56
Franky Wah,First Light,The Revival Volume 1,2020,Ministry Of Sound,15442477,5:56
Franky Wah,Oscillate,The Revival Volume 1,2020,Ministry Of Sound,15442477,6:00
Franky Wah,Tomorrow,The Revival Volume 1,2020,Ministry Of Sound,15442477,6:09
Franky Wah,Horizons,The Revival Volume 1,2020,Ministry Of Sound,15442477,6:12
Franky Wah,Cry No More,The Revival Volume 1,2020,Ministry Of Sound,15442477,6:10
"MJ Cole, Freya Ridings",Waking Up (Franky Wah Remix),The Revival Volume 1,2020,Ministry Of Sound,15442477,4:53
"Franky Wah, Ruby Wood",Green & Gold,The Revival Volume 1,2020,Ministry Of Sound,15442477,3:56
"London Grammar, Camelphat",Higher (Extended Mix),The Remixes,2023,Ministry Of Sound,27798018,5:33
London Grammar,Lord It's a Feeling (Goddard. Extended Remix),The Remixes,2023,Ministry Of Sound,27798018,5:07
London Grammar,If You Wait (Jamie Jones 4Z Extended Remix),The Remixes,2023,Ministry Of Sound,27798018,5:28
London Grammar,Baby It's You (Dot Major Extended Remix),The Remixes,2023,Ministry Of Sound,27798018,8:03
"Flume, London Grammar",Let You Know (Original Mix),The Remixes,2023,Ministry Of Sound,27798018,3:19
London Grammar,Lose Your Head (CamelPhat Extended Remix),The Remixes,2023,Ministry Of Sound,27798018,5:44
"Disclosure (3), London Grammar",Help Me Lose My Mind (Original Mix),The Remixes,2023,Ministry Of Sound,27798018,4:04
London Grammar,Oh Woman Oh Man (MK Remix),The Remixes,2023,Ministry Of Sound,27798018,5:43
London Grammar,Sights (Dennis Ferrer Remix),The Remixes,2023,Ministry Of Sound,27798018,7:00
London Grammar,Hey Now (Bonobo Remix),The Remixes,2023,Ministry Of Sound,27798018,5:45
London Grammar,Baby It's You (Joris Voorn Extended Remix),The Remixes,2023,Ministry Of Sound,27798018,6:15
"Calvin Harris, Example",We'll Be Coming Back,#hits,2013,Ministry Of Sound,13079257,
Example,Won't Go Quietly (Radio Edit),#hits,2013,Ministry Of Sound,13079257,3:39
Example,Watch The Sun Come Up,#hits,2013,Ministry Of Sound,13079257,
Example,Last Ones Standing,#hits,2013,Ministry Of Sound,13079257,
"Example, Don Diablo",Hooligans (VIP Mix),#hits,2013,Ministry Of Sound,13079257,
Example,Watch The Sun Come Up (Moám Remix),#hits,2013,Ministry Of Sound,13079257,
Example,Close Enemies (Jakob Liedholm Remix),#hits,2013,Ministry Of Sound,13079257,
"Wretch 32, Example",Unorthodox,#hits,2013,Ministry Of Sound,13079257,
London Grammar,By The Way,Californian Soil,2021,Ministry Of Sound,18305908,
London Grammar,Lagoon,Californian Soil,2021,Ministry Of Sound,18305908,
London Grammar,Eternal Flame,Californian Soil,2021,Ministry Of Sound,18305908,
London Grammar,Players And Losers,The Greatest Love,2024,Ministry Of Sound,31725698,4:09
London Grammar,Keep On Dreaming,The Greatest Love,2024,Ministry Of Sound,31725698,3:55
London Grammar,House (Demo Version),The Greatest Love,2024,Ministry Of Sound,31725698,3:07
"London Grammar, Camelphat",Higher,The Remixes,2024,Ministry Of Sound,30424502,3:36
London Grammar,Lord It's A Feeling (Goddard Remix),The Remixes,2024,Ministry Of Sound,30424502,3:34
London Grammar,If You Wait (Jamie Jones 4Z Remix),The Remixes,2024,Ministry Of Sound,30424502,3:16
London Grammar,Baby It's You (Dot Major Remix),The Remixes,2024,Ministry Of Sound,30424502,3:53
"SebastiAn (6), London Grammar",Dancing By Night,The Remixes,2024,Ministry Of Sound,30424502,3:41
London Grammar,Lose Your Head (CamelPhat Remix),The Remixes,2024,Ministry Of Sound,30424502,3:38
London Grammar,Hell To The Liars (Kölsch Remix),The Remixes,2024,Ministry Of Sound,30424502,12:46
Ultraísta,Smalltalk (Sasha Involv3r Radio Edit),Smalltalk (Sasha Involv3r Remix),2013,Ministry Of Sound,4898753,5:27
"Feed Me, Crystal Fighters",Love Is All I Got,SessioNZ 2013,2013,Ministry Of Sound,4516848,3:08
Example,Say Nothing (Foamo Remix),SessioNZ 2013,2013,Ministry Of Sound,4516848,2:45
"Bombs Away (2), The Twins (14)",Party Bass,SessioNZ 2013,2013,Ministry Of Sound,4516848,2:15
Sam And The Womp,Bom Bom,SessioNZ 2013,2013,Ministry Of Sound,4516848,3:00
"Sidney Samson, Will I Am",Better Than Yesterday,SessioNZ 2013,2013,Ministry Of Sound,4516848,2:30
Bingo Players,Out Of My Mind,SessioNZ 2013,2013,Ministry Of Sound,4516848,3:04
Shapeshifter (6),Diamond Trade,SessioNZ 2013,2013,Ministry Of Sound,4516848,3:52
R3hab,A Night In (EDC Orlando 2012 Anthem),SessioNZ 2013,2013,Ministry Of Sound,4516848,3:45
"Hardwell, Amba Shepherd",Apollo,SessioNZ 2013,2013,Ministry Of Sound,4516848,4:23
Tujamo,There It Is,SessioNZ 2013,2013,Ministry Of Sound,4516848,3:15
Jupiter Project (2),Celebration (Ryan Enzed Remix),SessioNZ 2013,2013,Ministry Of Sound,4516848,4:45
"General Lee (9), Kings (5)",Promise To You,SessioNZ 2013,2013,Ministry Of Sound,4516848,3:15
Ruby Frost,Water To Ice (Golden Age Remix),SessioNZ 2013,2013,Ministry Of Sound,4516848,4:00
"Adnan Belushi, General Lee (9), N.D.A., Franko (5)",Rock & Roll,SessioNZ 2013,2013,Ministry Of Sound,4516848,3:32
Michael Woods,We've Only Just Begun,SessioNZ 2013,2013,Ministry Of Sound,4516848,5:08
Disclosure (3),Latch,SessioNZ 2013,2013,Ministry Of Sound,4516848,4:13
Netsky,We Can Only Live Today (Puppy),SessioNZ 2013,2013,Ministry Of Sound,4516848,3:15
"A-Trak, DJ Zinc",Like The Dance Floor,SessioNZ 2013,2013,Ministry Of Sound,4516848,4:30
Jetski Safari,Like A Lie (Daniel Farley Remix),SessioNZ 2013,2013,Ministry Of Sound,4516848,4:00
"Terace, Jupiter Project (2)",Running,SessioNZ 2013,2013,Ministry Of Sound,4516848,4:32
Yolanda Be Cool,After Midnight (Yolanda Be Cool's Mentalmen Mix),SessioNZ 2013,2013,Ministry Of Sound,4516848,3:45
"Antix, Tim Richards",Another Day,SessioNZ 2013,2013,Ministry Of Sound,4516848,3:30
"Tom Piper, Daniel Farley",The Jam,SessioNZ 2013,2013,Ministry Of Sound,4516848,3:34
Peking Duk,The Way You Are (Daniel Farley Remix),SessioNZ 2013,2013,Ministry Of Sound,4516848,3:38
Aural Trash,TTFMU (Greg Churchill & Angela Fisken Remix),SessioNZ 2013,2013,Ministry Of Sound,4516848,2:30
"Tommie Sunshine, Disco Fries, Kid Sister",Cool Without You,SessioNZ 2013,2013,Ministry Of Sound,4516848,2:45
"Steve Aoki, Angger Dimas, Iggy Azalea",Beat Down (Afrojack Remix),SessioNZ 2013,2013,Ministry Of Sound,4516848,2:45
"Tom Piper, DJ@War",Jetlaggin’,SessioNZ 2013,2013,Ministry Of Sound,4516848,2:08
The Only (2),Looking Back (What So Not Remix),SessioNZ 2013,2013,Ministry Of Sound,4516848,3:41
"Optimus Gryme, Misfits Of Zion",Law & Disorder,SessioNZ 2013,2013,Ministry Of Sound,4516848,2:11
Flosstradamus,Rollup (Baauer Remix),SessioNZ 2013,2013,Ministry Of Sound,4516848,1:37
"Major Lazer, Amber Coffman",Get Free (What So Not Remix),SessioNZ 2013,2013,Ministry Of Sound,4516848,4:51
"Sub Focus, Alice Gold",Out The Blue,SessioNZ 2013,2013,Ministry Of Sound,4516848,3:21
"Rudimental, John Newman (5)",Not Giving In,SessioNZ 2013,2013,Ministry Of Sound,4516848,4:05
Flume,Holdin On,FUT.UR.ISM,2013,Ministry Of Sound,4525787,
"Rudimental, John Newman (5), Alex Clare (2)",Not Giving In (Bondax Remix),FUT.UR.ISM,2013,Ministry Of Sound,4525787,
Chet Faker,I'm Into You,FUT.UR.ISM,2013,Ministry Of Sound,4525787,
jai Paul,jasmine,FUT.UR.ISM,2013,Ministry Of Sound,4525787,
Jessie Ware,110%,FUT.UR.ISM,2013,Ministry Of Sound,4525787,
Passion Pit,Constant Conversations,FUT.UR.ISM,2013,Ministry Of Sound,4525787,
"Frank Ocean, Earl Sweatshirt",Super Rich Kids,FUT.UR.ISM,2013,Ministry Of Sound,4525787,
Glass Animals,Cocoa Hooves,FUT.UR.ISM,2013,Ministry Of Sound,4525787,
alt-J,Breezeblocks,FUT.UR.ISM,2013,Ministry Of Sound,4525787,
AlunaGeorge,You Know You Like It,FUT.UR.ISM,2013,Ministry Of Sound,4525787,
Radiohead,Lotus Flower (Jacques Greene Remix),FUT.UR.ISM,2013,Ministry Of Sound,4525787,
Florence And The Machine,Spectrum (Say My Name) (AlunaGeorge Remix),FUT.UR.ISM,2013,Ministry Of Sound,4525787,
Crystal Fighters,At Home,FUT.UR.ISM,2013,Ministry Of Sound,4525787,
The XX,Angels,FUT.UR.ISM,2013,Ministry Of Sound,4525787,
Purity Ring,Crawlersout,FUT.UR.ISM,2013,Ministry Of Sound,4525787,
Kid Cudi,Just What I Am,FUT.UR.ISM,2013,Ministry Of Sound,4525787,
Grimes (4),Oblivion,FUT.UR.ISM,2013,Ministry Of Sound,4525787,
Footprintz (2),Dangers Of The Mouth,FUT.UR.ISM,2013,Ministry Of Sound,4525787,
Joy Orbison,Hyph Mngo,FUT.UR.ISM,2013,Ministry Of Sound,4525787,
Jamie XX,Far Nearer,FUT.UR.ISM,2013,Ministry Of Sound,4525787,
"Disclosure (3), Sam Smith (12)",Latch,FUT.UR.ISM,2013,Ministry Of Sound,4525787,
Bat For Lashes,All Your Gold (Hercules & Love Affair Remix),FUT.UR.ISM,2013,Ministry Of Sound,4525787,
Groove Armada,Don't Take Your Love Away (92 Mix),FUT.UR.ISM,2013,Ministry Of Sound,4525787,
The Presets (2),Promises (Luomo Remix),FUT.UR.ISM,2013,Ministry Of Sound,4525787,
"Art Department (2), Soul Clap, Osunlade",We Call Lov,FUT.UR.ISM,2013,Ministry Of Sound,4525787,
"Noir, Haze",Around (Rudimental Remix),FUT.UR.ISM,2013,Ministry Of Sound,4525787,
"Soul Clap, Charles Levine",Lonely C,FUT.UR.ISM,2013,Ministry Of Sound,4525787,
Jonas Rathsman,Tobago,FUT.UR.ISM,2013,Ministry Of Sound,4525787,
Osunlade,Envision (Argy Vocal Mix),FUT.UR.ISM,2013,Ministry Of Sound,4525787,
Flashmob,Hot,FUT.UR.ISM,2013,Ministry Of Sound,4525787,
Mia Dora,Occam's Razor,FUT.UR.ISM,2013,Ministry Of Sound,4525787,
Justin Martin,Don't Go,FUT.UR.ISM,2013,Ministry Of Sound,4525787,
Scuba (4),Never,FUT.UR.ISM,2013,Ministry Of Sound,4525787,
Jimmy Edgar,This One's For The Children,FUT.UR.ISM,2013,Ministry Of Sound,4525787,
"Kry Wolf, Claude VonStroke",Turbosteppa,FUT.UR.ISM,2013,Ministry Of Sound,4525787,
"Rudimental, Ella Eyre",Waiting All Night (Todd Edwards Remix),Deep House Sessions,2013,Ministry Of Sound,4837249,6:30
Breach (2),Jack (Mak & Pasteman Remix),Deep House Sessions,2013,Ministry Of Sound,4837249,5:29
Frames (3),Slow,Deep House Sessions,2013,Ministry Of Sound,4837249,3:13
"Duke Dumont, MNEK",Hold On,Deep House Sessions,2013,Ministry Of Sound,4837249,3:59
Nina Kraviz,Ghetto Kraviz,Deep House Sessions,2013,Ministry Of Sound,4837249,3:37
Julio Bashmore,Um Bongo's Revenge,Deep House Sessions,2013,Ministry Of Sound,4837249,2:35
Chicken Lips,He Not In (Groove Armada's Dub Reconstruction),Deep House Sessions,2013,Ministry Of Sound,4837249,4:08
Bicep,Vision Of Love,Deep House Sessions,2013,Ministry Of Sound,4837249,3:29
Liam Bailey,When Will They Learn (Chase & Status Remix),Deep House Sessions,2013,Ministry Of Sound,4837249,3:01
Art Department (2),Without You,Deep House Sessions,2013,Ministry Of Sound,4837249,2:19
"Jamie Jones (2), Luca C",Tonight In Tokyo (Breach Remix),Deep House Sessions,2013,Ministry Of Sound,4837249,4:20
Phoenix,Entertainment (Hot Natured Remix),Deep House Sessions,2013,Ministry Of Sound,4837249,4:04
Flight Facilities,I Didn't Believe (Tiger & Woods Remix),Deep House Sessions,2013,Ministry Of Sound,4837249,3:46
"Hot Natured, Anabel Englund",Reverse Skydiving,Deep House Sessions,2013,Ministry Of Sound,4837249,5:26
Infinity Ink,Infinity (Radio Edit),Deep House Sessions,2013,Ministry Of Sound,4837249,3:25
FCL,It's You (MK Remix),Deep House Sessions,2013,Ministry Of Sound,4837249,3:40
Rufus,Take Me (Cassian Remix),Deep House Sessions,2013,Ministry Of Sound,4837249,4:54
Youan,Your Trust,Deep House Sessions,2013,Ministry Of Sound,4837249,3:06
Movement (19),Feel Real (Shadow Child Remix),Deep House Sessions,2013,Ministry Of Sound,4837249,4:54
"Todd Edwards, The Messenger",Main Vibe,Deep House Sessions,2013,Ministry Of Sound,4837249,4:35
Kings Of Tomorrow,Let Me Tell You Something (Sandy Rivera Remix),Deep House Sessions,2013,Ministry Of Sound,4837249,3:41
"Catz N' Dogz, KiNK",Good Love,Deep House Sessions,2013,Ministry Of Sound,4837249,3:09
Favored Nations,Blame Game (Psychemagik Remix),Deep House Sessions,2013,Ministry Of Sound,4837249,4:36
Sono,Keep Control (H.O.S.H Remix),Deep House Sessions,2013,Ministry Of Sound,4837249,3:41
Touch Sensitive (2),Pizza Guy (Lauer Remix),Deep House Sessions,2013,Ministry Of Sound,4837249,3:12
Nora En Pure,Come With Me,Deep House Sessions,2013,Ministry Of Sound,4837249,5:02
"Eric Prydz, Steve Angello",Woz Not Woz (Dub Mix),Inspired,2014,Ministry Of Sound,5697984,2:30
Chicken Lips,He Not In,Inspired,2014,Ministry Of Sound,5697984,5:00
Les Rythmes Digitales,Jacques Your Body (Club Mix),Inspired,2014,Ministry Of Sound,5697984,4:45
Freeform Five,Perspex Sex (Ewan Pearson's Hi-NRG Remix),Inspired,2014,Ministry Of Sound,5697984,5:00
Radioclit,Divine Gosa (Switch Remix),Inspired,2014,Ministry Of Sound,5697984,4:30
Vitalic,La Rock,Inspired,2014,Ministry Of Sound,5697984,4:20
Pryda,F.A.T.,Inspired,2014,Ministry Of Sound,5697984,4:11
Dave Spoon,At Night (Tom Staar Remix),Inspired,2014,Ministry Of Sound,5697984,2:49
Tommy Trash,Freshwater (Exclusive Inspired Edit),Inspired,2014,Ministry Of Sound,5697984,2:00
Cubic Zirconia,Darko (Tommy Trash Remix),Inspired,2014,Ministry Of Sound,5697984,3:58
Tommy Trash,Fuckwind,Inspired,2014,Ministry Of Sound,5697984,3:48
Dave Winnel,Achtung!,Inspired,2014,Ministry Of Sound,5697984,2:04
"The Aston Shuffle, Tommy Trash",Sunrise (Won't Get Lost) (Tommy Trash Version),Inspired,2014,Ministry Of Sound,5697984,4:53
Jeremy Olander,Let Me Feel,Inspired,2014,Ministry Of Sound,5697984,4:15
"Empire Of The Sun, Tommy Trash",Celebrate (Tommy Trash Club Mix),Inspired,2014,Ministry Of Sound,5697984,5:38
Monkey Safari,Coming Down (Hi-Life),Inspired,2014,Ministry Of Sound,5697984,5:04
"Fatboy Slim, Riva Starr, Beardyman",Eat Sleep Rave Repeat (Calvin Harris Remix Edit),Eat Sleep Rave Repeat,2014,Ministry Of Sound,12263355,
"Cash Cash (3), Bebe Rexha",Take Me Home,Eat Sleep Rave Repeat,2014,Ministry Of Sound,12263355,
Avicii,You Make Me,Eat Sleep Rave Repeat,2014,Ministry Of Sound,12263355,
Peking Duk,High (Terace Remix),Eat Sleep Rave Repeat,2014,Ministry Of Sound,12263355,
The Potbelleez,Here On Earth (Wasteland’s Outta Space Remix),Eat Sleep Rave Repeat,2014,Ministry Of Sound,12263355,
"The Jillionaire, Salvatore Ganacci, Sanjin (2)",Fresh,Eat Sleep Rave Repeat,2014,Ministry Of Sound,12263355,
"Timmy Trumpet, Savage (2)",Freaks,Eat Sleep Rave Repeat,2014,Ministry Of Sound,12263355,
Dada Life,Kick Out The Epic Mother**cker,Eat Sleep Rave Repeat,2014,Ministry Of Sound,12263355,
John Legend,All Of Me (Tiësto’s Birthday Treatment),Eat Sleep Rave Repeat,2014,Ministry Of Sound,12263355,
The Chainsmokers,#SELFIE,Eat Sleep Rave Repeat,2014,Ministry Of Sound,12263355,
What So Not,Jaguar,Eat Sleep Rave Repeat,2014,Ministry Of Sound,12263355,
Alison Wonderland (3),I Want U,Eat Sleep Rave Repeat,2014,Ministry Of Sound,12263355,
Kilter (2),They Say,Eat Sleep Rave Repeat,2014,Ministry Of Sound,12263355,
"Fresh, T.C. (2)",Make U Bounce,Eat Sleep Rave Repeat,2014,Ministry Of Sound,12263355,
"GotSome, The Get Along Gang",Bassline (A-Tonez Remix),Eat Sleep Rave Repeat,2014,Ministry Of Sound,12263355,
Friend Within,The Renegade (Special Request Remix),Eat Sleep Rave Repeat,2014,Ministry Of Sound,12263355,
Motez,Own Up (AC Slater Remix),Eat Sleep Rave Repeat,2014,Ministry Of Sound,12263355,
Anna Lunoe,Bass Drum Dealer,Eat Sleep Rave Repeat,2014,Ministry Of Sound,12263355,
Crookers,Ghetto Guetta,Eat Sleep Rave Repeat,2014,Ministry Of Sound,12263355,
Duck Sauce,NRG (Skrillex & Friends Remix),Eat Sleep Rave Repeat,2014,Ministry Of Sound,12263355,
"Faul & Wad, Pnau",Changes (Danny T Remix),Eat Sleep Rave Repeat,2014,Ministry Of Sound,12263355,
"Dimitri Vegas, Martin Garrix, Like Mike",Tremor,Eat Sleep Rave Repeat,2014,Ministry Of Sound,12263355,
Ummet Ozcan,Raise Your Hands,Eat Sleep Rave Repeat,2014,Ministry Of Sound,12263355,
"TJR (2), VINAI",Bounce Generation (Uberjak’d Remix),Eat Sleep Rave Repeat,2014,Ministry Of Sound,12263355,
Fedde Le Grand,You Got This,Eat Sleep Rave Repeat,2014,Ministry Of Sound,12263355,
"Audien (2), Matthew Koma",Serotonin,Eat Sleep Rave Repeat,2014,Ministry Of Sound,12263355,
Vicetone,Ensemble,Eat Sleep Rave Repeat,2014,Ministry Of Sound,12263355,
DubVision,Hollow,Eat Sleep Rave Repeat,2014,Ministry Of Sound,12263355,
Firebeatz,Bazooka,Eat Sleep Rave Repeat,2014,Ministry Of Sound,12263355,
Quintino,Go Hard,Eat Sleep Rave Repeat,2014,Ministry Of Sound,12263355,
Moguai,ACIIID,Eat Sleep Rave Repeat,2014,Ministry Of Sound,12263355,
Jay Hardway,Bootcamp,Eat Sleep Rave Repeat,2014,Ministry Of Sound,12263355,
"Laidback Luke, Marc Benjamin",We’re Forever,Eat Sleep Rave Repeat,2014,Ministry Of Sound,12263355,
The Presets (2),No Fun (Rüfüs Remix),House Sessions,2014,Ministry Of Sound,6332718,
Kiesza,Hideaway (Gorgon City Remix),House Sessions,2014,Ministry Of Sound,6332718,
Nadastrom,Fallen Down (Justin Martin Remix),House Sessions,2014,Ministry Of Sound,6332718,
Sam Smith (12),I’m Not The Only One (Armand Van Helden Remix),House Sessions,2014,Ministry Of Sound,6332718,
"Tube & Berger, Juliet Sikora",Come On Now (Set It Off) (POOLCLVB Remix),House Sessions,2014,Ministry Of Sound,6332718,
"Claude VonStroke, Barry Drift",CaliFuture,House Sessions,2014,Ministry Of Sound,6332718,
Danny T (4),Take Me,House Sessions,2014,Ministry Of Sound,6332718,
"Golden Features, Nicole Millar",Tell Me,House Sessions,2014,Ministry Of Sound,6332718,
Rüfüs,Desert Night (Acapella),House Sessions,2014,Ministry Of Sound,6332718,
Gerd,Work Da Tool,House Sessions,2014,Ministry Of Sound,6332718,
Ferreck Dawn,Love Too Deep,House Sessions,2014,Ministry Of Sound,6332718,
POOLCLVB,Here You're Mine,House Sessions,2014,Ministry Of Sound,6332718,
AlunaGeorge,Best Be Believing (Shadow Child Remix),House Sessions,2014,Ministry Of Sound,6332718,
"Set Mo, Joyride (8)",Forever,House Sessions,2014,Ministry Of Sound,6332718,
Vic Mensa,Down On My Luck,House Sessions,2014,Ministry Of Sound,6332718,
"Gorgon City, Laura Welsh",Here For You (Bingo Players Remix),House Sessions,2014,Ministry Of Sound,6332718,
London Grammar,Metal & Dust (Friend Within Remix),House Sessions,2014,Ministry Of Sound,6332718,
"Sacha Robotti, Look Like",Loca Lola,House Sessions,2014,Ministry Of Sound,6332718,
Will Clarke,Big Booty,House Sessions,2014,Ministry Of Sound,6332718,
Jonas Rathsman,Hope I'm Wrong,House Sessions,2014,Ministry Of Sound,6332718,
Sunshine (22),The Only One (Nicky Night Time Remix),House Sessions,2014,Ministry Of Sound,6332718,
"The Aston Shuffle, Elizabeth Rose (4)",Back & Forth (Playmode Remix),House Sessions,2014,Ministry Of Sound,6332718,
"Tourist (8), Lianne La Havas",Patterns (Redlight Remix),House Sessions,2014,Ministry Of Sound,6332718,
Go Freek,We Can Ride (Dom Dolla Remix),House Sessions,2014,Ministry Of Sound,6332718,
Classixx,Into The Valley (Julio Bashmore Remix),House Sessions,2014,Ministry Of Sound,6332718,
"Acaddamy, Billy Kenny",Into You,House Sessions,2014,Ministry Of Sound,6332718,
The Preatures,Two Tone Melody (Acaddamy Remix),House Sessions,2014,Ministry Of Sound,6332718,
Go West,We Close My Eyes,80s Mix,2015,Ministry Of Sound,6853842,3:38
Sugarhill Gang,Rappers Delight,80s Mix,2015,Ministry Of Sound,6853842,3:52
Stetsasonic,Talking All That Jazz,80s Mix,2015,Ministry Of Sound,6853842,4:37
Womack & Womack,Teardrops,80s Mix,2015,Ministry Of Sound,6853842,3:49
Colonel Abrams,Trapped,80s Mix,2015,Ministry Of Sound,6853842,4:02
"Steve ""Silk"" Hurley",Jack You Body,80s Mix,2015,Ministry Of Sound,6853842,5:03
"Kaytranada, Vic Mensa",Drive Me Crazy,FUT.UR.ISM 3.0,2015,Ministry Of Sound,7065453,
"Hermitude, Young Tapz",Through The Roof (Kilter Remix),FUT.UR.ISM 3.0,2015,Ministry Of Sound,7065453,
"Flosstradamus, TroyBoi",Soundclash,FUT.UR.ISM 3.0,2015,Ministry Of Sound,7065453,
"Rustie, Danny Brown (2)",Attak,FUT.UR.ISM 3.0,2015,Ministry Of Sound,7065453,
"Alison Wonderland (3), Wayne Coyne",U Don't Know,FUT.UR.ISM 3.0,2015,Ministry Of Sound,7065453,
Hudson Mohawke,Chimes,FUT.UR.ISM 3.0,2015,Ministry Of Sound,7065453,
"Grimes (4), Blood Diamonds",Go,FUT.UR.ISM 3.0,2015,Ministry Of Sound,7065453,
"Carmada, Maribelle (3)",On Fire,FUT.UR.ISM 3.0,2015,Ministry Of Sound,7065453,
Purity Ring,Begin Again,FUT.UR.ISM 3.0,2015,Ministry Of Sound,7065453,
Brenmar,Hula Hoop,FUT.UR.ISM 3.0,2015,Ministry Of Sound,7065453,
Tkay Maidza,Finish Them,FUT.UR.ISM 3.0,2015,Ministry Of Sound,7065453,
"Spank Rock, Amanda Blank",Assassin,FUT.UR.ISM 3.0,2015,Ministry Of Sound,7065453,
Childish Gambino,Retro [ROUGH],FUT.UR.ISM 3.0,2015,Ministry Of Sound,7065453,
Touch Sensitive (2),Teen Idols,FUT.UR.ISM 3.0,2015,Ministry Of Sound,7065453,
Jamie xx,Girl,FUT.UR.ISM 3.0,2015,Ministry Of Sound,7065453,
Slumberjack (3),Horus,FUT.UR.ISM 3.0,2015,Ministry Of Sound,7065453,
Basenji,Heirloom,FUT.UR.ISM 3.0,2015,Ministry Of Sound,7065453,
"Flamingo (18), Madeleine Hunt",Drip Away (Nick Lynar Remix),FUT.UR.ISM 3.0,2015,Ministry Of Sound,7065453,
GodWolf,Resist,FUT.UR.ISM 3.0,2015,Ministry Of Sound,7065453,
"Paces, Kučka",Nothing's Forever,FUT.UR.ISM 3.0,2015,Ministry Of Sound,7065453,
"HWLS, Noah Breakfast",004,FUT.UR.ISM 3.0,2015,Ministry Of Sound,7065453,
"Kilter (2), Ngaiire",Coward (Naderi Remix),FUT.UR.ISM 3.0,2015,Ministry Of Sound,7065453,
Knife Party,Boss Mode,FUT.UR.ISM 3.0,2015,Ministry Of Sound,7065453,
"Cosmo's Midnight, Wild Eyed Boy",Snare,FUT.UR.ISM 3.0,2015,Ministry Of Sound,7065453,
Hayden James,Something About You,FUT.UR.ISM 3.0,2015,Ministry Of Sound,7065453,
Porsches,Horses,FUT.UR.ISM 3.0,2015,Ministry Of Sound,7065453,
"TCTS, Aniff Akinola",Coup Da Ville,FUT.UR.ISM 3.0,2015,Ministry Of Sound,7065453,
Roland Tings,Pala,FUT.UR.ISM 3.0,2015,Ministry Of Sound,7065453,
Chet Faker,1998 (Reshaped By Homework),FUT.UR.ISM 3.0,2015,Ministry Of Sound,7065453,
Jack Ward (3),Yoghurt,FUT.UR.ISM 3.0,2015,Ministry Of Sound,7065453,
Sam Smith (12),Leave Your Lover (Motez Remix),FUT.UR.ISM 3.0,2015,Ministry Of Sound,7065453,
Shiba San,I Can't Remember,FUT.UR.ISM 3.0,2015,Ministry Of Sound,7065453,
Nadastrom,Falling Down (Justin Martin Remix),FUT.UR.ISM 3.0,2015,Ministry Of Sound,7065453,
Caribou,Our Love,FUT.UR.ISM 3.0,2015,Ministry Of Sound,7065453,
Acaddamy,I've Been Waiting,FUT.UR.ISM 3.0,2015,Ministry Of Sound,7065453,
"Hot Since 82, Alex Mills",Restless,FUT.UR.ISM 3.0,2015,Ministry Of Sound,7065453,
"GotSome, Wiley (2)",Vibe Out,FUT.UR.ISM 3.0,2015,Ministry Of Sound,7065453,
Will Clarke,The Goog,FUT.UR.ISM 3.0,2015,Ministry Of Sound,7065453,
"Robin Schulz, Jasmine Thompson",Sun Goes Down,The Weekender,2015,Ministry Of Sound,12170780,
Jess Glynne,Hold My Hand,The Weekender,2015,Ministry Of Sound,12170780,
Sam Feldt,Show Me Love,The Weekender,2015,Ministry Of Sound,12170780,
Sia,Elastic Heart (Wideboys Heart Club Remix),The Weekender,2015,Ministry Of Sound,12170780,
OMI (13),Cheerleader (Felix Jaehn Remix),The Weekender,2015,Ministry Of Sound,12170780,
"Groove Terminator, Wildfire (11), Freaks In Love",Feels Like It Should,The Weekender,2015,Ministry Of Sound,12170780,
"B-Right, Anna Su",East Dream (F&G Remix),The Weekender,2015,Ministry Of Sound,12170780,
"Fatboy Slim, Jerome Robins, Idris Elba",Uptown Funk,The Weekender,2015,Ministry Of Sound,12170780,
Avicii,The Days,The Weekender,2015,Ministry Of Sound,12170780,
"David Guetta, Emeli Sandé",What I Did For Love,The Weekender,2015,Ministry Of Sound,12170780,
L'Triс,This Feeling (Kryder Remix),The Weekender,2015,Ministry Of Sound,12170780,
"Fresh, Adam F",Believer,The Weekender,2015,Ministry Of Sound,12170780,
"Crookers, Jeremih",I Just Can't (Club Mix),The Weekender,2015,Ministry Of Sound,12170780,
"SNBRN, Kerli",Raindrops (SCNDL Remix),The Weekender,2015,Ministry Of Sound,12170780,
Cash Cash (3),Surrender,The Weekender,2015,Ministry Of Sound,12170780,
"Dr. Kucho! & Gregor Salto, Ane Brun",Can’t Stop Playing (Makes Me High) (Oliver Heldens Remix),The Weekender,2015,Ministry Of Sound,12170780,
Chocolate Puma,I Could Be Wrong,The Weekender,2015,Ministry Of Sound,12170780,
"Lilly Wood & The Prick, Robin Schulz",Prayer In C,The Weekender,2015,Ministry Of Sound,12170780,
Knife Party,Begin Again,The Weekender,2015,Ministry Of Sound,12170780,
Coldplay,A Sky Full Of Stars (Hardwell Remix),The Weekender,2015,Ministry Of Sound,12170780,
Ummet Ozcan,Lose Control,The Weekender,2015,Ministry Of Sound,12170780,
TJR (2),How Ya Feelin,The Weekender,2015,Ministry Of Sound,12170780,
NERO (5),The Thrill (Porter Robinson Remix),The Weekender,2015,Ministry Of Sound,12170780,
"Flosstradamus, GTA (4), Lil' Jon",Prison Riot,Turn Up Vol. 1 - Trap,2015,Ministry Of Sound,7622577,
Galantis,Runaway (You & I) (Dillon Francis Remix),Turn Up Vol. 1 - Trap,2015,Ministry Of Sound,7622577,
"Carmada, Maribelle (3)",Maybe,Turn Up Vol. 1 - Trap,2015,Ministry Of Sound,7622577,
"Grandtheft, Keys N Krates",Keep It 100,Turn Up Vol. 1 - Trap,2015,Ministry Of Sound,7622577,
O.T. Genasis,Coco (Flosstradamus Remix),Turn Up Vol. 1 - Trap,2015,Ministry Of Sound,7622577,
Spank Rock,Gully (Naderi Remix),Turn Up Vol. 1 - Trap,2015,Ministry Of Sound,7622577,
Death Ray Shake,Funk Face (O5CAR Remix),Turn Up Vol. 1 - Trap,2015,Ministry Of Sound,7622577,
"Boombox Cartel, Ian Everson",B2U,Turn Up Vol. 1 - Trap,2015,Ministry Of Sound,7622577,
Keys N Krates,Are We Faded,Turn Up Vol. 1 - Trap,2015,Ministry Of Sound,7622577,
"Sleepy Tom, Anna Lunoe",Pusher (Jesse Slayter Remix),Turn Up Vol. 1 - Trap,2015,Ministry Of Sound,7622577,
"UZ (5), Oski (3)",Chainsaw,Turn Up Vol. 1 - Trap,2015,Ministry Of Sound,7622577,
"Slumberjack (3), KLP",The Others (UZ Remix),Turn Up Vol. 1 - Trap,2015,Ministry Of Sound,7622577,
Oski (3),Spark,Turn Up Vol. 1 - Trap,2015,Ministry Of Sound,7622577,
Dada Life,Freaks Have More Fun (LOUDPVCK Remix),Turn Up Vol. 1 - Trap,2015,Ministry Of Sound,7622577,
Savage (2),Like Michael Jackson (Giddy Up Remix),Turn Up Vol. 1 - Trap,2015,Ministry Of Sound,7622577,
"Lil' Jon, DJ Snake",Turn Down For What (Radio Edit),Turn Up Vol. 1 - Trap,2015,Ministry Of Sound,7622577,
TWRK,Badinga,Turn Up Vol. 1 - Trap,2015,Ministry Of Sound,7622577,
"Diplo, Nicky Da B",Express Yourself,Turn Up Vol. 1 - Trap,2015,Ministry Of Sound,7622577,
"Major Lazer, DJ Snake, MØ",Lean On,Turn Up Vol. 1 - Trap,2015,Ministry Of Sound,7622577,
"Oski (3), Hydraulix (3)",Let's Play,Turn Up Vol. 1 - Trap,2015,Ministry Of Sound,7622577,
Hermitude,Hyperparadise (GANZ Flip),Turn Up Vol. 1 - Trap,2015,Ministry Of Sound,7622577,
Avicii,You Make Me (Diplo & Ookay Remix),Turn Up Vol. 1 - Trap,2015,Ministry Of Sound,7622577,
Gent & Jawns,Turn Up,Turn Up Vol. 1 - Trap,2015,Ministry Of Sound,7622577,
Swick,Full Court,Turn Up Vol. 1 - Trap,2015,Ministry Of Sound,7622577,
Calvin Harris,Summer (Diplo & Grandtheft Remix),Turn Up Vol. 1 - Trap,2015,Ministry Of Sound,7622577,
Baauer,Swoopin,Turn Up Vol. 1 - Trap,2015,Ministry Of Sound,7622577,
"What So Not, George Maple",Gemini,Turn Up Vol. 1 - Trap,2015,Ministry Of Sound,7622577,
"Hydraulix (3), Oski (3), Creaky Jackals",Grind,Turn Up Vol. 1 - Trap,2015,Ministry Of Sound,7622577,
"Flosstradamus, Ricky Remedy",BYB (Bounce & Break Your Back),Turn Up Vol. 1 - Trap,2015,Ministry Of Sound,7622577,
Hydraulix (3),Drop Low,Turn Up Vol. 1 - Trap,2015,Ministry Of Sound,7622577,
"Dodge & Fuski, Nick Thayer",Playboy (Barely Alive Remix),Turn Up Vol. 1 - Trap,2015,Ministry Of Sound,7622577,
"Hydraulix (3), PhaseOne (2)",Hit Rewind,Turn Up Vol. 1 - Trap,2015,Ministry Of Sound,7622577,
"Datsik, Barely Alive",The Blastaz (Diskord Remix),Turn Up Vol. 1 - Trap,2015,Ministry Of Sound,7622577,
"Apashe, Panther Matumona, Odalisk",No Twerk,Turn Up Vol. 1 - Trap,2015,Ministry Of Sound,7622577,
"RL Grime, What So Not",Tell Me (Original Mix),Turn Up Vol. 1 - Trap,2015,Ministry Of Sound,7622577,
Avicii,Waiting For You,Drive,2015,Ministry Of Sound,12144764,
"Lost Frequencies, Janieck Devy",Reality (Dave Winnel Remix),Drive,2015,Ministry Of Sound,12144764,
"Felix Jaehn, Lost Frequencies, Linying",Eagle Eyes (Lucas & Steve Remix),Drive,2015,Ministry Of Sound,12144764,
Sunset Child,Silence (Marcus Santoro Remix),Drive,2015,Ministry Of Sound,12144764,
"Alesso, Tove Lo",Heroes (Hard Rock Sofa & Skidka Remix),Drive,2015,Ministry Of Sound,12144764,
Cheat Codes,Follow You,Drive,2015,Ministry Of Sound,12144764,
"A-Trak, Jamie Lidell",We All Fall Down,Drive,2015,Ministry Of Sound,12144764,
"Nicky Night Time, Natalie Dunn",Flowers,Drive,2015,Ministry Of Sound,12144764,
"Mark Ronson, Keyone Starr",I Can't Lose (Duke Dumont Remix),Drive,2015,Ministry Of Sound,12144764,
"ODESZA, Cedric Gervais",Say My Name,Drive,2015,Ministry Of Sound,12144764,
"Zedd, Jon Bellion",Beautiful Now,Drive,2015,Ministry Of Sound,12144764,
Duke Dumont,Ocean Drive (Hayden James Remix),I Love House,2016,Ministry Of Sound,10678848,
"Martin Solveig, Sam White (11)",+1 (Blonde Remix),I Love House,2016,Ministry Of Sound,10678848,
"Diplo, Sleepy Tom",Be Right There (MK Remix),I Love House,2016,Ministry Of Sound,10678848,
Cut Snake,Echo,I Love House,2016,Ministry Of Sound,10678848,
"Thomas Jack, Nico & Vinz",Rivers,I Love House,2016,Ministry Of Sound,10678848,
"Peking Duk, Benjamin Joseph (2)",Say My Name (Jordan Burns Remix),I Love House,2016,Ministry Of Sound,10678848,
"Mike Mago, Rogerseventytwo",Meant To Be?,I Love House,2016,Ministry Of Sound,10678848,
"Clean Bandit, Jess Glynne",Real Love,I Love House,2016,Ministry Of Sound,10678848,
"Felix Jaehn, Lost Frequencies, Linying",Eagle Eyes (Joe Stone Remix),I Love House,2016,Ministry Of Sound,10678848,
"Blinkie (4), Alahna",Don't Give Up On Love,I Love House,2016,Ministry Of Sound,10678848,
"Purple Disco Machine, Boris Dlugosch",L.O.V.E.,I Love House,2016,Ministry Of Sound,10678848,
"Wankelmut, Emma Louise (3)",My Head Is A Jungle (MK Edit),I Love House,2016,Ministry Of Sound,10678848,
"Crookers, Wills (3)",Withdrawals,I Love House,2016,Ministry Of Sound,10678848,
"Michel Cleis, Klement Bonelli",Marvinello (Death Ray Shake Remix),I Love House,2016,Ministry Of Sound,10678848,
Beni Single,Another You,I Love House,2016,Ministry Of Sound,10678848,
Sonny Fodera,People Forget,I Love House,2016,Ministry Of Sound,10678848,
Disciples (5),They Don't Know,I Love House,2016,Ministry Of Sound,10678848,
"Roger Sanchez, Stealth (25)",Remember Me (Hannah Wants Remix),I Love House,2016,Ministry Of Sound,10678848,
Scales (5),Loves Got Me High,I Love House,2016,Ministry Of Sound,10678848,
Breach (2),Jack,I Love House,2016,Ministry Of Sound,10678848,
Format: B,Chunky (Riva Starr Remix),I Love House,2016,Ministry Of Sound,10678848,
Tchami,Untrue,I Love House,2016,Ministry Of Sound,10678848,
"Klangkarussell, Will Heard",Sonnenkrantz (Sun Don't Shine),I Love House,2016,Ministry Of Sound,10678848,
Sigala,Sweet Lovin' (Crookers Remix),I Love House,2016,Ministry Of Sound,10678848,
"SMTA, Aston Martinez",Never Too Much,I Love House,2016,Ministry Of Sound,10678848,
Siege (8),Crunk,I Love House,2016,Ministry Of Sound,10678848,
Acaddamy,Have It All,I Love House,2016,Ministry Of Sound,10678848,
Homeless John,Disappear (GT & Wildfire Remix),I Love House,2016,Ministry Of Sound,10678848,
"Sam Walkertone, Sam Hezekiah",If You Change Your Mind (Sunset Child Remix),I Love House,2016,Ministry Of Sound,10678848,
"Sugar Hill (3), Wasabi (4)",It's On You (Purple Disco Machine Remix),I Love House,2016,Ministry Of Sound,10678848,
"Watermät, Becky Hill, Tai Jason",All My Love,I Love House,2016,Ministry Of Sound,10678848,
"Pep & Rash, Shermanology",Sugar,I Love House,2016,Ministry Of Sound,10678848,
"KDA, Katy B, Tinie Tempah",Turn The Music Louder (Rumble) (Armand Van Helden Remix),I Love House,2016,Ministry Of Sound,10678848,
Torren Foot,"1,2 Step",I Love House,2016,Ministry Of Sound,10678848,
Monarchs (2),Love Nowhere,I Love House,2016,Ministry Of Sound,10678848,
N.W.A.,Straight Outta Compton,Rapper's Delight,2016,Ministry Of Sound,10699457,
M.O.P.,Ante Up (Robbin Hoodz Theory),Rapper's Delight,2016,Ministry Of Sound,10699457,
Notorious B.I.G.,Juicy,Rapper's Delight,2016,Ministry Of Sound,10699457,
DMX,X Gon' Give It To Ya,Rapper's Delight,2016,Ministry Of Sound,10699457,
Joe Budden,Pump It Up,Rapper's Delight,2016,Ministry Of Sound,10699457,
"Xzibit, Snoop Dogg, Dr. Dre",X,Rapper's Delight,2016,Ministry Of Sound,10699457,
Kid Cudi,Day 'N' Nite,Rapper's Delight,2016,Ministry Of Sound,10699457,
Craig Mack,Flava In Ya Ear (Remix),Rapper's Delight,2016,Ministry Of Sound,10699457,
"Blackstreet, Dr. Dre, Queen Pen",No Diggity,Rapper's Delight,2016,Ministry Of Sound,10699457,
Method Man,Bring The Pain,Rapper's Delight,2016,Ministry Of Sound,10699457,
Lords Of The Underground,Funky Child,Rapper's Delight,2016,Ministry Of Sound,10699457,
Sugarhill Gang,Rapper's Delight (4SM Mix),Rapper's Delight,2016,Ministry Of Sound,10699457,
Beastie Boys,Shake Your Rump,Rapper's Delight,2016,Ministry Of Sound,10699457,
ASAP Rocky,Goldie,Rapper's Delight,2016,Ministry Of Sound,10699457,
KRS-One,Step Into A World (Rapture's Delight),Rapper's Delight,2016,Ministry Of Sound,10699457,
"Ice Cube, Mack 10, Ms. Toi",You Can Do It,Rapper's Delight,2016,Ministry Of Sound,10699457,
"Cam'ron, Juelz Santana",Oh Boy,Rapper's Delight,2016,Ministry Of Sound,10699457,
The Pharcyde,Runnin',Rapper's Delight,2016,Ministry Of Sound,10699457,
Nelly,Hot In Herre,Rapper's Delight,2016,Ministry Of Sound,10699457,
Run-DMC,It's Like That,Rapper's Delight,2016,Ministry Of Sound,10699457,
Eric B. & Rakim,Paid In Full,Rapper's Delight,2016,Ministry Of Sound,10699457,
"Big Punisher, Fat Joe",Still Not A Player,Rapper's Delight,2016,Ministry Of Sound,10699457,
"Ja Rule, Case",Livin' It Up,Rapper's Delight,2016,Ministry Of Sound,10699457,
Nas,N.Y. State Of Mind,Rapper's Delight,2016,Ministry Of Sound,10699457,
Fat Joe,Flow Joe,Rapper's Delight,2016,Ministry Of Sound,10699457,
Common,I Used To Love H.E.R,Rapper's Delight,2016,Ministry Of Sound,10699457,
Black Eyed Peas,Joints & Jam,Rapper's Delight,2016,Ministry Of Sound,10699457,
Luniz,I Got 5 On It,Rapper's Delight,2016,Ministry Of Sound,10699457,
Terror Squad,Lean Back,Rapper's Delight,2016,Ministry Of Sound,10699457,
Missy Elliott,Get Ur Freak On,Rapper's Delight,2016,Ministry Of Sound,10699457,
N.O.R.E.,Nothin',Rapper's Delight,2016,Ministry Of Sound,10699457,
Mystikal,Shake Ya Ass,Rapper's Delight,2016,Ministry Of Sound,10699457,
Busta Rhymes,Woo Haa!! (Got You All In Check),Rapper's Delight,2016,Ministry Of Sound,10699457,
"The Game (2), 50 Cent",How We Do,Rapper's Delight,2016,Ministry Of Sound,10699457,
dead prez,Hip Hop,Rapper's Delight,2016,Ministry Of Sound,10699457,
Tha Alkaholiks,Only When I'm Drunk,Rapper's Delight,2016,Ministry Of Sound,10699457,
D12,Purple Pills,Rapper's Delight,2016,Ministry Of Sound,10699457,
"Ja Rule, Case",Livin It Up,I Love RNB,2016,Ministry Of Sound,8415987,
Justin Bieber,Sorry,I Love RNB,2016,Ministry Of Sound,8415987,
Mark Morrison,Return Of The Mack,I Love RNB,2016,Ministry Of Sound,8415987,
Monifah,Touch It,I Love RNB,2016,Ministry Of Sound,8415987,
Craig David,7 Days,I Love RNB,2016,Ministry Of Sound,8415987,
Chris Brown (4),Run It,I Love RNB,2016,Ministry Of Sound,8415987,
Ashanti,Foolish,I Love RNB,2016,Ministry Of Sound,8415987,
Alicia Keys,Fallin',I Love RNB,2016,Ministry Of Sound,8415987,
Fugees,Killing Me Softly With His Song,I Love RNB,2016,Ministry Of Sound,8415987,
R. Kelly,Ignition,I Love RNB,2016,Ministry Of Sound,8415987,
The Weeknd,The Hills,I Love RNB,2016,Ministry Of Sound,8415987,
Kelis,Milkshake,I Love RNB,2016,Ministry Of Sound,8415987,
The Chainsmokers,Roses (The Him Remix),Go Hard Or Go Home,2016,Ministry Of Sound,10732134,
Mashd N Kutcher,My Sunshine (Matt Watkins Remix),Go Hard Or Go Home,2016,Ministry Of Sound,10732134,
Don Diablo,Tonight,Go Hard Or Go Home,2016,Ministry Of Sound,10732134,
Tobtok,Fast Car,Go Hard Or Go Home,2016,Ministry Of Sound,10732134,
EDX,Missing,Go Hard Or Go Home,2016,Ministry Of Sound,10732134,
Junior J,Keep It Comin,Go Hard Or Go Home,2016,Ministry Of Sound,10732134,
"Sigala, Imani Williams, Fresh",Say You Do,Go Hard Or Go Home,2016,Ministry Of Sound,10732134,
"SNBRN, Nate Dogg",Gangsta Walk,Go Hard Or Go Home,2016,Ministry Of Sound,10732134,
"Destructo (8), Ty$, I Love Makonnen",4 Real,Go Hard Or Go Home,2016,Ministry Of Sound,10732134,
"Fresh, High Contrast, Dizzee Rascal",How Love Begins (Philip George Remix),Go Hard Or Go Home,2016,Ministry Of Sound,10732134,
Chocolate Puma,Listen To The Talk,Go Hard Or Go Home,2016,Ministry Of Sound,10732134,
Sam Feldt,Been A While,Go Hard Or Go Home,2016,Ministry Of Sound,10732134,
Sunset Child,Chew Candy,Go Hard Or Go Home,2016,Ministry Of Sound,10732134,
"Sigala, Bryn Christopher",Sweet Lovin’,Go Hard Or Go Home,2016,Ministry Of Sound,10732134,
Pep & Rash,Love The One You’re With,Go Hard Or Go Home,2016,Ministry Of Sound,10732134,
"R3hab, Ciara (2)",Get Up (KSHMR Remix),Go Hard Or Go Home,2016,Ministry Of Sound,10732134,
The Weeknd,Can’t Feel My Face (Martin Garrix Remix),Go Hard Or Go Home,2016,Ministry Of Sound,10732134,
Timmy Trumpet,Matra (Laidback Luke Edit),Go Hard Or Go Home,2016,Ministry Of Sound,10732134,
"TJR (2), Savage (2)",We Wanna Party,Go Hard Or Go Home,2016,Ministry Of Sound,10732134,
"Tujamo, Taio Cruz",Booty Bounce,Go Hard Or Go Home,2016,Ministry Of Sound,10732134,
Martin Solveig,+1 (Tujamo Remix),Go Hard Or Go Home,2016,Ministry Of Sound,10732134,
"Joel Fletcher (2), Miracle (13)",Mufasa,Go Hard Or Go Home,2016,Ministry Of Sound,10732134,
"Deorro, Uberjak'd",When The Funk Drops,Go Hard Or Go Home,2016,Ministry Of Sound,10732134,
Dr. Kucho! & Gregor Salto,Love Is My Game,Go Hard Or Go Home,2016,Ministry Of Sound,10732134,
"Showtek, Eva Shaw, Martha Wash",N2U,Go Hard Or Go Home,2016,Ministry Of Sound,10732134,
"DVBBS, Dante Leon",Angel,Go Hard Or Go Home,2016,Ministry Of Sound,10732134,
Botnek,Tremor,Go Hard Or Go Home,2016,Ministry Of Sound,10732134,
SCNDL,Meant To Be (J-Trick Remix),Go Hard Or Go Home,2016,Ministry Of Sound,10732134,
"Sash!, Olly James",Ecuador,Go Hard Or Go Home,2016,Ministry Of Sound,10732134,
"Firebeatz, Schella",Dat Disco Swindle,Go Hard Or Go Home,2016,Ministry Of Sound,10732134,
Matroda,Chronic,Go Hard Or Go Home,2016,Ministry Of Sound,10732134,
Ephwurd,Bring It Back,Go Hard Or Go Home,2016,Ministry Of Sound,10732134,
Tonite Only,We Run The Night (Club Killers Remix),Go Hard Or Go Home,2016,Ministry Of Sound,10732134,
Tommy Trash,Luv U Giv (NGHTMRE Remix),Go Hard Or Go Home,2016,Ministry Of Sound,10732134,
MEGO (3),Do It,Go Hard Or Go Home,2016,Ministry Of Sound,10732134,
"Motez, Tkay Maidza",Down Like This,Go Hard Or Go Home,2016,Ministry Of Sound,10732134,
"Michel Cleis, Klement Bonelli, Martin Wilson",Marvinello (Death Ray Shake Remix),Go Hard Or Go Home,2016,Ministry Of Sound,10732134,
"Flight Facilities, Owl Eyes (2)",Heart Attack,Go Hard Or Go Home,2016,Ministry Of Sound,10732134,
Get Real (3),Mind YoBizness,Go Hard Or Go Home,2016,Ministry Of Sound,10732134,
Set Mo,Chasing Forever (MANT Remix),Go Hard Or Go Home,2016,Ministry Of Sound,10732134,
Jeffrey Alexander (4),Prove It All Tonight,Go Hard Or Go Home,2016,Ministry Of Sound,10732134,
"Marcus Marr, Chet Faker",The Trouble With Us,Go Hard Or Go Home,2016,Ministry Of Sound,10732134,
"Kilter (2), Micah Jey",Fool For You,Go Hard Or Go Home,2016,Ministry Of Sound,10732134,
"Paces, Jess Kent",1993 (No Chill),Go Hard Or Go Home,2016,Ministry Of Sound,10732134,
Years & Years,Shine,Go Hard Or Go Home,2016,Ministry Of Sound,10732134,
"Luke Million, Jeswon",Archetype (POOLCLVB Remix),Go Hard Or Go Home,2016,Ministry Of Sound,10732134,
"Joachim Pastor, Mischa (13)",Fever,Go Hard Or Go Home,2016,Ministry Of Sound,10732134,
Running Touch,Courtesy Of,Go Hard Or Go Home,2016,Ministry Of Sound,10732134,
Campsite Dream,Lean On,Return Of The Track,2016,Ministry Of Sound,10841743,
White N3rd,Freaky With U,Return Of The Track,2016,Ministry Of Sound,10841743,
"The Potbelleez, Zoë Badwi",Horny (Ryan Riback Remix),Return Of The Track,2016,Ministry Of Sound,10841743,
"Lady Bee, Rochelle (10)",Return Of The Mack,Return Of The Track,2016,Ministry Of Sound,10841743,
Joachim Pastor,Fever,Return Of The Track,2016,Ministry Of Sound,10841743,
Sunset Child,Silence,Return Of The Track,2016,Ministry Of Sound,10841743,
Keanu Silva,Pump Up The Jam,Return Of The Track,2016,Ministry Of Sound,10841743,
"R3hab, Quintino",Freak,Return Of The Track,2016,Ministry Of Sound,10841743,
"Tainted Youth (2), Lucinda (9)",Teardrops,Return Of The Track,2016,Ministry Of Sound,10841743,
Mr. Belt & Wezol,Finally,Return Of The Track,2016,Ministry Of Sound,10841743,
Mathieu Koss,Need Your Lovin',Return Of The Track,2016,Ministry Of Sound,10841743,
"Death Ray Shake, Scribe (2), Savage (2)",Not Many (If Any),Return Of The Track,2016,Ministry Of Sound,10841743,
Jolyon Petch,U Sure Do,Return Of The Track,2016,Ministry Of Sound,10841743,
Keanu Silva,Children,Return Of The Track,2016,Ministry Of Sound,10841743,
Pep & Rash,Love The One You're With,Return Of The Track,2016,Ministry Of Sound,10841743,
"Bougenvilla, Jared Hiwat",Homeless,Return Of The Track,2016,Ministry Of Sound,10841743,
"Muzzaik, Stadiumx",So Much Love,Return Of The Track,2016,Ministry Of Sound,10841743,
"Oliver Heldens, Da Hool",MHATLP,Return Of The Track,2016,Ministry Of Sound,10841743,
Sander van Doorn,You're Not Alone,Return Of The Track,2016,Ministry Of Sound,10841743,
Bingo Players,Tom's Diner (Bingo Players 2016 Rework),Return Of The Track,2016,Ministry Of Sound,10841743,
Quintino,Devotion,Return Of The Track,2016,Ministry Of Sound,10841743,
Mike Posner (2),I Took A Pill In Ibiza (SeeB Remix Edit),I Love Summer,2016,Ministry Of Sound,12500692,
"Flume, Tove Lo",Say It,I Love Summer,2016,Ministry Of Sound,12500692,
"DJ Snake, George Maple",Talk,I Love Summer,2016,Ministry Of Sound,12500692,
"Kungs, Cookin' On 3 Burners",This Girl (Kungs Vs Cookin' On 3 Burners),I Love Summer,2016,Ministry Of Sound,12500692,
"The Magician (2), Brayton Bowman",Shy,I Love Summer,2016,Ministry Of Sound,12500692,
Offaiah,Trouble,I Love Summer,2016,Ministry Of Sound,12500692,
Armand Van Helden,Wings,I Love Summer,2016,Ministry Of Sound,12500692,
"Lost Frequencies, Sandro Cavazza",Beautiful,I Love Summer,2016,Ministry Of Sound,12500692,
"Alle Farben, Younotus",Please Tell Rosie,I Love Summer,2016,Ministry Of Sound,12500692,
"Brynny, Martian & Ordain",I Want It All,I Love Summer,2016,Ministry Of Sound,12500692,
"The Potbelleez, Zoë Badwi",Horny (Teddy Cream Remix),I Love Summer,2016,Ministry Of Sound,12500692,
Kilter (2),They Don't Know Us,I Love Summer,2016,Ministry Of Sound,12500692,
Hayden James,Just A Lover,I Love Summer,2016,Ministry Of Sound,12500692,
"Cheat Codes, Dante Klein",Let Me Hold You (Turn Me On),I Love Summer,2016,Ministry Of Sound,12500692,
Kings (5),Don't Worry 'Bout It,I Love Summer,2016,Ministry Of Sound,12500692,
Nathan Goshen,Thinking About It (Let It Go) (KVR Remix),I Love Summer,2016,Ministry Of Sound,12500692,
"Flosstradamus, 1st, Graves (9), Post Malone, Key!",Came Up,I Love Summer,2016,Ministry Of Sound,12500692,
Bob Sinclar,Save Our Soul,The Reunion 2001 - 2004,2016,Ministry Of Sound,11910233,
Angie Stone,Wish I Didn't Miss You (Pound Boys Stoneface Bootleg Remix),The Reunion 2001 - 2004,2016,Ministry Of Sound,11910233,
Afro Medusa,Pasilda,The Reunion 2001 - 2004,2016,Ministry Of Sound,11910233,
The Boogie Pimps,Somebody To Love (Moonbootica Remix),The Reunion 2001 - 2004,2016,Ministry Of Sound,11910233,
The Streets,Weak Become Heroes (Ashley Beedle's Love Bug Vocal Remix),The Reunion 2001 - 2004,2016,Ministry Of Sound,11910233,
Seelenluft,Manilia (Ewan Pearson Remix),The Reunion 2001 - 2004,2016,Ministry Of Sound,11910233,
Narcotic Thrust,Safe From Harm (Andy Morris & Stuart Crichton Remix),The Reunion 2001 - 2004,2016,Ministry Of Sound,11910233,
Felix Da Housecat,Silver Screen Shower Scene (Thin White Duke Remix),The Reunion 2001 - 2004,2016,Ministry Of Sound,11910233,
Goldfrapp,Strict Machine (Ewan Pearson Stripped Machine Remix),The Reunion 2001 - 2004,2016,Ministry Of Sound,11910233,
Sono,Keep Control,The Reunion 2001 - 2004,2016,Ministry Of Sound,11910233,
GusGus,David (Darren Emerson's Underwater Remix),The Reunion 2001 - 2004,2016,Ministry Of Sound,11910233,
Cosmos,Take Me With You,The Reunion 2001 - 2004,2016,Ministry Of Sound,11910233,
Infusion,Do To You (In '82),The Reunion 2001 - 2004,2016,Ministry Of Sound,11910233,
"A-Skillz + Krafty Kuts, T.C. Izlam",Ill Type Of Sound,The Reunion 2001 - 2004,2016,Ministry Of Sound,11910233,
A-Skillz + Krafty Kuts,Tricka Technology,The Reunion 2001 - 2004,2016,Ministry Of Sound,11910233,
War,Galaxy 2000 (Plump DJs Remix),The Reunion 2001 - 2004,2016,Ministry Of Sound,11910233,
Basement Jaxx,Where's Your Head At (Stanton Warriors Remix),The Reunion 2001 - 2004,2016,Ministry Of Sound,11910233,
"Tube & Berger, Chrissie Hynde",Straight Ahead,The Reunion 2001 - 2004,2016,Ministry Of Sound,11910233,
Fatboy Slim,Star 69 (Timo Maas Remix),The Reunion 2001 - 2004,2016,Ministry Of Sound,11910233,
Drumattic Twins,Feelin' Kinda Strange (Bass Kleph & Nick Thayer Remix),The Reunion 2001 - 2004,2016,Ministry Of Sound,11910233,
Plump DJs,Scram,The Reunion 2001 - 2004,2016,Ministry Of Sound,11910233,
Azzido Da Bass,Dooms Night (Stanton Warriors Remix),The Reunion 2001 - 2004,2016,Ministry Of Sound,11910233,
Zero,Emit / Collect (Rennie Pilgrem's Agatha Stomp Remix),The Reunion 2001 - 2004,2016,Ministry Of Sound,11910233,
Groove Terminator,Kid Dynamite (Poxymusic & Kid Kenobi Remix),The Reunion 2001 - 2004,2016,Ministry Of Sound,11910233,
"Benny Benassi, The Biz (5)",Satisfaction (Poxymusic's Old School Remix),The Reunion 2001 - 2004,2016,Ministry Of Sound,11910233,
Ferry Corsten,Rock Your Body Rock (Poxymusic & Kid Kenobi Remix),The Reunion 2001 - 2004,2016,Ministry Of Sound,11910233,
"X-Press 2, David Byrne",Lazy (Moguai Remix),The Reunion 2001 - 2004,2016,Ministry Of Sound,11910233,
Mylo,Drop The Pressure (Kid Kenobi And Pocket Remix),The Reunion 2001 - 2004,2016,Ministry Of Sound,11910233,
Wildchild,Renegade Master (Fatboy Slim Old Skool Mix),I Love 90s,2017,Ministry Of Sound,11346847,
Moloko,Sing It Back (Boris Musical Mix Edit),I Love 90s,2017,Ministry Of Sound,11346847,
Dr. Alban,Sing Hallelujah,I Love 90s,2017,Ministry Of Sound,11346847,
"Peking Duk, Elliphant",Stranger,Bangers,2017,Ministry Of Sound,11361283,
"Lost Frequencies, Axel Ehnström",All Or Nothing,Bangers,2017,Ministry Of Sound,11361283,
"Slumberjack (3), Vera Blue",Fracture,Bangers,2017,Ministry Of Sound,11361283,
"Timmy Trumpet, Qulinez",Satellites,Bangers,2017,Ministry Of Sound,11361283,
Calvin (21),Give U Up,Bangers,2017,Ministry Of Sound,11361283,
"Dillon Francis, Will Heard",Anywhere,Bangers,2017,Ministry Of Sound,11361283,
Simple Minds,Don't You (Forget About Me) (The Breakfast Club),Eighties Blockbusters,2017,Ministry Of Sound,11385726,
Yello,Oh Yeah (Ferris Bueller's Day Off),Eighties Blockbusters,2017,Ministry Of Sound,11385726,
Kenny Loggins,Footloose (Footloose),Eighties Blockbusters,2017,Ministry Of Sound,11385726,
Billy Ocean,"When The Going Gets Tough, The Tough Get Going (Jewel In The Nile)",Eighties Blockbusters,2017,Ministry Of Sound,11385726,
Tina Turner,We Don't Need Another Hero (Thunderdome) (Mad Max 3),Eighties Blockbusters,2017,Ministry Of Sound,11385726,
Starship (2),Nothing's Going To Stop Us Now (Mannequin),Eighties Blockbusters,2017,Ministry Of Sound,11385726,
New Kids On The Block,You Got It (The Right Stuff) (The Wizard),Eighties Blockbusters,2017,Ministry Of Sound,11385726,
Billy Idol,Hot In The City (BIG),Eighties Blockbusters,2017,Ministry Of Sound,11385726,
Deniece Williams,Let's Hear It For The Boy (Footloose),Eighties Blockbusters,2017,Ministry Of Sound,11385726,
Harold Faltermeyer,Axel F (Beverley Hills Cop),Eighties Blockbusters,2017,Ministry Of Sound,11385726,
DeBarge,Rhythm Of The Night (The Last Dragon),Eighties Blockbusters,2017,Ministry Of Sound,11385726,
Miami Sound Machine,Conga (Three Men And A Baby),Eighties Blockbusters,2017,Ministry Of Sound,11385726,
Frankie Goes To Hollywood,Relax (Police Academy),Eighties Blockbusters,2017,Ministry Of Sound,11385726,
Blondie,Call Me (American Gigolo),Eighties Blockbusters,2017,Ministry Of Sound,11385726,
Cyndi Lauper,The Goonies 'r' Good Enough (The Goonies),Eighties Blockbusters,2017,Ministry Of Sound,11385726,
Bonnie Tyler,Holding Out For A Hero (Footloose),Eighties Blockbusters,2017,Ministry Of Sound,11385726,
Katrina And The Waves,Walking On Sunshine (The Secret Of My Success),Eighties Blockbusters,2017,Ministry Of Sound,11385726,
Michael Sembello,Maniac (Flashdance),Eighties Blockbusters,2017,Ministry Of Sound,11385726,
"Bill Medley, Jennifer Warnes",(I've Had) The Time Of My Life (Dirty Dancing),Eighties Blockbusters,2017,Ministry Of Sound,11385726,
Pointer Sisters,I'm So Excited (Working Girl),Eighties Blockbusters,2017,Ministry Of Sound,11385726,
"Earth, Wind & Fire",Boogie Wonderland (Caddyshack),Eighties Blockbusters,2017,Ministry Of Sound,11385726,
Survivor,Eye Of The Tiger (Rocky III),Eighties Blockbusters,2017,Ministry Of Sound,11385726,
Huey Lewis & The News,The Power Of Love (Back To The Future),Eighties Blockbusters,2017,Ministry Of Sound,11385726,
Robert Palmer,Addicted To Love (Cocktail),Eighties Blockbusters,2017,Ministry Of Sound,11385726,
Robert Tepper,No Easy Way Out (Rocky IV),Eighties Blockbusters,2017,Ministry Of Sound,11385726,
Thompson Twins,In The Name Of Love (Ghostbusters),Eighties Blockbusters,2017,Ministry Of Sound,11385726,
Dolly Parton,9 To 5 (9 To 5),Eighties Blockbusters,2017,Ministry Of Sound,11385726,
The Kids From Fame,Hi-Fidelity (Fame),Eighties Blockbusters,2017,Ministry Of Sound,11385726,
Dan Hartman,I Can Dream About You (Streets On Fire),Eighties Blockbusters,2017,Ministry Of Sound,11385726,
Kenny Loggins,Danger Zone (Top Gun),Eighties Blockbusters,2017,Ministry Of Sound,11385726,
The Psychedelic Furs,Pretty In Pink (Pretty In Pink),Eighties Blockbusters,2017,Ministry Of Sound,11385726,
Bananarama,Cruel Summer (The Karate Kid),Eighties Blockbusters,2017,Ministry Of Sound,11385726,
Teena Marie,Lead Me On (Top Gun),Eighties Blockbusters,2017,Ministry Of Sound,11385726,
James Brown,I Got You (I Feel Good) (Good Morning Vietnam),Eighties Blockbusters,2017,Ministry Of Sound,11385726,
The Blow Monkeys,It Doesn't Have To Be This Way (Police Academy 4),Eighties Blockbusters,2017,Ministry Of Sound,11385726,
The Contours,Do You Love Me (Dirty Dancing),Eighties Blockbusters,2017,Ministry Of Sound,11385726,
Luther Vandross,She's So Good To Me (The Goonies),Eighties Blockbusters,2017,Ministry Of Sound,11385726,
The Righteous Brothers,You've Lost That Lovin' Feelin' (Top Gun),Eighties Blockbusters,2017,Ministry Of Sound,11385726,
"Joe Cocker, Jennifer Warnes",Up Where We Belong (An Officer And A Gentleman),Eighties Blockbusters,2017,Ministry Of Sound,11385726,
Justice (3),D.A.N.C.E.,The Biggest Dance Hits Of All Time,2017,Ministry Of Sound,11399645,
Azzido Da Bass,Doom's Night (Timo Maas Remix),The Biggest Dance Hits Of All Time,2017,Ministry Of Sound,11399645,
Eurythmics,Sweet Dreams (Are Made Of This) (Steve Angello Remix),The Biggest Dance Hits Of All Time,2017,Ministry Of Sound,11399645,
Empire Of The Sun,Walking On A Dream (Sam La More Remix),The Reunion 2005 X 2008,2017,Ministry Of Sound,10742012,
Tonite Only,This Is Where The Party's At,The Reunion 2005 X 2008,2017,Ministry Of Sound,10742012,
Sarah McLeod,He Doesn't Love You (Hook N Sling Remix),The Reunion 2005 X 2008,2017,Ministry Of Sound,10742012,
Jürgen Paape,Take That,The Reunion 2005 X 2008,2017,Ministry Of Sound,10742012,
Jean Élan,Where's Your Head At (Klaas Remix),The Reunion 2005 X 2008,2017,Ministry Of Sound,10742012,
Midnight Juggernauts,Shadows,The Reunion 2005 X 2008,2017,Ministry Of Sound,10742012,
K.I.M (3),Wet 'N' Wild,The Reunion 2005 X 2008,2017,Ministry Of Sound,10742012,
Cut Copy,Lights & Music,The Reunion 2005 X 2008,2017,Ministry Of Sound,10742012,
Boys Noize,Oh (A-Trak Remix),The Reunion 2005 X 2008,2017,Ministry Of Sound,10742012,
The Presets (2),My People,The Reunion 2005 X 2008,2017,Ministry Of Sound,10742012,
The Aston Shuffle,For Everyone,The Reunion 2005 X 2008,2017,Ministry Of Sound,10742012,
"A-Trak, Laidback Luke",Shake It Down,The Reunion 2005 X 2008,2017,Ministry Of Sound,10742012,
The Chemical Brothers,Salmon Dance (Crookers Remix),The Reunion 2005 X 2008,2017,Ministry Of Sound,10742012,
MGMT,Kids (Soulwax Remix),The Reunion 2005 X 2008,2017,Ministry Of Sound,10742012,
Wolfmother,Woman (MSTRKRFT Remix),The Reunion 2005 X 2008,2017,Ministry Of Sound,10742012,
Cheryl Lynn,Encore,80s Soul Jams,2018,Ministry Of Sound,12772163,
Mac Band Featuring The McCampbell Brothers,Roses Are Red,80s Soul Jams,2018,Ministry Of Sound,12772163,
Shalamar,A Night To Remember,80s Soul Jams,2018,Ministry Of Sound,12772163,
"Earth, Wind & Fire",Let's Groove,80s Soul Jams,2018,Ministry Of Sound,12772163,
Aretha Franklin,Who's Zoomin' Who?,80s Soul Jams,2018,Ministry Of Sound,12772163,
Booker Newberry III,Love Town,80s Soul Jams,2018,Ministry Of Sound,12772163,
Mary Jane Girls,All Night Long,80s Soul Jams,2018,Ministry Of Sound,12772163,
Fat Larry's Band,Act Like You Know,80s Soul Jams,2018,Ministry Of Sound,12772163,
The Jets,Crush On You,80s Soul Jams,2018,Ministry Of Sound,12772163,
David Joseph,You Can't Hide (Your Love From Me),80s Soul Jams,2018,Ministry Of Sound,12772163,
Imagination,Body Talk,80s Soul Jams,2018,Ministry Of Sound,12772163,
Chaka Khan,Ain't Nobody,80s Soul Jams,2018,Ministry Of Sound,12772163,
Teena Marie,Behind The Groove,80s Soul Jams,2018,Ministry Of Sound,12772163,
Loose Ends,Hangin' On A String,80s Soul Jams,2018,Ministry Of Sound,12772163,
Evelyn King,I'm In Love,80s Soul Jams,2018,Ministry Of Sound,12772163,
The Whispers,It's A Love Thing,80s Soul Jams,2018,Ministry Of Sound,12772163,
Grace Jones,Pull Up To The Bumper,80s Soul Jams,2018,Ministry Of Sound,12772163,
Tom Browne,Funkin' For Jamaica,80s Soul Jams,2018,Ministry Of Sound,12772163,
Indeep,Last Night A D.J. Saved My Life,80s Soul Jams,2018,Ministry Of Sound,12772163,
Freeez,Southern Freeez,80s Soul Jams,2018,Ministry Of Sound,12772163,
Yarbrough & Peoples,Don't Stop The Music,80s Soul Jams,2018,Ministry Of Sound,12772163,
Haywoode,Roses,80s Soul Jams,2018,Ministry Of Sound,12772163,
"Vicky ""D""",This Beat Is Mine,80s Soul Jams,2018,Ministry Of Sound,12772163,
Cameo,Candy,80s Soul Jams,2018,Ministry Of Sound,12772163,
Michael Jackson,Human Nature,80s Soul Jams,2018,Ministry Of Sound,12772163,
Luther Vandross,Never Too Much,80s Soul Jams,2018,Ministry Of Sound,12772163,
Marvin Gaye,Sexual Healing,80s Soul Jams,2018,Ministry Of Sound,12772163,
Sade,Smooth Operator,80s Soul Jams,2018,Ministry Of Sound,12772163,
"Dennis Edwards, Siedah Garrett",Don't Look Any Further,80s Soul Jams,2018,Ministry Of Sound,12772163,
The Gap Band,Outstanding,80s Soul Jams,2018,Ministry Of Sound,12772163,
Change,The Glow Of Love,80s Soul Jams,2018,Ministry Of Sound,12772163,
Atlantic Starr,Always,80s Soul Jams,2018,Ministry Of Sound,12772163,
Oran 'Juice' Jones,The Rain,80s Soul Jams,2018,Ministry Of Sound,12772163,
The Jones Girls,Nights Over Egypt,80s Soul Jams,2018,Ministry Of Sound,12772163,
Juicy,Sugar Free,80s Soul Jams,2018,Ministry Of Sound,12772163,
Keni Burke,Risin' To The Top,80s Soul Jams,2018,Ministry Of Sound,12772163,
Zapp,Computer Love,80s Soul Jams,2018,Ministry Of Sound,12772163,
The Isley Brothers,Between The Sheets,80s Soul Jams,2018,Ministry Of Sound,12772163,
Gregory Abbott,Shake You Down,80s Soul Jams,2018,Ministry Of Sound,12772163,
Slave,Just A Touch Of Love,80s Soul Jams,2018,Ministry Of Sound,12772163,
Breakwater,Say You Love Me Girl,80s Soul Jams,2018,Ministry Of Sound,12772163,
"CJ Bolland, Jade 4U",Sugar Is Sweeter (Armand's Drum 'N' Bass Mix),30 Years: Three Decades Of Dance,2021,Ministry Of Sound,20595685,5:31
De'Lacy,Hideaway (Deep Dish Edit),30 Years: Three Decades Of Dance,2021,Ministry Of Sound,20595685,3:22
"Mike Dunn, The MD X-Spress",God Made Me Phunky,30 Years: Three Decades Of Dance,2021,Ministry Of Sound,20595685,3:38
Eddie Amador,House Music (Message Mix Edit),30 Years: Three Decades Of Dance,2021,Ministry Of Sound,20595685,3:57
Tina Moore,Never Gonna Let You Go (Kelly G Bump-N-Go Vocal Mix),30 Years: Three Decades Of Dance,2021,Ministry Of Sound,20595685,4:13
Nightcrawlers,PushThe Feeling On (MK Dub Revisited Edit),30 Years: Three Decades Of Dance,2021,Ministry Of Sound,20595685,4:03
"David Morales, The Face (3), Juliet Rogers",Needin' U (I Needed U) (Original Mistake Radio Edit),30 Years: Three Decades Of Dance,2021,Ministry Of Sound,20595685,3:15
Mighty Dub Katz,Magic Carpet Ride 07',30 Years: Three Decades Of Dance,2021,Ministry Of Sound,20595685,3:13
Gusto,Disco's Revenge (Mole Hole Edit),30 Years: Three Decades Of Dance,2021,Ministry Of Sound,20595685,3:38
Groove Armada,"Superstylin' (GA 7"" Remix)",30 Years: Three Decades Of Dance,2021,Ministry Of Sound,20595685,3:45
"M&S, The Girl Next Door",Salsoul Nugget (If U Wanna),30 Years: Three Decades Of Dance,2021,Ministry Of Sound,20595685,3:22
Lonyo,Summer Of Love,30 Years: Three Decades Of Dance,2021,Ministry Of Sound,20595685,3:48
Indo,R U Sleeping (Bump N Flex Mix),30 Years: Three Decades Of Dance,2021,Ministry Of Sound,20595685,4:10
Artful Dodger,Re-Rewind,30 Years: Three Decades Of Dance,2021,Ministry Of Sound,20595685,4:03
"Fish Go Deep, Tracey Kelliher",The Cure And The Cause,30 Years: Three Decades Of Dance,2021,Ministry Of Sound,20595685,2:30
Ninetoes,Finder,30 Years: Three Decades Of Dance,2021,Ministry Of Sound,20595685,3:26
"Paul Woolford, Diplo, Kareen Lomax",Looking For Me,30 Years: Three Decades Of Dance,2021,Ministry Of Sound,20595685,3:26
"Riton, Kah-Lo",Rinse + Repeat,30 Years: Three Decades Of Dance,2021,Ministry Of Sound,20595685,2:27
"Solardo, Eli Brown (4)",XTC,30 Years: Three Decades Of Dance,2021,Ministry Of Sound,20595685,2:34
Maceo Plex,When The Lights Are Out (Garage Mix),30 Years: Three Decades Of Dance,2021,Ministry Of Sound,20595685,4:43
Kieran Hebden,Only Human,30 Years: Three Decades Of Dance,2021,Ministry Of Sound,20595685,3:16
Peggy Gou,Starry Night,30 Years: Three Decades Of Dance,2021,Ministry Of Sound,20595685,3:50
Bicep,Glue,30 Years: Three Decades Of Dance,2021,Ministry Of Sound,20595685,4:30
"Taragana Pyjarama, Kicki Halmos",Growing Forehead (Sasha Involv3r Remix),Invol<3r,2013,Ministry Of Sound,4394322,7:35
"ThermalBear, Arrows Down",Turn The Tide (Sasha Involv3r Remix),Invol<3r,2013,Ministry Of Sound,4394322,4:09
Little Dragon,Crystalfilm (Sasha Involv3r Remix),Invol<3r,2013,Ministry Of Sound,4394322,5:32
The xx,Chained (Sasha Involv3r Remix),Invol<3r,2013,Ministry Of Sound,4394322,6:42
"Benjamin Damage & Doc Daneeka, Abigail Wyles",Battleships (Sasha Involv3r Remix),Invol<3r,2013,Ministry Of Sound,4394322,6:58
Ultraísta,Smalltalk (Sasha Involv3r Remix),Invol<3r,2013,Ministry Of Sound,4394322,6:49
The Ananda Project,Moment Before Dreaming (Sasha Involv3r Remix),Invol<3r,2013,Ministry Of Sound,4394322,6:54
James Zabiela,The Healing (Sasha Involv3r Remix),Invol<3r,2013,Ministry Of Sound,4394322,7:13
Blondes (2),Wine (Sasha Involv3r Remix),Invol<3r,2013,Ministry Of Sound,4394322,5:30
Keep Shelly In Athens,DIY (Sasha Involv3r Remix),Invol<3r,2013,Ministry Of Sound,4394322,5:33
"Sasha, Kicki Halmos",Shoot You Down,Invol<3r,2013,Ministry Of Sound,4394322,5:52
Foals,Late Night (Sasha Involv3r Remix),Invol<3r,2013,Ministry Of Sound,4394322,10:08
"Taragana Pyjarama, Kicki Halmos",Growing Forehead (Sasha Beatless Mix),Invol<3r,2013,Ministry Of Sound,4394322,3:45
"ThermalBear, Arrows Down",Turn The Tide (Sasha Beatless Mix),Invol<3r,2013,Ministry Of Sound,4394322,5:09
Little Dragon,Crystalfilm (Sasha Beatless Mix),Invol<3r,2013,Ministry Of Sound,4394322,6:42
The xx,Chained (Sasha Beatless Mix),Invol<3r,2013,Ministry Of Sound,4394322,7:44
"Benjamin Damage & Doc Daneeka, Abigail Wyles",Battleships (Sasha Beatless Mix),Invol<3r,2013,Ministry Of Sound,4394322,8:15
Ultraísta,Smalltalk (Sasha Beatless Mix),Invol<3r,2013,Ministry Of Sound,4394322,8:07
The Ananda Project,Moment Before Dreaming (Sasha Beatless Mix),Invol<3r,2013,Ministry Of Sound,4394322,8:12
Rita Ora,How We Do (Party),The Mix: Non-Stop Party Hits,2013,Ministry Of Sound,4546377,
"DJ Zinc, Sasha Keable",Only For Tonight,The Mix: Non-Stop Party Hits,2013,Ministry Of Sound,4546377,
"Artful Dodger, Lifford",Please Don't Turn Me On (Disclosure Mix),The Mix: Non-Stop Party Hits,2013,Ministry Of Sound,4546377,
"Gorgon City, Yasmin (3)",Be Real,The Mix: Non-Stop Party Hits,2013,Ministry Of Sound,4546377,
Syron,Here,The Mix: Non-Stop Party Hits,2013,Ministry Of Sound,4546377,
"Wretch 32, Shakka",Blackout (Bill & Will Remix),The Mix: Non-Stop Party Hits,2013,Ministry Of Sound,4546377,
"Wiley (2), Chip (9)",Reload,The Mix: Non-Stop Party Hits,2013,Ministry Of Sound,4546377,
Usher,Scream,The Mix: Non-Stop Party Hits,2013,Ministry Of Sound,4546377,
Ne-Yo,Let Me Love You,The Mix: Non-Stop Party Hits,2013,Ministry Of Sound,4546377,
Rizzle Kicks,Mama Do The Hump,The Mix: Non-Stop Party Hits,2013,Ministry Of Sound,4546377,
"Taio Cruz, Ludacris",Break Your Heart,The Mix: Non-Stop Party Hits,2013,Ministry Of Sound,4546377,
Scrufizzer,Rap Rave,The Mix: Non-Stop Party Hits,2013,Ministry Of Sound,4546377,
Power Trip (5),Harlem Shake (Power Mix),The Mix: Non-Stop Party Hits,2013,Ministry Of Sound,4546377,
Flo Rida,Whistle,The Mix: Non-Stop Party Hits,2013,Ministry Of Sound,4546377,
Black Eyed Peas,I Gotta Feeling,The Mix: Non-Stop Party Hits,2013,Ministry Of Sound,4546377,
Jessie J,Domino,The Mix: Non-Stop Party Hits,2013,Ministry Of Sound,4546377,
Nicole Scherzinger,Don't Hold Your Breath,The Mix: Non-Stop Party Hits,2013,Ministry Of Sound,4546377,
Kesha,We R Who We R,The Mix: Non-Stop Party Hits,2013,Ministry Of Sound,4546377,
Cheryl Cole,Call My Name,The Mix: Non-Stop Party Hits,2013,Ministry Of Sound,4546377,
Psy (7),Gangnam Style (강남스타일),The Mix: Non-Stop Party Hits,2013,Ministry Of Sound,4546377,
"Wiley (2), Ms D",Heatwave,The Mix: Non-Stop Party Hits,2013,Ministry Of Sound,4546377,
Cee-Lo,Forget You,The Mix: Non-Stop Party Hits,2013,Ministry Of Sound,4546377,
Madcon,Beggin,The Mix: Non-Stop Party Hits,2013,Ministry Of Sound,4546377,
Bruno Mars,Grenade,The Mix: Non-Stop Party Hits,2013,Ministry Of Sound,4546377,
Kelly Rowland,Work,The Mix: Non-Stop Party Hits,2013,Ministry Of Sound,4546377,
Gabrielle,Dreams,90s Groove Volume II,2013,Ministry Of Sound,4708604,
The Brand New Heavies,Dream On Dreamer,90s Groove Volume II,2013,Ministry Of Sound,4708604,
M People,Moving On Up,90s Groove Volume II,2013,Ministry Of Sound,4708604,
Jamiroquai,Cosmic Girl,90s Groove Volume II,2013,Ministry Of Sound,4708604,
Dina Carroll,Ain't No Man,90s Groove Volume II,2013,Ministry Of Sound,4708604,
Des'ree,Life,90s Groove Volume II,2013,Ministry Of Sound,4708604,
Ace Of Base,All That She Wants,90s Groove Volume II,2013,Ministry Of Sound,4708604,
Inner Circle,Sweat (A La La La La Long),90s Groove Volume II,2013,Ministry Of Sound,4708604,
CJ Lewis,Sweets For My Sweet,90s Groove Volume II,2013,Ministry Of Sound,4708604,
"Chaka Demus & Pliers, Jack Radics, The Taxi Gang",Twist And Shout,90s Groove Volume II,2013,Ministry Of Sound,4708604,
Apache Indian,Boom Shack-A-Lak,90s Groove Volume II,2013,Ministry Of Sound,4708604,
Love City Groove,Love City Groove,90s Groove Volume II,2013,Ministry Of Sound,4708604,
Lutricia McNeal,Ain't That Just The Way,90s Groove Volume II,2013,Ministry Of Sound,4708604,
All Saints,Never Ever,90s Groove Volume II,2013,Ministry Of Sound,4708604,
"Youssou N'Dour, Neneh Cherry",7 Seconds,90s Groove Volume II,2013,Ministry Of Sound,4708604,
Omar,"There's Nothing Like This (7"" Edit)",90s Groove Volume II,2013,Ministry Of Sound,4708604,
The Family Stand,Ghetto Heaven (Soul II Soul Remix),90s Groove Volume II,2013,Ministry Of Sound,4708604,
Jay-Z,Wishing On A Star,90s Groove Volume II,2013,Ministry Of Sound,4708604,
Salt 'N' Pepa,Let's Talk About Sex,90s Groove Volume II,2013,Ministry Of Sound,4708604,
Donell Jones,Shorty (Got Her Eyes On Me),90s Groove Volume II,2013,Ministry Of Sound,4708604,
"C + C Music Factory, Freedom Williams",Gonna Make You Sweat,90s Groove Volume II,2013,Ministry Of Sound,4708604,
Toni Braxton,Unbreak My Heart (Frankie Knuckles Classic Radio Mix),90s Groove Volume II,2013,Ministry Of Sound,4708604,
Degrees Of Motion,Do You Want It Right Now,90s Groove Volume II,2013,Ministry Of Sound,4708604,
Céline Dion,Misled (MK Radio Remix Edit),90s Groove Volume II,2013,Ministry Of Sound,4708604,
Karen Ramirez,Looking For Love,90s Groove Volume II,2013,Ministry Of Sound,4708604,
"Benny Benassi, The Biz (5)",Satisfaction (Dada Life Remix),Superstar DJs,2013,Ministry Of Sound,4746653,5:25
"DJ Chuckie, LMFAO",Let The Bass Kick In Miami Gurl,Superstar DJs,2013,Ministry Of Sound,4746653,3:41
"Drumsound & Simon ""Bassline"" Smith, Fleur (6)",One In A Million,Superstar DJs,2013,Ministry Of Sound,4746653,3:18
"Danny Byrd, Roni Size",Grit,Superstar DJs,2013,Ministry Of Sound,4746653,4:05
"Riva Starr, Fatboy Slim, Beardyman",Get Naked (Carl Cox & Jon Rundell Remix),Superstar DJs,2013,Ministry Of Sound,4746653,4:31
The Dirty Feel,Get Down,Jaguar Skills & His Amazing Friends Vol 2,2013,Ministry Of Sound,4733270,
"Dirtyphonics, Modestep",Los Angeles,Jaguar Skills & His Amazing Friends Vol 2,2013,Ministry Of Sound,4733270,
"Danny Byrd, Jaguar Skills",Bang!,Jaguar Skills & His Amazing Friends Vol 2,2013,Ministry Of Sound,4733270,
"DJ Friction, Skream, Scrufizzer, P Money, Riko",Kingpin (Calyx & Teebee Remix),Jaguar Skills & His Amazing Friends Vol 2,2013,Ministry Of Sound,4733270,
"DJ Yoda, M.O.P.",Scream,Jaguar Skills & His Amazing Friends Vol 2,2013,Ministry Of Sound,4733270,
Wretch 32,Pop! (Fake Blood Remix),Jaguar Skills & His Amazing Friends Vol 2,2013,Ministry Of Sound,4733270,
Bart B More,Jack,Jaguar Skills & His Amazing Friends Vol 2,2013,Ministry Of Sound,4733270,
"Mark Knight, Skin",Nothing Matters (Noisia Remix),Jaguar Skills & His Amazing Friends Vol 2,2013,Ministry Of Sound,4733270,
Large Professor,Key To The City,Jaguar Skills & His Amazing Friends Vol 2,2013,Ministry Of Sound,4733270,
Induceve,Time To Begin,Jaguar Skills & His Amazing Friends Vol 2,2013,Ministry Of Sound,4733270,
"Miguel Puente, Sishi Rosch",This Feeling,Jaguar Skills & His Amazing Friends Vol 2,2013,Ministry Of Sound,4733270,
Jaguar Skills,Hamburger,Jaguar Skills & His Amazing Friends Vol 2,2013,Ministry Of Sound,4733270,
"Lady Bee, Grace Regine",Sweet Like Chocolate,Jaguar Skills & His Amazing Friends Vol 2,2013,Ministry Of Sound,4733270,
Squarehead (5),Elegante,Jaguar Skills & His Amazing Friends Vol 2,2013,Ministry Of Sound,4733270,
Dirtyphonics,Walk In The Fire,Jaguar Skills & His Amazing Friends Vol 2,2013,Ministry Of Sound,4733270,
"Audio, Insideinfo",Vein Drain,Jaguar Skills & His Amazing Friends Vol 2,2013,Ministry Of Sound,4733270,
T.C. (2),Do You Rock VIP,Jaguar Skills & His Amazing Friends Vol 2,2013,Ministry Of Sound,4733270,
Decibel (10),Wot,Jaguar Skills & His Amazing Friends Vol 2,2013,Ministry Of Sound,4733270,
Hoi! (2),Bronx 808,Jaguar Skills & His Amazing Friends Vol 2,2013,Ministry Of Sound,4733270,
Scrufizzer,Rap Rave (Acapella),Jaguar Skills & His Amazing Friends Vol 2,2013,Ministry Of Sound,4733270,
Tracques,Click Track,Jaguar Skills & His Amazing Friends Vol 2,2013,Ministry Of Sound,4733270,
Beltek,Eric Goes To The Disco,Jaguar Skills & His Amazing Friends Vol 2,2013,Ministry Of Sound,4733270,
Mason,Bass Friend (Elektropusher Remix),Jaguar Skills & His Amazing Friends Vol 2,2013,Ministry Of Sound,4733270,
Riton,Bang Your Head,Jaguar Skills & His Amazing Friends Vol 2,2013,Ministry Of Sound,4733270,
Rene Lavice,Not Deep,Jaguar Skills & His Amazing Friends Vol 2,2013,Ministry Of Sound,4733270,
Brookes Brothers,Loveline,Jaguar Skills & His Amazing Friends Vol 2,2013,Ministry Of Sound,4733270,
Koven,More Than You (DC Breaks Remix),Jaguar Skills & His Amazing Friends Vol 2,2013,Ministry Of Sound,4733270,
"Wilkinson (4), Iman (7)",Need To Know,Jaguar Skills & His Amazing Friends Vol 2,2013,Ministry Of Sound,4733270,
The White Lamp,It's You (Ron Basejam Remix),Jaguar Skills & His Amazing Friends Vol 2,2013,Ministry Of Sound,4733270,
Breakage,The Promise,Jaguar Skills & His Amazing Friends Vol 2,2013,Ministry Of Sound,4733270,
Mampi Swift,Gangster,Jaguar Skills & His Amazing Friends Vol 2,2013,Ministry Of Sound,4733270,
Hamilton (17),Soundboy VIP,Jaguar Skills & His Amazing Friends Vol 2,2013,Ministry Of Sound,4733270,
"Danny Byrd, General Levy",Blaze The Fire (Rah!),Jaguar Skills & His Amazing Friends Vol 2,2013,Ministry Of Sound,4733270,
Sebastian (6),Embody,Jaguar Skills & His Amazing Friends Vol 2,2013,Ministry Of Sound,4733270,
"Aeroplane (4), Jamie Principle",In Her Eyes,Jaguar Skills & His Amazing Friends Vol 2,2013,Ministry Of Sound,4733270,
Michael Jackson,Don't Stop 'Til You Get Enough,70s Groove,2013,Ministry Of Sound,5219444,5:54
Kool & The Gang,Ladies Night,70s Groove,2013,Ministry Of Sound,5219444,3:29
The Jackson 5,I Want You Back,70s Groove,2013,Ministry Of Sound,5219444,2:59
Tavares,Heaven Must Be Missing An Angel,70s Groove,2013,Ministry Of Sound,5219444,3:32
The O'Jays,Love Train,70s Groove,2013,Ministry Of Sound,5219444,2:58
Barry White,"You're The First, The Last, My Everything",70s Groove,2013,Ministry Of Sound,5219444,3:33
Anita Ward,Ring My Bell,70s Groove,2013,Ministry Of Sound,5219444,3:34
Andrea True Connection,"More, More, More",70s Groove,2013,Ministry Of Sound,5219444,3:01
Van McCoy,The Hustle,70s Groove,2013,Ministry Of Sound,5219444,4:03
"MFSB, The Three Degrees",T.S.O.P. (The Sound Of Philadelphia),70s Groove,2013,Ministry Of Sound,5219444,3:43
Gladys Knight And The Pips,Baby Don't Change Your Mind,70s Groove,2013,Ministry Of Sound,5219444,3:07
Eruption (4),I Can't Stand The Rain,70s Groove,2013,Ministry Of Sound,5219444,2:39
James Brown,Get Up I Feel Like Being A Sex Machine,70s Groove,2013,Ministry Of Sound,5219444,2:52
The Isley Brothers,That Lady,70s Groove,2013,Ministry Of Sound,5219444,3:15
Roy Ayers,Love Will Bring Us Back Together Again,70s Groove,2013,Ministry Of Sound,5219444,5:54
Third World,Now That We've Found Love,70s Groove,2013,Ministry Of Sound,5219444,7:30
Sly & The Family Stone,Runnin' Away,70s Groove,2013,Ministry Of Sound,5219444,2:55
Spinners,It's A Shame,70s Groove,2013,Ministry Of Sound,5219444,3:13
Johnny Bristol,Hang On In There Baby,70s Groove,2013,Ministry Of Sound,5219444,3:21
Marvin Gaye,Let's Get It On,70s Groove,2013,Ministry Of Sound,5219444,4:54
Commodores,Easy,70s Groove,2013,Ministry Of Sound,5219444,4:15
Al Green,Let's Stay Together,70s Groove,2013,Ministry Of Sound,5219444,3:17
Bill Withers,Ain't No Sunshine,70s Groove,2013,Ministry Of Sound,5219444,2:05
Billy Paul,Me And Mrs. Jones,70s Groove,2013,Ministry Of Sound,5219444,3:34
Donna Summer,Love To Love You Baby,70s Groove,2013,Ministry Of Sound,5219444,4:57
Heatwave,Mind Blowing Decisions,70s Groove,2013,Ministry Of Sound,5219444,4:18
The Chi-Lites,Have You Seen Her,70s Groove,2013,Ministry Of Sound,5219444,5:08
Harold Melvin And The Blue Notes,If You Don't Know Me By Now,70s Groove,2013,Ministry Of Sound,5219444,3:26
Chairmen Of The Board,Give Me Just A Little More Time,70s Groove,2013,Ministry Of Sound,5219444,2:41
Freda Payne,Band Of Gold,70s Groove,2013,Ministry Of Sound,5219444,2:55
The Trammps,Hold Back The Night,70s Groove,2013,Ministry Of Sound,5219444,3:45
The Drifters,You're More Than A Number In My Little Red Book,70s Groove,2013,Ministry Of Sound,5219444,3:16
The Three Degrees,When Will I See You Again,70s Groove,2013,Ministry Of Sound,5219444,3:01
Evelyn King,I Don't Know If It's Right,70s Groove,2013,Ministry Of Sound,5219444,3:46
"Norman Connors, Michael Henderson",You Are My Starship,70s Groove,2013,Ministry Of Sound,5219444,4:31
AlunaGeorge,Attracting Flies,Electric Summer,2013,Ministry Of Sound,5223686,
!!!,Slyd,Electric Summer,2013,Ministry Of Sound,5223686,
MGMT,Time To Pretend,Electric Summer,2013,Ministry Of Sound,5223686,
St. Lucia,All Eyes On You,Electric Summer,2013,Ministry Of Sound,5223686,
MS MR,Hurricane,Electric Summer,2013,Ministry Of Sound,5223686,
Chvrches,Recover,Electric Summer,2013,Ministry Of Sound,5223686,
Parachute Youth,Can't Get Better Than This,Electric Summer,2013,Ministry Of Sound,5223686,
The Presets (2),Promises,Electric Summer,2013,Ministry Of Sound,5223686,
Filthy Dukes,This Rhythm,Electric Summer,2013,Ministry Of Sound,5223686,
Wild Belle,Keep You,Electric Summer,2013,Ministry Of Sound,5223686,
Passion Pit,I'll Be Alright,Electric Summer,2013,Ministry Of Sound,5223686,
Ben Howard (2),Old Pine (Everything Everything Remix),Electric Summer,2013,Ministry Of Sound,5223686,
Lana Del Rey,Summertime Sadness (Toyboy & Robin Remix),Electric Summer,2013,Ministry Of Sound,5223686,
Foals,My Number (Hot Chip Remix),Electric Summer,2013,Ministry Of Sound,5223686,
The Gossip,Get A Job (Wankelmut Remix Radio Edit),Electric Summer,2013,Ministry Of Sound,5223686,
Willy Moon,Get Up (Alex Metric's WhereWereYouIn92 Remix),Electric Summer,2013,Ministry Of Sound,5223686,
Liam Bailey,When Will They Learn (Shadow Child Remix),Electric Summer,2013,Ministry Of Sound,5223686,
Born Ruffians,Needle (Young Galaxy Remix),Electric Summer,2013,Ministry Of Sound,5223686,
Foster The People,Pumped Up Kicks (Gigamesh Remix),Electric Summer,2013,Ministry Of Sound,5223686,
Knife Party,Power Glove,DJ Mag Top 100 DJs 20 Years,2013,Ministry Of Sound,5286607,
Arty (2),When I See You (Alesso Remix),DJ Mag Top 100 DJs 20 Years,2013,Ministry Of Sound,5286607,
Carl Cox,Time For House Music,DJ Mag Top 100 DJs 20 Years,2013,Ministry Of Sound,5286607,
Umek,I Need You,DJ Mag Top 100 DJs 20 Years,2013,Ministry Of Sound,5286607,
Paul Kalkbrenner,Das Gezabel,DJ Mag Top 100 DJs 20 Years,2013,Ministry Of Sound,5286607,
"Armin van Buuren, Markus Schulz",The Expedition (A State Of Trance 600 Anthem),DJ Mag Top 100 DJs 20 Years,2013,Ministry Of Sound,5286607,
"Dash Berlin, Emma Hewitt",Waiting (W&W Remix),DJ Mag Top 100 DJs 20 Years,2013,Ministry Of Sound,5286607,
"Gareth Emery, Christina Novelli",Concrete Angel (John O'Callaghan Remix),DJ Mag Top 100 DJs 20 Years,2013,Ministry Of Sound,5286607,
Ferry Corsten,F The Bull$h1t,DJ Mag Top 100 DJs 20 Years,2013,Ministry Of Sound,5286607,
"Tritonal, Super8 & Tab",Arc,DJ Mag Top 100 DJs 20 Years,2013,Ministry Of Sound,5286607,
"Bobina, Mariske Hekkenberg",Slow MMXIII,DJ Mag Top 100 DJs 20 Years,2013,Ministry Of Sound,5286607,
"Moonbeam, Leusin",Flight,DJ Mag Top 100 DJs 20 Years,2013,Ministry Of Sound,5286607,
"Giuseppe Ottaviani, Amba Shepherd",Lost For Words,DJ Mag Top 100 DJs 20 Years,2013,Ministry Of Sound,5286607,
John O'Callaghan,I'll Follow,DJ Mag Top 100 DJs 20 Years,2013,Ministry Of Sound,5286607,
Omnia (2),The Light,DJ Mag Top 100 DJs 20 Years,2013,Ministry Of Sound,5286607,
Richard Durand,Trancematic,DJ Mag Top 100 DJs 20 Years,2013,Ministry Of Sound,5286607,
Judge Jules,Phenomonology,DJ Mag Top 100 DJs 20 Years,2013,Ministry Of Sound,5286607,
W&W,Thunder,DJ Mag Top 100 DJs 20 Years,2013,Ministry Of Sound,5286607,
"Afrojack, Eva Simons",Take Over Control (Instrumental Edit),DJ Mag Top 100 DJs 20 Years,2013,Ministry Of Sound,5286607,
Richie Hawtin,Call It What You Want,DJ Mag Top 100 DJs 20 Years,2013,Ministry Of Sound,5286607,
Sven Väth,Ballet - Fusion,DJ Mag Top 100 DJs 20 Years,2013,Ministry Of Sound,5286607,
John Digweed,Gridlock,DJ Mag Top 100 DJs 20 Years,2013,Ministry Of Sound,5286607,
Paul van Dyk,Another Way (PvD Club Mix),DJ Mag Top 100 DJs 20 Years,2013,Ministry Of Sound,5286607,
Paul Oakenfold,Turn It On,DJ Mag Top 100 DJs 20 Years,2013,Ministry Of Sound,5286607,
Beatfreakz,Somebody's Watching Me (Hi_Tack Radio Edit),Decade 2000-2009,2013,Ministry Of Sound,5303910,
Bob Sinclar,"World, Hold On (Children Of The Sky)",Decade 2000-2009,2013,Ministry Of Sound,5303910,
"Solu Music, Kimblee",Fade (Grant Nelson Big Room Mix),Decade 2000-2009,2013,Ministry Of Sound,5303910,
"Bodyrox, Luciana Caporaso",Yeah Yeah (D. Ramirez Radio Edit),Decade 2000-2009,2013,Ministry Of Sound,5303910,
"Axwell, Max'C",I Found U (Remode),Decade 2000-2009,2013,Ministry Of Sound,5303910,
Utah Saints,Something Good 2008,Decade 2000-2009,2013,Ministry Of Sound,5303910,
Javeon,Lovesong,R & B Mixtape,2014,Ministry Of Sound,5684271,
"Big Sean, Lil Wayne, Jhené Aiko",Beware,R & B Mixtape,2014,Ministry Of Sound,5684271,
BANKS (7),This Is What It Feels Like,R & B Mixtape,2014,Ministry Of Sound,5684271,
Bo Saris,The Addict,R & B Mixtape,2014,Ministry Of Sound,5684271,
Bipolar Sunshine,Love More Worry Less,R & B Mixtape,2014,Ministry Of Sound,5684271,
Drake,The Motion,R & B Mixtape,2014,Ministry Of Sound,5684271,
Blood Orange (2),Time Will Tell,R & B Mixtape,2014,Ministry Of Sound,5684271,
Jacob Banks,Worthy,R & B Mixtape,2014,Ministry Of Sound,5684271,
Kwes.,Bashful,R & B Mixtape,2014,Ministry Of Sound,5684271,
Roses Gabor,Stars,R & B Mixtape,2014,Ministry Of Sound,5684271,
Kelela,Cut 4 Me,R & B Mixtape,2014,Ministry Of Sound,5684271,
Kingdom (6),Bank Head,R & B Mixtape,2014,Ministry Of Sound,5684271,
Thundercat,Heartbreaks & Setbacks,R & B Mixtape,2014,Ministry Of Sound,5684271,
"Emeli Sandé, Naughty Boy (3)",Daddy (Disclosure Remix),R & B Mixtape,2014,Ministry Of Sound,5684271,
Joe Hertz (2),At Your Touch (Drew Hill Remix),R & B Mixtape,2014,Ministry Of Sound,5684271,
"Drop Lamond, Ruby Wood",Feeling High,R & B Mixtape,2014,Ministry Of Sound,5684271,
Jamie Lidell,You Naked (Jimmy Edgar Remix),R & B Mixtape,2014,Ministry Of Sound,5684271,
T.Williams,Think Of You,R & B Mixtape,2014,Ministry Of Sound,5684271,
Kelis,Jerk Ribs (Mount Kimbie Remix),R & B Mixtape,2014,Ministry Of Sound,5684271,
Rihanna,Diamonds (Gregor Salto Radio Edit),R & B Mixtape,2014,Ministry Of Sound,5684271,
Mayer Hawthorne,Her Favorite Song (Oliver Remix),R & B Mixtape,2014,Ministry Of Sound,5684271,
"Flume, Chet Faker",Drop The Game,R & B Mixtape,2014,Ministry Of Sound,5684271,
Phunk Investigation,It Is Star Time,Inspired,2014,Ministry Of Sound,5750389,4:05
"Norman Doray, NERVO, Cookie (28)",Something To Believe In (Carl Louis & Martin Danielle Remix),Inspired,2014,Ministry Of Sound,5750389,4:23
"NERVO, Duane Harden",Sunshine Thru Rain Clouds,Inspired,2014,Ministry Of Sound,5750389,3:47
"Deorro, Zoofunktion",Hype (Autoerotique Remix),Inspired,2014,Ministry Of Sound,5750389,2:51
2 Unlimited,Get Ready (Steve Aoki Extended Remix),Inspired,2014,Ministry Of Sound,5750389,4:24
"Mark Knight, Skin",Nothing Matters,Inspired,2014,Ministry Of Sound,5750389,5:53
NERVO,Hold On (Vicetone Extended Edit),Inspired,2014,Ministry Of Sound,5750389,4:23
"NERVO, Ivan Gough, Beverley Knight",Not Taking This No More (Bass King Vs X-VERTIGO Remix),Inspired,2014,Ministry Of Sound,5750389,4:08
MERCER (4),Turn It Up (Tchami Remix),Inspired,2014,Ministry Of Sound,5750389,5:09
"NERVO, Marco Lys",Don't Break My Heart,Inspired,2014,Ministry Of Sound,5750389,6:15
Shaun Escoffery,Days Like This (Spinna & Ticklah Club Mix),Inspired,2014,Ministry Of Sound,5750389,4:19
Grabbitz,151,The Future Sound Of EDM,2014,Ministry Of Sound,5822311,3:24
Sub Focus,Turn Back Time (Bro Safari & ETC! ETC! Remix),The Future Sound Of EDM,2014,Ministry Of Sound,5822311,1:36
Krewella,Live For The Night (Pegboard Nerds Remix),The Future Sound Of EDM,2014,Ministry Of Sound,5822311,3:10
Organ Donors,Make The Girlies Wet (Breeze & Modulate Remix),The Future Sound Of EDM,2014,Ministry Of Sound,5822311,2:00
"Diplo, Imanos, Faustix, Kai (12)",Revolution (Boaz van de Beatz Remix),The Future Sound Of EDM,2014,Ministry Of Sound,5822311,3:47
Wuki,Di Air,The Future Sound Of EDM,2014,Ministry Of Sound,5822311,1:46
Bel Heir,Kiss The Devil (Just A Gent Remix),The Future Sound Of EDM,2014,Ministry Of Sound,5822311,3:49
"Bassnectar, ill.gates",Expanded,The Future Sound Of EDM,2014,Ministry Of Sound,5822311,3:16
Mat Zo,Lucid Dreams (The M Machine Remix),The Future Sound Of EDM,2014,Ministry Of Sound,5822311,3:59
Netsky,Without You,The Future Sound Of EDM,2014,Ministry Of Sound,5822311,2:54
Krewella,We Go Down (Darren Styles Remix),The Future Sound Of EDM,2014,Ministry Of Sound,5822311,3:51
"Future Bound, Insideinfo",Mermaids (Six Blade Remix),The Future Sound Of EDM,2014,Ministry Of Sound,5822311,3:21
"Energy Syndicate, Fierce DJs",Bring The Bass Back,The Future Sound Of EDM,2014,Ministry Of Sound,5822311,3:05
"Shock One (2), Reija Lee",Home,The Future Sound Of EDM,2014,Ministry Of Sound,5822311,6:26
The Prototypes,Abyss VIP,The Future Sound Of EDM,2014,Ministry Of Sound,5822311,3:16
"Metrik (2), Reija Lee",Freefall,The Future Sound Of EDM,2014,Ministry Of Sound,5822311,2:56
"Rudimental, John Newman (5), Alex Clare (2)",Not Giving In (Loadstar Remix),The Future Sound Of EDM,2014,Ministry Of Sound,5822311,3:17
Breeze & Modulate,Bang 2 Me Nasty (VIP Mix),The Future Sound Of EDM,2014,Ministry Of Sound,5822311,3:33
"Krewella, Gareth Emery",Lights & Thunder (Darren Styles Remix),The Future Sound Of EDM,2014,Ministry Of Sound,5822311,4:01
Loadstar,Second Skin,The Future Sound Of EDM,2014,Ministry Of Sound,5822311,3:38
Designer Drugs,The Drugs Are In Control,The Future Sound Of EDM,2014,Ministry Of Sound,5822311,2:14
"Vicetone, Chloe Angelides",White Lies,The Future Sound Of EDM,2014,Ministry Of Sound,5822311,3:52
Subkilla,Urban Slayer,The Future Sound Of EDM,2014,Ministry Of Sound,5822311,3:33
Kayzo (2),Tekken,The Future Sound Of EDM,2014,Ministry Of Sound,5822311,2:44
Krewella,Enjoy The Ride (Arthur Ash Remix),The Future Sound Of EDM,2014,Ministry Of Sound,5822311,3:32
"Nicky Romero, Krewella",Legacy (Vicetone Remix),The Future Sound Of EDM,2014,Ministry Of Sound,5822311,3:44
"Snails (4), Botnek",KRMT,The Future Sound Of EDM,2014,Ministry Of Sound,5822311,2:14
RIOT (23),Redeemer,The Future Sound Of EDM,2014,Ministry Of Sound,5822311,2:48
Kings Of Tomorrow,Finally (Danny Tenaglia's Return To Paradise Mix),Gotta Have House Music All Night Long,2014,Ministry Of Sound,5810137,
Maurice Joshua,This Is Acid,Gotta Have House Music All Night Long,2014,Ministry Of Sound,5810137,
XXXY,Got Me So,Gotta Have House Music All Night Long,2014,Ministry Of Sound,5810137,
Lxury,JAWS,Gotta Have House Music All Night Long,2014,Ministry Of Sound,5810137,
Chicken Lips,He Not In (Noir Personal Edit),Gotta Have House Music All Night Long,2014,Ministry Of Sound,5810137,
Celsius (11),Attrition,Gotta Have House Music All Night Long,2014,Ministry Of Sound,5810137,
Eliphino,More Than Me,Gotta Have House Music All Night Long,2014,Ministry Of Sound,5810137,
Dense & Pika,Colt,Gotta Have House Music All Night Long,2014,Ministry Of Sound,5810137,
Klangkarussell,Sonnetanz,Gotta Have House Music All Night Long,2014,Ministry Of Sound,5810137,
"Tensnake, Nile Rodgers, Fiora Cutler",Love Sublime (Duke Dumont Remix),Gotta Have House Music All Night Long,2014,Ministry Of Sound,5810137,
The Model,Game Of Domination,Gotta Have House Music All Night Long,2014,Ministry Of Sound,5810137,
FCL,It's You (San Soda Panorama Bar Acca Version),Gotta Have House Music All Night Long,2014,Ministry Of Sound,5810137,
Odessa (24),Get Right (Ossie Remix),Gotta Have House Music All Night Long,2014,Ministry Of Sound,5810137,
"Disclosure (3), Mary J. Blige",F For You,Gotta Have House Music All Night Long,2014,Ministry Of Sound,5810137,
Royal House,Can You Party,Gotta Have House Music All Night Long,2014,Ministry Of Sound,5810137,
Justin Martin,Don't Go (Dusky Remix),Gotta Have House Music All Night Long,2014,Ministry Of Sound,5810137,
Totally Enormous Extinct Dinosaurs,Your Love (Waze And Odyssey Remix),Gotta Have House Music All Night Long,2014,Ministry Of Sound,5810137,
Sly-One (2),Come To Mine (HNNY Mix),Gotta Have House Music All Night Long,2014,Ministry Of Sound,5810137,
"Route 94, Jess Glynne",My Love (Billon Remix),Gotta Have House Music All Night Long,2014,Ministry Of Sound,5810137,
"Psychemagik, Renegade",Black Noir Schwarz,Gotta Have House Music All Night Long,2014,Ministry Of Sound,5810137,
"Titan (15), Shade (3)",Careless,Gotta Have House Music All Night Long,2014,Ministry Of Sound,5810137,
"Steve ""Silk"" Hurley",Jack Your Body (Doorly Club Rub),Gotta Have House Music All Night Long,2014,Ministry Of Sound,5810137,
"Marshall Jefferson, Noosa Heads",Mushrooms (Trevino Instrumental Edit),Gotta Have House Music All Night Long,2014,Ministry Of Sound,5810137,
Turntable Orchestra,You're Gonna Miss Me,Gotta Have House Music All Night Long,2014,Ministry Of Sound,5810137,
Chasing Kurt,From The Inside (Konstantin Sibold Remix),Gotta Have House Music All Night Long,2014,Ministry Of Sound,5810137,
Soul Central,Strings Of Life (Danny Krivit Remix),Gotta Have House Music All Night Long,2014,Ministry Of Sound,5810137,
Fort Romeau,Desire,Gotta Have House Music All Night Long,2014,Ministry Of Sound,5810137,
"Chase & Status, Moko (12)",Count On Me,Gotta Have House Music All Night Long,2014,Ministry Of Sound,5810137,
Soul II Soul,Keep On Movin',90s Smooth Grooves,2014,Ministry Of Sound,6023168,3:40
Sneaker Pimps,6 Undergrounds (Nelle Hoopers Edit),90s Smooth Grooves,2014,Ministry Of Sound,6023168,3:48
Chicane,Offshore (Ambient Mix),90s Smooth Grooves,2014,Ministry Of Sound,6023168,4:08
"Us3, Rahsaan, Gerard Presencer",Cantaloop (Flip Fantasia),90s Smooth Grooves,2014,Ministry Of Sound,6023168,4:39
Maxwell,Sumthin' Sumthin',90s Smooth Grooves,2014,Ministry Of Sound,6023168,4:18
Mica Paris,I Should've Known Better,90s Smooth Grooves,2014,Ministry Of Sound,6023168,5:08
Roni Size / Reprazent,Heroes,90s Smooth Grooves,2014,Ministry Of Sound,6023168,3:56
Erykah Badu,On & On,90s Smooth Grooves,2014,Ministry Of Sound,6023168,3:46
D'Angelo,Cruisin',90s Smooth Grooves,2014,Ministry Of Sound,6023168,3:59
"Dream Warriors, Gang Starr",I've Lost My Ignorance (And I Don't Know Where To Find It) (Tim Bran Remix),90s Smooth Grooves,2014,Ministry Of Sound,6023168,4:15
Nas,One Love,90s Smooth Grooves,2014,Ministry Of Sound,6023168,5:24
Wu-Tang Clan,Can It Be All So Simple,90s Smooth Grooves,2014,Ministry Of Sound,6023168,4:21
Urban Species,Spiritual Love,90s Smooth Grooves,2014,Ministry Of Sound,6023168,5:11
Janette Sewell,Peace & Love,90s Smooth Grooves,2014,Ministry Of Sound,6023168,4:45
Corduroy,"London, England",90s Smooth Grooves,2014,Ministry Of Sound,6023168,3:23
Opaz,Don't Say Nothin',90s Smooth Grooves,2014,Ministry Of Sound,6023168,4:29
OutKast,Player's Ball,90s Smooth Grooves,2014,Ministry Of Sound,6023168,4:21
"Marc Kinchen, Alana",Always (Route 94 Mix),Superstar DJs Vol 2,2014,Ministry Of Sound,6245355,4:56
"Masters At Work, India",I Can't Get No Sleep (MK Mix),Superstar DJs Vol 2,2014,Ministry Of Sound,6245355,4:09
The Chemical Brothers,Block Rockin' Beats,Superstar DJs Vol 2,2014,Ministry Of Sound,6245355,4:50
"Chase & Status, Plan B (4)",End Credits,Superstar DJs Vol 2,2014,Ministry Of Sound,6245355,3:13
Andy C,Workout,Superstar DJs Vol 2,2014,Ministry Of Sound,6245355,3:40
Netsky,Come Alive,Superstar DJs Vol 2,2014,Ministry Of Sound,6245355,3:23
"Skream, Sam Frank",Rollercoaster (Route 94's Narcotic Mix),Superstar DJs Vol 2,2014,Ministry Of Sound,6245355,4:53
FKA Twigs,Two Weeks,The Morning After The Night Before,2014,Ministry Of Sound,6328575,
Alt-J,Hunger Of The Pine,The Morning After The Night Before,2014,Ministry Of Sound,6328575,
"Tove Lo, Hippie Sabotage",Stay High (Habits Remix),The Morning After The Night Before,2014,Ministry Of Sound,6328575,
Jessie Ware,Tough Love (Sango Remix),The Morning After The Night Before,2014,Ministry Of Sound,6328575,
BANKS (7),Drowning,The Morning After The Night Before,2014,Ministry Of Sound,6328575,
Bob Moses (5),I Ain't Gonna Be The First To Cry,The Morning After The Night Before,2014,Ministry Of Sound,6328575,
FaltyDL,Some Jazz Shit,The Morning After The Night Before,2014,Ministry Of Sound,6328575,
Bearcubs,Let Go,The Morning After The Night Before,2014,Ministry Of Sound,6328575,
Bonobo,Duals,The Morning After The Night Before,2014,Ministry Of Sound,6328575,
"Wilkinson (4), Detour City",Too Closer (Catching Flies Remix),The Morning After The Night Before,2014,Ministry Of Sound,6328575,
"Bop (5), Synkro (2)",Blurred Memories,The Morning After The Night Before,2014,Ministry Of Sound,6328575,
Karma Kid,Between Sheets,The Morning After The Night Before,2014,Ministry Of Sound,6328575,
"Odesza, Shy Girls",All We Need,The Morning After The Night Before,2014,Ministry Of Sound,6328575,
"Trentemøller, Marie Fisker",Candy Tongue,The Morning After The Night Before,2014,Ministry Of Sound,6328575,
"Röyksopp, Robyn",Inside The Idle Hour Club,The Morning After The Night Before,2014,Ministry Of Sound,6328575,
Kelis,Friday Fish Fry (Maribou State & Pedestrian Remix),The Morning After The Night Before,2014,Ministry Of Sound,6328575,
Jon Hopkins,Abandon Window,The Morning After The Night Before,2014,Ministry Of Sound,6328575,
Jamie XX,All Under One Roof Raving,The Morning After The Night Before,2014,Ministry Of Sound,6328575,
The Acid,Basic Instinct,The Morning After The Night Before,2014,Ministry Of Sound,6328575,
"Moby, Damien Jurado",Almost Home,The Morning After The Night Before,2014,Ministry Of Sound,6328575,
Axel Boman,Hello,The Morning After The Night Before,2014,Ministry Of Sound,6328575,
Clubfeet,Cape Town (Panama Remix),The Morning After The Night Before,2014,Ministry Of Sound,6328575,
Motor City Drum Ensemble,Raw Cuts (Recloose Remix),The Morning After The Night Before,2014,Ministry Of Sound,6328575,
Parra for Cuva,Swept Away (Robin Schulz Remix),The Morning After The Night Before,2014,Ministry Of Sound,6328575,
Moderat,Bad Kingdom (Robags 4/4 Edit Mit Xomlopp RMX Schwanz-014),The Morning After The Night Before,2014,Ministry Of Sound,6328575,
"Paul Valentin (2), Veroníque Vaka",Aurore (Jonas Kimmelmann's Surea Remix),The Morning After The Night Before,2014,Ministry Of Sound,6328575,
Dauwd,Lydia,The Morning After The Night Before,2014,Ministry Of Sound,6328575,
PANG!,Lion,The Morning After The Night Before,2014,Ministry Of Sound,6328575,
To Rococo Rot,Miles An Hour,The Morning After The Night Before,2014,Ministry Of Sound,6328575,
Idyll (2),Paradisal (A_ldric Remix),The Morning After The Night Before,2014,Ministry Of Sound,6328575,
John Talabot,Without You (DJ-Kicks),The Morning After The Night Before,2014,Ministry Of Sound,6328575,
Jim-E Stack,Reassuring,The Morning After The Night Before,2014,Ministry Of Sound,6328575,
"Kygo, Kyla La Grange",Cut Your Teeth,The Morning After The Night Before,2014,Ministry Of Sound,6328575,
Jagwar Ma,Come Save Me (Matthew Dear Remix),The Morning After The Night Before,2014,Ministry Of Sound,6328575,
Christian Prommer,Aturo,The Morning After The Night Before,2014,Ministry Of Sound,6328575,
"Dimitri Vegas & Like Mike, Martin Garrix",Tremor (Sensation 2014 Anthem / Original Mix),DJ Mag Top 100 DJs 2014,2014,Ministry Of Sound,6408284,
"DVBBS, Borgeous",Tsunami (Blasterjaxx Remix),DJ Mag Top 100 DJs 2014,2014,Ministry Of Sound,6408284,
John Christian (5),Next Level (Nicky Romero Edit),DJ Mag Top 100 DJs 2014,2014,Ministry Of Sound,6408284,
"Sick Individuals, Axwell, Taylr Renee",I Am,DJ Mag Top 100 DJs 2014,2014,Ministry Of Sound,6408284,
"Dyro, Dannic",Radical,DJ Mag Top 100 DJs 2014,2014,Ministry Of Sound,6408284,
"Dimitri Vangelis & Wyman, Steve Angello",Payback,DJ Mag Top 100 DJs 2014,2014,Ministry Of Sound,6408284,
"NERVO, Duane Harden",Sunshine Through Rain Clouds,DJ Mag Top 100 DJs 2014,2014,Ministry Of Sound,6408284,
Dada Life,This Machine Kills Ravers,DJ Mag Top 100 DJs 2014,2014,Ministry Of Sound,6408284,
"GLOWINTHEDARK, DJ Chuckie",NRG,DJ Mag Top 100 DJs 2014,2014,Ministry Of Sound,6408284,
Fedde Le Grand,Twisted,DJ Mag Top 100 DJs 2014,2014,Ministry Of Sound,6408284,
"Armin van Buuren, Andrew Rayel",EIFORYA,DJ Mag Top 100 DJs 2014,2014,Ministry Of Sound,6408284,
"Dash Berlin, Christon Rigby",Underneath The Sky,DJ Mag Top 100 DJs 2014,2014,Ministry Of Sound,6408284,
"Above & Beyond, Zoë Johnston, Arty (2)",You Got To Believe,DJ Mag Top 100 DJs 2014,2014,Ministry Of Sound,6408284,
"Krewella, Gareth Emery",Lights & Thunder,DJ Mag Top 100 DJs 2014,2014,Ministry Of Sound,6408284,
Ferry Corsten,Festival Crash,DJ Mag Top 100 DJs 2014,2014,Ministry Of Sound,6408284,
"Christian Burns, Paul van Dyk",We Are Tonight,DJ Mag Top 100 DJs 2014,2014,Ministry Of Sound,6408284,
"Tritonal, Jonathan Mendelsohn",Satellite,DJ Mag Top 100 DJs 2014,2014,Ministry Of Sound,6408284,
"Cosmic Gate, Eric Lumiere",Falling Back,DJ Mag Top 100 DJs 2014,2014,Ministry Of Sound,6408284,
Paul Oakenfold,Toca Me,DJ Mag Top 100 DJs 2014,2014,Ministry Of Sound,6408284,
Tommy Trash,Lord Of The Trance,DJ Mag Top 100 DJs 2014,2014,Ministry Of Sound,6408284,
Ørjan Nilsen,The Late Anthem (Way Too Late Mix),DJ Mag Top 100 DJs 2014,2014,Ministry Of Sound,6408284,
"ATB, Stanfour",Face To Face (ATB's Anthem Version),DJ Mag Top 100 DJs 2014,2014,Ministry Of Sound,6408284,
Sash!,Encore Une Fois (Future Breeze Edit),The Biggest Breakdowns Of All Time,2014,Ministry Of Sound,6383287,
Lana Del Rey,Summertime Sadness (Cedric Gervais Remix Radio Edit),The Biggest Breakdowns Of All Time,2014,Ministry Of Sound,6383287,
Taio Cruz,Break Your Heart,The Biggest Breakdowns Of All Time,2014,Ministry Of Sound,6383287,
Redlight (4),9TS (90s Baby),VIP,2015,Ministry Of Sound,6906643,
"Ten Ven, Ripley (6), Zebra Katz",1 Bad Bitch,VIP,2015,Ministry Of Sound,6906643,
Sirus Hood,Don't Stop,VIP,2015,Ministry Of Sound,6906643,
Illyus & Barrientos,Ballin',VIP,2015,Ministry Of Sound,6906643,
"Jeremih, YG (2)",Don't Tell 'Em,VIP,2015,Ministry Of Sound,6906643,
"Chris Brown (4), Lil Wayne, Tyga",Loyal,VIP,2015,Ministry Of Sound,6906643,
"Kid Ink, Chris Brown (4)",Show Me,VIP,2015,Ministry Of Sound,6906643,
"Justin Bieber, Chance The Rapper",Confident,VIP,2015,Ministry Of Sound,6906643,
Nicki Minaj,Anaconda,VIP,2015,Ministry Of Sound,6906643,
"Ace Hood, Future (4), Rick Ross",Bugatti,VIP,2015,Ministry Of Sound,6906643,
Wiz Khalifa,We Dem Boyz,VIP,2015,Ministry Of Sound,6906643,
"2 Chainz, Drake",No Lie,VIP,2015,Ministry Of Sound,6906643,
"Lil Wayne, Drake, Future (4)",Love Me,VIP,2015,Ministry Of Sound,6906643,
Jay-Z,Dirt Off Your Shoulder,VIP,2015,Ministry Of Sound,6906643,
Bobby Shmurda,Hot N*gga,VIP,2015,Ministry Of Sound,6906643,
"Jeremih, 50 Cent",Down On Me,VIP,2015,Ministry Of Sound,6906643,
Usher,Bad Girl,VIP,2015,Ministry Of Sound,6906643,
"Drake, Lil Wayne",The Motto,VIP,2015,Ministry Of Sound,6906643,
"Ty$, B.O.B",Paranoid,VIP,2015,Ministry Of Sound,6906643,
Shift K3Y,I Know,The Weekender,2015,Ministry Of Sound,6933921,
"Wilkinson (4), Talay Riley",Dirty Love,The Weekender,2015,Ministry Of Sound,6933921,
Tove Lo,Habits (Stay High) (The Chainsmokers Remix),The Weekender,2015,Ministry Of Sound,6933921,
"Lilly Wood & The Prick, Robin Schulz",Prayer In C (Robin Schulz Remix),The Weekender,2015,Ministry Of Sound,6933921,
"Tensnake, Fiora Cutler",See Right Through,The Weekender,2015,Ministry Of Sound,6933921,
"Luvbug (5), Talay Riley",Resonance,The Weekender,2015,Ministry Of Sound,6933921,
Kölsch,Der Alte,The Weekender,2015,Ministry Of Sound,6933921,
Todd Terry,Lil Crash (Tee's InHouse Mix),Our House Is Your House: Todd Terry,2015,Ministry Of Sound,6839441,3:59
The Todd Terry Project,Back To The Beat,Our House Is Your House: Todd Terry,2015,Ministry Of Sound,6839441,3:03
The Todd Terry Project,Bango,Our House Is Your House: Todd Terry,2015,Ministry Of Sound,6839441,3:12
Class Action,Weekend (Radio Edit),Our House Is Your House: Todd Terry,2015,Ministry Of Sound,6839441,1:01
Studio Apartment,Siarre (Bonus Beats),Our House Is Your House: Todd Terry,2015,Ministry Of Sound,6839441,3:04
House Of Gypsies,Samba (Todd Terry Mix),Our House Is Your House: Todd Terry,2015,Ministry Of Sound,6839441,4:02
Todd Terry,Jumpin (Remastered),Our House Is Your House: Todd Terry,2015,Ministry Of Sound,6839441,3:04
"Todd Terry, Martha Wash, Jocelyn Brown",Keep On Jumpin' (WMC Remix),Our House Is Your House: Todd Terry,2015,Ministry Of Sound,6839441,2:52
Todd Terry,Something's Going On (Tee's Mix),Our House Is Your House: Todd Terry,2015,Ministry Of Sound,6839441,2:07
"Doorly, Todd Terry",On A Mission (Doorly Re-Chunk),Our House Is Your House: Todd Terry,2015,Ministry Of Sound,6839441,3:45
"Todd Terry, Robin S.",Give Me A Reason,Our House Is Your House: Todd Terry,2015,Ministry Of Sound,6839441,4:00
"Clean Bandit, Stylo G",Come Over (Todd Terry Rub-A-Dub),Our House Is Your House: Todd Terry,2015,Ministry Of Sound,6839441,3:03
Todd Terry,Real House (Tee's Freeze Mix),Our House Is Your House: Todd Terry,2015,Ministry Of Sound,6839441,3:10
"Todd Terry, Martyna Baker",Go Away,Our House Is Your House: Todd Terry,2015,Ministry Of Sound,6839441,3:35
Stuart Ojelay,Good Old Days,Our House Is Your House: Todd Terry,2015,Ministry Of Sound,6839441,4:39
Kerri Chandler,Think Of Something,Our House Is Your House: Todd Terry,2015,Ministry Of Sound,6839441,4:31
Codec,Feel,Our House Is Your House: Todd Terry,2015,Ministry Of Sound,6839441,2:04
"Foamo, Lotti (5)",Release Me,Our House Is Your House: Todd Terry,2015,Ministry Of Sound,6839441,4:52
"Todd Terry, Ant LaRock",Back Around,Our House Is Your House: Todd Terry,2015,Ministry Of Sound,6839441,3:34
"Harry ""Choo Choo"" Romero",Tania (Riva Starr Remix),Our House Is Your House: Todd Terry,2015,Ministry Of Sound,6839441,3:50
Muzzaik,Closer,Our House Is Your House: Todd Terry,2015,Ministry Of Sound,6839441,4:19
"Todd Terry, CLS",Can You Feel It (Prok & Fitch Remix),Our House Is Your House: Todd Terry,2015,Ministry Of Sound,6839441,6:44
Luvbug (5),Revive (Say Something),I Love House,2015,Ministry Of Sound,6986903,3:51
Kokiri,Retrospect (Illyus & Barrientos Remix),I Love House,2015,Ministry Of Sound,6986903,4:08
Shiba San,Kick Your Ass,I Love House,2015,Ministry Of Sound,6986903,3:41
Le Youth,Girl,I Love House,2015,Ministry Of Sound,6986903,3:07
"Oscar Gaetan, Tamara Wallace",What You Need (Denney Remix),I Love House,2015,Ministry Of Sound,6986903,3:37
Pep & Rash,Fatality (Quintino Edit),I Love House,2015,Ministry Of Sound,6986903,2:49
"David Guetta, Sam Martin (5)",Dangerous (Robin Schulz Remix),I Love House,2015,Ministry Of Sound,6986903,4:09
Dante Klein,Ertesuppe,I Love House,2015,Ministry Of Sound,6986903,2:52
Henry Krinkle,Stay (Justin Martin Remix Radio Edit),I Love House,2015,Ministry Of Sound,6986903,4:09
Finnebassen,Touching Me,I Love House,2015,Ministry Of Sound,6986903,3:34
James Brown,Get Up (I Feel Like Being A) Sex Machine (Part 1 & 2),Downtown Funk,2015,Ministry Of Sound,6988445,
KC & The Sunshine Band,Get Down Tonight,Downtown Funk,2015,Ministry Of Sound,6988445,
The Gap Band,"I Don't Believe You Want To Get Up And Dance (Oops, Upside Your Head)",Downtown Funk,2015,Ministry Of Sound,6988445,
Rick James,Super Freak,Downtown Funk,2015,Ministry Of Sound,6988445,
The Chi-Lites,Are You My Woman? (Tell Me So),Downtown Funk,2015,Ministry Of Sound,6988445,
Shalamar,There It Is,Downtown Funk,2015,Ministry Of Sound,6988445,
Bill Withers,Who Is He (And What Is He To You)?,Downtown Funk,2015,Ministry Of Sound,6988445,
The James Taylor Quartet,Theme From Starsky & Hutch,Downtown Funk,2015,Ministry Of Sound,6988445,
Ohio Players,Love Rollercoaster,Downtown Funk,2015,Ministry Of Sound,6988445,
Funkadelic,Red Hot Mama,Downtown Funk,2015,Ministry Of Sound,6988445,
Herbie Hancock,Chameleon,Downtown Funk,2015,Ministry Of Sound,6988445,
Sly & The Family Stone,Thank You (Falettinme Be Mice Elf Agin),Downtown Funk,2015,Ministry Of Sound,6988445,
Lakeside,Fantastic Voyage,Downtown Funk,2015,Ministry Of Sound,6988445,
Bobby Womack,It's Party Time,Downtown Funk,2015,Ministry Of Sound,6988445,
Kiki Gyan,Disco Dancer,Downtown Funk,2015,Ministry Of Sound,6988445,
"Family Tree, Sharon Brown",Family Tree,Downtown Funk,2015,Ministry Of Sound,6988445,
George Duke,Shine On,Downtown Funk,2015,Ministry Of Sound,6988445,
Bob James,Nautilus,Downtown Funk,2015,Ministry Of Sound,6988445,
Sigala,Easy Love (Faaiirr Remix),Sunset Soul,2015,Ministry Of Sound,7415762,
Duke Dumont,The Giver (Reprise) (Mark Ronson Remix),Sunset Soul,2015,Ministry Of Sound,7415762,
Rudimental,Never Let You Go (Feder Remix),Sunset Soul,2015,Ministry Of Sound,7415762,
"Route 94, Jess Glynne",My Love (Oliver Nelson Remix),Sunset Soul,2015,Ministry Of Sound,7415762,
"Hard Rock Sofa, Skidka",Arms Around Me (Tobtok Remix),Sunset Soul,2015,Ministry Of Sound,7415762,
Jasmine Thompson,Ain't Nobody,Sunset Soul,2015,Ministry Of Sound,7415762,
"Blonde (3), Alex Newell (2)",All Cried Out (Oliver Nelson Remix),Sunset Soul,2015,Ministry Of Sound,7415762,
"Duke Dumont, A*M*E",Need U (100%) (Skreamix),Sunset Soul,2015,Ministry Of Sound,7415762,
"Clean Bandit, Jess Glynne",Rather Be (Robin Schulz Edit),Sunset Soul,2015,Ministry Of Sound,7415762,
Tove Lo,Habits (Stay High) (Oliver Nelson Remix),Sunset Soul,2015,Ministry Of Sound,7415762,
Ferreck Dawn,Heaven Sent,Sunset Soul,2015,Ministry Of Sound,7415762,
Coldplay,A Sky Full Of Stars (Robin Schulz Edit),Sunset Soul,2015,Ministry Of Sound,7415762,
XYconstant,Silverlined,Sunset Soul,2015,Ministry Of Sound,7415762,
Felix Jaehn,I Do,Sunset Soul,2015,Ministry Of Sound,7415762,
Eelke Kleijn,Ein Tag Am Strand (Instrumental),Sunset Soul,2015,Ministry Of Sound,7415762,
"Blonde (3), Melissa Steel",I Loved You (Braxton Remix),Sunset Soul,2015,Ministry Of Sound,7415762,
Alex Schulz,In The Morning Light,Sunset Soul,2015,Ministry Of Sound,7415762,
Vance Joy,Riptide (FlicFlac Edit),Sunset Soul,2015,Ministry Of Sound,7415762,
Milky Chance,Stolen Dance (FlicFlac Edit),Sunset Soul,2015,Ministry Of Sound,7415762,
"David Guetta, Sam Martin (5)",Dangerous,Drive,2015,Ministry Of Sound,7119372,
"Fresh, Adam F",Believer (Adam F & DJ Fresh BBK Edit),Drive,2015,Ministry Of Sound,7119372,
"Sigma (8), Paloma Faith",Changing,Drive,2015,Ministry Of Sound,7119372,
"Rudimental, Ella Eyre",Waiting All Night,Drive,2015,Ministry Of Sound,7119372,
"Swedish House Mafia, John Martin (9)",Don’t You Worry Child,Drive,2015,Ministry Of Sound,7119372,
"Dr. Kucho! & Gregor Salto, Ane Brun",Can’t Stop Playing (Makes Me High) (Oliver Heldens Vocal Edit),Drive,2015,Ministry Of Sound,7119372,
Years & Years,King,Drive,2015,Ministry Of Sound,7119372,
Tough Love (2),So Freakin’ Tight,Drive,2015,Ministry Of Sound,7119372,
Duke Dumont,Won’t Look Back,Drive,2015,Ministry Of Sound,7119372,
"Calvin Harris, HAIM (2)",Pray To God (R3hab Remix),Inspired,2015,Ministry Of Sound,7436177,
"Calvin Harris, John Newman (5)",Blame (R3hab Club Remix),Inspired,2015,Ministry Of Sound,7436177,
"Tujamo, Jacob Plant",All Night,Inspired,2015,Ministry Of Sound,7436177,
"Showtek, Vassy",Satisfied,Inspired,2015,Ministry Of Sound,7436177,
KSHMR,Dead Mans Hand,Inspired,2015,Ministry Of Sound,7436177,
Calvin Harris,Summer (R3hab & Ummet Ozcan Remix),Inspired,2015,Ministry Of Sound,7436177,
"R3hab, Trevor Guthrie",Soundwave (FTampa Remix),Inspired,2015,Ministry Of Sound,7436177,
"Calvin Harris, R3hab",Burnin',Inspired,2015,Ministry Of Sound,7436177,
"Chris Lake, Laura V",Changes (Dirty South Remix),Inspired,2015,Ministry Of Sound,7436177,
Jan Driver,Ring My Balls,Inspired,2015,Ministry Of Sound,7436177,
Mylo,In My Arms (Tocadisco's Zwischen Den Stühlen Mix),Inspired,2015,Ministry Of Sound,7436177,
Spektrum,Kinda New (We All Live & Die) (Tiefschwarz Vocal Mix),Inspired,2015,Ministry Of Sound,7436177,
Laidback Luke,Break Down The House,Inspired,2015,Ministry Of Sound,7436177,
Bob Sinclar,I Feel For You (Axwell Club Remix),Inspired,2015,Ministry Of Sound,7436177,
Hot Since 82,Play The Same,Underground,2015,Ministry Of Sound,7376900,
Steve Lawler,House Record,Underground,2015,Ministry Of Sound,7376900,
Shiba San,Planet Floor,Underground,2015,Ministry Of Sound,7376900,
Juliet Sikora,Larry's Garage,Underground,2015,Ministry Of Sound,7376900,
René Amesz,Like It Deep,Underground,2015,Ministry Of Sound,7376900,
Dale Howard,How To Love,Underground,2015,Ministry Of Sound,7376900,
Weiss (6),Our Love,Underground,2015,Ministry Of Sound,7376900,
Volkoder,As De Spada,Underground,2015,Ministry Of Sound,7376900,
Pirupa,Can You See,Underground,2015,Ministry Of Sound,7376900,
CDC (2),Around You,Underground,2015,Ministry Of Sound,7376900,
Truth Be Told,Tick,Underground,2015,Ministry Of Sound,7376900,
"Subk0de, Chris Contrast",All That,Underground,2015,Ministry Of Sound,7376900,
Little By Little (2),Bang The Box,Underground,2015,Ministry Of Sound,7376900,
"George Fitzgerald, Boxed In (2)",Full Circle,Underground,2015,Ministry Of Sound,7376900,
Plastikman,EXhale (Dixon's Just a Different Mixdown Version),Underground,2015,Ministry Of Sound,7376900,
Jon Hopkins,Open Eye Signal (George Fitzgerald Remix),Underground,2015,Ministry Of Sound,7376900,
Âme,Den Ratta,Underground,2015,Ministry Of Sound,7376900,
Sasha,Ether,Underground,2015,Ministry Of Sound,7376900,
Raumakustik,Raider,Underground,2015,Ministry Of Sound,7376900,
Seth Troxler,Evangelion,Underground,2015,Ministry Of Sound,7376900,
The Howling (2),Signs (Rødhåd Remix),Underground,2015,Ministry Of Sound,7376900,
André Hommen,Battery Park,Underground,2015,Ministry Of Sound,7376900,
Daniel Bortz,Hot In The Fridge,Underground,2015,Ministry Of Sound,7376900,
Recondite,Levo,Underground,2015,Ministry Of Sound,7376900,
Maceo Plex,Conjure Dreams,Underground,2015,Ministry Of Sound,7376900,
Subb-an,Warp,Underground,2015,Ministry Of Sound,7376900,
Adam Beyer,Spaceman,Underground,2015,Ministry Of Sound,7376900,
Dense & Pika,TEX,Underground,2015,Ministry Of Sound,7376900,
Traumer,Hoodlum,Underground,2015,Ministry Of Sound,7376900,
"Kölsch, Gregor Schwellenbach",The Road,Underground,2015,Ministry Of Sound,7376900,
"Sam Feldt, Kimberly Anne",Show Me Love (EDX's Indian Summer Remix),V.I.P Vol. II,2015,Ministry Of Sound,7529201,4:56
O.T. Genasis,CoCo,V.I.P Vol. II,2015,Ministry Of Sound,7529201,3:41
Rae Sremmurd,No Type,V.I.P Vol. II,2015,Ministry Of Sound,7529201,3:04
Giggs (2),Talkin' The Hardest,V.I.P Vol. II,2015,Ministry Of Sound,7529201,2:41
"Lethal Bizzle, Diztortion",Fester Skank,V.I.P Vol. II,2015,Ministry Of Sound,7529201,2:16
"Ne-Yo, Juicy J",She Knows,V.I.P Vol. II,2015,Ministry Of Sound,7529201,3:38
T.I.,Whatever You Like,V.I.P Vol. II,2015,Ministry Of Sound,7529201,3:25
"Rich Gang, Young Thug (2), Rich Homie Quan",Lifestyle,V.I.P Vol. II,2015,Ministry Of Sound,7529201,4:19
Trey Songz,Slow Motion,V.I.P Vol. II,2015,Ministry Of Sound,7529201,3:08
Fetty Wap,Trap Queen,V.I.P Vol. II,2015,Ministry Of Sound,7529201,3:30
"Krept & Konan, Jeremih",Freak Of The Week,V.I.P Vol. II,2015,Ministry Of Sound,7529201,3:31
"Natalie La Rose, Jeremih",Somebody,V.I.P Vol. II,2015,Ministry Of Sound,7529201,3:26
Duke Dumont,The Giver,V.I.P Vol. II,2015,Ministry Of Sound,7529201,3:52
"Ty$, Charli XCX, Tinashe (2)",Drop That Kitty,V.I.P Vol. II,2015,Ministry Of Sound,7529201,3:37
Usher,Hey Daddy (Daddy's Home),V.I.P Vol. II,2015,Ministry Of Sound,7529201,3:29
"Tyga, Young Thug (2)",Hookah,V.I.P Vol. II,2015,Ministry Of Sound,7529201,3:31
"Melissa Steel, Popcaan",Kisses For Breakfast,V.I.P Vol. II,2015,Ministry Of Sound,7529201,3:00
"Wash (5), French Montana",Can't Trust Thots,V.I.P Vol. II,2015,Ministry Of Sound,7529201,3:48
"Marc Kinchen, Alana",Always (Route 94 Radio Edit),V.I.P Vol. II,2015,Ministry Of Sound,7529201,4:10
"DJ Colin Francis, Layla Atari",Love In The Morning (VIP Mix),V.I.P Vol. II,2015,Ministry Of Sound,7529201,2:49
"Somore, Damon Trueitt",I Refuse (What You Want),V.I.P Vol. II,2015,Ministry Of Sound,7529201,6:16
Galantis,Runaway (U & I) (Quintino Remix),I Am Raver,2015,Ministry Of Sound,7669158,
"David Guetta, Sam Martin (5)",Dangerous (David Guetta Banging Remix),I Am Raver,2015,Ministry Of Sound,7669158,
Oliver Heldens,Melody,I Am Raver,2015,Ministry Of Sound,7669158,
"DJ Tiësto, Hardwell, Matthew Koma",Written In Reverse,I Am Raver,2015,Ministry Of Sound,7669158,
"Dimitri Vegas & Like Mike, Ummet Ozcan",The Hum,I Am Raver,2015,Ministry Of Sound,7669158,
Laidback Luke,My G*O*D* (Guns On Demo),I Am Raver,2015,Ministry Of Sound,7669158,
Lost Frequencies,Are You With Me (DJ Fresh Remix),I Am Raver,2015,Ministry Of Sound,7669158,
KC Lights,No No No,I Am Raver,2015,Ministry Of Sound,7669158,
Alex Adair,Make Me Feel Better (Don Diablo & CID Radio Edit),I Am Raver,2015,Ministry Of Sound,7669158,
Yeah Yeah Yeahs,Heads Will Roll (A-Trak Remix Radio Edit),I Am Raver,2015,Ministry Of Sound,7669158,
andhim,Boy Boy Boy (MK Remix),I Am Raver,2015,Ministry Of Sound,7669158,
"Fresh, Adam F",Believer (David Zowie Remix),I Am Raver,2015,Ministry Of Sound,7669158,
"Tchami, Kaleem Taylor",Promesses (Preditah Remix),I Am Raver,2015,Ministry Of Sound,7669158,
Curbi (2),Rubber,I Am Raver,2015,Ministry Of Sound,7669158,
Fono (5),Real Joy,I Am Raver,2015,Ministry Of Sound,7669158,
Little By Little (2),Kick It Up,I Am Raver,2015,Ministry Of Sound,7669158,
S.K.T,Dirty,I Am Raver,2015,Ministry Of Sound,7669158,
"Majestic MC, Jungle 70",Creeping In The Dark (Armand Van Helden Radio Mix),I Am Raver,2015,Ministry Of Sound,7669158,
"Claude VonStroke, Jesse Rose",Bare Mountain,I Am Raver,2015,Ministry Of Sound,7669158,
SYAP,Boozy Trip,I Am Raver,2015,Ministry Of Sound,7669158,
"Illyus & Barrientos, Max Marshall",Chase Your Trip,I Am Raver,2015,Ministry Of Sound,7669158,
Mason,Nite Rite Three,I Am Raver,2015,Ministry Of Sound,7669158,
Antonio Giacca,Sensation,I Am Raver,2015,Ministry Of Sound,7669158,
"Redman, DJ Kool",Let's Get Dirty (I Can't Get In Da Club),Rapper's Delight,2015,Ministry Of Sound,7675446,
Camp Lo,Luchini AKA This Is It,Rapper's Delight,2015,Ministry Of Sound,7675446,
Giggs (2),Talkin The Hardest,Rapper's Delight,2015,Ministry Of Sound,7675446,
"Tyler, The Creator",Yonkers,Rapper's Delight,2015,Ministry Of Sound,7675446,
"Eternal (2), BeBe Winans",I Wanna Be The Only One,Made In The 90s,2015,Ministry Of Sound,7730423,3:31
Lenny Kravitz,It Ain't Over 'Til It's Over,Made In The 90s,2015,Ministry Of Sound,7730423,3:51
Lighthouse Family,High,Made In The 90s,2015,Ministry Of Sound,7730423,4:33
Sweetbox,Everything's Gonna Be Alright,Made In The 90s,2015,Ministry Of Sound,7730423,3:09
Shola Ama,You Might Need Somebody,Made In The 90s,2015,Ministry Of Sound,7730423,3:44
Honeyz,Finally Found,Made In The 90s,2015,Ministry Of Sound,7730423,4:47
Donna Lewis,I Love You Always Forever,Made In The 90s,2015,Ministry Of Sound,7730423,3:51
Alisha's Attic,"I Am, I Feel",Made In The 90s,2015,Ministry Of Sound,7730423,4:00
Robbie Williams,Angels,Made In The 90s,2015,Ministry Of Sound,7730423,4:21
The Cardigans,Lovefool,Made In The 90s,2015,Ministry Of Sound,7730423,3:12
The Wannadies,You & Me Song,Made In The 90s,2015,Ministry Of Sound,7730423,2:47
Babybird,You're Gorgeous,Made In The 90s,2015,Ministry Of Sound,7730423,3:38
Sheryl Crow,All I Wanna Do,Made In The 90s,2015,Ministry Of Sound,7730423,4:27
Deep Blue Something,Breakfast At Tiffany's,Made In The 90s,2015,Ministry Of Sound,7730423,4:10
Oasis (2),Wonderwall,Made In The 90s,2015,Ministry Of Sound,7730423,4:14
Pulp,Common People,Made In The 90s,2015,Ministry Of Sound,7730423,4:00
Texas,Say What You Want,Made In The 90s,2015,Ministry Of Sound,7730423,3:45
The Corrs,What Can I Do (Tin Tin Out Remix),Made In The 90s,2015,Ministry Of Sound,7730423,4:14
Sugar Ray (2),Every Morning,Made In The 90s,2015,Ministry Of Sound,7730423,3:38
The Cure,Friday I'm In Love,Made In The 90s,2015,Ministry Of Sound,7730423,3:28
Crowded House,Weather With You,Made In The 90s,2015,Ministry Of Sound,7730423,3:40
"Tin Tin Out, Shelley Nelson",Here's Where The Story Ends,Made In The 90s,2015,Ministry Of Sound,7730423,4:01
Tasmin Archer,Sleeping Satellite,Made In The 90s,2015,Ministry Of Sound,7730423,4:28
Meredith Brooks,Bitch,Made In The 90s,2015,Ministry Of Sound,7730423,3:53
4 Non Blondes,What's Up?,Made In The 90s,2015,Ministry Of Sound,7730423,4:06
Semisonic,Closing Time,Made In The 90s,2015,Ministry Of Sound,7730423,4:30
Billie Myers,Kiss The Rain,Made In The 90s,2015,Ministry Of Sound,7730423,4:05
Joan Osborne,One Of Us,Made In The 90s,2015,Ministry Of Sound,7730423,4:15
Shakespear's Sister,Stay,Made In The 90s,2015,Ministry Of Sound,7730423,3:40
Sinéad O'Connor,Nothing Compares 2 U,Made In The 90s,2015,Ministry Of Sound,7730423,4:29
"Frank Sinatra, Nelson Riddle And His Orchestra",I've Got You Under My Skin,When Cool Was King,2015,Ministry Of Sound,12117674,
Nina Simone,Feeling Good,When Cool Was King,2015,Ministry Of Sound,12117674,
Robbie Williams,Ain't That A Kick In The Head,When Cool Was King,2015,Ministry Of Sound,12117674,
Bobby Darin,Mack The Knife,When Cool Was King,2015,Ministry Of Sound,12117674,
Michael Bublé,Me And Mrs. You,When Cool Was King,2015,Ministry Of Sound,12117674,
Shirley Bassey,Big Spender,When Cool Was King,2015,Ministry Of Sound,12117674,
Nat King Cole,Let There Be Love,When Cool Was King,2015,Ministry Of Sound,12117674,
Dinah Washington,Mad About The Boy,When Cool Was King,2015,Ministry Of Sound,12117674,
Aretha Franklin,Ain't No Way,When Cool Was King,2015,Ministry Of Sound,12117674,
Matt Monro,Music To Watch Girls By,When Cool Was King,2015,Ministry Of Sound,12117674,
"Dean Martin, Helen O'Connell",How D'ya Like Your Eggs In The Morning?,When Cool Was King,2015,Ministry Of Sound,12117674,
Sarah Vaughan,Let's Call The Whole Thing Off,When Cool Was King,2015,Ministry Of Sound,12117674,
Bobby Darin,Don't Rain On My Parade,When Cool Was King,2015,Ministry Of Sound,12117674,
Julie London,Fly Me To The Moon (In Other Words),When Cool Was King,2015,Ministry Of Sound,12117674,
Louis Armstrong,What A Wonderful World,When Cool Was King,2015,Ministry Of Sound,12117674,
Otis Redding,I've Been Loving You Too Long,When Cool Was King,2015,Ministry Of Sound,12117674,
Sophie Milman,My Baby Just Cares For Me,When Cool Was King,2015,Ministry Of Sound,12117674,
Rhydian And The Residuals,A Wink And A Smile,When Cool Was King,2015,Ministry Of Sound,12117674,
Glenn Miller,In The Mood,When Cool Was King,2015,Ministry Of Sound,12117674,
James Brown,It's A Man's Man's Man's World,When Cool Was King,2015,Ministry Of Sound,12117674,
"Ella Fitzgerald, Louis Armstrong",Summertime,When Cool Was King,2015,Ministry Of Sound,12117674,
Otis Redding,Try A Little Tenderness,When Cool Was King,2015,Ministry Of Sound,12117674,
Aretha Franklin,Respect,When Cool Was King,2015,Ministry Of Sound,12117674,
Tina Turner,Proud Mary,When Cool Was King,2015,Ministry Of Sound,12117674,
Peggy Lee,Fever,When Cool Was King,2015,Ministry Of Sound,12117674,
Mel Tormé,Comin' Home Baby,When Cool Was King,2015,Ministry Of Sound,12117674,
Sammy Davis Jr.,Mr. Bojangles,When Cool Was King,2015,Ministry Of Sound,12117674,
Nat King Cole,L-O-V-E,When Cool Was King,2015,Ministry Of Sound,12117674,
Tony Bennett,As Time Goes By,When Cool Was King,2015,Ministry Of Sound,12117674,
Ray Charles,It Had To Be You,When Cool Was King,2015,Ministry Of Sound,12117674,
Steve Tyrell,The Way You Look Tonight,When Cool Was King,2015,Ministry Of Sound,12117674,
Ben E. King,Stand By Me,When Cool Was King,2015,Ministry Of Sound,12117674,
Dionne Warwick,What The World Needs Now Is Love,When Cool Was King,2015,Ministry Of Sound,12117674,
Petula Clark,Downtown,When Cool Was King,2015,Ministry Of Sound,12117674,
Engelbert Humperdinck,Can't Take My Eyes Off You,When Cool Was King,2015,Ministry Of Sound,12117674,
Kenny Ball,Samantha,When Cool Was King,2015,Ministry Of Sound,12117674,
The Ron Grainer Orchestra,A Man In A Suitcase,When Cool Was King,2015,Ministry Of Sound,12117674,
Edith Piaf,La Foule,When Cool Was King,2015,Ministry Of Sound,12117674,
Gregory Porter,Puttin' On The Ritz,When Cool Was King,2015,Ministry Of Sound,12117674,
Tom Jones,It's Not Unusual,When Cool Was King,2015,Ministry Of Sound,12117674,
Ray Charles,I've Got A Woman,When Cool Was King,2015,Ministry Of Sound,12117674,
Jackie Wilson,Reet Petite,When Cool Was King,2015,Ministry Of Sound,12117674,
"Louis Prima, Phil Harris, Bruce Reitherman",I Wanna Be Like You (The Monkey Song),When Cool Was King,2015,Ministry Of Sound,12117674,
Stevie Wonder,For Once In My Life,When Cool Was King,2015,Ministry Of Sound,12117674,
"Jackie Wilson, Count Basie",Uptight (Everything's Alright),When Cool Was King,2015,Ministry Of Sound,12117674,
Solomon Burke,Everybody Needs Somebody To Love,When Cool Was King,2015,Ministry Of Sound,12117674,
Michael Bublé,Peroxide Swing,When Cool Was King,2015,Ministry Of Sound,12117674,
Jamie Cullum,Devil May Care,When Cool Was King,2015,Ministry Of Sound,12117674,
Wayne Newton,Danke Schoen,When Cool Was King,2015,Ministry Of Sound,12117674,
Van Morrison,Moondance,When Cool Was King,2015,Ministry Of Sound,12117674,
"Jools Holland, Rumer",Ac-cent-tchu-ate The Positive,When Cool Was King,2015,Ministry Of Sound,12117674,
Plan B (4),She Said,When Cool Was King,2015,Ministry Of Sound,12117674,
Dtale,Earned It,When Cool Was King,2015,Ministry Of Sound,12117674,
Sweet Female Attitude,Flowers (Sam Divine & Curtis Gabriel Remix),Go Hard Or Go Home,2016,Ministry Of Sound,8253478,
Rudimental,Waiting All Night,Go Hard Or Go Home,2016,Ministry Of Sound,8253478,
"Tank (4), Tink (7)",Wet Dollars (Redlight Remix),Go Hard Or Go Home,2016,Ministry Of Sound,8253478,
"Disclosure (3), Sam Smith (12)",Omen,Go Hard Or Go Home,2016,Ministry Of Sound,8253478,
Alex Adair,Heaven,Go Hard Or Go Home,2016,Ministry Of Sound,8253478,
"Major Lazer, Ellie Goulding, Tarrus Riley",Powerful (Michael Calfan Remix),Go Hard Or Go Home,2016,Ministry Of Sound,8253478,
"Artful Dodger, Lifford",Please Don't Turn Me On (Disclosure Remix),Go Hard Or Go Home,2016,Ministry Of Sound,8253478,
"A-Minor, Kelli-Leigh Henry-Davila",Be Mine,Go Hard Or Go Home,2016,Ministry Of Sound,8253478,
All-4-One,I Swear,Throwback Slowjamz,2016,Ministry Of Sound,8243244,
Notorious B.I.G.,One More Chance,Throwback Slowjamz,2016,Ministry Of Sound,8243244,
Total,Can't You See,Throwback Slowjamz,2016,Ministry Of Sound,8243244,
"112, Notorious B.I.G.",Only You,Throwback Slowjamz,2016,Ministry Of Sound,8243244,
Brandy (2),I Wanna Be Down,Throwback Slowjamz,2016,Ministry Of Sound,8243244,
Ralph Tresvant,Sensitivity,Throwback Slowjamz,2016,Ministry Of Sound,8243244,
Faith Evans,Soon As I Get Home,Throwback Slowjamz,2016,Ministry Of Sound,8243244,
"Gerald Levert, Eddie Levert",Baby Hold On To Me,Throwback Slowjamz,2016,Ministry Of Sound,8243244,
Karyn White,Superwoman,Throwback Slowjamz,2016,Ministry Of Sound,8243244,
Ne-Yo,So Sick,Throwback Slowjamz,2016,Ministry Of Sound,8243244,
Mary J. Blige,Be Without You,Throwback Slowjamz,2016,Ministry Of Sound,8243244,
Craig David,Walking Away,Throwback Slowjamz,2016,Ministry Of Sound,8243244,
"Tamia, Fabolous",Into You,Throwback Slowjamz,2016,Ministry Of Sound,8243244,
Eternal (2),Angel Of Mine,Throwback Slowjamz,2016,Ministry Of Sound,8243244,
Brian McKnight,Back At One,Throwback Slowjamz,2016,Ministry Of Sound,8243244,
Damage,Wonderful Tonight,Throwback Slowjamz,2016,Ministry Of Sound,8243244,
Adina Howard,T-Shirts & Panties,Throwback Slowjamz,2016,Ministry Of Sound,8243244,
Jaheim,Just In Case,Throwback Slowjamz,2016,Ministry Of Sound,8243244,
"Fabolous, Mike Shorey, Lil' Mo",Can't Let You Go,Throwback Slowjamz,2016,Ministry Of Sound,8243244,
Montell Jordan,Get It On Tonite,Throwback Slowjamz,2016,Ministry Of Sound,8243244,
"Notorious B.I.G., 112",Sky's The Limit,Throwback Slowjamz,2016,Ministry Of Sound,8243244,
Keisha White,The Weakness In Me,Throwback Slowjamz,2016,Ministry Of Sound,8243244,
Stevie Wonder,My Cherie Amour,Throwback Slowjamz,2016,Ministry Of Sound,8243244,
Aretha Franklin,Until You Come Back To Me (That's What I Am Going To Do),Throwback Slowjamz,2016,Ministry Of Sound,8243244,
Barry White,Just The Way You Are,Throwback Slowjamz,2016,Ministry Of Sound,8243244,
"Lionel Richie, Diana Ross",Endless Love,Throwback Slowjamz,2016,Ministry Of Sound,8243244,
Phyllis Nelson,Move Closer,Throwback Slowjamz,2016,Ministry Of Sound,8243244,
George Benson,In Your Eyes,Throwback Slowjamz,2016,Ministry Of Sound,8243244,
"Grover Washington, Jr., Bill Withers",Just The Two Of Us,Throwback Slowjamz,2016,Ministry Of Sound,8243244,
Randy Crawford,You Might Need Somebody,Throwback Slowjamz,2016,Ministry Of Sound,8243244,
Rose Royce,Love Don't Live Here Anymore,Throwback Slowjamz,2016,Ministry Of Sound,8243244,
Kool & The Gang,Cherish,Throwback Slowjamz,2016,Ministry Of Sound,8243244,
Alexander O'Neal,If You Were Here Tonight,Throwback Slowjamz,2016,Ministry Of Sound,8243244,
"Patti Austin, James Ingram","Baby, Come To Me",Throwback Slowjamz,2016,Ministry Of Sound,8243244,
Mica Paris,My One Temptation,Throwback Slowjamz,2016,Ministry Of Sound,8243244,
Atlantic Starr,Secret Lovers,Throwback Slowjamz,2016,Ministry Of Sound,8243244,
Smokey Robinson,Being With You,Throwback Slowjamz,2016,Ministry Of Sound,8243244,
Notorious B.I.G.,One More Chance / Stay With Me,Throwback Slowjamz,2016,Ministry Of Sound,8618401,
Robin Thicke,Lost Without U,Throwback Slowjamz,2016,Ministry Of Sound,8618401,
Various,Throwback Slowjams (Continuous Mix 1),Throwback Slowjamz,2016,Ministry Of Sound,8618401,
Various,Throwback Slowjams (Continuous Mix 2),Throwback Slowjamz,2016,Ministry Of Sound,8618401,
Various,Throwback Slowjams (Continuous Mix 3),Throwback Slowjamz,2016,Ministry Of Sound,8618401,
"Cookin' On 3 Burners, Kylie Auldist",This Girl (Acoustic),Recover,2016,Ministry Of Sound,8964896,3:45
"TIEKS, Dan Harkna",Sunshine (Acoustic),Recover,2016,Ministry Of Sound,8964896,3:12
"Kyla (3), Crazy Cousinz",Do You Mind (Acoustic),Recover,2016,Ministry Of Sound,8964896,3:22
Michael Collings,Fast Car (Acoustic),Recover,2016,Ministry Of Sound,8964896,4:37
Years & Years,King (Acoustic),Recover,2016,Ministry Of Sound,8964896,4:03
Francesco Yates,Sugar (Acoustic),Recover,2016,Ministry Of Sound,8964896,3:29
"Swedish House Mafia, John Martin (9)",Don't You Worry Child (Acoustic),Recover,2016,Ministry Of Sound,8964896,4:17
"Fresh, Ella Eyre",Gravity (Acoustic),Recover,2016,Ministry Of Sound,8964896,2:51
Sigala,Easy Love (Acoustic),Recover,2016,Ministry Of Sound,8964896,3:45
Kwabs,Gecko (Overdrive) (Live & Acoustic),Recover,2016,Ministry Of Sound,8964896,2:49
Bruno Mars,Grenade (Acoustic),Recover,2016,Ministry Of Sound,8964896,4:09
Ellie Goulding,Love Me Like You Do (Acoustic),Recover,2016,Ministry Of Sound,8964896,4:15
"Naughty Boy (3), Tanika (4)",Get Lucky,Recover,2016,Ministry Of Sound,8964896,4:17
Ella Eyre,Waiting All Night (Acoustic),Recover,2016,Ministry Of Sound,8964896,3:26
Florence And The Machine,Shake It Out (Acoustic),Recover,2016,Ministry Of Sound,8964896,4:12
Jessie Ware,Running (Acoustic),Recover,2016,Ministry Of Sound,8964896,3:56
James Morrison (2),Man In The Mirror (Acoustic),Recover,2016,Ministry Of Sound,8964896,4:04
Aloe Blacc,Wake Me Up (Acoustic),Recover,2016,Ministry Of Sound,8964896,3:45
James Vincent McMorrow,Wicked Game,Recover,2016,Ministry Of Sound,8964896,4:31
Rae Morris,Grounded (Acoustic),Recover,2016,Ministry Of Sound,8964896,4:01
Barry White,"Can't Get Enough Of Your Love, Babe",Smooth Grooves,2016,Ministry Of Sound,8404323,
Cheryl Lynn,To Be Real,Smooth Grooves,2016,Ministry Of Sound,8404323,
The Jacksons,Show You The Way To Go,Smooth Grooves,2016,Ministry Of Sound,8404323,
Toto,Georgy Porgy,Smooth Grooves,2016,Ministry Of Sound,8404323,
Alicia Myers,I Want To Thank You,Smooth Grooves,2016,Ministry Of Sound,8404323,
Kool & The Gang,Fresh,Smooth Grooves,2016,Ministry Of Sound,8404323,
Young Disciples,Apparently Nothing,Smooth Grooves,2016,Ministry Of Sound,8404323,
René & Angela,I'll Be Good,Smooth Grooves,2016,Ministry Of Sound,8404323,
Aretha Franklin,Who's Zooming Who?,Smooth Grooves,2016,Ministry Of Sound,8404323,
Omar,Theres Nothing Like This,Smooth Grooves,2016,Ministry Of Sound,8404323,
"Craig David, Big Narstie",When The Bassline Drops (Todd Terry Remix),Ministry Of House,2016,Ministry Of Sound,8451406,
"Disclosure (3), Lorde",Magnets (A-Trak Remix),Ministry Of House,2016,Ministry Of Sound,8451406,
"The Chainsmokers, ROZES",Roses (The Him Remix),Ministry Of House,2016,Ministry Of Sound,8451406,
Oliver Heldens,Shades Of Grey (Nora En Pure Remix),Ministry Of House,2016,Ministry Of Sound,8451406,
Michael Mandal,I Don't Know,Ministry Of House,2016,Ministry Of Sound,8451406,
Danny L Harle,Broken Flowers (DJ Q Remix),Ministry Of House,2016,Ministry Of Sound,8451406,
"EDX, Mingue",Missing,Ministry Of House,2016,Ministry Of Sound,8451406,
"Sigala, Imani Williams, Fresh",Say You Do (Blinkie Vs Sigala Remix),Ministry Of House,2016,Ministry Of Sound,8451406,
"David Guetta, Sia, Fetty Wap",Bang My Head (Robin Schulz Remix),Ministry Of House,2016,Ministry Of Sound,8451406,
"AlunaGeorge, Popcaan",I'm In Control (The Magician Remix),Ministry Of House,2016,Ministry Of Sound,8451406,
"Ferreck Dawn, Franky Rizardo, Torica",Baby Slow Down,Ministry Of House,2016,Ministry Of Sound,8451406,
Anne-Marie,Do It Right (Blinkie Remix),Ministry Of House,2016,Ministry Of Sound,8451406,
"Yolanda Be Cool, DCUP",From Me To You,Ministry Of House,2016,Ministry Of Sound,8451406,
"Disclosure (3), Sam Smith (12)",Omen (Claptone Remix),Ministry Of House,2016,Ministry Of Sound,8451406,
"Oliver Heldens, RUMORS (4)",Ghost,Ministry Of House,2016,Ministry Of Sound,8451406,
"Eats Everything, Green Velvet",The Duster,Ministry Of House,2016,Ministry Of Sound,8451406,
Tom Zanetti,Darlin',Ministry Of House,2016,Ministry Of Sound,8451406,
The Weeknd,Can't Feel My Face,The Mix,2016,Ministry Of Sound,8507459,
"Mark Ronson, Bruno Mars",Uptown Funk,The Mix,2016,Ministry Of Sound,8507459,
Ellie Goulding,Army (Mike Mago Remix),The Mix,2016,Ministry Of Sound,8507459,
"Sigma (8), Shakka",Lost Away,The Mix,2016,Ministry Of Sound,8507459,
Grace (71),You Don't Own Me (Shaun Frank Remix),The Mix,2016,Ministry Of Sound,8507459,
Fleur East,Sax (Steve Smart Remix),The Mix,2016,Ministry Of Sound,8507459,
Little Mix,Black Magic (Cahill Remix),The Mix,2016,Ministry Of Sound,8507459,
"Rita Ora, Chris Brown (4)",Body On Me (Zac Samuel Remix Edit),The Mix,2016,Ministry Of Sound,8507459,
Sia,Elastic Heart (Steve Pitron & Max Sanna Radio Mix),The Mix,2016,Ministry Of Sound,8507459,
Avicii,Hey Brother,The Mix,2016,Ministry Of Sound,8507459,
"Snakehips, Tinashe (2), Chance The Rapper, Oliver Dickinson",All My Friends (99 Souls Remix),The Mix,2016,Ministry Of Sound,8507459,
"Kygo, Ella Henderson",Here For You,The Mix,2016,Ministry Of Sound,8507459,
"Tinie Tempah, Jess Glynne",Not Letting Go,The Mix,2016,Ministry Of Sound,8507459,
Jason Derulo,Want To Want Me (Westfunk Remix),The Mix,2016,Ministry Of Sound,8507459,
"Rudimental, Ed Sheeran",Lay It All On Me (Sultan + Shepard Remix),The Mix,2016,Ministry Of Sound,8507459,
"Nick Brewer (3), Bibi Bourelly",Talk To Me,The Mix,2016,Ministry Of Sound,8507459,
Years & Years,Eyes Shut (Danny Dove Remix),The Mix,2016,Ministry Of Sound,8507459,
"Sam Feldt, Kimberly Anne",Show Me Love (EDX Remix),The Mix,2016,Ministry Of Sound,8507459,
Fuse ODG,Antenna,The Mix,2016,Ministry Of Sound,8507459,
K. Stewart (2),Be Without You (Digital Farm Animals Remix),The Mix,2016,Ministry Of Sound,8507459,
Ella Henderson,Ghost (Oliver Nelson Remix),The Mix,2016,Ministry Of Sound,8507459,
"Icarus (16), Aurora (16)",Home,The Mix,2016,Ministry Of Sound,8507459,
"Lee Walker (4), DJ Deeon",Freak Like Me (Armand Van Helden Remix),I Love Summer,2016,Ministry Of Sound,8971391,
Alan Walker (9),Faded (Tiësto's Deep House Remix),I Love Summer,2016,Ministry Of Sound,8971391,
"Philip George (5), Dragonette",Feel This Way,I Love Summer,2016,Ministry Of Sound,8971391,
Sweet Female Attitude,Flowers (Sunship Edit),I Love Summer,2016,Ministry Of Sound,8971391,
"David Guetta, Sia, Fetty Wap",Bang My Head,I Love Summer,2016,Ministry Of Sound,8971391,
Rosie Gaines,Closer Than Close (Mentor Mix),I Love Summer,2016,Ministry Of Sound,8971391,
Sigala,Easy Love (Faiir Remix),Tropical House,2016,Ministry Of Sound,9352364,4:08
Ninetoes,Finder (The Path),Tropical House,2016,Ministry Of Sound,9352364,2:55
Tez Cadey,Seve,Tropical House,2016,Ministry Of Sound,9352364,3:10
"Sigala, John Newman (5), Nile Rodgers",Give Me Your Love (The Rooftop Boys Remix),Tropical House,2016,Ministry Of Sound,9352364,3:35
"Filous, James Hersey",How Hard I Try,Tropical House,2016,Ministry Of Sound,9352364,3:11
"Klingande, Broken Back",Riva (Restart The Game),Tropical House,2016,Ministry Of Sound,9352364,3:00
Tom Odell,Another Love (Zwette Remix Radio Edit),Tropical House,2016,Ministry Of Sound,9352364,3:38
Justin Timberlake,Señorita,Throwback Summer Jamz,2016,Ministry Of Sound,9676732,
"Joe, G-Unit",Ride Wit U,Throwback Summer Jamz,2016,Ministry Of Sound,9676732,
"Jennifer Lopez, Fabolous",Get Right,Throwback Summer Jamz,2016,Ministry Of Sound,9676732,
Next (2),Wifey,Throwback Summer Jamz,2016,Ministry Of Sound,9676732,
"Jagged Edge (2), Nelly",Where The Party At,Throwback Summer Jamz,2016,Ministry Of Sound,9676732,
"B2K, Fabolous",Badaboom,Throwback Summer Jamz,2016,Ministry Of Sound,9676732,
"Shaggy, Ricardo ""Rik Rok"" Ducent",It Wasn't Me,Throwback Summer Jamz,2016,Ministry Of Sound,9676732,
Kevin Lyttle,Turn Me On,Throwback Summer Jamz,2016,Ministry Of Sound,9676732,
Sean Paul,Like Glue,Throwback Summer Jamz,2016,Ministry Of Sound,9676732,
Chaka Demus & Pliers,Murder She Wrote,Throwback Summer Jamz,2016,Ministry Of Sound,9676732,
Serani,No Games,Throwback Summer Jamz,2016,Ministry Of Sound,9676732,
Collie Buddz,Marmacita,Throwback Summer Jamz,2016,Ministry Of Sound,9676732,
Tanto Metro & Devonte,Everyone Falls In Love,Throwback Summer Jamz,2016,Ministry Of Sound,9676732,
Gyptian,Hold Yuh,Throwback Summer Jamz,2016,Ministry Of Sound,9676732,
Chaka Demus & Pliers,Tease Me,Throwback Summer Jamz,2016,Ministry Of Sound,9676732,
"Santana, The Product G&B",Maria Maria,Throwback Summer Jamz,2016,Ministry Of Sound,9676732,
"*NSYNC, Nelly",Girlfriend (The Neptunes Remix),Throwback Summer Jamz,2016,Ministry Of Sound,9676732,
"Jennifer Lopez, Ja Rule",I'm Real (Murder Remix),Throwback Summer Jamz,2016,Ministry Of Sound,9676732,
SWV,Right Here,Throwback Summer Jamz,2016,Ministry Of Sound,9676732,
Salt 'N' Pepa,Shoop,Throwback Summer Jamz,2016,Ministry Of Sound,9676732,
Ne-Yo,Miss Independent,Throwback Summer Jamz,2016,Ministry Of Sound,9676732,
Mya,My Love Is Like... Wo,Throwback Summer Jamz,2016,Ministry Of Sound,9676732,
Lucy Pearl,Don't Mess With My Man,Throwback Summer Jamz,2016,Ministry Of Sound,9676732,
Mary J. Blige,Real Love,Throwback Summer Jamz,2016,Ministry Of Sound,9676732,
"3LW, Sean Hall",No More (Baby I'ma Do Right),Throwback Summer Jamz,2016,Ministry Of Sound,9676732,
"G-Unit, Joe",Wanna Get To Know You,Throwback Summer Jamz,2016,Ministry Of Sound,9676732,
"Sia, Sean Paul",Cheap Thrills,Good Vibes,2016,Ministry Of Sound,10271872,
Pharrell Williams,Happy,Good Vibes,2016,Ministry Of Sound,10271872,
DNCE,Cake By The Ocean,Good Vibes,2016,Ministry Of Sound,10271872,
"Flo Rida, Verdine White","I Don't Like It, I Love It",Good Vibes,2016,Ministry Of Sound,10271872,
"Fifth Harmony, Ty$",Work From Home,Good Vibes,2016,Ministry Of Sound,10271872,
Dua Lipa,Hotter Than Hell,Good Vibes,2016,Ministry Of Sound,10271872,
Justin Timberlake,Rock Your Body,Good Vibes,2016,Ministry Of Sound,10271872,
"Usher, Juicy J",I Don't Mind,Good Vibes,2016,Ministry Of Sound,10271872,
Aloe Blacc,The Man,Good Vibes,2016,Ministry Of Sound,10271872,
Emeli Sandé,Next To Me,Good Vibes,2016,Ministry Of Sound,10271872,
Alicia Keys,No One,Good Vibes,2016,Ministry Of Sound,10271872,
Ellie Goulding,Lights,Good Vibes,2016,Ministry Of Sound,10271872,
Labrinth,Let The Sun Shine,Good Vibes,2016,Ministry Of Sound,10271872,
"Calvin Harris, Ayah Marar",Thinking About You,Good Vibes,2016,Ministry Of Sound,10271872,
Shawn Mendes,Treat You Better,Good Vibes,2016,Ministry Of Sound,10271872,
Maroon 5,Sugar,Good Vibes,2016,Ministry Of Sound,10271872,
OneRepublic,Counting Stars,Good Vibes,2016,Ministry Of Sound,10271872,
Walk The Moon (2),Shut Up And Dance,Good Vibes,2016,Ministry Of Sound,10271872,
Train (2),Drive By,Good Vibes,2016,Ministry Of Sound,10271872,
George Ezra,Blame It On Me,Good Vibes,2016,Ministry Of Sound,10271872,
The Lumineers,Ho Hey,Good Vibes,2016,Ministry Of Sound,10271872,
Jodie Abacus,I'll Be That Friend,Good Vibes,2016,Ministry Of Sound,10271872,
MKTO,Classic,Good Vibes,2016,Ministry Of Sound,10271872,
Toploader,Dancing In The Moonlight,Good Vibes,2016,Ministry Of Sound,10271872,
Irene Cara,Flashdance...What A Feeling (Flashdance),Eighties Block Busters,2016,Ministry Of Sound,9428861,3:50
Joe Esposito,You're The Best (Karate Kid),Eighties Block Busters,2016,Ministry Of Sound,9428861,2:56
"Philip Oakey, Giorgio Moroder",Together In Electric Dreams (Electric Dreams),Eighties Block Busters,2016,Ministry Of Sound,9428861,3:45
Wang Chung,Dance Hall Days (The Sure Thing),Eighties Block Busters,2016,Ministry Of Sound,9428861,3:54
Jan Hammer,Crockett's Theme (Miami Vice),Eighties Block Busters,2016,Ministry Of Sound,9428861,3:21
Gerard McMann,Cry Little Sister (The Lost Boys),Eighties Block Busters,2016,Ministry Of Sound,9428861,4:43
Four Tops,Loco In Acapulco (Buster),Eighties Block Busters,2016,Ministry Of Sound,9428861,3:28
Cyndi Lauper,"The Goonies ""R"" Good Enough (The Goonies)",Eighties Block Busters,2016,Ministry Of Sound,9428861,3:36
The Trashmen,Surfin' Bird (Full Metal Jacket),Eighties Block Busters,2016,Ministry Of Sound,9428861,2:15
James Brown,Living In America (Rocky IV),Eighties Block Busters,2016,Ministry Of Sound,9428861,4:41
Billy Ocean,"When The Going Gets Tough, The Tough Get Going (The Jewel Of The Nile)",Eighties Block Busters,2016,Ministry Of Sound,9428861,3:00
John Parr,St Elmo's Fire (St Elmo's Fire),Eighties Block Busters,2016,Ministry Of Sound,9428861,4:10
Pointer Sisters,Neutron Dance (Beverley Hills Cop),Eighties Block Busters,2016,Ministry Of Sound,9428861,4:10
Carly Simon,Why (Soup For One),Eighties Block Busters,2016,Ministry Of Sound,9428861,3:34
Irene Cara,Fame (Fame),Eighties Block Busters,2016,Ministry Of Sound,9428861,3:44
Aretha Franklin,Think (The Blues Brothers),Eighties Block Busters,2016,Ministry Of Sound,9428861,2:14
"Patrick Swayze, Wendy Fraser",She's Like The Wind (Dirty Dancing),Eighties Block Busters,2016,Ministry Of Sound,9428861,3:51
Dan Hartman,I Can Dream About You (Streets Of Fire),Eighties Block Busters,2016,Ministry Of Sound,9428861,4:06
Christopher Cross,Arthur's Theme (Best That You Can Do) (Arthur),Eighties Block Busters,2016,Ministry Of Sound,9428861,3:49
Echo & The Bunnymen,People Are Strange (The Lost Boys),Eighties Block Busters,2016,Ministry Of Sound,9428861,3:35
Phil Phillips With The Twilights,Sea Of Love (Sea Of Love),Eighties Block Busters,2016,Ministry Of Sound,9428861,2:21
Cab Calloway And His Orchestra,Minnie The Moocher (Theme Song) (The Blues Brothers),Eighties Block Busters,2016,Ministry Of Sound,9428861,3:13
"John Carpenter, Alan Howarth",Escape From New York (Main Title) (Escape From New York),Eighties Block Busters,2016,Ministry Of Sound,9428861,3:34
Tangerine Dream,Love On A Real Train (Risky Business),Eighties Block Busters,2016,Ministry Of Sound,9428861,3:54
Pete Moore,Asteroid (Pearl & Dean Theme),Eighties Block Busters,2016,Ministry Of Sound,9428861,0:08
Missy Elliott,Work It,Throwback Party Jamz,2016,Ministry Of Sound,9441168,4:10
Fat Joe,What's Luv?,Throwback Party Jamz,2016,Ministry Of Sound,9441168,3:09
Notorious B.I.G.,Hyponotize,Throwback Party Jamz,2016,Ministry Of Sound,9441168,3:42
Ol' Dirty Bastard,Got Your Money,Throwback Party Jamz,2016,Ministry Of Sound,9441168,3:27
Bobby Brown,My Prerogative,Throwback Party Jamz,2016,Ministry Of Sound,9441168,4:12
Color Me Badd,I Wanna Sex You Up,Throwback Party Jamz,2016,Ministry Of Sound,9441168,3:39
MN8,I've Got A Little Something For You,Throwback Party Jamz,2016,Ministry Of Sound,9441168,3:27
Vanilla Ice,Ice Ice Baby,Throwback Party Jamz,2016,Ministry Of Sound,9441168,3:24
Jon B,Don't Talk,Throwback Party Jamz,2016,Ministry Of Sound,9441168,3:30
Nivea,Don't Mess With My Man,Throwback Party Jamz,2016,Ministry Of Sound,9441168,3:45
DJ Jazzy Jeff & The Fresh Prince,Boom! Shake The Room,Throwback Party Jamz,2016,Ministry Of Sound,9441168,3:52
K7,Come Baby Come,Throwback Party Jamz,2016,Ministry Of Sound,9441168,3:38
Redman,Let's Get Dirty (I Can't Get In Da Club),Throwback Party Jamz,2016,Ministry Of Sound,9441168,3:40
Erick Sermon,React,Throwback Party Jamz,2016,Ministry Of Sound,9441168,3:31
DMX,Party Up,Throwback Party Jamz,2016,Ministry Of Sound,9441168,4:29
Afrika Bambaataa & Soulsonic Force,Don't Stop Planet Rock,Throwback Party Jamz,2016,Ministry Of Sound,9441168,4:20
Sugarhill Gang,Apache (Jump On It),Throwback Party Jamz,2016,Ministry Of Sound,9441168,3:58
Jennifer Lopez,Jenny From The Block (Bronx Remix),Throwback Party Jamz,2016,Ministry Of Sound,9441168,2:38
Usher,Pop Ya Collar,Throwback Party Jamz,2016,Ministry Of Sound,9441168,3:25
Kelly Rowland,Can't Nobody,Throwback Party Jamz,2016,Ministry Of Sound,9441168,3:28
Chris Brown (4),Run It!,Throwback Party Jamz,2016,Ministry Of Sound,9441168,3:53
Blu Cantrell,Breathe,Throwback Party Jamz,2016,Ministry Of Sound,9441168,3:49
Ja Rule,Put It On Me,Throwback Party Jamz,2016,Ministry Of Sound,9441168,3:47
Blackstreet,No Diggity,Throwback Party Jamz,2016,Ministry Of Sound,9441168,4:21
112,Only You (Bad Boy Remix),Throwback Party Jamz,2016,Ministry Of Sound,9441168,4:29
Lucy Pearl,Dance Tonight,Throwback Party Jamz,2016,Ministry Of Sound,9441168,3:21
Alex Party,Don't Give Me Your Life (Alex Party Classic Mix),I Love 90s,2016,Ministry Of Sound,9416570,
Urban Cookie Collective,"The Key, The Secret (Dancing Divaz 7"" Edit)",I Love 90s,2016,Ministry Of Sound,9416570,
K-Klass,Let Me Show You,I Love 90s,2016,Ministry Of Sound,9416570,
"Todd Terry, Martha Wash, Jocelyn Brown",Something's Goin' On (Tee's Radio Edit),I Love 90s,2016,Ministry Of Sound,9416570,
"Sigala, Digital Farm Animals",Only One,Weekend Goals,2017,Ministry Of Sound,14079679,
"Tom Zanetti, Sadie Ama",You Want Me,Weekend Goals,2017,Ministry Of Sound,14079679,
Craig David,Change My Love (Tough Love Remix),Weekend Goals,2017,Ministry Of Sound,14079679,
"Galantis, Hook N Sling",Love On Me,Weekend Goals,2017,Ministry Of Sound,14079679,
Dua Lipa,Blow Your Mind (Mwah) (Night Moves Remix),Weekend Goals,2017,Ministry Of Sound,14079679,
Ellie Goulding,Still Falling For You (Jonas Blue Remix),Weekend Goals,2017,Ministry Of Sound,14079679,
Years & Years,Meteorite (TIEKS Remix),Weekend Goals,2017,Ministry Of Sound,14079679,
"2Play, Christian Jules",She's Got That Vibe,Weekend Goals,2017,Ministry Of Sound,14079679,
"JKAY (2), Shola Ama",Danger,Weekend Goals,2017,Ministry Of Sound,14079679,
Kölsch,Grey,Weekend Goals,2017,Ministry Of Sound,14079679,
Zara Larsson,Ain't My Fault (R3hab Remix),Weekend Goals,2017,Ministry Of Sound,14079679,
Craig David,16,Weekend Goals,2017,Ministry Of Sound,14079679,
"Kideko, George Kwali, Nadia Rose, Sweetie Irie",Crank It (Whoa!),Weekend Goals,2017,Ministry Of Sound,14079679,
John Newman (5),Olé (Blonde Remix),Weekend Goals,2017,Ministry Of Sound,14079679,
"AlunaGeorge, Leikeli47, Dreezy",Mean What I Mean (Flava D Remix),Weekend Goals,2017,Ministry Of Sound,14079679,
"Joe Stone (5), Ferreck Dawn",Man Enough,Weekend Goals,2017,Ministry Of Sound,14079679,
"Jenaux, Bryn Christopher",I Want Your Love,Weekend Goals,2017,Ministry Of Sound,14079679,
"Cadenza (3), Jorja Smith, Dre Island",People (DJ Zinc Remix),Weekend Goals,2017,Ministry Of Sound,14079679,
"Wilkinson (4), Karen Harding",Sweet Lies,Weekend Goals,2017,Ministry Of Sound,14079679,
"The Chainsmokers, Halsey",Closer,Weekend Goals,2017,Ministry Of Sound,14079679,
Louisa Johnson,So Good (Alex Adair Remix),Weekend Goals,2017,Ministry Of Sound,14079679,
"Kungs, Julia Michaels",Carry Me,Weekend Goals,2017,Ministry Of Sound,14079679,
"Snakehips, ZAYN (3)",Cruel,Weekend Goals,2017,Ministry Of Sound,14079679,
Kattison,Up And Down,Weekend Goals,2017,Ministry Of Sound,14079679,
"DJ Tiësto, John Legend",Summer Nights,Weekend Goals,2017,Ministry Of Sound,14079679,
Campsite Dream,No Diggity,Weekend Goals,2017,Ministry Of Sound,14079679,
Gavin James,Nervous - The Ooh Song (Mark McCabe Remix),Weekend Goals,2017,Ministry Of Sound,14079679,
Destiny's Child,Cater 2 U,R&B Mixtape,2017,Ministry Of Sound,11020681,
"Usher, Alicia Keys",My Boo,R&B Mixtape,2017,Ministry Of Sound,11020681,
Justin Timberlake,Cry Me A River,R&B Mixtape,2017,Ministry Of Sound,11020681,
Craig David,Rendezvous,R&B Mixtape,2017,Ministry Of Sound,11020681,
Ne-Yo,Sexy Love,R&B Mixtape,2017,Ministry Of Sound,11020681,
"Rita Ora, Chris Brown (4)",Body On Me,R&B Mixtape,2017,Ministry Of Sound,11020681,
"Bow Wow, Omarion",Let Me Hold You,R&B Mixtape,2017,Ministry Of Sound,11020681,
Bobby Valentino (2),Tell Me,R&B Mixtape,2017,Ministry Of Sound,11020681,
J. Holiday,Bed,R&B Mixtape,2017,Ministry Of Sound,11020681,
Justin Bieber,Company,R&B Mixtape,2017,Ministry Of Sound,11020681,
Bryson Tiller,Don't,R&B Mixtape,2017,Ministry Of Sound,11020681,
Michael Jackson,You Are Not Alone,R&B Mixtape,2017,Ministry Of Sound,11020681,
R. Kelly,I Believe I Can Fly,R&B Mixtape,2017,Ministry Of Sound,11020681,
Alicia Keys,If I Ain't Got You,R&B Mixtape,2017,Ministry Of Sound,11020681,
Justin Timberlake,Worthy Of,R&B Mixtape,2017,Ministry Of Sound,11020681,
Joe,I Wanna Know,R&B Mixtape,2017,Ministry Of Sound,11020681,
Brandy (2),Have You Ever,R&B Mixtape,2017,Ministry Of Sound,11020681,
Jagged Edge (2),Walked Outta Heaven,R&B Mixtape,2017,Ministry Of Sound,11020681,
Ginuwine,Differences,R&B Mixtape,2017,Ministry Of Sound,11020681,
LL Cool J,Loungin (Who Do Ya Luv),R&B Mixtape,2017,Ministry Of Sound,11020681,
Aaliyah,Age Ain't Nothing But A Number,R&B Mixtape,2017,Ministry Of Sound,11020681,
3T,Anything,R&B Mixtape,2017,Ministry Of Sound,11020681,
Blackstreet,Before I Let You Go,R&B Mixtape,2017,Ministry Of Sound,11020681,
Jon B,They Don't Know,R&B Mixtape,2017,Ministry Of Sound,11020681,
Ray J,One Wish,R&B Mixtape,2017,Ministry Of Sound,11020681,
Case,Missing You,R&B Mixtape,2017,Ministry Of Sound,11020681,
City High,Caramel,R&B Mixtape,2017,Ministry Of Sound,11020681,
Keyshia Cole,Love,R&B Mixtape,2017,Ministry Of Sound,11020681,
Jazmine Sullivan,"Lions, Tigers & Bears",R&B Mixtape,2017,Ministry Of Sound,11020681,
Maxwell,Pretty Wings,R&B Mixtape,2017,Ministry Of Sound,11020681,
Jill Scott,Golden,R&B Mixtape,2017,Ministry Of Sound,11020681,
Teedra Moses,Be Your Girl,R&B Mixtape,2017,Ministry Of Sound,11020681,
Faith Evans,I Love You,R&B Mixtape,2017,Ministry Of Sound,11020681,
D'Angelo,Brown Sugar,R&B Mixtape,2017,Ministry Of Sound,11020681,
Energy 52,Cafe Del Mar,I Love Trance,2017,Ministry Of Sound,9822752,3:48
Zombie Nation,Kemkraft 400,I Love Trance,2017,Ministry Of Sound,9822752,3:19
Public Domain,Operation Blade (Bass In The Place...),I Love Trance,2017,Ministry Of Sound,9822752,3:03
Mauro Picotto,Lizard (Gonna Get You),I Love Trance,2017,Ministry Of Sound,9822752,3:36
Nadia Ali,Rapture (Avicii New Generation Short Radio Edit),I Love Trance,2017,Ministry Of Sound,9822752,3:49
Aurora,Ordinary World,I Love Trance,2017,Ministry Of Sound,9822752,4:31
"Above & Beyond, OceanLab",Satellite,I Love Trance,2017,Ministry Of Sound,9822752,3:22
Ayla,Ayla (DJ Taucher Radio Edit),I Love Trance,2017,Ministry Of Sound,9822752,3:58
"LiTek, Tom Zanetti, Curtis Clacey",Uber,Sleepin Is Cheatin,2017,Ministry Of Sound,11160128,
"Riton, Kah-Lo, Mr Eazi, Davido",Money (Tom Zanetti & K.O Kane SIC Edit),Sleepin Is Cheatin,2017,Ministry Of Sound,11160128,
"Artful Dodger, Robbie Craig, Craig David",Woman Trouble (Long & Harris Remix),Sleepin Is Cheatin,2017,Ministry Of Sound,11160128,
Blinkie (4),Don't Give Up (On Love) (Tom Zanetti & K.O Kane Remix),Sleepin Is Cheatin,2017,Ministry Of Sound,11160128,
Kristine Blond,Love Shy (James Hype Remix),Sleepin Is Cheatin,2017,Ministry Of Sound,11160128,
"Gorgon City, Katy Menditta",Imagination (Weiss Remix),Sleepin Is Cheatin,2017,Ministry Of Sound,11160128,
"DJ Zinc, Shift K3Y",Jumpstart,Sleepin Is Cheatin,2017,Ministry Of Sound,11160128,
Redlight (4),New Flows,Sleepin Is Cheatin,2017,Ministry Of Sound,11160128,
Tom Zanetti,Darlin' (Chris Lorenzo VIP Remix),Sleepin Is Cheatin,2017,Ministry Of Sound,11160128,
Marc Kinchen,Burning (Vibe Mix Edit),Sleepin Is Cheatin,2017,Ministry Of Sound,11160128,
"DJ Cameo, Myles (6), Gavin Francis",What I Need,Sleepin Is Cheatin,2017,Ministry Of Sound,11160128,
"Lee Walker (4), DJ Deeon",Freak Like Me (DJ Deeon Vs Lee Walker Remix),Sleepin Is Cheatin,2017,Ministry Of Sound,11160128,
"Tom Zanetti, K.O Kane",Stand By Me,Sleepin Is Cheatin,2017,Ministry Of Sound,11160128,
Rag'n'Bone Man,Human,Anthemic,2017,Ministry Of Sound,10399687,
Coldplay,Hymn For The Weekend,Anthemic,2017,Ministry Of Sound,10399687,
James Arthur (2),Safe Inside,Anthemic,2017,Ministry Of Sound,10399687,
Sia,Chandelier,Anthemic,2017,Ministry Of Sound,10399687,
"Fun., Janelle Monáe",We Are Young,Anthemic,2017,Ministry Of Sound,10399687,
James Bay,Hold Back The River,Anthemic,2017,Ministry Of Sound,10399687,
Paolo Nutini,Iron Sky,Anthemic,2017,Ministry Of Sound,10399687,
John Legend,Love Me Now,Anthemic,2017,Ministry Of Sound,10399687,
Pharrell Williams,Freedom,Anthemic,2017,Ministry Of Sound,10399687,
Alicia Keys,"Empire State Of Mind, Pt. II (Broken Down)",Anthemic,2017,Ministry Of Sound,10399687,
Paloma Faith,Only Love Can Hurt Like This,Anthemic,2017,Ministry Of Sound,10399687,
Robbie Williams,Love My Life,Anthemic,2017,Ministry Of Sound,10399687,
Shawn Mendes,Mercy,Anthemic,2017,Ministry Of Sound,10399687,
Lukas Graham,7 Years,Anthemic,2017,Ministry Of Sound,10399687,
Tom Walker (12),Play Dead,Anthemic,2017,Ministry Of Sound,10399687,
Coldplay,Paradise,Anthemic,2017,Ministry Of Sound,10399687,
Bruno Mars,Locked Out Of Heaven,Anthemic,2017,Ministry Of Sound,10399687,
Rag'n'Bone Man,Skin,Anthemic,2017,Ministry Of Sound,10399687,
Christine And The Queens,Tilted,Anthemic,2017,Ministry Of Sound,10399687,
Jess Glynne,Take Me Home,Anthemic,2017,Ministry Of Sound,10399687,
The 1975,The Sound,Anthemic,2017,Ministry Of Sound,10399687,
James Arthur (2),Impossible,Anthemic,2017,Ministry Of Sound,10399687,
"P!NK, Nate Ruess",Just Give Me A Reason,Anthemic,2017,Ministry Of Sound,10399687,
"Naughty Boy (3), Emeli Sandé",Lifted,Anthemic,2017,Ministry Of Sound,10399687,
Birdy (8),Keeping Your Head Up,Anthemic,2017,Ministry Of Sound,10399687,
The Script,Superheroes,Anthemic,2017,Ministry Of Sound,10399687,
Kodaline,All I Want,Anthemic,2017,Ministry Of Sound,10399687,
Kwabs,Walk,Anthemic,2017,Ministry Of Sound,10399687,
Jungle (12),Busy Earnin',Anthemic,2017,Ministry Of Sound,10399687,
Beth (16),Paris (Candlelight Mix),Recover 2017,2017,Ministry Of Sound,11135666,
Rag'n'Bone Man,Skin (BBC Live Version),Recover 2017,2017,Ministry Of Sound,11135666,
Matt Johnson (49),Shape Of You (Acoustic),Recover 2017,2017,Ministry Of Sound,11135666,
Nicole Cross,Something Just Like This,Recover 2017,2017,Ministry Of Sound,11135666,
Grace Grundy,Call On Me (Acoustic),Recover 2017,2017,Ministry Of Sound,11135666,
"Hailee Steinfeld, Grey (28), Zedd",Starving (Acoustic),Recover 2017,2017,Ministry Of Sound,11135666,
The Mayries,Rockabye (Acoustic Version),Recover 2017,2017,Ministry Of Sound,11135666,
"Robin Schulz, David Guetta, Cheat Codes",Shed A Light (Acoustic Version),Recover 2017,2017,Ministry Of Sound,11135666,
"Alex Ross (12), Dakota (19), T-Pain",Dreams (Acoustic Mix),Recover 2017,2017,Ministry Of Sound,11135666,
"Clean Bandit, Louisa Johnson",Tears (Acoustic Piano Version),Recover 2017,2017,Ministry Of Sound,11135666,
Anne-Marie,Alarm (Acoustic Version),Recover 2017,2017,Ministry Of Sound,11135666,
Craig David,Ain't Giving Up (Acoustic),Recover 2017,2017,Ministry Of Sound,11135666,
"Zedd, Foxes",Clarity (Zedd Union Mix),Recover 2017,2017,Ministry Of Sound,11135666,
"Matoma, Becky Hill",False Alarm (Acoustic Version),Recover 2017,2017,Ministry Of Sound,11135666,
Past Midnight,Solo Dance,Recover 2017,2017,Ministry Of Sound,11135666,
Imani Williams,Don't Need No Money (Acoustic),Recover 2017,2017,Ministry Of Sound,11135666,
"Gorgon City, Elderbrook",Smile (Acoustic),Recover 2017,2017,Ministry Of Sound,11135666,
"JKAY (2), Shola Ama",Danger (Acoustic),Recover 2017,2017,Ministry Of Sound,11135666,
"Zac Samuel, Moon Willis, Tayá",Never Letting Go (Acoustic),Recover 2017,2017,Ministry Of Sound,11135666,
Rag'n'Bone Man,Human (Acoustic),Recover 2017,2017,Ministry Of Sound,11135666,
Sara Farell,It Ain't Me (Acoustic),Recover 2017,2017,Ministry Of Sound,11135666,
Grace Grundy,Sexual,Recover 2017,2017,Ministry Of Sound,11135666,
Justin Bieber,What Do You Mean? (Acoustic),Recover 2017,2017,Ministry Of Sound,11135666,
Louisa Johnson,So Good (Acoustic),Recover 2017,2017,Ministry Of Sound,11135666,
Dua Lipa,Be The One (Acoustic),Recover 2017,2017,Ministry Of Sound,11135666,
"Jonas Blue, JP Cooper",Perfect Strangers (Acoustic),Recover 2017,2017,Ministry Of Sound,11135666,
Calum Scott,Dancing On My Own (Acoustic),Recover 2017,2017,Ministry Of Sound,11135666,
Ward Thomas,Shine,Recover 2017,2017,Ministry Of Sound,11135666,
Matt Johnson (49),My Way (Acoustic Live Lounge),Recover 2017,2017,Ministry Of Sound,11135666,
Nicole Andersson,One Dance,Recover 2017,2017,Ministry Of Sound,11135666,
The Mayries,Black Beatles,Recover 2017,2017,Ministry Of Sound,11135666,
"Tyler Ward, Two Worlds (3)",Watch Me (Whip/Nae Nae) (Acoustic Version),Recover 2017,2017,Ministry Of Sound,11135666,
M. The Heir Apparent,Middle,Recover 2017,2017,Ministry Of Sound,11135666,
"Cash Cash (3), Bebe Rexha",Take Me Home (Acoustic),Recover 2017,2017,Ministry Of Sound,11135666,
Colin & Caroline,Sorry,Recover 2017,2017,Ministry Of Sound,11135666,
Snoop Dogg,Who Am I (What's My Name),Throwback Hip Hop ,2017,Ministry Of Sound,14003442,
Coolio,Gangsta's Paradise,Throwback Hip Hop ,2017,Ministry Of Sound,14003442,
Jay-Z,Hard Knock Life  (The Ghetto Anthem),Throwback Hip Hop ,2017,Ministry Of Sound,14003442,
Redman,Let's Get Dirty (I Can't Get In The Club),Throwback Hip Hop ,2017,Ministry Of Sound,14003442,
Warren G,Regulate,Throwback Hip Hop ,2017,Ministry Of Sound,14003442,
Lord Tariq & Peter Gunz,Deja Vu (Uptown Baby),Throwback Hip Hop ,2017,Ministry Of Sound,14003442,
Lil' Kim,Crush On You,Throwback Hip Hop ,2017,Ministry Of Sound,14003442,
Craig Mack,Flava In Your Ear,Throwback Hip Hop ,2017,Ministry Of Sound,14003442,
Black Rob,Woah!,Throwback Hip Hop ,2017,Ministry Of Sound,14003442,
OutKast,Miss Jackson,Throwback Hip Hop ,2017,Ministry Of Sound,14003442,
Ja Rule,Livin' It Up,Throwback Hip Hop ,2017,Ministry Of Sound,14003442,
Chamillionaire,Ridin',Throwback Hip Hop ,2017,Ministry Of Sound,14003442,
Cam'ron,Oh Boy,Throwback Hip Hop ,2017,Ministry Of Sound,14003442,
Lil' Jon & The East Side Boyz,Get Low,Throwback Hip Hop ,2017,Ministry Of Sound,14003442,
Ludacris,Stand Up,Throwback Hip Hop ,2017,Ministry Of Sound,14003442,
T.I.,Bring Em Out,Throwback Hip Hop ,2017,Ministry Of Sound,14003442,
M.O.P.,Ante Up (Robin Hoodz Theory),Throwback Hip Hop ,2017,Ministry Of Sound,14003442,
Disciples (5),On My Mind,House Heads,2017,Ministry Of Sound,11278330,
"Sigala, Digital Farm Animals",Only One (Blonde Vs Sigala Remix),House Heads,2017,Ministry Of Sound,11278330,
Drew Hill (2),Talk To You (Groove Armada Radio Edit),House Heads,2017,Ministry Of Sound,11278330,
Calvin Harris,My Way (Offaiah Remix),House Heads,2017,Ministry Of Sound,11278330,
"Riton, Kah-Lo",Betta Riddim,House Heads,2017,Ministry Of Sound,11278330,
Shaggy,Boombastic,I Love Reggae,2017,Ministry Of Sound,11625418,
Dawn Penn,"You Don't Love Me (No, No, No)",I Love Reggae,2017,Ministry Of Sound,11625418,
Sasha (7),Dat Sexy Body,I Love Reggae,2017,Ministry Of Sound,11625418,
"Beenie Man, Ms. Thing",Dude,I Love Reggae,2017,Ministry Of Sound,11625418,
Elephant Man,Pon Di River,I Love Reggae,2017,Ministry Of Sound,11625418,
Mr. Vegas,Head High,I Love Reggae,2017,Ministry Of Sound,11625418,
Shabba Ranks,Ting-A-Ling,I Love Reggae,2017,Ministry Of Sound,11625418,
Collie Buddz,Mamacita,I Love Reggae,2017,Ministry Of Sound,11625418,
Rupee,Tempted To Touch,I Love Reggae,2017,Ministry Of Sound,11625418,
Aswad,Shine,I Love Reggae,2017,Ministry Of Sound,11625418,
Shaggy,Oh Carolina,I Love Reggae,2017,Ministry Of Sound,11625418,
OMI (13),Cheerleader,I Love Reggae,2017,Ministry Of Sound,11625418,
MAGIC!,Rude,I Love Reggae,2017,Ministry Of Sound,11625418,
China Black,Searching,I Love Reggae,2017,Ministry Of Sound,11625418,
"Red Dragon, Brian & Tony Gold",Compliments On Your Kiss,I Love Reggae,2017,Ministry Of Sound,11625418,
Musical Youth,Pass The Dutchie,I Love Reggae,2017,Ministry Of Sound,11625418,
"Pato Banton, The Reggae Revolution, Ali Campbell, Robin Campbell",Baby Come Back,I Love Reggae,2017,Ministry Of Sound,11625418,
Blue Lagoon (2),Break My Stride,I Love Reggae,2017,Ministry Of Sound,11625418,
Bobby McFerrin,Don't Worry Be Happy,I Love Reggae,2017,Ministry Of Sound,11625418,
Jimmy Cliff,"Wonderful World, Beautiful People",I Love Reggae,2017,Ministry Of Sound,11625418,
Desmond Dekker,You Can Get It If You Really Want,I Love Reggae,2017,Ministry Of Sound,11625418,
Johnny Nash,I Can See Clearly Now,I Love Reggae,2017,Ministry Of Sound,11625418,
10cc,Dreadlock Holiday,I Love Reggae,2017,Ministry Of Sound,11625418,
Sophia George,Girlie Girlie,I Love Reggae,2017,Ministry Of Sound,11625418,
Toots & The Maytals,54-46 That's My Number,I Love Reggae,2017,Ministry Of Sound,11625418,
UB40,Kingston Town,I Love Reggae,2017,Ministry Of Sound,11625418,
The Pioneers,Let Your Yeah Be Yeah,I Love Reggae,2017,Ministry Of Sound,11625418,
Nicky Thomas,Love Of The Common People,I Love Reggae,2017,Ministry Of Sound,11625418,
Faithless,Insomnia (Monster Radio Edit),Big Tunes,2017,Ministry Of Sound,13127079,3:26
The Prodigy,Breathe (Radio Edit),Big Tunes,2017,Ministry Of Sound,13127079,3:55
Roger Sanchez,Another Chance (Radio Edit),Big Tunes,2017,Ministry Of Sound,13127079,3:27
Tori Amos,Professional Widow (Armand Van Helden's Star Trunk Mix) (Radio Edit),Big Tunes,2017,Ministry Of Sound,13127079,3:43
"Fish Go Deep, Tracey K",The Cure & The Cause (Radio Edit),Big Tunes,2017,Ministry Of Sound,13127079,2:33
"Ian Van Dahl, Marsha",Castle In The Sky (Radio Mix),Big Tunes,2017,Ministry Of Sound,13127079,3:47
ATB,9 PM (Till I Come) (Radio Edit),Big Tunes,2017,Ministry Of Sound,13127079,3:11
"Run-DMC, Jason Nevins",It's Like That (Album Clean Version),Big Tunes,2017,Ministry Of Sound,13127079,4:02
Zombie Nation,Kernkraft 400 (UK Radio Edit),Big Tunes,2017,Ministry Of Sound,13127079,3:30
"Steve Angello, Laidback Luke, Robin S.",Show Me Love (Radio Edit),Big Tunes,2017,Ministry Of Sound,13127079,3:09
Eric Prydz,Pjando (Radio Edit),Big Tunes,2017,Ministry Of Sound,13127079,2:40
"Lana Del Rey, Cedric Gervais",Summertime Sadness (Cedric Gervais Remix Radio Edit),Big Tunes,2017,Ministry Of Sound,13127079,3:33
Sigala,Easy Love (Radio Edit),Big Tunes,2017,Ministry Of Sound,13127079,2:35
"Major Lazer, Afrojack, Vybz Kartel",Pon De Floor,Big Tunes,2017,Ministry Of Sound,13127079,3:32
"DJ Fresh, Rita Ora",Hot Right Now (Radio Edit),Big Tunes,2017,Ministry Of Sound,13127079,2:56
"Oliver Heldens, Becky Hill",Gecko (Overdrive) (Radio Edit),Big Tunes,2017,Ministry Of Sound,13127079,2:49
SecondCity,I Wanna Feel (Radio Edit),Big Tunes,2017,Ministry Of Sound,13127079,3:09
"Route 94, Jess Glynne",My Love (Jones),Big Tunes,2017,Ministry Of Sound,13127079,4:15
"KDA, Tinie Tempah, Katy B",Turn The Music Louder (Rumble) (Radio Edit),Big Tunes,2017,Ministry Of Sound,13127079,3:15
"Waze & Odyssey, R. Kelly",Bump & Grind 2014 (Radio Edit),Big Tunes,2017,Ministry Of Sound,13127079,3:00
"Justin Timberlake, Timbaland",Sexyback,I Love R&B,2017,Ministry Of Sound,11711764,
"Joseph Thomas (3), G-Unit",Ride Wit U,I Love R&B,2017,Ministry Of Sound,11711764,
Big Punisher,Still Not A Player,I Love R&B,2017,Ministry Of Sound,11711764,
Lumidee,"Never Leave You (Uh Oooh, Uh Oooh)",I Love R&B,2017,Ministry Of Sound,11711764,
"Ruff Endz, Darren Lighty",No More,I Love R&B,2017,Ministry Of Sound,11711764,
"112, Notorious B.I.G., Mase",Only You (Bad Boy Remix),I Love R&B,2017,Ministry Of Sound,11711764,
"Fabolous, Tamia",Into You,I Love R&B,2017,Ministry Of Sound,11711764,
Faith Evans,Love Like This,I Love R&B,2017,Ministry Of Sound,11711764,
"Jagged Edge (2), Run",Let's Get Married (Remarqable Remix),I Love R&B,2017,Ministry Of Sound,11711764,
Ideal (6),Whatever,I Love R&B,2017,Ministry Of Sound,11711764,
Jordan Knight,Give It To You,I Love R&B,2017,Ministry Of Sound,11711764,
SWV,I'm So Into You,I Love R&B,2017,Ministry Of Sound,11711764,
"Young Money (2), Lloyd",Bedrock,I Love R&B,2017,Ministry Of Sound,11711764,
"T-Pain, Yung Joc",Buy U A Drank (Shawty Snappin'),I Love R&B,2017,Ministry Of Sound,11711764,
Mario,Just A Friend 2002,I Love R&B,2017,Ministry Of Sound,11711764,
"Brandy (2), Monica",The Boy Is Mine (Stripped Version),Stripped - Acoustic R&B,2017,Ministry Of Sound,11899301,4:32
"Fabolous, Tamia",Into You (Stripped Version),Stripped - Acoustic R&B,2017,Ministry Of Sound,11899301,4:36
TLC,No Scrubs (Stripped Version),Stripped - Acoustic R&B,2017,Ministry Of Sound,11899301,3:59
Ginuwine,Pony (Stripped Version),Stripped - Acoustic R&B,2017,Ministry Of Sound,11899301,3:52
Miguel (67),Adorn (Stripped Version),Stripped - Acoustic R&B,2017,Ministry Of Sound,11899301,3:15
112,Peaches & Cream (Stripped Version),Stripped - Acoustic R&B,2017,Ministry Of Sound,11899301,2:54
R. Kelly,Ignition (Stripped Version),Stripped - Acoustic R&B,2017,Ministry Of Sound,11899301,2:59
*NSYNC,Girlfriend (Stripped Version),Stripped - Acoustic R&B,2017,Ministry Of Sound,11899301,3:39
"Jordin Sparks, Chris Brown (4)",No Air (Acoustic Version),Stripped - Acoustic R&B,2017,Ministry Of Sound,11899301,4:12
Ne-Yo,So Sick (Acoustic),Stripped - Acoustic R&B,2017,Ministry Of Sound,11899301,3:03
Mario,Let Me Love You (Acoustic Version),Stripped - Acoustic R&B,2017,Ministry Of Sound,11899301,4:31
Tamia,Officially Missing You,Stripped - Acoustic R&B,2017,Ministry Of Sound,11899301,4:03
Destiny's Child,Emotion,Stripped - Acoustic R&B,2017,Ministry Of Sound,11899301,3:56
Alicia Keys,"Empire State Of Mind, Pt. 2",Stripped - Acoustic R&B,2017,Ministry Of Sound,11899301,3:55
En Vogue,Don't Let Go (Love) (Stripped Version),Stripped - Acoustic R&B,2017,Ministry Of Sound,11899301,4:14
Jade (3),Don't Walk Away (Stripped Version),Stripped - Acoustic R&B,2017,Ministry Of Sound,11899301,3:10
Alicia Keys,If I Ain't Got You (Piano & Vocal Version),Stripped - Acoustic R&B,2017,Ministry Of Sound,11899301,3:52
Joe,I Wanna Know (Stripped Version),Stripped - Acoustic R&B,2017,Ministry Of Sound,11899301,4:17
Mark Morrison,Return Of The Mack (Stripped Version),Stripped - Acoustic R&B,2017,Ministry Of Sound,11899301,3:47
"Mase, Total",What You Want (Stripped Version),Stripped - Acoustic R&B,2017,Ministry Of Sound,11899301,4:20
"Notorious B.I.G., Mase, Puff Daddy",Mo Money Mo Problems (Stripped Version),Stripped - Acoustic R&B,2017,Ministry Of Sound,11899301,3:34
Faith Evans,Love Like This (Stripped Version),Stripped - Acoustic R&B,2017,Ministry Of Sound,11899301,4:01
Next (2),Wifey (Stripped Version),Stripped - Acoustic R&B,2017,Ministry Of Sound,11899301,3:48
Ghost Town DJ's,My Boo (Stripped Version),Stripped - Acoustic R&B,2017,Ministry Of Sound,11899301,3:49
Ne-Yo,Sexy Love (Acoustic),Stripped - Acoustic R&B,2017,Ministry Of Sound,11899301,3:30
Maxwell,This Woman's Work (Uncut),Stripped - Acoustic R&B,2017,Ministry Of Sound,11899301,3:57
Marvin Gaye,Sexual Healing (Stripped Version),Stripped - Acoustic R&B,2017,Ministry Of Sound,11899301,4:46
R. Kelly,Bump 'N' Grind (Stripped Version),Stripped - Acoustic R&B,2017,Ministry Of Sound,11899301,4:22
Freeez,IOU,Electronic 80s (The Collection) ,2017,Ministry Of Sound,11731389,3:46
"The Communards, Sarah Jane Morris",Don't Leave Me This Way,Electronic 80s (The Collection) ,2017,Ministry Of Sound,11731389,4:30
Spandau Ballet,Chant No.1 (I Don't Need This Pressure On),Electronic 80s (The Collection) ,2017,Ministry Of Sound,11731389,4:01
ABC,The Look Of Love (Pt.1),Electronic 80s (The Collection) ,2017,Ministry Of Sound,11731389,3:27
Scritti Politti,Wood Beez,Electronic 80s (The Collection) ,2017,Ministry Of Sound,11731389,4:44
Trio,"Da Da Da (I Don't Love You, You Don't Love Me Aha Aha Aha)",Electronic 80s (The Collection) ,2017,Ministry Of Sound,11731389,3:20
Tubeway Army,Are 'Friends' Electric?,Electronic 80s (The Collection) ,2017,Ministry Of Sound,11731389,5:16
Men Without Hats,Safety Dance,Electronic 80s (The Collection) ,2017,Ministry Of Sound,11731389,2:42
Big Audio Dynamite,E=MC2,Electronic 80s (The Collection) ,2017,Ministry Of Sound,11731389,4:22
Queen,A Kind Of Magic,Legends,2017,Ministry Of Sound,12114872,
George Michael,Faith,Legends,2017,Ministry Of Sound,12114872,
Elton John,Rocket Man (I Think It's Going To Be A Long Time),Legends,2017,Ministry Of Sound,12114872,
The Police,Every Breath You Take,Legends,2017,Ministry Of Sound,12114872,
Tina Turner,The Best,Legends,2017,Ministry Of Sound,12114872,
Whitney Houston,I Will Always Love You,Legends,2017,Ministry Of Sound,12114872,
Céline Dion,Think Twice,Legends,2017,Ministry Of Sound,12114872,
Cher,Believe,Legends,2017,Ministry Of Sound,12114872,
ABBA,"Knowing Me, Knowing You",Legends,2017,Ministry Of Sound,12114872,
Diana Ross,I'm Coming Out,Legends,2017,Ministry Of Sound,12114872,
The Supremes,Baby Love,Legends,2017,Ministry Of Sound,12114872,
James Brown & The Famous Flames,I Got U (I Feel Good),Legends,2017,Ministry Of Sound,12114872,
Elvis Presley,Suspicious Minds,Legends,2017,Ministry Of Sound,12114872,
Johnny Cash,I Walk The Line,Legends,2017,Ministry Of Sound,12114872,
Bob Dylan,Like A Rolling Stone,Legends,2017,Ministry Of Sound,12114872,
Lou Reed,Perfect Day,Legends,2017,Ministry Of Sound,12114872,
Annie Lennox,Walking On Broken Glass,Legends,2017,Ministry Of Sound,12114872,
Roy Orbison,You Got It,Legends,2017,Ministry Of Sound,12114872,
Fleetwood Mac,Everywhere,Legends,2017,Ministry Of Sound,12114872,
Carole King,A Natural Woman (You Make Me Feel Like),Legends,2017,Ministry Of Sound,12114872,
Beyoncé,If I Were A Boy,Legends,2017,Ministry Of Sound,12114872,
Mariah Carey,Dreamlover,Legends,2017,Ministry Of Sound,12114872,
Destiny's Child,Survivor,Legends,2017,Ministry Of Sound,12114872,
Oasis (2),Don't Look Back In Anger,Legends,2017,Ministry Of Sound,12114872,
Paul Weller,You Do Something To Me,Legends,2017,Ministry Of Sound,12114872,
Rod Stewart,Maggie May,Legends,2017,Ministry Of Sound,12114872,
Take That,Back For Good,Legends,2017,Ministry Of Sound,12114872,
R. Kelly,If I Could Turn Back The Sands Of Time,Legends,2017,Ministry Of Sound,12114872,
Michael Jackson,Don't Stop 'Till You Get Enough,I Love Disco,2017,Ministry Of Sound,11963803,
Sylvester,You Make Me Feel (Mighty Real),I Love Disco,2017,Ministry Of Sound,11963803,
Ottawan,D.I.S.C.O.,I Love Disco,2017,Ministry Of Sound,11963803,
"Earth, Wind & Fire, The Emotions",Boogie Wonderland,I Love Disco,2017,Ministry Of Sound,11963803,
Kool & The Gang,Celebration,I Love Disco,2017,Ministry Of Sound,11963803,
"Lipps, Inc.",Funkytown,I Love Disco,2017,Ministry Of Sound,11963803,
Boney M.,Daddy Cool,I Love Disco,2017,Ministry Of Sound,11963803,
Donna Summer,Bad Girls,I Love Disco,2017,Ministry Of Sound,11963803,
Rose Royce,Car Wash,I Love Disco,2017,Ministry Of Sound,11963803,
Rick James,Give It To Me Baby,I Love Disco,2017,Ministry Of Sound,11963803,
Gloria Gaynor,Never Can Say Goodbye,I Love Disco,2017,Ministry Of Sound,11963803,
Melba Moore,Love's Coming' At Ya,I Love Disco,2017,Ministry Of Sound,11963803,
"John Williams (4), London Symphony Orchestra","Main Theme (From ""Star Wars"")",The Score,2017,Ministry Of Sound,11296774,5:43
John Barry,"The James Bond Theme (From ""Dr. No"")",The Score,2017,Ministry Of Sound,11296774,2:54
"John Williams (4), Boston Pops Orchestra","The Raider's March (From ""Raiders Of The Lost Ark"")",The Score,2017,Ministry Of Sound,11296774,5:10
The City Of Prague Philharmonic Orchestra,"Speak Softly Love (From ""The Godfather"")",The Score,2017,Ministry Of Sound,11296774,2:44
Royal Philharmonic Orchestra,"Suite (From ""Jurassic Park"")",The Score,2017,Ministry Of Sound,11296774,5:33
Hans Zimmer,"This Land (From ""The Lion King"")",The Score,2017,Ministry Of Sound,11296774,2:54
"Hans Zimmer, Lisa Gerrard","Now We Are Free (From ""Gladiator"")",The Score,2017,Ministry Of Sound,11296774,4:17
James Horner,"End Credits (From ""Braveheart"")",The Score,2017,Ministry Of Sound,11296774,7:10
Royal Philharmonic Orchestra,"Hedwig's Theme (From ""Harry Potter And The Philosopher's Stone"")",The Score,2017,Ministry Of Sound,11296774,5:15
Hans Zimmer,"Drink Up Me Hearties Yo Ho (From ""Pirates Of The Caribbean: At World's End"")",The Score,2017,Ministry Of Sound,11296774,4:32
Royal Philharmonic Orchestra,"Main Theme (From ""Superman"")",The Score,2017,Ministry Of Sound,11296774,4:11
Danny Elfman,"The Batman Theme (From ""Batman"")",The Score,2017,Ministry Of Sound,11296774,2:38
The City Of Prague Philharmonic Orchestra,"Back To The Future (From ""Back To The Future"")",The Score,2017,Ministry Of Sound,11296774,3:26
The City Of Prague Philharmonic Orchestra,"Life's A Dream (From ""Star Trek V: The Final Frontier"")",The Score,2017,Ministry Of Sound,11296774,4:03
The City Of Prague Philharmonic Orchestra,"The Fellowship (From ""Lord Of The Rings - The Fellowship Of The Ring"")",The Score,2017,Ministry Of Sound,11296774,5:52
The London Ensemble,"Lux Aeterna (From ""Requiem For A Dream"")",The Score,2017,Ministry Of Sound,11296774,3:56
Royal Philharmonic Orchestra,"Time (From ""Inception"")",The Score,2017,Ministry Of Sound,11296774,5:11
Brian Eno,"An Ending (Ascent) (From ""Traffic"")",The Score,2017,Ministry Of Sound,11296774,4:21
Royal Philharmonic Orchestra,"Adventures On Earth (From ""E.T."")",The Score,2017,Ministry Of Sound,11296774,10:24
James Horner,"Rose (From ""Titanic"")",The Score,2017,Ministry Of Sound,11296774,2:53
Royal Philharmonic Orchestra,"The Balcony Scene (From ""Romeo & Juliet"")",The Score,2017,Ministry Of Sound,11296774,5:49
London Music Works,"Plastic Bag Theme (From ""American Beauty"")",The Score,2017,Ministry Of Sound,11296774,2:51
Vangelis,"Love Theme (From ""Blade Runner"")",The Score,2017,Ministry Of Sound,11296774,4:55
The City Of Prague Philharmonic Orchestra,"Love Theme (From ""Spartacus"")",The Score,2017,Ministry Of Sound,11296774,2:50
The City Of Prague Philharmonic Orchestra,"As Time Goes By (From ""Casablanca"")",The Score,2017,Ministry Of Sound,11296774,3:07
Janusz Olejniczak,"Nocturne In C-Sharp Minor, B. 49 (From ""The Pianist"")",The Score,2017,Ministry Of Sound,11296774,4:04
Ennio Morricone,"Gabriel's Oboe (From ""The Mission"")",The Score,2017,Ministry Of Sound,11296774,2:20
John Barry,"Main Theme (I Had A Farm In Africa) (From ""Out Of Africa"")",The Score,2017,Ministry Of Sound,11296774,3:13
Clint Mansell,"Nina's Dream (From ""Black Swan"")",The Score,2017,Ministry Of Sound,11296774,2:50
John Barry,"The John Dunbar Theme (Theme From ""Dances With Wolves"")",The Score,2017,Ministry Of Sound,11296774,2:20
The City Of Prague Philharmonic Orchestra,"Tara's Theme (From ""Gone With The Wind"")",The Score,2017,Ministry Of Sound,11296774,4:23
Trevor Jones,"Main Title (From ""The Last Of The Mohicans"")",The Score,2017,Ministry Of Sound,11296774,1:46
The City Of Prague Philharmonic Orchestra,"Lara's Theme (From ""Dr. Zhivago"")",The Score,2017,Ministry Of Sound,11296774,5:28
James Horner,"Becoming One Of ""The People"" Becoming One With Neytiri (From ""Avatar"")",The Score,2017,Ministry Of Sound,11296774,7:42
"Dustin O'Halloran, Hauschka","Lion Theme (From ""Lion"")",The Score,2017,Ministry Of Sound,11296774,1:59
Hans Zimmer,"You're So Cool (From ""True Romance"")",The Score,2017,Ministry Of Sound,11296774,3:39
Ramin Djawadi,"Main Titles (From ""Game Of Thrones"")",The Score,2017,Ministry Of Sound,11296774,1:45
Moby,"God Moving Over The Face Of The Waters (From ""Heat"")",The Score,2017,Ministry Of Sound,11296774,7:22
The City Of Prague Philharmonic Orchestra,"Adagio For Strings (From ""Platoon"")",The Score,2017,Ministry Of Sound,11296774,6:46
Thomas Newman,"Shawshank Redemption (From ""Shawshank Redemption"")",The Score,2017,Ministry Of Sound,11296774,4:28
Royal Philharmonic Orchestra,"Main Theme (From ""Schindler's List"")",The Score,2017,Ministry Of Sound,11296774,3:59
The City Of Prague Philharmonic Orchestra,"Hymn To The Fallen (From ""Saving Private Ryan"")",The Score,2017,Ministry Of Sound,11296774,6:04
The City Of Prague Philharmonic Orchestra,"Solomon (From ""12 Years A Slave"")",The Score,2017,Ministry Of Sound,11296774,3:20
Alan Silvestri,"I'm Forrest... Forrest Gump (From ""Forrest Gump"")",The Score,2017,Ministry Of Sound,11296774,2:42
Mychael Danna,"Pi's Lullaby (From ""Life Of Pi"")",The Score,2017,Ministry Of Sound,11296774,3:43
Gustavo Santaolalla,"The Wings (From ""Brokeback Mountain"")",The Score,2017,Ministry Of Sound,11296774,1:52
Alexandre Desplat,"The Imitation Game (From ""The Imitation Game"")",The Score,2017,Ministry Of Sound,11296774,2:37
Nicholas Dodd,"The Darkest Day (From ""Independence Day"")",The Score,2017,Ministry Of Sound,11296774,4:14
The City Of Prague Philharmonic Orchestra,"Apollo 13 (From ""Apollo 13"")",The Score,2017,Ministry Of Sound,11296774,3:01
London Music Works,"Gravity (From ""Gravity"")",The Score,2017,Ministry Of Sound,11296774,4:38
Harry Gregson-Williams,"Only The Beginning Of The Adventure (From ""The Chronicles Of Narnia: The Lion, The Witch And The Wardrobe"")",The Score,2017,Ministry Of Sound,11296774,5:32
John Ottman,"Beethoven Havok (From ""X-Men: Apocalypse"")",The Score,2017,Ministry Of Sound,11296774,2:55
Craig Armstrong,"Ruthless Gravity (From ""Layer Cake"")",The Score,2017,Ministry Of Sound,11296774,5:52
Royal Philharmonic Orchestra,"Main Theme (From ""Jaws"")",The Score,2017,Ministry Of Sound,11296774,2:32
"Mabel (5), Kojo Funds",Finders Keepers,After Party,2018,Ministry Of Sound,12561798,
"Lotto Boyzz, Mr Eazi",No Don (Remix),After Party,2018,Ministry Of Sound,12561798,
Not3s,Aladdin,After Party,2018,Ministry Of Sound,12561798,
Hardy Caprio,Super Soaker,After Party,2018,Ministry Of Sound,12561798,
Bryson Tiller,Run Me Dry,After Party,2018,Ministry Of Sound,12561798,
Disciples (5),Jealousy,After Party,2018,Ministry Of Sound,12561798,
"Sammy Porter, George Mensah (2), Charlotte (24)",Ain't Nobody Else,After Party,2018,Ministry Of Sound,12561798,
Big Shaq,Man's Not Hot,After Party,2018,Ministry Of Sound,12561798,
Krept & Konan,Wo Wo Wo,After Party,2018,Ministry Of Sound,12561798,
Travis Scott (2),Butterfly Effect,After Party,2018,Ministry Of Sound,12561798,
Lil Uzi Vert,XO Tour Llif3,After Party,2018,Ministry Of Sound,12561798,
Cardi B,Bodak Yellow,After Party,2018,Ministry Of Sound,12561798,
"Camila Cabello, Quavo",OMG,After Party,2018,Ministry Of Sound,12561798,
Ayo & Teo,Rolex,After Party,2018,Ministry Of Sound,12561798,
GASHI (2),Disrespectful,After Party,2018,Ministry Of Sound,12561798,
21 Savage,Bank Account,After Party,2018,Ministry Of Sound,12561798,
"Chase & Status, Kano (4)",Dubplate Original,After Party,2018,Ministry Of Sound,12561798,
6lack,PRBLMS,After Party,2018,Ministry Of Sound,12561798,
Chip (9),Snap Snap,After Party,2018,Ministry Of Sound,12561798,
Yxng Bane,Rihanna,After Party,2018,Ministry Of Sound,12561798,
Lotto Boyzz,Bad Gyal,After Party,2018,Ministry Of Sound,12561798,
Not3s,Addison Lee (Peng Ting Called Maddison),After Party,2018,Ministry Of Sound,12561798,
"Lethal Bizzle, Donae'o, Diztortion",Celebrate,After Party,2018,Ministry Of Sound,12561798,
Angel (114),Take You Home,After Party,2018,Ministry Of Sound,12561798,
"CamelPhat, Elderbrook",Cola (Franky Rizardo Remix),Sleepin Is Cheatin Volume 2,2018,Ministry Of Sound,12572248,
"CliQ, Alika (3)",Wavey,Sleepin Is Cheatin Volume 2,2018,Ministry Of Sound,12572248,
"Dimitri Vegas & Like Mike, David Guetta, Kiiara",Complicated (Tom Zanetti Remix),Sleepin Is Cheatin Volume 2,2018,Ministry Of Sound,12572248,
"Ill Blu, Glowie",Tribalist (Get To Know),Sleepin Is Cheatin Volume 2,2018,Ministry Of Sound,12572248,
"James Hype, Kelli-Leigh Henry-Davila",More Than Friends (VIP Mix),Sleepin Is Cheatin Volume 2,2018,Ministry Of Sound,12572248,
"Riton, Kah-Lo, Mr Eazi, Davido",Money (Shadow Child Remix),Sleepin Is Cheatin Volume 2,2018,Ministry Of Sound,12572248,
Cell Broco,Don't Change,Sleepin Is Cheatin Volume 2,2018,Ministry Of Sound,12572248,
David Zowie,The Real Don,Sleepin Is Cheatin Volume 2,2018,Ministry Of Sound,12572248,
Fisher (16),Ya Didn't,Sleepin Is Cheatin Volume 2,2018,Ministry Of Sound,12572248,
S.K.T,Must Be A Reason,Sleepin Is Cheatin Volume 2,2018,Ministry Of Sound,12572248,
Latmun,Def,Sleepin Is Cheatin Volume 2,2018,Ministry Of Sound,12572248,
Gorgon City,Primal Call,Sleepin Is Cheatin Volume 2,2018,Ministry Of Sound,12572248,
Solardo,Fall Down (MK Remix),Sleepin Is Cheatin Volume 2,2018,Ministry Of Sound,12572248,
EDX,Bloom,Sleepin Is Cheatin Volume 2,2018,Ministry Of Sound,12572248,
"Tom Zanetti, K.O Kane",What A Night,Sleepin Is Cheatin Volume 2,2018,Ministry Of Sound,12572248,
"Tom Zanetti, K.O Kane",Lose My Head,Sleepin Is Cheatin Volume 2,2018,Ministry Of Sound,12572248,
"Duke Dumont, Gorgon City, Naations",Real Life (Solardo Remix),Sleepin Is Cheatin Volume 2,2018,Ministry Of Sound,12572248,
Dusky (2),Cold Heart,Sleepin Is Cheatin Volume 2,2018,Ministry Of Sound,12572248,
"Amine Edge & DANCE, Blaze",Lovelee Dae,Sleepin Is Cheatin Volume 2,2018,Ministry Of Sound,12572248,
K.O Kane,Pride,Sleepin Is Cheatin Volume 2,2018,Ministry Of Sound,12572248,
Youan,Cara,Sleepin Is Cheatin Volume 2,2018,Ministry Of Sound,12572248,
"Low Steppa, Alex Mills",Karma,Sleepin Is Cheatin Volume 2,2018,Ministry Of Sound,12572248,
Ben Delay,I Never Felt So Right,Sleepin Is Cheatin Volume 2,2018,Ministry Of Sound,12572248,
Tazer (3),Rave Slave,Sleepin Is Cheatin Volume 2,2018,Ministry Of Sound,12572248,
Qubiko,Alive,Sleepin Is Cheatin Volume 2,2018,Ministry Of Sound,12572248,
Will Clarke,House Girl,Sleepin Is Cheatin Volume 2,2018,Ministry Of Sound,12572248,
Tom Garnett (2),Hex,Sleepin Is Cheatin Volume 2,2018,Ministry Of Sound,12572248,
Oxia,Domino (Original Rework),Sleepin Is Cheatin Volume 2,2018,Ministry Of Sound,12572248,
Destiny's Child,Bug A Boo (H-Town Screwed Mix),90s Baby,2018,Ministry Of Sound,12581388,
Jennifer Lopez,If You Had My Love,90s Baby,2018,Ministry Of Sound,12581388,
TLC,Waterfalls (No Rap Edit),90s Baby,2018,Ministry Of Sound,12581388,
LL Cool J,Ain't Nobody,90s Baby,2018,Ministry Of Sound,12581388,
"Brandy (2), Mase",Top Of The World,90s Baby,2018,Ministry Of Sound,12581388,
Boyz II Men,Motownphilly,90s Baby,2018,Ministry Of Sound,12581388,
Monica,Don't Take It Personal (Just One Of Dem Days),90s Baby,2018,Ministry Of Sound,12581388,
Charles & Eddie,Would I Lie To You,90s Baby,2018,Ministry Of Sound,12581388,
Honeyz,Won't Take It Lying Down,90s Baby,2018,Ministry Of Sound,12581388,
Mark Morrison,Return Of The Mack (C&J Edit),90s Baby,2018,Ministry Of Sound,12581388,
Usher,You Make Me Wanna.,90s Baby,2018,Ministry Of Sound,12581388,
Toni Braxton,You're Makin' Me High,90s Baby,2018,Ministry Of Sound,12581388,
En Vogue,Don't Let Me Go (Love),90s Baby,2018,Ministry Of Sound,12581388,
"Jon B, Coko, Jay-Z",Keep It Real,90s Baby,2018,Ministry Of Sound,12581388,
Horace Brown,One For The Money,90s Baby,2018,Ministry Of Sound,12581388,
Maxwell,"Ascension (No One's Gonna Love You, So Don't Ever Wonder) (The Tribute Cut)",90s Baby,2018,Ministry Of Sound,12581388,
Xscape,Just Kickin' It,90s Baby,2018,Ministry Of Sound,12581388,
"Sigala, Paloma Faith",Lullaby (Acoustic),I Love Acoustic,2018,Ministry Of Sound,12595361,
"Jax Jones, RAYE (3)",You Don't Know Me (Piano Version),I Love Acoustic,2018,Ministry Of Sound,12595361,
"Stormzy, Wretch 32, Aion Clarke","Blinded By Your Grace, Pt.2 (Acoustic)",I Love Acoustic,2018,Ministry Of Sound,12595361,
"Not3s, Mabel (5)",My Lover (Acoustic),I Love Acoustic,2018,Ministry Of Sound,12595361,
Clean Bandit,I Miss You (Acoustic Piano Version),I Love Acoustic,2018,Ministry Of Sound,12595361,
"Jorja Smith, Preditah",On My Mind (Acoustic),I Love Acoustic,2018,Ministry Of Sound,12595361,
Martin Jensen,Solo Dance (Acoustic Mix),I Love Acoustic,2018,Ministry Of Sound,12595361,
"Jonas Blue, Dakota (19)",Fast Car (Acoustic),I Love Acoustic,2018,Ministry Of Sound,12595361,
"Martin Solveig, Ina Wroldsen",Places (Acoustic Version),I Love Acoustic,2018,Ministry Of Sound,12595361,
"Avicii, Rita Ora",Lonely Together (Acoustic Version),I Love Acoustic,2018,Ministry Of Sound,12595361,
"One Bit, Noah Cyrus",My Way (Acoustic),I Love Acoustic,2018,Ministry Of Sound,12595361,
Kyla (3),Do You Mind (Acoustic),I Love Acoustic,2018,Ministry Of Sound,12595361,
Rag'n'Bone Man,Skin (Live At State Of The Ark Studios),I Love Acoustic,2018,Ministry Of Sound,12595361,
James Arthur (2),Naked (Acoustic Version),I Love Acoustic,2018,Ministry Of Sound,12595361,
"Craig David, Bastille (4)",I Know You (Acoustic),I Love Acoustic,2018,Ministry Of Sound,12595361,
Rita Ora,Your Song (Acoustic),I Love Acoustic,2018,Ministry Of Sound,12595361,
Bruno Mars,Talking To The Moon (Acoustic Piano Version),I Love Acoustic,2018,Ministry Of Sound,12595361,
Alicia Keys,No One (Acoustic),I Love Acoustic,2018,Ministry Of Sound,12595361,
Julia Michaels,Issues (Acoustic),I Love Acoustic,2018,Ministry Of Sound,12595361,
Sigrid (9),Don't Kill My Vibe (Acoustic),I Love Acoustic,2018,Ministry Of Sound,12595361,
George Ezra,Hold My Girl,I Love Acoustic,2018,Ministry Of Sound,12595361,
Shawn Mendes,There's Nothing Holdin' Me Back (Acoustic),I Love Acoustic,2018,Ministry Of Sound,12595361,
Cookin' On 3 Burners,This Girl (Acoustic Version),I Love Acoustic,2018,Ministry Of Sound,12595361,
Starley,Call On Me (Acoustic),I Love Acoustic,2018,Ministry Of Sound,12595361,
"NEIKED, Dyo (2)",Sexual (Acoustic),I Love Acoustic,2018,Ministry Of Sound,12595361,
Liam Payne,Strip That Down (Acoustic),I Love Acoustic,2018,Ministry Of Sound,12595361,
Niall Horan,Slow Hands (Acoustic),I Love Acoustic,2018,Ministry Of Sound,12595361,
George Ezra,Paradise (Acoustic),I Love Acoustic,2018,Ministry Of Sound,12595361,
Tom Walker (12),Leave A Light On (Acoustic),I Love Acoustic,2018,Ministry Of Sound,12595361,
JP Cooper,September Song (Piano Acoustic),I Love Acoustic,2018,Ministry Of Sound,12595361,
Sampha,(No One Knows Me) Like The Piano,I Love Acoustic,2018,Ministry Of Sound,12595361,
James Bay,Let It Go (Live Version),I Love Acoustic,2018,Ministry Of Sound,12595361,
James TW,When You Love Someone (Acoustic),I Love Acoustic,2018,Ministry Of Sound,12595361,
The Script,Rain (Acoustic Version),I Love Acoustic,2018,Ministry Of Sound,12595361,
Jason Mraz,I'm Yours,I Love Acoustic,2018,Ministry Of Sound,12595361,
Jessie Ware,Wildest Moments (Acoustic),I Love Acoustic,2018,Ministry Of Sound,12595361,
Amy Shark,Adore (Acoustic),I Love Acoustic,2018,Ministry Of Sound,12595361,
Tom Odell,Magnetised (Acoustic),I Love Acoustic,2018,Ministry Of Sound,12595361,
Kodaline,Love Like This (Acoustic Version),I Love Acoustic,2018,Ministry Of Sound,12595361,
John Mayer,Slow Dancing In A Burning Room (Acoustic),I Love Acoustic,2018,Ministry Of Sound,12595361,
BANKS (7),Waiting Game,I Love Acoustic,2018,Ministry Of Sound,12595361,
Gwen McCrae,All This Love That I'm Givin',80s Soul Jams,2018,Ministry Of Sound,12722383,
D-Train,Youre The One For Me,80s Soul Jams,2018,Ministry Of Sound,12722383,
Grace Jones,Pull Up The Bumper,80s Soul Jams,2018,Ministry Of Sound,12722383,
"Vicky ""D""",The Beat Is Mine,80s Soul Jams,2018,Ministry Of Sound,12722383,
Beenie Man,Who Am I,Throwback Reggae Dancehall,2018,Ministry Of Sound,12617877,
Red Rat,Shelly Ann,Throwback Reggae Dancehall,2018,Ministry Of Sound,12617877,
Baby Cham,Ghetto Story,Throwback Reggae Dancehall,2018,Ministry Of Sound,12617877,
Mr. Vegas,Hot Fuk,Throwback Reggae Dancehall,2018,Ministry Of Sound,12617877,
Charly Black,Gyal You A Party Animal,Throwback Reggae Dancehall,2018,Ministry Of Sound,12617877,
Gyptian,Hold You (Hold Yuh),Throwback Reggae Dancehall,2018,Ministry Of Sound,12617877,
Popcaan,Only Man She Wants,Throwback Reggae Dancehall,2018,Ministry Of Sound,12617877,
Admiral Bailey,Punanny,Throwback Reggae Dancehall,2018,Ministry Of Sound,12617877,
Elephant Man,Pon De River Pon De Bank,Throwback Reggae Dancehall,2018,Ministry Of Sound,12617877,
Sean Paul,Get Busy,Throwback Reggae Dancehall,2018,Ministry Of Sound,12617877,
Damian Marley,Welcome To Jamrock,Throwback Reggae Dancehall,2018,Ministry Of Sound,12617877,
Tony Matterhorn,Dutty Wine,Throwback Reggae Dancehall,2018,Ministry Of Sound,12617877,
Notch,Nuttin Nuh Go So,Throwback Reggae Dancehall,2018,Ministry Of Sound,12617877,
"Glamma Kid, Shola Ama",Taboo (Video Mix),Throwback Reggae Dancehall,2018,Ministry Of Sound,12617877,
Apache Indian,Chok There,Throwback Reggae Dancehall,2018,Ministry Of Sound,12617877,
Super Cat (2),Ghetto Red Hot,Throwback Reggae Dancehall,2018,Ministry Of Sound,12617877,
Red Rat,Tight Up Skirt,Throwback Reggae Dancehall,2018,Ministry Of Sound,12617877,
Cutty Ranks,A Who Seh Me Dun,Throwback Reggae Dancehall,2018,Ministry Of Sound,12617877,
Spice (8),So Mi Like It,Throwback Reggae Dancehall,2018,Ministry Of Sound,12617877,
Buju Banton,Murderer,Throwback Reggae Dancehall,2018,Ministry Of Sound,12617877,
Barrington Levy,Here I Come,Throwback Reggae Dancehall,2018,Ministry Of Sound,12617877,
"Max Romeo, The Upsetters",Chase The Devil,Throwback Reggae Dancehall,2018,Ministry Of Sound,12617877,
The Melodians,Rivers Of Babylon,Throwback Reggae Dancehall,2018,Ministry Of Sound,12617877,
Eek-A-Mouse,Ganja Smuggling,Throwback Reggae Dancehall,2018,Ministry Of Sound,12617877,
Third World,1865 (96° In The Shade),Throwback Reggae Dancehall,2018,Ministry Of Sound,12617877,
Primal Scream,Rocks,Live Forever,2018,Ministry Of Sound,12631160,
The Clash,Should I Stay Or Should I Go,Live Forever,2018,Ministry Of Sound,12631160,
Ian Brown,F.E.A.R.,Live Forever,2018,Ministry Of Sound,12631160,
James,Sit Down,Live Forever,2018,Ministry Of Sound,12631160,
Ocean Colour Scene,The Day We Caught The Train,Live Forever,2018,Ministry Of Sound,12631160,
The Stone Roses,I Wanna Be Adored,Live Forever,2018,Ministry Of Sound,12631160,
New Order,World In Motion,Live Forever,2018,Ministry Of Sound,12631160,
Travis,Turn,Live Forever,2018,Ministry Of Sound,12631160,
Starsailor,Four To The Floor,Live Forever,2018,Ministry Of Sound,12631160,
Embrace,World At Your Feet,Live Forever,2018,Ministry Of Sound,12631160,
Thin Lizzy,The Boys Are Back In Town,Live Forever,2018,Ministry Of Sound,12631160,
Kasabian,Club Foot,Live Forever,2018,Ministry Of Sound,12631160,
Stereophonics,Dakota,Live Forever,2018,Ministry Of Sound,12631160,
Manic Street Preachers,A Design For Life,Live Forever,2018,Ministry Of Sound,12631160,
Reef,Place Your Hands,Live Forever,2018,Ministry Of Sound,12631160,
Jet (2),Are You Gonna Be My Girl,Live Forever,2018,Ministry Of Sound,12631160,
The Vaccines,If You Wanna,Live Forever,2018,Ministry Of Sound,12631160,
The Zutons,Valerie,Live Forever,2018,Ministry Of Sound,12631160,
The Coral,Dreaming Of You,Live Forever,2018,Ministry Of Sound,12631160,
Hard-Fi,Hard To Beat,Live Forever,2018,Ministry Of Sound,12631160,
The Courteeners,Not Nineteen Forever,Live Forever,2018,Ministry Of Sound,12631160,
The Bluetones,Slight Return,Live Forever,2018,Ministry Of Sound,12631160,
Lush,Ladykillers,Live Forever,2018,Ministry Of Sound,12631160,
Echobelly,Great Things,Live Forever,2018,Ministry Of Sound,12631160,
"Baddiel & Skinner, Lightning Seeds",Three Lions '98,Live Forever,2018,Ministry Of Sound,12631160,
Cast,Alright,Live Forever,2018,Ministry Of Sound,12631160,
"Elvis Presley, Junkie XL",A Little Less Conversation (JXL Remix),Live Forever,2018,Ministry Of Sound,12631160,
Ian Dury And The Blockheads,Sex & Drugs & Rock & Roll,Live Forever,2018,Ministry Of Sound,12631160,
Lightning Seeds,Lucky You,Live Forever,2018,Ministry Of Sound,12631160,
Super Furry Animals,Golden Retriever,Live Forever,2018,Ministry Of Sound,12631160,
Catatonia,Mulder And Scully,Live Forever,2018,Ministry Of Sound,12631160,
Madness,Our House,Live Forever,2018,Ministry Of Sound,12631160,
Sleeper (2),Inbetweener,Live Forever,2018,Ministry Of Sound,12631160,
Kula Shaker,Hush,Live Forever,2018,Ministry Of Sound,12631160,
Longpigs,On & On,Live Forever,2018,Ministry Of Sound,12631160,
Shed Seven,Chasing Rainbows,Live Forever,2018,Ministry Of Sound,12631160,
"Sigala, Fuse ODG, Sean Paul, Kent Jones",Feels Like Home,Love Island: The Pool Party,2018,Ministry Of Sound,12689003,
"Silk City (3), Diplo, Mark Ronson, Daniel Merriweather",Only Can Get Better,Love Island: The Pool Party,2018,Ministry Of Sound,12689003,
"Too Many Zooz, KDA",Warriors,Love Island: The Pool Party,2018,Ministry Of Sound,12689003,
A-MNEMONIC,Love Island (Ill Blu Remix),Love Island: The Pool Party,2018,Ministry Of Sound,12689003,
"Rak-Su, Banx & Ranx",Pyro Ting,Love Island: The Pool Party,2018,Ministry Of Sound,12689003,
B Young,079ME,Love Island: The Pool Party,2018,Ministry Of Sound,12689003,
Loski (2),Forrest Gump,Love Island: The Pool Party,2018,Ministry Of Sound,12689003,
WSTRN,Ben' Ova,Love Island: The Pool Party,2018,Ministry Of Sound,12689003,
"Kojo Funds, RAYE (3)",Check,Love Island: The Pool Party,2018,Ministry Of Sound,12689003,
ZieZie,Fine Girl,Love Island: The Pool Party,2018,Ministry Of Sound,12689003,
Khalil Devonne,Finer Things,Love Island: The Pool Party,2018,Ministry Of Sound,12689003,
"Cheat Codes, Little Mix",Only You,Love Island: The Pool Party,2018,Ministry Of Sound,12689003,
"Rudimental, Jess Glynne, Macklemore, Dan Caplen",These Days (Acoustic),Love Island: The Pool Party,2018,Ministry Of Sound,12689003,
"Khalid (16), Normani Kordei",Love Lies,Love Island: The Pool Party,2018,Ministry Of Sound,12689003,
Hailey Tuck,Cruel Summer,Love Island: The Pool Party,2018,Ministry Of Sound,12689003,
James Arthur (2),You Deserve Better,Love Island: The Pool Party,2018,Ministry Of Sound,12689003,
"The Six (5), Jasmine Thompson",Unfinished Sympathy,Love Island: The Pool Party,2018,Ministry Of Sound,12689003,
Kyla (3),Do You Mind (Acoustic Version),Love Island: The Pool Party,2018,Ministry Of Sound,12689003,
Christopher Cross,Ride Like The Wind,Ride Like The Wind,2018,Ministry Of Sound,12838905,
The Doobie Brothers,Long Train Runnin',Ride Like The Wind,2018,Ministry Of Sound,12838905,
Fleetwood Mac,Go Your Own Way,Ride Like The Wind,2018,Ministry Of Sound,12838905,
Carly Simon,You're So Vain,Ride Like The Wind,2018,Ministry Of Sound,12838905,
Daryl Hall & John Oates,You Make My Dreams,Ride Like The Wind,2018,Ministry Of Sound,12838905,
The Police,Every Little Thing She Does Is Magic,Ride Like The Wind,2018,Ministry Of Sound,12838905,
Billy Joel,She's Always A Woman,Ride Like The Wind,2018,Ministry Of Sound,12838905,
Lynyrd Skynyrd,Sweet Home Alabama,Ride Like The Wind,2018,Ministry Of Sound,12838905,
Starship (2),We Built This City,Ride Like The Wind,2018,Ministry Of Sound,12838905,
Stealers Wheel,Stuck In The Middle With You,Ride Like The Wind,2018,Ministry Of Sound,12838905,
Electric Light Orchestra,Livin' Thing,Ride Like The Wind,2018,Ministry Of Sound,12838905,
Roxy Music,Oh Yeah!,Ride Like The Wind,2018,Ministry Of Sound,12838905,
Bruce Hornsby And The Range,The Way It Is,Ride Like The Wind,2018,Ministry Of Sound,12838905,
Soul Asylum (2),Runaway Train,Ride Like The Wind,2018,Ministry Of Sound,12838905,
Curtis Stigers,I Wonder Why,Ride Like The Wind,2018,Ministry Of Sound,12838905,
Sad Café,Every Day Hurts,Ride Like The Wind,2018,Ministry Of Sound,12838905,
Chicago (2),If You Leave Me Now,Ride Like The Wind,2018,Ministry Of Sound,12838905,
Heart,These Dreams,Ride Like The Wind,2018,Ministry Of Sound,12838905,
Cutting Crew,(I Just) Died In Your Arms,Ride Like The Wind,2018,Ministry Of Sound,12838905,
Patti Smith Group,Because The Night,Ride Like The Wind,2018,Ministry Of Sound,12838905,
Meat Loaf,You Took The Words Right Out Of My Mouth (Hot Summer Night),Ride Like The Wind,2018,Ministry Of Sound,12838905,
Pat Benatar,Love Is A Battlefield,Ride Like The Wind,2018,Ministry Of Sound,12838905,
"Sutherland Brothers, Quiver",Arms Of Mary,Ride Like The Wind,2018,Ministry Of Sound,12838905,
Richard Marx,Hazard,Ride Like The Wind,2018,Ministry Of Sound,12838905,
Huey Lewis & The News,The Power Of Love,Ride Like The Wind,2018,Ministry Of Sound,12838905,
Steve Winwood,Valerie,Ride Like The Wind,2018,Ministry Of Sound,12838905,
Boz Scaggs,Lido Suffle,Ride Like The Wind,2018,Ministry Of Sound,12838905,
Jimmy Buffett,Margaritaville,Ride Like The Wind,2018,Ministry Of Sound,12838905,
Gallagher & Lyle,I Wanna Stay With You,Ride Like The Wind,2018,Ministry Of Sound,12838905,
Alessi,Oh Lori,Ride Like The Wind,2018,Ministry Of Sound,12838905,
John Denver,Rocky Mountain High,Ride Like The Wind,2018,Ministry Of Sound,12838905,
Gerry Rafferty,Baker Street,Ride Like The Wind,2018,Ministry Of Sound,12838905,
Cher,I Found Someone,Ride Like The Wind,2018,Ministry Of Sound,12838905,
Elton John,Tiny Dancer,Ride Like The Wind,2018,Ministry Of Sound,12838905,
10cc,The Things We Do For Love,Ride Like The Wind,2018,Ministry Of Sound,12838905,
The Cars,My Best Friend's Girl,Ride Like The Wind,2018,Ministry Of Sound,12838905,
Harry Chapin,Cat's In The Cradle,Ride Like The Wind,2018,Ministry Of Sound,12838905,
The Allman Brothers Band,Jessica,Ride Like The Wind,2018,Ministry Of Sound,12838905,
Cheap Trick,I Want You To Want Me,Ride Like The Wind,2018,Ministry Of Sound,12838905,
Joe Walsh,Life's Been Good,Ride Like The Wind,2018,Ministry Of Sound,12838905,
J.J. Cale,Cocaine,Ride Like The Wind,2018,Ministry Of Sound,12838905,
Blue Öyster Cult,(Don't Fear) The Reaper,Ride Like The Wind,2018,Ministry Of Sound,12838905,
Survivor,Burning Heart,Ride Like The Wind,2018,Ministry Of Sound,12838905,
Bad English,When I See You Smile,Ride Like The Wind,2018,Ministry Of Sound,12838905,
Kansas (2),Carry On Wayward Son,Ride Like The Wind,2018,Ministry Of Sound,12838905,
Kenny Loggins,Danger Zone,Ride Like The Wind,2018,Ministry Of Sound,12838905,
Robert Plant,Big Log,Ride Like The Wind,2018,Ministry Of Sound,12838905,
Santana,Black Magic Woman,Ride Like The Wind,2018,Ministry Of Sound,12838905,
Jan Hammer,"Crockett's Theme (From ""Miami Vice II"" Soundtrack)",Ride Like The Wind,2018,Ministry Of Sound,12838905,
Whitney Houston,How Will I Know,I Love 80s,2018,Ministry Of Sound,12985475,4:31
KC & The Sunshine Band,Give It Up,I Love 80s,2018,Ministry Of Sound,12985475,4:08
Jermaine Stewart,We Don't Have To Take Our Clothes Off,I Love 80s,2018,Ministry Of Sound,12985475,4:33
Pointer Sisters,I'm So Excited,I Love 80s,2018,Ministry Of Sound,12985475,3:51
DeBarge,Stop! Don't Tease Me,I Love 80s,2018,Ministry Of Sound,12985475,3:52
Miami Sound Machine,Rhythm Is Gonna Get You,I Love 80s,2018,Ministry Of Sound,12985475,3:54
Miami Sound Machine,Bad Boy,I Love 80s,2018,Ministry Of Sound,12985475,3:48
Paula Abdul,Straight Up,I Love 80s,2018,Ministry Of Sound,12985475,3:42
The Buggles,Video Killed The Radio Star,I Love 80s,2018,Ministry Of Sound,12985475,3:13
Fine Young Cannibals,She Drives Me Crazy,I Love 80s,2018,Ministry Of Sound,12985475,3:31
Paul Simon,You Can Call Me Al,I Love 80s,2018,Ministry Of Sound,12985475,4:36
Tina Turner,What's Love Got To Do With It,I Love 80s,2018,Ministry Of Sound,12985475,3:43
Foreigner,I Want To Know What Love Is,I Love 80s,2018,Ministry Of Sound,12985475,4:57
ABC,The Look Of Love,I Love 80s,2018,Ministry Of Sound,12985475,3:26
Level 42,Lessons In Love,I Love 80s,2018,Ministry Of Sound,12985475,3:58
Crowded House,Don't Dream It Over,I Love 80s,2018,Ministry Of Sound,12985475,3:54
Mike & The Mechanics,The Living Years,I Love 80s,2018,Ministry Of Sound,12985475,5:20
The Romantics,Talking In Your Sleep,I Love 80s,2018,Ministry Of Sound,12985475,3:50
Alison Moyet,Love Resurrection,I Love 80s,2018,Ministry Of Sound,12985475,3:48
Lionel Richie,Dancing On The Ceiling,I Love 80s,2018,Ministry Of Sound,12985475,4:31
Taylor Dayne,Tell It To My Heart,I Love 80s,2018,Ministry Of Sound,12985475,3:35
Wham!,The Edge Of Heaven,I Love 80s,2018,Ministry Of Sound,12985475,4:29
Rick Astley,Never Gonna Give You Up,I Love 80s,2018,Ministry Of Sound,12985475,3:26
Kylie Minogue,Wouldn't Change A Thing,I Love 80s,2018,Ministry Of Sound,12985475,3:11
Cyndi Lauper,Girls Just Want To Have Fun,I Love 80s,2018,Ministry Of Sound,12985475,3:49
Kenny Loggins,Footloose,I Love 80s,2018,Ministry Of Sound,12985475,3:41
Tiffany,I Think We're Alone Now,I Love 80s,2018,Ministry Of Sound,12985475,3:44
Bananarama,Venus,I Love 80s,2018,Ministry Of Sound,12985475,3:32
Samantha Fox,Touch Me (I Want Your Body),I Love 80s,2018,Ministry Of Sound,12985475,3:37
Billy Ocean,"When The Going Gets Tough, The Tough Get Going",I Love 80s,2018,Ministry Of Sound,12985475,4:04
Belinda Carlisle,Heaven Is A Place On Earth,I Love 80s,2018,Ministry Of Sound,12985475,4:01
The Weather Girls,It's Raining Men,I Love 80s,2018,Ministry Of Sound,12985475,3:29
Pepsi & Shirlie,Heartache,I Love 80s,2018,Ministry Of Sound,12985475,3:32
Mel & Kim,Respectable,I Love 80s,2018,Ministry Of Sound,12985475,3:20
Michael Sembello,Maniac,I Love 80s,2018,Ministry Of Sound,12985475,4:07
Nena,99 Red Balloons,I Love 80s,2018,Ministry Of Sound,12985475,3:47
Johnny Cash,Ring Of Fire,Country Gold - The Greatest Hits Of All Time,2018,Ministry Of Sound,12846469,2:34
Dolly Parton,Jolene,Country Gold - The Greatest Hits Of All Time,2018,Ministry Of Sound,12846469,2:38
John Denver,"Take Me Home, Country Roads",Country Gold - The Greatest Hits Of All Time,2018,Ministry Of Sound,12846469,3:07
Bob Dylan,I'll Be Your Baby Tonight,Country Gold - The Greatest Hits Of All Time,2018,Ministry Of Sound,12846469,2:39
Roy Orbison,Only The Lonely (Know The Way I Feel),Country Gold - The Greatest Hits Of All Time,2018,Ministry Of Sound,12846469,2:23
Elvis Presley,Burning Love,Country Gold - The Greatest Hits Of All Time,2018,Ministry Of Sound,12846469,2:49
Willie Nelson,On The Road Again,Country Gold - The Greatest Hits Of All Time,2018,Ministry Of Sound,12846469,2:29
Kenny Rogers,The Gambler,Country Gold - The Greatest Hits Of All Time,2018,Ministry Of Sound,12846469,3:30
Kris Kristofferson,Help Me Make It Through The Night,Country Gold - The Greatest Hits Of All Time,2018,Ministry Of Sound,12846469,2:15
"Carl Smith (3), June Carter Cash",Time's A-Wastin',Country Gold - The Greatest Hits Of All Time,2018,Ministry Of Sound,12846469,2:07
Patsy Cline,Crazy,Country Gold - The Greatest Hits Of All Time,2018,Ministry Of Sound,12846469,2:42
Crystal Gayle,Don't It Make My Brown Eyes Blue,Country Gold - The Greatest Hits Of All Time,2018,Ministry Of Sound,12846469,2:37
Charley Pride,Kiss An Angel Good Mornin',Country Gold - The Greatest Hits Of All Time,2018,Ministry Of Sound,12846469,2:01
Clint Black,Like The Rain,Country Gold - The Greatest Hits Of All Time,2018,Ministry Of Sound,12846469,4:19
Loretta Lynn,Coal Miner's Daughter,Country Gold - The Greatest Hits Of All Time,2018,Ministry Of Sound,12846469,2:58
Gretchen Wilson,Redneck Woman,Country Gold - The Greatest Hits Of All Time,2018,Ministry Of Sound,12846469,3:41
Don Williams (2),Back In My Younger Days,Country Gold - The Greatest Hits Of All Time,2018,Ministry Of Sound,12846469,3:13
"Merle Haggard, The Strangers (5)",Mama Tried,Country Gold - The Greatest Hits Of All Time,2018,Ministry Of Sound,12846469,2:10
Don McLean,Vincent,Country Gold - The Greatest Hits Of All Time,2018,Ministry Of Sound,12846469,3:59
Tanya Tucker,Delta Dawn,Country Gold - The Greatest Hits Of All Time,2018,Ministry Of Sound,12846469,2:53
"Johnny Cash, June Carter Cash",Jackson,Country Gold - The Greatest Hits Of All Time,2018,Ministry Of Sound,12846469,2:41
Hank Williams,Lovesick Blues,Country Gold - The Greatest Hits Of All Time,2018,Ministry Of Sound,12846469,2:42
Bobbie Gentry,Ode To Billie Joe,Country Gold - The Greatest Hits Of All Time,2018,Ministry Of Sound,12846469,4:13
Gram Parsons,Love Hurts,Country Gold - The Greatest Hits Of All Time,2018,Ministry Of Sound,12846469,3:38
Tennessee Ernie Ford,Sixteen Tons,Country Gold - The Greatest Hits Of All Time,2018,Ministry Of Sound,12846469,2:36
The Charlie Daniels Band,The Devil Went Down To Georgia,Country Gold - The Greatest Hits Of All Time,2018,Ministry Of Sound,12846469,3:35
The Highwaymen,Highwayman,Country Gold - The Greatest Hits Of All Time,2018,Ministry Of Sound,12846469,3:01
Whiskeytown,Jacksonville Skyline,Country Gold - The Greatest Hits Of All Time,2018,Ministry Of Sound,12846469,2:58
Maren Morris,My Church,Country Gold - The Greatest Hits Of All Time,2018,Ministry Of Sound,12846469,3:15
First Aid Kit,Master Pretender,Country Gold - The Greatest Hits Of All Time,2018,Ministry Of Sound,12846469,3:44
The Shires,Nashville Grey Skies,Country Gold - The Greatest Hits Of All Time,2018,Ministry Of Sound,12846469,3:41
Ward Thomas,Carry You Home,Country Gold - The Greatest Hits Of All Time,2018,Ministry Of Sound,12846469,3:32
Sugarland (2),Stay,Country Gold - The Greatest Hits Of All Time,2018,Ministry Of Sound,12846469,4:42
Reba McEntire,Fancy,Country Gold - The Greatest Hits Of All Time,2018,Ministry Of Sound,12846469,4:52
Carrie Underwood,Before He Cheats,Country Gold - The Greatest Hits Of All Time,2018,Ministry Of Sound,12846469,3:16
Josh Turner (2),Your Man,Country Gold - The Greatest Hits Of All Time,2018,Ministry Of Sound,12846469,3:30
Lady Antebellum,Need You Now,Country Gold - The Greatest Hits Of All Time,2018,Ministry Of Sound,12846469,3:54
Shania Twain,That Don't Impress Me Much,Country Gold - The Greatest Hits Of All Time,2018,Ministry Of Sound,12846469,3:56
The Mavericks,Dance The Night Away,Country Gold - The Greatest Hits Of All Time,2018,Ministry Of Sound,12846469,4:20
Billy Ray Cyrus,Achy Breaky Heart,Country Gold - The Greatest Hits Of All Time,2018,Ministry Of Sound,12846469,3:23
Tammy Wynette,Stand By Your Man,Country Gold - The Greatest Hits Of All Time,2018,Ministry Of Sound,12846469,2:39
Uncle Kracker,Follow Me,Country Gold - The Greatest Hits Of All Time,2018,Ministry Of Sound,12846469,3:35
Dr. Hook,When You're In Love With A Beautiful Woman,Country Gold - The Greatest Hits Of All Time,2018,Ministry Of Sound,12846469,2:52
"Alan Jackson (2), Jimmy Buffett",It's Five O'Clock Somewhere,Country Gold - The Greatest Hits Of All Time,2018,Ministry Of Sound,12846469,3:49
George Jones (2),He Stopped Loving Her Today,Country Gold - The Greatest Hits Of All Time,2018,Ministry Of Sound,12846469,3:15
Waylon Jennings & Willie Nelson,Good Hearted Woman,Country Gold - The Greatest Hits Of All Time,2018,Ministry Of Sound,12846469,2:51
Don Gibson,Sea Of Heartbreak,Country Gold - The Greatest Hits Of All Time,2018,Ministry Of Sound,12846469,2:30
Marty Robbins,El Paso,Country Gold - The Greatest Hits Of All Time,2018,Ministry Of Sound,12846469,4:20
David Allan Coe,You Never Even Called Me By My Name,Country Gold - The Greatest Hits Of All Time,2018,Ministry Of Sound,12846469,5:13
Lynn Anderson,Rose Garden,Country Gold - The Greatest Hits Of All Time,2018,Ministry Of Sound,12846469,2:51
Charlie Rich,The Most Beautiful Girl,Country Gold - The Greatest Hits Of All Time,2018,Ministry Of Sound,12846469,2:34
Charlie Daniels,Long Haired Country Boy,Country Gold - The Greatest Hits Of All Time,2018,Ministry Of Sound,12846469,4:01
Diamond Rio,Meet In The Middle,Country Gold - The Greatest Hits Of All Time,2018,Ministry Of Sound,12846469,3:14
Clint Black,Killin' Time,Country Gold - The Greatest Hits Of All Time,2018,Ministry Of Sound,12846469,2:46
George Strait,All My Ex's Live In Texas,Country Gold - The Greatest Hits Of All Time,2018,Ministry Of Sound,12846469,3:19
George Ezra,Shotgun (Acoustic),Heartstrings,2018,Ministry Of Sound,13012924,
"Clean Bandit, Julia Michaels",I Miss You (Acoustic),Heartstrings,2018,Ministry Of Sound,13012924,
Paloma Faith,Only Love Can Hurt Like This (Live From London),Heartstrings,2018,Ministry Of Sound,13012924,
Tom Odell,If You Wanna Know Somebody,Heartstrings,2018,Ministry Of Sound,13012924,
Sigrid (9),Strangers (Acoustic),Heartstrings,2018,Ministry Of Sound,13012924,
Years & Years,If You're Over Me (Acoustic),Heartstrings,2018,Ministry Of Sound,13012924,
Hozier,Work Song,Heartstrings,2018,Ministry Of Sound,13012924,
Matt Johnson (49),IDGAF (Acoustic),Heartstrings,2018,Ministry Of Sound,13012924,
Brother Leo,Strangers On An Island (Acoustic),Heartstrings,2018,Ministry Of Sound,13012924,
LUSAINT,I Wanna Dance With Somebody (Who Loves Me) (Acoustic),Heartstrings,2018,Ministry Of Sound,13012924,
Grace Grundy,What Is Love,Heartstrings,2018,Ministry Of Sound,13012924,
Past Midnight,Lady (Hear Me Tonight),Heartstrings,2018,Ministry Of Sound,13012924,
Blame Jones,Show Me Love (Acoustic),Heartstrings,2018,Ministry Of Sound,13012924,
Amy Winehouse,I Heard Love Is Blind,Heartstrings,2018,Ministry Of Sound,13012924,
Maroon 5,She Will Be Loved (Acoustic),Heartstrings,2018,Ministry Of Sound,13012924,
Ben Howard (2),I Forgot Where We Were,Heartstrings,2018,Ministry Of Sound,13012924,
Eagle-Eye Cherry,Save Tonight,Heartstrings,2018,Ministry Of Sound,13012924,
Coco Worth,Cry Me A River (Acoustic),Heartstrings,2018,Ministry Of Sound,13012924,
James Vincent McMorrow,"Wicked Game (Live From St. Canice Cathedral, Kilkenny)",Heartstrings,2018,Ministry Of Sound,13012924,
"Kygo, Conrad Sewell",Firestone (Fireworks Rework),Heartstrings,2018,Ministry Of Sound,13012924,
Au/Ra,Panic Room (Acoustic),Heartstrings,2018,Ministry Of Sound,13012924,
Past Midnight,Dreamer (Acoustic),Heartstrings,2018,Ministry Of Sound,13012924,
Hannah Grace (2),Praise You,Heartstrings,2018,Ministry Of Sound,13012924,
Jasmine Thompson,Everybody Hurts,Heartstrings,2018,Ministry Of Sound,13012924,
Jennifer Ann,Everybody's Free To Feel Good,Heartstrings,2018,Ministry Of Sound,13012924,
Astraea (3),You're Not Alone,Heartstrings,2018,Ministry Of Sound,13012924,
Blame Jones,Let Me Be Your Fantasy (Acoustic),Heartstrings,2018,Ministry Of Sound,13012924,
Alexa Goddard,Promises,Heartstrings,2018,Ministry Of Sound,13012924,
LUSAINT,More Than Friends (Acoustic),Heartstrings,2018,Ministry Of Sound,13012924,
Jacob Wellfair,One Kiss (Acoustic),Heartstrings,2018,Ministry Of Sound,13012924,
Grace Grundy,Eastside,Heartstrings,2018,Ministry Of Sound,13012924,
Matt Johnson (49),Issues (Acoustic Unplugged),Heartstrings,2018,Ministry Of Sound,13012924,
Hattie Webb,Rhythm Of The Night,Heartstrings,2018,Ministry Of Sound,13012924,
"Preditah, Jorja Smith",On My Mind (Acoustic),Heartstrings,2018,Ministry Of Sound,13012924,
The Gap Band,Oops Upside Your Head,70s Soul Jams,2018,Ministry Of Sound,13028020,
James Brown,Get Up (I Feel Like Being A) Sex Machine,70s Soul Jams,2018,Ministry Of Sound,13028020,
The Isley Brothers,"That Lady, Pts. 1 & 2",70s Soul Jams,2018,Ministry Of Sound,13028020,
Rick James,Mary Jane,70s Soul Jams,2018,Ministry Of Sound,13028020,
Delegation,You And I,70s Soul Jams,2018,Ministry Of Sound,13028020,
Lou Rawls,You'll Never Find Another Love Like Mine,70s Soul Jams,2018,Ministry Of Sound,13028020,
Dynasty,I Don't Want To Be A Freak (But I Can't Help Myself),70s Soul Jams,2018,Ministry Of Sound,13028020,
Roy Ayers,Running Away,70s Soul Jams,2018,Ministry Of Sound,13028020,
Five Stairsteps,O-o-h Child,70s Soul Jams,2018,Ministry Of Sound,13028020,
Bootsy Collins,I'd Rather Be With You,70s Soul Jams,2018,Ministry Of Sound,13028020,
Slave,Slide,70s Soul Jams,2018,Ministry Of Sound,13028020,
The Fatback Band,Wicky Wacky,70s Soul Jams,2018,Ministry Of Sound,13028020,
Daryl Hall & John Oates,She's Gone,70s Soul Jams,2018,Ministry Of Sound,13028020,
The Isley Brothers,"Summer Breeze, Pt. 1",70s Soul Jams,2018,Ministry Of Sound,13028020,
"Toto, Cheryl Lynn",Georgy Porgy (Disco Version),70s Soul Jams,2018,Ministry Of Sound,13028020,
Teddy Pendergrass,Close The Door,70s Soul Jams,2018,Ministry Of Sound,13028020,
The Stylistics,You Make Me Feel Brand New,70s Soul Jams,2018,Ministry Of Sound,13028020,
Billy Paul,Me & Mrs Jones,70s Soul Jams,2018,Ministry Of Sound,13028020,
The O'Jays,Back Stabbers,70s Soul Jams,2018,Ministry Of Sound,13028020,
Thelma Houston,"Saturday Night, Sunday Morning",70s Soul Jams,2018,Ministry Of Sound,13028020,
Nightcrawlers,Push The Feeling On (The Dub Of Doom / Short),Throwback 90s Dance,2018,Ministry Of Sound,13035008,
"Kenny ""Dope"" Gonzalez, The Bucketheads",The Bomb! (These Sounds Fall Through My Mind),Throwback 90s Dance,2018,Ministry Of Sound,13035008,
Todd Terry,Something's Going On (Tee's Edit),Throwback 90s Dance,2018,Ministry Of Sound,13035008,
Gat Decor,Passion (Naked Edit),Throwback 90s Dance,2018,Ministry Of Sound,13035008,
Urban Cookie Collective,"The Key, The Secret (Dancing Divaz Edit)",Throwback 90s Dance,2018,Ministry Of Sound,13035008,
Faithless,Insomnia (Monster Edit),Throwback 90s Dance,2018,Ministry Of Sound,13035008,
Gladys Knight And The Pips,Taste Of Bitter Love (Single Version),80s Soul Jams Vol II,2019,Ministry Of Sound,14234120,
Shannon,Let The Music Play (Radio Edit),80s Soul Jams Vol II,2019,Ministry Of Sound,14234120,
Sharon Redd,Never Give You Up (Radio Edit),80s Soul Jams Vol II,2019,Ministry Of Sound,14234120,
Phyllis Hyman,"Don't Tell Me, Tell Her (Remastered)",80s Soul Jams Vol II,2019,Ministry Of Sound,14234120,
Delegation,In The Night,80s Soul Jams Vol II,2019,Ministry Of Sound,14234120,
Gladys Knight And The Pips,"Bourgie', Bourgie' (Single Version)",80s Soul Jams Vol II,2019,Ministry Of Sound,14234120,
D-Train,Music (Radio Edit),80s Soul Jams Vol II,2019,Ministry Of Sound,14234120,
The S.O.S. Band,Take Your Time (Do It Right) Pt. 1,80s Soul Jams Vol II,2019,Ministry Of Sound,14234120,
Odyssey (2),Inside Out (Single Mix),80s Soul Jams Vol II,2019,Ministry Of Sound,14234120,
Carly Simon,Why (Radio Edit),80s Soul Jams Vol II,2019,Ministry Of Sound,14234120,
Meli'sa Morgan,Fool's Paradise,80s Soul Jams Vol II,2019,Ministry Of Sound,14234120,
Imagination,Music & Lights,80s Soul Jams Vol II,2019,Ministry Of Sound,14234120,
Joyce Sims,(You Are My) All And All (Radio Edit),80s Soul Jams Vol II,2019,Ministry Of Sound,14234120,
Tom Browne,Thighs High (Grip Your Hips And Move),80s Soul Jams Vol II,2019,Ministry Of Sound,14234120,
Change,Searching (Radio Edit),80s Soul Jams Vol II,2019,Ministry Of Sound,14234120,
Skipworth & Turner,Thinking About Your Love (Radio Edit),80s Soul Jams Vol II,2019,Ministry Of Sound,14234120,
Lionel Richie,All Night Long,80s Soul Jams Vol II,2019,Ministry Of Sound,14234120,
Whitney Houston,Saving All My Love For You,80s Soul Jams Vol II,2019,Ministry Of Sound,14234120,
Luther Vandross,Give Me The Reason (Single Version),80s Soul Jams Vol II,2019,Ministry Of Sound,14234120,
Daryl Hall & John Oates,"I Can't Go For That (No Can Do) (7"" Remix)",80s Soul Jams Vol II,2019,Ministry Of Sound,14234120,
Zapp & Roger,I Want To Be Your Man,80s Soul Jams Vol II,2019,Ministry Of Sound,14234120,
Champaign,How 'Bout Us (Single Version),80s Soul Jams Vol II,2019,Ministry Of Sound,14234120,
Teddy Pendergrass,Love T.K.O. (Single Version),80s Soul Jams Vol II,2019,Ministry Of Sound,14234120,
Fat Larry's Band,Zoom (Radio Edit),80s Soul Jams Vol II,2019,Ministry Of Sound,14234120,
Viola Wills,Gonna Get Along Without You Now (Radio Edit),80s Soul Jams Vol II,2019,Ministry Of Sound,14234120,
"Calvin Harris, Rag'n'Bone Man",Giant,Love Island: Pool Party 2019,2019,Ministry Of Sound,14079017,
"Silk City (3), Diplo, Dua Lipa, Mark Ronson",Electricity,Love Island: Pool Party 2019,2019,Ministry Of Sound,14079017,
"Sigala, Becky Hill",Wish You Well,Love Island: Pool Party 2019,2019,Ministry Of Sound,14079017,
"Herve Pagez, Diplo, Charli XCX",Spicy,Love Island: Pool Party 2019,2019,Ministry Of Sound,14079017,
"Dynoro, Ina Wroldsen",Obsessed,Love Island: Pool Party 2019,2019,Ministry Of Sound,14079017,
"CamelPhat, Jake Bugg",Be Someone,Love Island: Pool Party 2019,2019,Ministry Of Sound,14079017,
Craig David,When You Know What Love Is,Love Island: Pool Party 2019,2019,Ministry Of Sound,14079017,
Strike,"U Sure Do (7"" Mix)",Love Island: Pool Party 2019,2019,Ministry Of Sound,14079017,
Livin' Joy,Dreamer (Janice Robinson Vocal),Love Island: Pool Party 2019,2019,Ministry Of Sound,14079017,
"Blaze, Underground Dance Artists United For Life, Barbara Tucker",Most Precious Love (DF's Future 3000 Radio Mix),Love Island: Pool Party 2019,2019,Ministry Of Sound,14079017,
Junior Jack,My Feeling (Daddy's Prime Time Edit),Love Island: Pool Party 2019,2019,Ministry Of Sound,14079017,
Khalid (16),Talk,Love Island: Pool Party 2019,2019,Ministry Of Sound,14079017,
Mabel (5),Don't Call Me Up,Love Island: Pool Party 2019,2019,Ministry Of Sound,14079017,
"Wiley (2), Stefflon Don, Sean Paul, Idris Elba",Boasty,Love Island: Pool Party 2019,2019,Ministry Of Sound,14079017,
Not3s,Wanting,Love Island: Pool Party 2019,2019,Ministry Of Sound,14079017,
"NSG (6), Tion Wayne",Options,Love Island: Pool Party 2019,2019,Ministry Of Sound,14079017,
"Bruno Mars, Cardi B",Finesse (Remix),Love Island: Pool Party 2019,2019,Ministry Of Sound,14079017,
"Little Mix, Nicki Minaj",Woman Like Me,Love Island: Pool Party 2019,2019,Ministry Of Sound,14079017,
"Blu Cantrell, Sean Paul",Breathe (Rap Version),Love Island: Pool Party 2019,2019,Ministry Of Sound,14079017,
Big Punisher,Still Not A Player (Remix),Love Island: Pool Party 2019,2019,Ministry Of Sound,14079017,
"Usher, Lil' Jon, Ludacris",Yeah!,Love Island: Pool Party 2019,2019,Ministry Of Sound,14079017,
"Mark Ronson, Lykke Li",Late Night Feelings,Love Island: Pool Party 2019,2019,Ministry Of Sound,14079017,
Ariana Grande,"Thank U, Next",Love Island: Pool Party 2019,2019,Ministry Of Sound,14079017,
"Lauv, Troye Sivan",I'm So Tired...,Love Island: Pool Party 2019,2019,Ministry Of Sound,14079017,
Zara Larsson,Don't Worry Bout Me,Love Island: Pool Party 2019,2019,Ministry Of Sound,14079017,
Lewis Capaldi,Someone You Loved (Future Humans Remix),Love Island: Pool Party 2019,2019,Ministry Of Sound,14079017,
Tom Walker (12),Just You And I (R3hab Remix),Love Island: Pool Party 2019,2019,Ministry Of Sound,14079017,
"David Guetta, Sia",Flames,Love Island: Pool Party 2019,2019,Ministry Of Sound,14079017,
"Gesaffelstein, The Weeknd",Lost In The Fire,Love Island: Pool Party 2019,2019,Ministry Of Sound,14079017,
Rita Ora,Let You Love Me (Acoustic),Love Island: Pool Party 2019,2019,Ministry Of Sound,14079017,
Jorja Smith,The One,Love Island: Pool Party 2019,2019,Ministry Of Sound,14079017,
Jess Glynne,Thursday (Acoustic),Love Island: Pool Party 2019,2019,Ministry Of Sound,14079017,
Moss Kena,Nothing Breaks Like A Heart (Live Acoustic Version),Love Island: Pool Party 2019,2019,Ministry Of Sound,14079017,
"Avicii, Rita Ora",Lonely Together (Acoustic),Love Island: Pool Party 2019,2019,Ministry Of Sound,14079017,
Mike Dignam (2),New Rules,Love Island: Pool Party 2019,2019,Ministry Of Sound,14079017,
Martin Luke Brown,Shadow & Light,Love Island: Pool Party 2019,2019,Ministry Of Sound,14079017,
"Maverick Sabre, Jorja Smith",Slow Down,Love Island: Pool Party 2019,2019,Ministry Of Sound,14079017,
H.E.R. (2),Hard Place,Love Island: Pool Party 2019,2019,Ministry Of Sound,14079017,
Albin Lee Meldau,I Need Your Love,Love Island: Pool Party 2019,2019,Ministry Of Sound,14079017,
Freya Ridings,Lost Without You (Kia Love X Vertue Radio Mix),Love Island: Pool Party 2019,2019,Ministry Of Sound,14079017,
"Beenie Man, Future Fambo",Rum & Red Bull,Reggae Summer Soundsystem,2019,Ministry Of Sound,14410243,
Gyptian,Hold You,Reggae Summer Soundsystem,2019,Ministry Of Sound,14410243,
Patra,Dip & Fall Back,Reggae Summer Soundsystem,2019,Ministry Of Sound,14410243,
"Shaggy, Rayvon",Big Up,Reggae Summer Soundsystem,2019,Ministry Of Sound,14410243,
Spragga Benz,She Nuh Ready Yet (Hype Up),Reggae Summer Soundsystem,2019,Ministry Of Sound,14410243,
Shabba Ranks,Bedroom Bully,Reggae Summer Soundsystem,2019,Ministry Of Sound,14410243,
"Ce'Cile, Agent Sasco",Hey,Reggae Summer Soundsystem,2019,Ministry Of Sound,14410243,
Nitty Gritty,Excuse Me,Reggae Summer Soundsystem,2019,Ministry Of Sound,14410243,
Koffee (4),Throne,Reggae Summer Soundsystem,2019,Ministry Of Sound,14410243,
"Spragga Benz, Lady Saw",Backshot,Reggae Summer Soundsystem,2019,Ministry Of Sound,14410243,
"Mavado, Nicki Minaj",Give It All To Me,Reggae Summer Soundsystem,2019,Ministry Of Sound,14410243,
Steel Pulse,Handsworth Revolution,Reggae Summer Soundsystem,2019,Ministry Of Sound,14410243,
Sizzla,Be Strong,Reggae Summer Soundsystem,2019,Ministry Of Sound,14410243,
Richie Spice,Youths Dem Cold,Reggae Summer Soundsystem,2019,Ministry Of Sound,14410243,
Capleton,That Day Will Come,Reggae Summer Soundsystem,2019,Ministry Of Sound,14410243,
Gregory Isaacs,Cool Down The Pace,Reggae Summer Soundsystem,2019,Ministry Of Sound,14410243,
Althea & Donna,Uptown Top Ranking (2001 Remaster),Reggae Summer Soundsystem,2019,Ministry Of Sound,14410243,
Bounty Killer,Gangster Love,Reggae Summer Soundsystem,2019,Ministry Of Sound,14410243,
"Sara Lugo, Protoje",Really Like You,Reggae Summer Soundsystem,2019,Ministry Of Sound,14410243,
Junior Kelly,Nuthin' Wrong With The World,Reggae Summer Soundsystem,2019,Ministry Of Sound,14410243,
"Gentleman, Barrington Levy, Daddy Rings",Caan Hold Us Down,Reggae Summer Soundsystem,2019,Ministry Of Sound,14410243,
"FYA, Smujji",Must Be Love,Reggae Summer Soundsystem,2019,Ministry Of Sound,14410243,
Yellowman,Zungguzungguguzungguzeng,Reggae Summer Soundsystem,2019,Ministry Of Sound,14410243,
Elephant Man,Pon De River,Reggae Summer Soundsystem,2019,Ministry Of Sound,14410243,
The Maytals,54-46 Was My Number,Reggae Summer Soundsystem,2019,Ministry Of Sound,14410243,
Junior Byles,Fade Away,Reggae Summer Soundsystem,2019,Ministry Of Sound,14410243,
The Abyssinians,Satta Massagana,Reggae Summer Soundsystem,2019,Ministry Of Sound,14410243,
Beres Hammond,Rock Away,Reggae Summer Soundsystem,2019,Ministry Of Sound,14410243,
U-Roy,Natty Rebel (Remaster 1990),Reggae Summer Soundsystem,2019,Ministry Of Sound,14410243,
Alton Ellis,What Does It Take (To Win Your Love),Reggae Summer Soundsystem,2019,Ministry Of Sound,14410243,
The Maytals,Monkey Man,Reggae Summer Soundsystem,2019,Ministry Of Sound,14410243,
Bob & Marcia,"Young, Gifted And Black",Reggae Summer Soundsystem,2019,Ministry Of Sound,14410243,
Marcia Griffiths,Feel Like Jumping,Reggae Summer Soundsystem,2019,Ministry Of Sound,14410243,
Basement Jaxx,Where’s Your Head At,I Love 00s,2019,Ministry Of Sound,14075957,
"Groove Armada, Gram'ma Funk",I See You Baby (Fatboy Slim Edit),I Love 00s,2019,Ministry Of Sound,14075957,
"Paul Oakenfold, Shifty Shellshock",Starry Eyed Surprise,I Love 00s,2019,Ministry Of Sound,14075957,
Fatboy Slim,Wonderful Night,I Love 00s,2019,Ministry Of Sound,14075957,
"Bodyrox, Luciana Caporaso",Yeah Yeah (D. Ramirez Edit),I Love 00s,2019,Ministry Of Sound,14075957,
La Roux,In For The Kill,I Love 00s,2019,Ministry Of Sound,14075957,
Meck (2),Thunder In My Heart Again,I Love 00s,2019,Ministry Of Sound,14075957,
"StoneBridge, Therese",Put 'Em High (JJ's Edit),I Love 00s,2019,Ministry Of Sound,14075957,
"Michael Gray, Shelly Poole",Borderline,I Love 00s,2019,Ministry Of Sound,14075957,
DB Boulevard,Point Of View (T&F Crushed Broggio Edit),I Love 00s,2019,Ministry Of Sound,14075957,
"Jamiroquai, Beverley Knight",Love Foolosophy,I Love 00s,2019,Ministry Of Sound,14075957,
T2 (5),Heartbroken,I Love 00s,2019,Ministry Of Sound,14075957,
Daniel Bedingfield,Gotta Get Thru This (D'N'D Edit),I Love 00s,2019,Ministry Of Sound,14075957,
3 Of A Kind (6),Babycakes,I Love 00s,2019,Ministry Of Sound,14075957,
CRW,I Feel Love (RAF Zone Edit),I Love 00s,2019,Ministry Of Sound,14075957,
"Jon Cutler, E-Man",It's Yours (Distant Music Edit),I Love 00s,2019,Ministry Of Sound,14075957,
Da Hool,Meet Her At The Love Parade (Nalin & Kane Edit),Throwback Trance,2019,Ministry Of Sound,14502830,
Public Domain,"Operation Blade (Bass In The Place) (7"" Edit)",Throwback Trance,2019,Ministry Of Sound,14502830,
Love Inc,You're A Superstar (City Of Love Club Mix),Throwback Trance,2019,Ministry Of Sound,14502830,
Rank 1,Airwave (Vocal Edit),Throwback Trance,2019,Ministry Of Sound,14502830,
Real McCoy,Run Away,Throwback Trance,2019,Ministry Of Sound,14502830,
Agnelli & Nelson,"Everyday (Original Vocal 7"" Mix)",Throwback Trance,2019,Ministry Of Sound,14502830,
Jan Johnston,Flesh (DJ Tiësto Mix),Throwback Trance,2019,Ministry Of Sound,14502830,
"Paul Oakenfold, Carla Werner",Southern Sun (DJ Tiësto Remix),Throwback Trance,2019,Ministry Of Sound,14502830,
Xstasia,Sweetness (Tekara Edit),Throwback Trance,2019,Ministry Of Sound,14502830,
"Robert Miles, Maria Nayler",One & One,Throwback Trance,2019,Ministry Of Sound,14502830,
Love Inc,Broken Bones (City Of Love Mix),Throwback Trance,2019,Ministry Of Sound,14502830,
Art Of Trance,Madagascar (Ferry Corsten Edit - Remastered 2009),Throwback Trance,2019,Ministry Of Sound,14502830,
"Matt Darey, Tiff Lacey",Always,Throwback Trance,2019,Ministry Of Sound,14502830,
Sunburst,Eyeball (Eyeball Paul's Theme) (From Kevin & Perry Go Large),Throwback Trance,2019,Ministry Of Sound,14502830,
Lustral,Everytime (Original Edit),Throwback Trance,2019,Ministry Of Sound,14502830,
"Matt Darey, Izzy",Eternity,Throwback Trance,2019,Ministry Of Sound,14502830,
Tin Tin Out,Strings For Yasmin,Throwback Trance,2019,Ministry Of Sound,14502830,
Way Out West,Mindcircus (Gabriel & Dresden Edit),Throwback Trance,2019,Ministry Of Sound,14502830,
Tina Cousins,Killin' Time,Throwback Trance,2019,Ministry Of Sound,14502830,
"Space Frog, The Grim Reaper",(X-Ray) Follow Me (Vocal Version Edit),Throwback Trance,2019,Ministry Of Sound,14502830,
Li Kwan,Point Zero,Throwback Trance,2019,Ministry Of Sound,14502830,
Sarah McLachlan,Fallen (Gabriel & Dresden Anti-Gravity Mix Edit),Throwback Trance,2019,Ministry Of Sound,14502830,
"Estelle, Kanye West",American Boy,Throwback House Party,2019,Ministry Of Sound,14559881,
Will Smith,Switch,Throwback House Party,2019,Ministry Of Sound,14559881,
"Kelis, Andre 3000",Millionaire,Throwback House Party,2019,Ministry Of Sound,14559881,
Cassie (2),Me & U,Throwback House Party,2019,Ministry Of Sound,14559881,
K.I.G.,"Head, Shoulders, Knees & Toez",Throwback House Party,2019,Ministry Of Sound,14559881,
Dominica (2),Gotta Let You Go,Throwback House Party,2019,Ministry Of Sound,14559881,
Corona,The Rhythm Of The Night (Rapino Brothers Version),Throwback House Party,2019,Ministry Of Sound,14559881,
"Reel 2 Real, The Mad Stuntman",I Like To Move It ('93 Edit),Throwback House Party,2019,Ministry Of Sound,14559881,
Khalid (16),Fast Car,BBC Radio 1 Live Lounge - The Collection,2019,Ministry Of Sound,14384300,4:11
Lewis Capaldi,Shallow,BBC Radio 1 Live Lounge - The Collection,2019,Ministry Of Sound,14384300,3:46
Miley Cyrus,Summertime Sadness,BBC Radio 1 Live Lounge - The Collection,2019,Ministry Of Sound,14384300,3:59
The 1975,It's Not Living (If It's Not With You),BBC Radio 1 Live Lounge - The Collection,2019,Ministry Of Sound,14384300,3:59
Sigrid (9),One Kiss,BBC Radio 1 Live Lounge - The Collection,2019,Ministry Of Sound,14384300,3:24
London Grammar,All Night,BBC Radio 1 Live Lounge - The Collection,2019,Ministry Of Sound,14384300,4:31
Sam Smith (12),I'm Not The Only One,BBC Radio 1 Live Lounge - The Collection,2019,Ministry Of Sound,14384300,4:11
Jorja Smith,Cry Me A River,BBC Radio 1 Live Lounge - The Collection,2019,Ministry Of Sound,14384300,3:20
Tom Walker (12),Hometown Glory,BBC Radio 1 Live Lounge - The Collection,2019,Ministry Of Sound,14384300,4:01
"AJ Tracey, Jorja Smith",Flowers,BBC Radio 1 Live Lounge - The Collection,2019,Ministry Of Sound,14384300,3:36
FKA Twigs,Stay With Me,BBC Radio 1 Live Lounge - The Collection,2019,Ministry Of Sound,14384300,3:17
Sam Fender,"Break Up With Your Girlfriend, I'm Bored",BBC Radio 1 Live Lounge - The Collection,2019,Ministry Of Sound,14384300,3:21
Miley Cyrus,Wrecking Ball,BBC Radio 1 Live Lounge - The Collection,2019,Ministry Of Sound,14384300,3:52
Arcade Fire,Rebellion (Lies),BBC Radio 1 Live Lounge - The Collection,2019,Ministry Of Sound,14384300,4:43
The Killers,Somebody Told Me,BBC Radio 1 Live Lounge - The Collection,2019,Ministry Of Sound,14384300,3:31
Kings Of Leon,Red Morning Light,BBC Radio 1 Live Lounge - The Collection,2019,Ministry Of Sound,14384300,3:07
Jake Bugg,Slide Away,BBC Radio 1 Live Lounge - The Collection,2019,Ministry Of Sound,14384300,2:57
Tom Odell,Video Games,BBC Radio 1 Live Lounge - The Collection,2019,Ministry Of Sound,14384300,4:37
Take That,Patience,BBC Radio 1 Live Lounge - The Collection,2019,Ministry Of Sound,14384300,3:25
Oasis (2),The Importance Of Being Idle,BBC Radio 1 Live Lounge - The Collection,2019,Ministry Of Sound,14384300,3:49
The Killers,Smile Like You Mean It,BBC Radio 1 Live Lounge - The Collection,2019,Ministry Of Sound,14384300,3:59
Bobina,Refuge,DJ Mag Top 100 DJs 2014,2014,Ministry Of Sound,19679632,8:22
Dillon Francis,Get Low,DJ Mag Top 100 DJs 2014,2014,Ministry Of Sound,19679632,3:34
Mark Sixma,Shadow (W&W edit),DJ Mag Top 100 DJs 2014,2014,Ministry Of Sound,19679632,5:08
Martin Garrix,Wizard (Radio edit),DJ Mag Top 100 DJs 2014,2014,Ministry Of Sound,19679632,3:22
Omnia (2),Immersion,DJ Mag Top 100 DJs 2014,2014,Ministry Of Sound,19679632,6:12
Paul Oakenfold,Toca Me (Club Mix),DJ Mag Top 100 DJs 2014,2014,Ministry Of Sound,19679632,5:42
"Sebastian Ingrosso, Ryan Tedder",Calling (Lose My Mind extend club mix),DJ Mag Top 100 DJs 2014,2014,Ministry Of Sound,19679632,6:15
"Sick Individuals, Axwell, Taylr Renee",I Am (Radio edit),DJ Mag Top 100 DJs 2014,2014,Ministry Of Sound,19679632,3:24
Tommy Trash,Lord Of The Trance (Club edit),DJ Mag Top 100 DJs 2014,2014,Ministry Of Sound,19679632,5:23
"Tritonal, Jonathan Mendelsohn",Satellite (Radio mix),DJ Mag Top 100 DJs 2014,2014,Ministry Of Sound,19679632,4:02
Various,DJ Mag Top 100 DJs 2014 (continuous mix 1),DJ Mag Top 100 DJs 2014,2014,Ministry Of Sound,19679632,67:23
Various,DJ Mag Top 100 DJs 2014 (continuous mix 2),DJ Mag Top 100 DJs 2014,2014,Ministry Of Sound,19679632,55:33
"Sasha, Kicki Halmos",Shoot You Down (Sasha Involv3r Remix),Invol<3r,2013,Ministry Of Sound,4383374,10:17
Various,Involv3r (Continuous Mix),Invol<3r,2013,Ministry Of Sound,4383374,78:58
Various,Beatless Mix (Continuous Mix),Invol<3r,2013,Ministry Of Sound,4383374,47:55
Soft Cell,"Tainted Love (Original 12"")",Electronic 80s (The Collection) ,2017,Ministry Of Sound,11176313,
Frankie Goes To Hollywood,Relax (New York Mix),Electronic 80s (The Collection) ,2017,Ministry Of Sound,11176313,
Spandau Ballet,Chant No. 1 (I Don't Need This Pressure On),Electronic 80s (The Collection) ,2017,Ministry Of Sound,11176313,
The Human League,Don't You Want Me (Special Extended Dance Mix),Electronic 80s (The Collection) ,2017,Ministry Of Sound,11176313,
ABC,The Look Of Love - PT. 1,Electronic 80s (The Collection) ,2017,Ministry Of Sound,11176313,
"Delerium, Sarah McLachlan",Silence (DJ Tiësto's In Search Of Sunrise Edit),[ Origins ] Trance,2019,Ministry Of Sound,14167586,3:55
Mauro Picotto,Lizard (Gonna Get You) (Claxixx Mix),[ Origins ] Trance,2019,Ministry Of Sound,14167586,5:38
Veracocha,Carte Blanche (FM Edit),[ Origins ] Trance,2019,Ministry Of Sound,14167586,3:40
"Steve ""Silk"" Hurley",Jack Your Body (Original Club Mix),[ Origins ] House,2019,Ministry Of Sound,14164626,5:06
"Marshall Jefferson, Curtis McClain",Move Your Body (The House Music Anthem),[ Origins ] House,2019,Ministry Of Sound,14164626,4:15
"Farley ""Jackmaster"" Funk, Darryl Pandy",Love Can't Turn Around,[ Origins ] House,2019,Ministry Of Sound,14164626,5:38
Jesse Saunders,On And On,[ Origins ] House,2019,Ministry Of Sound,14164626,7:51
Ron Hardy,Sensation (Long Version),[ Origins ] House,2019,Ministry Of Sound,14164626,6:38
"The Housemaster Boyz, The Rude Boy Of House",House Nation,[ Origins ] House,2019,Ministry Of Sound,14164626,7:06
Ten City,That's The Way Love Is (Underground Mix),[ Origins ] House,2019,Ministry Of Sound,14164626,4:14
"Maurice Joshua, Hula",This Is Acid,[ Origins ] House,2019,Ministry Of Sound,14164626,4:44
Cybotron,Clear,[ Origins ] Techno,2019,Ministry Of Sound,14160919,4:55
"System 7, Derrick May",Mysterious Traveller (Groovy Intent Mix),[ Origins ] Techno,2019,Ministry Of Sound,14160919,8:04
"E-Dancer, Kevin Saunderson",Velocity Funk (Extended Mix),[ Origins ] Techno,2019,Ministry Of Sound,14160919,5:37
Reese & Santonio,The Sound (Extended Mix),[ Origins ] Techno,2019,Ministry Of Sound,14160919,6:48
Mr. Fingers,Can You Feel It (Vocal),[ Origins ] Techno,2019,Ministry Of Sound,14160919,5:29
Blake Baxter,When We Used To Play,[ Origins ] Techno,2019,Ministry Of Sound,14160919,8:14
"E-Dancer, Kevin Saunderson",Rock To The Beat (Extended Mix),[ Origins ] Techno,2019,Ministry Of Sound,14160919,6:44
Joey Beltram,Life Force,[ Origins ] Techno,2019,Ministry Of Sound,14160919,4:25
Robert Hood,The Pace,[ Origins ] Techno,2019,Ministry Of Sound,14160919,9:44
"Psyche, BFC",Elements,[ Origins ] Techno,2019,Ministry Of Sound,14160919,6:52
Evelyn King,"Shame (12"" Version)",[ Origins ] Disco,2020,Ministry Of Sound,15654889,
Slyvester,You Make Me Feel (Mighty Real),[ Origins ] Disco,2020,Ministry Of Sound,15654889,
The Hues Corporation,Rock The Boat,[ Origins ] Disco,2020,Ministry Of Sound,15654889,
Kicks Like A Mule,The Bouncer (Housequake Mix),[ Origins ] Rave,2020,Ministry Of Sound,16072133,6:04
Altern 8,Evapor 8,[ Origins ] Rave,2020,Ministry Of Sound,16072133,5:23
Sonz Of A Loop Da Loop Era,Far Out (Original Scratchadelic Mix),[ Origins ] Rave,2020,Ministry Of Sound,16072133,4:55
The Shamen,Ebeneezer Goode (Club Vocal),[ Origins ] Rave,2020,Ministry Of Sound,16072133,6:16
Run Tings,Fires Burning,[ Origins ] Rave,2020,Ministry Of Sound,16072133,4:41
Krome & Time,This Sound Is For The Underground,[ Origins ] Rave,2020,Ministry Of Sound,16072133,6:14
Landlord (2),I Like It (Blow Out Dub),[ Origins ] Rave,2020,Ministry Of Sound,16072133,5:10
Phuture Assassins,Future Sound,[ Origins ] Rave,2020,Ministry Of Sound,16072133,5:05
"Room (5), Oliver Cheatham",Make Luv,30 Years (Three Decades of Dance),2021,Ministry Of Sound,20349172,
Sheldon (4),Waiting For You,Ministry Of Sound Winter Sessions ,2014,Ministry Of Sound,12399735,
Santero,Baby,Ministry Of Sound Winter Sessions ,2014,Ministry Of Sound,12399735,
Shane Kehoe,Pushback,Ministry Of Sound Winter Sessions ,2014,Ministry Of Sound,12399735,
Igor Project,New Move,Ministry Of Sound Winter Sessions ,2014,Ministry Of Sound,12399735,
"Tim Cullen, DJames",Dirty Martini,Ministry Of Sound Winter Sessions ,2014,Ministry Of Sound,12399735,
Nathan C (2),Follow,Ministry Of Sound Winter Sessions ,2014,Ministry Of Sound,12399735,
Patrick Hagenaar,Jackpot,Ministry Of Sound Winter Sessions ,2014,Ministry Of Sound,12399735,
Shane Patrick (3),Aceed,Ministry Of Sound Winter Sessions ,2014,Ministry Of Sound,12399735,
Bordertown (2),All This Before,Ministry Of Sound #Sessions,2015,Ministry Of Sound,8665430,
"Dale Castell, Neil Skinner",This Game,Ministry Of Sound #Sessions,2015,Ministry Of Sound,8665430,
Oliver Knight & Hugo Jones,I Don't Know,Ministry Of Sound #Sessions,2015,Ministry Of Sound,8665430,
Hannah Jacques,Into My Life,Ministry Of Sound #Sessions,2015,Ministry Of Sound,8665430,
"Tim Cullen, Made By Pete",Full English,Ministry Of Sound #Sessions,2015,Ministry Of Sound,8665430,
Sick Elektrik,Together,Ministry Of Sound #Sessions,2015,Ministry Of Sound,8665430,
Karuva,The Walrus,Ministry Of Sound #Sessions,2015,Ministry Of Sound,8665430,
"Lokate, Nathan Cozzetto",Down,Ministry Of Sound #Sessions,2015,Ministry Of Sound,8665430,
"Nilesh Parmar, Liam Keegan",No More Games,Ministry Of Sound #Sessions,2015,Ministry Of Sound,8665430,
Matt May,My Life,Ministry Of Sound #Sessions,2015,Ministry Of Sound,8665430,
Sheldon (4),4AM,Ministry Of Sound #Sessions,2015,Ministry Of Sound,8665430,
Sasha,Involv3r (Continuous Mix),Involv3r,2013,Ministry Of Sound,4387311,78:58
Sasha,Beatless Mix (Continuous Mix),Involv3r,2013,Ministry Of Sound,4387311,47:55
Example,Stay Awake (Radio Edit),#hits,2013,Ministry Of Sound,4794245,3:25
Example,Watch The Sun Come Up (Radio Edit),#hits,2013,Ministry Of Sound,4794245,3:24
"Laidback Luke, Example",Natural Disaster (Extended),#hits,2013,Ministry Of Sound,4794245,5:06
Example,Midnight Run (Radio Edit),#hits,2013,Ministry Of Sound,4794245,4:00
Organ Donors,Make The Girls Wet (Breeze & Modulate Remix),The Future Sound Of EDM: Krewella,2014,Ministry Of Sound,6052749,4:00
RIOT (16),Redeemer,The Future Sound Of EDM: Krewella,2014,Ministry Of Sound,6052749,2:43
Krewella,The Future Sound Of EDM - Krewella (Continious Mix 1),The Future Sound Of EDM: Krewella,2014,Ministry Of Sound,6052749,49:49
Krewella,The Future Sound Of EDM - Krewella (Continious Mix 2),The Future Sound Of EDM: Krewella,2014,Ministry Of Sound,6052749,49:16
"Robin Thicke, Pharrell Williams",Blurred Lines (No Rap Version) (Radio Edit),R & B Mixtape,2014,Ministry Of Sound,6502327,3:50
"Kingdom (6), Kelela",Bank Head,R & B Mixtape,2014,Ministry Of Sound,6502327,4:20
"Duke Dumont, A*M*E",Need U (100%) (Radio Edit),R & B Mixtape,2014,Ministry Of Sound,6502327,2:54
Various,R&B Mixtape (Continuous Mix 1),R & B Mixtape,2014,Ministry Of Sound,6502327,55:38
Various,R&B Mixtape (Continuous Mix 2),R & B Mixtape,2014,Ministry Of Sound,6502327,65:48
Brendan Reilly,E.S.P.,The Life Of Reilly,2016,Ministry Of Sound,13126455,4:00
Brendan Reilly,Win You Over,The Life Of Reilly,2016,Ministry Of Sound,13126455,4:22
Brendan Reilly,Lovin' You,The Life Of Reilly,2016,Ministry Of Sound,13126455,2:57
Brendan Reilly,You Don't Know What Love Is,The Life Of Reilly,2016,Ministry Of Sound,13126455,4:57
Brendan Reilly,Interlude: Zingaro (Retrato Em Branco E Preto),The Life Of Reilly,2016,Ministry Of Sound,13126455,2:02
Brendan Reilly,How To Forget,The Life Of Reilly,2016,Ministry Of Sound,13126455,3:25
Brendan Reilly,Higher,The Life Of Reilly,2016,Ministry Of Sound,13126455,4:01
Brendan Reilly,Sabor A Mí,The Life Of Reilly,2016,Ministry Of Sound,13126455,4:28
Brendan Reilly,Love Will Save The Day,The Life Of Reilly,2016,Ministry Of Sound,13126455,4:53
Brendan Reilly,Me Against Myself,The Life Of Reilly,2016,Ministry Of Sound,13126455,5:19
Brendan Reilly,Famous,The Life Of Reilly,2016,Ministry Of Sound,13126455,2:43
AJ Tracey,Flowers,BBC Radio 1 Live Lounge - The Collection,2019,Ministry Of Sound,16554105,3:36
Jodie Abacus,Banana (feat. Boston Bun),For Real Life And Not Pretend,2016,Ministry Of Sound,17408521,
Jodie Abacus,She's In Love With The Weekend,For Real Life And Not Pretend,2016,Ministry Of Sound,17408521,
Jodie Abacus,Hot Kitchen,For Real Life And Not Pretend,2016,Ministry Of Sound,17408521,
Jodie Abacus,I'll Be That Friend (Boston Bun Remix),For Real Life And Not Pretend,2016,Ministry Of Sound,17408521,
Jodie Abacus,I'll Be That Friend (Club Cheval Remix),For Real Life And Not Pretend,2016,Ministry Of Sound,17408521,
Jodie Abacus,Hot Kitchen ( Armand Van Helden Remix),For Real Life And Not Pretend,2016,Ministry Of Sound,17408521,
"Felix Jaehn, Jasmine Thompson",Ain't Nobody (The Dealer Remix),The Morning After,2015,Ministry Of Sound,19965583,3:51
Hot Chip,Started Right (Joe Goddard Disco Remix),The Morning After,2015,Ministry Of Sound,19965583,8:14
FKA Twigs,In Time,The Morning After,2015,Ministry Of Sound,19965583,4:35
Chet Faker,1998,The Morning After,2015,Ministry Of Sound,19965583,3:44
Sg Lewis,Warm,The Morning After,2015,Ministry Of Sound,19965583,4:46
CLEOPOLD,Down In Flames,The Morning After,2015,Ministry Of Sound,19965583,4:09
"Odesza, Little Dragon",Light,The Morning After,2015,Ministry Of Sound,19965583,4:13
Hayden James,Something About You (Odesza Remix),The Morning After,2015,Ministry Of Sound,19965583,5:41
Bob Moses (5),Talk,The Morning After,2015,Ministry Of Sound,19965583,6:49
The Howling (2),Stole The Night,The Morning After,2015,Ministry Of Sound,19965583,4:21
The Acid,Ra (David August Remix),The Morning After,2015,Ministry Of Sound,19965583,6:34
"Maribou State, Pedestrian (3)",The Clown (Axel Boman Remix),The Morning After,2015,Ministry Of Sound,19965583,6:05
"Joris Voorn, Kid A",So Long (Christian Loeffler Remix),The Morning After,2015,Ministry Of Sound,19965583,5:07
HÆLOS,Earth Not Above,The Morning After,2015,Ministry Of Sound,19965583,4:38
Romare,Rainbow (Bedroom),The Morning After,2015,Ministry Of Sound,19965583,4:55
Icarus (16),Don't Cry Wolf (Sevendoors Remix),The Morning After,2015,Ministry Of Sound,19965583,8:24
Parra for Cuva,Kopernikus,The Morning After,2015,Ministry Of Sound,19965583,6:26
M-22,Good To Be Loved (Radio Edit),The Morning After,2015,Ministry Of Sound,19965583,2:52
Cyril Hahn,Last,The Morning After,2015,Ministry Of Sound,19965583,5:17
Jungle (12),Julia,The Morning After,2015,Ministry Of Sound,19965583,7:35
Dauwd,Jupiter George,The Morning After,2015,Ministry Of Sound,19965583,5:56
WhoMadeWho,Ember  (Fran Seven Remix),The Morning After,2015,Ministry Of Sound,19965583,5:48
"Lane 8, Patrick Baker (4)",Ghost,The Morning After,2015,Ministry Of Sound,19965583,3:24
Caribou,Second Chance  (Cyril Hahn Edit),The Morning After,2015,Ministry Of Sound,19965583,4:46
Liu Bei,Atlas World  (Solomun Day Remix),The Morning After,2015,Ministry Of Sound,19965583,6:18
"Butch, Hohburg",The Spirit  (Adriatique's 7am Remix),The Morning After,2015,Ministry Of Sound,19965583,7:54
Cubicolor,Down The Wall,The Morning After,2015,Ministry Of Sound,19965583,9:17
José Padilla,On The Road,The Morning After,2015,Ministry Of Sound,19965583,5:19
Sascha Braemer,Take Off,The Morning After,2015,Ministry Of Sound,19965583,5:14
Kölsch,Unterwegs,The Morning After,2015,Ministry Of Sound,19965583,5:13
Heart/Dancer,Hallucination,The Morning After,2015,Ministry Of Sound,19965583,3:42
Lapalux,Don't Mean A Thing,The Morning After,2015,Ministry Of Sound,19965583,5:48
Dee C'Rell,Leivatho,The Morning After,2015,Ministry Of Sound,19965583,5:31
Faithless,Insomnia (Radio Edit),30 Years (Three Decades of Dance) (The Edit),2021,Ministry Of Sound,20353660,3:33
Sasha,Xpander (Edit),30 Years (Three Decades of Dance) (The Edit),2021,Ministry Of Sound,20353660,3:21
Eric Prydz,Pjanoo (Radio Edit),30 Years (Three Decades of Dance) (The Edit),2021,Ministry Of Sound,20353660,2:37
Chris Malinchak (2),So Good To Me (Radio Edit),30 Years (Three Decades of Dance) (The Edit),2021,Ministry Of Sound,20353660,2:39
"Riton, Kah-Lo",Rinse & Repeat (Radio Edit),30 Years (Three Decades of Dance) (The Edit),2021,Ministry Of Sound,20353660,2:31
Kieran Hebden,Only Human (Radio Edit),30 Years (Three Decades of Dance) (The Edit),2021,Ministry Of Sound,20353660,3:21
London Grammar,Higher,The Remixes,2023,Ministry Of Sound,27737553,3:36
London Grammar,Lord It's A Feeling (Goddard. Remix),The Remixes,2023,Ministry Of Sound,27737553,3:34
"Flume, London Grammar",Let You Know,The Remixes,2023,Ministry Of Sound,27737553,3:19
London Grammar,Baby It's You (Joris Voorn Remix),The Remixes,2023,Ministry Of Sound,27737553,3:27
Rhodes (9),Let It All Go (Rhodes + Birdy),Wishes,2015,Ministry Of Sound,11296732,
Ricky Martin,Livin' la Vida Loca,Latino Summer: The Ultimate Latin Collection,2016,Ministry Of Sound Recordings,12116315,4:01
Lady Gaga,Alejandro,Latino Summer: The Ultimate Latin Collection,2016,Ministry Of Sound Recordings,12116315,3:59
"Justin Bieber, J. Balvin",Sorry (Latino Remix),Latino Summer: The Ultimate Latin Collection,2016,Ministry Of Sound Recordings,12116315,3:40
Baha Men,Who Let The Dogs Out,Latino Summer: The Ultimate Latin Collection,2016,Ministry Of Sound Recordings,12116315,3:17
Lou Bega,Mambo No.5 (A Little Bit of…),Latino Summer: The Ultimate Latin Collection,2016,Ministry Of Sound Recordings,12116315,3:40
Las Ketchup,The Ketchup Song (Aserejé) (Spanglish Version),Latino Summer: The Ultimate Latin Collection,2016,Ministry Of Sound Recordings,12116315,3:35
Dario G,Carnaval de Paris,Latino Summer: The Ultimate Latin Collection,2016,Ministry Of Sound Recordings,12116315,3:14
Amy Winehouse,The Girl From Ipanema,Latino Summer: The Ultimate Latin Collection,2016,Ministry Of Sound Recordings,12116315,2:49
Kid Creole And The Coconuts,"Annie, I'm Not Your Daddy",Latino Summer: The Ultimate Latin Collection,2016,Ministry Of Sound Recordings,12116315,3:48
"Kongsted, Cisilia",Wild Child,Latino Summer: The Ultimate Latin Collection,2016,Ministry Of Sound Recordings,12116315,3:01
Kaoma,Lambada,Latino Summer: The Ultimate Latin Collection,2016,Ministry Of Sound Recordings,12116315,3:29
"Nelly Furtado, Timbaland",Promiscuous,Latino Summer: The Ultimate Latin Collection,2016,Ministry Of Sound Recordings,12116315,4:03
"Aggro Santos, Kimberly Wyatt",Candy,Latino Summer: The Ultimate Latin Collection,2016,Ministry Of Sound Recordings,12116315,3:01
The Pussycat Dolls,Buttons,Latino Summer: The Ultimate Latin Collection,2016,Ministry Of Sound Recordings,12116315,3:46
Kid Creole And The Coconuts,"I'm A Wonderful Thing, Baby",Latino Summer: The Ultimate Latin Collection,2016,Ministry Of Sound Recordings,12116315,3:52
Lumidee,Never Leave You,Latino Summer: The Ultimate Latin Collection,2016,Ministry Of Sound Recordings,12116315,3:05
Nicki Minaj,Pound The Alarm,Latino Summer: The Ultimate Latin Collection,2016,Ministry Of Sound Recordings,12116315,3:26
Tito Puente,Oye Como Va,Latino Summer: The Ultimate Latin Collection,2016,Ministry Of Sound Recordings,12116315,5:56
"Wisin Y Yandel, Jennifer Lopez",Follow The Leader,Latino Summer: The Ultimate Latin Collection,2016,Ministry Of Sound Recordings,12116315,4:01
"No Logo, Ashibah",Forever,Latino Summer: The Ultimate Latin Collection,2016,Ministry Of Sound Recordings,12116315,4:45
Paulina Rubio,Me Gustas Tanto,Latino Summer: The Ultimate Latin Collection,2016,Ministry Of Sound Recordings,12116315,3:43
"Nina Sky, Jabba (3)",Move Ya Body,Latino Summer: The Ultimate Latin Collection,2016,Ministry Of Sound Recordings,12116315,3:53
Rita Ora,Rock the Life,Ora,2013,Ministry Of Sound Recordings,14832443,
Rita Ora,R.I.P.,Ora,2013,Ministry Of Sound Recordings,14832443,
Rita Ora,Fall In Love,Ora,2013,Ministry Of Sound Recordings,14832443,
Rita Ora,Hot Right Now,Ora,2013,Ministry Of Sound Recordings,14832443,
Rita Ora,Crazy Girl,Ora,2013,Ministry Of Sound Recordings,14832443,
Rita Ora,"Young, Single & Sexy",Ora,2013,Ministry Of Sound Recordings,14832443,
Rita Ora,Meet Ya,Ora,2013,Ministry Of Sound Recordings,14832443,
Rita Ora,How We Do (Party - Acoustic),Ora,2013,Ministry Of Sound Recordings,14832443,
Rita Ora,How We Do (Party) [Acoustic],Ora,2016,Ministry Of Sound Recordings,33384947,4:20
"Eats Everything, Shermanology",Tell You What It Is (Soul Reprise),We Lost Ourselves And Found A Family,2025,Ministry Of Sound Recordings,35362546,5:00
Eats Everything,We Lost Ourselves And Found A Family,We Lost Ourselves And Found A Family,2025,Ministry Of Sound Recordings,35362546,5:00
Eats Everything,Side By Side,We Lost Ourselves And Found A Family,2025,Ministry Of Sound Recordings,35362546,5:06
"Eats Everything, Chambray",You Matter (Extended),We Lost Ourselves And Found A Family,2025,Ministry Of Sound Recordings,35362546,6:20
Eats Everything,R&L (Extended),We Lost Ourselves And Found A Family,2025,Ministry Of Sound Recordings,35362546,4:59
Eats Everything,Move (Eats' Move Some More Reebeef),We Lost Ourselves And Found A Family,2025,Ministry Of Sound Recordings,35362546,5:16
Eats Everything,The Most Important Thing,We Lost Ourselves And Found A Family,2025,Ministry Of Sound Recordings,35362546,1:13
Eats Everything,Wowalicious (Extended),We Lost Ourselves And Found A Family,2025,Ministry Of Sound Recordings,35362546,6:10
"Eats Everything, MJ Cole",One Call,We Lost Ourselves And Found A Family,2025,Ministry Of Sound Recordings,35362546,4:47
Eats Everything,WLOAFF 97.2FM (Absolutely Mental),We Lost Ourselves And Found A Family,2025,Ministry Of Sound Recordings,35362546,1:12
Eats Everything,The Sanctuary (Love Like That),We Lost Ourselves And Found A Family,2025,Ministry Of Sound Recordings,35362546,6:14
"Eats Everything, Unglued",The Change,We Lost Ourselves And Found A Family,2025,Ministry Of Sound Recordings,35362546,3:42
Eats Everything,What Are You Giving (The NYC Interlude),We Lost Ourselves And Found A Family,2025,Ministry Of Sound Recordings,35362546,3:23
Eats Everything,The Deeper,We Lost Ourselves And Found A Family,2025,Ministry Of Sound Recordings,35362546,5:25
"Eats Everything, House Of Molly",Stonewalled,We Lost Ourselves And Found A Family,2025,Ministry Of Sound Recordings,35362546,4:36
September,Can't Get Over (UK Radio Edit),Cry For You,2026,Ministry Of Sound Recordings,36767080,3:10
September,Until I Die (Radio Edit),Cry For You,2026,Ministry Of Sound Recordings,36767080,3:13
September,Sin Of My Own,Cry For You,2026,Ministry Of Sound Recordings,36767080,3:04
September,Satellites (Hard2Beat Edit),Cry For You,2026,Ministry Of Sound Recordings,36767080,3:15
September,We Can Do It (UK Radio Edit),Cry For You,2026,Ministry Of Sound Recordings,36767080,3:32
September,Flowers On The Grave,Cry For You,2026,Ministry Of Sound Recordings,36767080,4:18
September,Leave It All Behind (UK Radio Edit),Cry For You,2026,Ministry Of Sound Recordings,36767080,2:42
September,Looking For Love,Cry For You,2026,Ministry Of Sound Recordings,36767080,3:25
September,September All Over,Cry For You,2026,Ministry Of Sound Recordings,36767080,3:34
September,Because I Love You (Dave Ramone Edit),Cry For You,2026,Ministry Of Sound Recordings,36767080,2:45
September,Midnight Heartache,Cry For You,2026,Ministry Of Sound Recordings,36767080,3:45
September,Sacrifice,Cry For You,2026,Ministry Of Sound Recordings,36767080,3:56
September,End Of The Rainbow,Cry For You,2026,Ministry Of Sound Recordings,36767080,3:39
September,Can't Get Over (Radio Edit),Cry For You,2026,Ministry Of Sound Recordings,36767080,3:00
September,Until I Die (Edit),Cry For You,2026,Ministry Of Sound Recordings,36767080,3:44
