artist,track,release_title,release_year,label,release_id,duration
"Cara Dillon, 2Devine",Black Is The Colour (Coco & Green Remix),Anjunabeats100 + From Goa To Rio,2008,Ministry Of Sound,1299140,4:51
Super8 & Tab,Helsinki Scorchin',Anjunabeats100 + From Goa To Rio,2008,Ministry Of Sound,1299140,2:52
Above & Beyond,No One On Earth (Gabriel & Dresden Remix),Anjunabeats100 + From Goa To Rio,2008,Ministry Of Sound,1299140,7:07
"Boom Jinx, Key (10)",Eternal Reminiscence,Anjunabeats100 + From Goa To Rio,2008,Ministry Of Sound,1299140,6:42
Tranquility Base,Razorfish (Above & Beyond Progressive Mix),Anjunabeats100 + From Goa To Rio,2008,Ministry Of Sound,1299140,4:14
Alt+F4,Alt+F4,Anjunabeats100 + From Goa To Rio,2008,Ministry Of Sound,1299140,6:05
OceanLab,Beautiful Together,Anjunabeats100 + From Goa To Rio,2008,Ministry Of Sound,1299140,4:40
Sunny Lax,P.U.M.A,Anjunabeats100 + From Goa To Rio,2008,Ministry Of Sound,1299140,4:11
Rusch & Murray,Epic (Above & Beyond Remix),Anjunabeats100 + From Goa To Rio,2008,Ministry Of Sound,1299140,3:01
Daniel Kandi,Child,Anjunabeats100 + From Goa To Rio,2008,Ministry Of Sound,1299140,4:39
P.O.S.,Remember (Summer Sun),Anjunabeats100 + From Goa To Rio,2008,Ministry Of Sound,1299140,4:11
Nitrous Oxide (2),North Pole,Anjunabeats100 + From Goa To Rio,2008,Ministry Of Sound,1299140,5:47
Aalto,Rush (Super8 Vs. Orkidea Remix),Anjunabeats100 + From Goa To Rio,2008,Ministry Of Sound,1299140,4:24
OceanLab,Satellite (Original Above & Beyond Mix),Anjunabeats100 + From Goa To Rio,2008,Ministry Of Sound,1299140,5:05
Super8,Alba,Anjunabeats100 + From Goa To Rio,2008,Ministry Of Sound,1299140,4:23
Above & Beyond,Alone Tonight,Anjunabeats100 + From Goa To Rio,2008,Ministry Of Sound,1299140,6:58
Anjunabeats,Volume One (Anjuna Deep Mix),Anjunabeats100 + From Goa To Rio,2008,Ministry Of Sound,1299140,7:51
"David West, Andreas Hermansson",Larry Mountains 54,Anjunabeats100 + From Goa To Rio,2008,Ministry Of Sound,1299140,4:47
"Above & Beyond, Andy Moor",Air For Life,Anjunabeats100 + From Goa To Rio,2008,Ministry Of Sound,1299140,6:01
Aalto,5,Anjunabeats100 + From Goa To Rio,2008,Ministry Of Sound,1299140,5:46
Maor Levi,Reflect,Anjunabeats100 + From Goa To Rio,2008,Ministry Of Sound,1299140,5:41
Signalrunners,Aria Epica (Bart Claessen Remix),Anjunabeats100 + From Goa To Rio,2008,Ministry Of Sound,1299140,6:25
Luminary,Amsterdam (Smith & Pledger Remix),Anjunabeats100 + From Goa To Rio,2008,Ministry Of Sound,1299140,6:20
Endre,Kallocain (Robert Nickson Remix),Anjunabeats100 + From Goa To Rio,2008,Ministry Of Sound,1299140,3:45
OceanLab,Clear Blue Water (Ferry Corsten Remix),Anjunabeats100 + From Goa To Rio,2008,Ministry Of Sound,1299140,3:58
Smith & Pledger,Believe (2004 Remix),Anjunabeats100 + From Goa To Rio,2008,Ministry Of Sound,1299140,5:07
Nitromethane,Time To Die (Seraque Remix),Anjunabeats100 + From Goa To Rio,2008,Ministry Of Sound,1299140,4:25
"Above & Beyond, Tranquility Base",Surrender,Anjunabeats100 + From Goa To Rio,2008,Ministry Of Sound,1299140,6:28
OceanLab,Sky Falls Down (Armin van Buuren Remix),Anjunabeats100 + From Goa To Rio,2008,Ministry Of Sound,1299140,4:50
"Jono Grant, Mike Koglin",Circuits,Anjunabeats100 + From Goa To Rio,2008,Ministry Of Sound,1299140,3:40
"Matt Hardwick, Smith & Pledger",Day One (Above & Beyond Mix),Anjunabeats100 + From Goa To Rio,2008,Ministry Of Sound,1299140,4:40
Above & Beyond,From Goa To Rio,Anjunabeats100 + From Goa To Rio,2008,Ministry Of Sound,1299140,26:42
OceanLab,Satellite (Video),Anjunabeats100 + From Goa To Rio,2008,Ministry Of Sound,1299140,3:26
No Artist,Clive Rudloe - World's Number 1 DJ,Anjunabeats100 + From Goa To Rio,2008,Ministry Of Sound,1299140,2:08
Jaytech,Nighthawk,Everything Is OK,2008,Ministry Of Sound,1367788,3:44
Jaytech,Highway Rockers,Everything Is OK,2008,Ministry Of Sound,1367788,5:45
Jaytech,Solero,Everything Is OK,2008,Ministry Of Sound,1367788,7:24
Jaytech,Pepe's Garden,Everything Is OK,2008,Ministry Of Sound,1367788,6:55
Jaytech,Pyramid,Everything Is OK,2008,Ministry Of Sound,1367788,7:17
Jaytech,Gray Horizon,Everything Is OK,2008,Ministry Of Sound,1367788,5:43
Jaytech,Natsukashi,Everything Is OK,2008,Ministry Of Sound,1367788,5:16
Jaytech,Groove Nova,Everything Is OK,2008,Ministry Of Sound,1367788,6:16
Jaytech,Vela,Everything Is OK,2008,Ministry Of Sound,1367788,5:33
Jaytech,Special X,Everything Is OK,2008,Ministry Of Sound,1367788,6:41
Jaytech,Deadlock,Everything Is OK,2008,Ministry Of Sound,1367788,7:17
Jaytech,Drive,Everything Is OK,2008,Ministry Of Sound,1367788,3:24
"Above & Beyond, OceanLab",Just Listen,Sirens Of The Sea,2008,Ministry Of Sound,1400086,3:50
"Above & Beyond, OceanLab",Sirens Of The Sea,Sirens Of The Sea,2008,Ministry Of Sound,1400086,5:56
"Above & Beyond, OceanLab",If I Could Fly,Sirens Of The Sea,2008,Ministry Of Sound,1400086,5:12
"Above & Beyond, OceanLab",Breaking Ties,Sirens Of The Sea,2008,Ministry Of Sound,1400086,5:14
"Above & Beyond, OceanLab",Miracle,Sirens Of The Sea,2008,Ministry Of Sound,1400086,6:43
"Above & Beyond, OceanLab",Come Home,Sirens Of The Sea,2008,Ministry Of Sound,1400086,4:33
"Above & Beyond, OceanLab",On A Good Day,Sirens Of The Sea,2008,Ministry Of Sound,1400086,5:57
"Above & Beyond, OceanLab",Ashes,Sirens Of The Sea,2008,Ministry Of Sound,1400086,6:30
"Above & Beyond, OceanLab",I Am What I Am,Sirens Of The Sea,2008,Ministry Of Sound,1400086,4:46
"Above & Beyond, OceanLab",Lonely Girl,Sirens Of The Sea,2008,Ministry Of Sound,1400086,5:32
"Above & Beyond, OceanLab",Secret,Sirens Of The Sea,2008,Ministry Of Sound,1400086,5:20
"Above & Beyond, OceanLab",On The Beach,Sirens Of The Sea,2008,Ministry Of Sound,1400086,4:45
"Above & Beyond, OceanLab",Breaking Ties (Flow Mix),Sirens Of The Sea,2008,Ministry Of Sound,1400086,6:11
Paul Keeley,Paper Jet,Anjunabeats Volume Six,2008,Ministry Of Sound,1484189,6:20
Komytea,Professional Killers,Anjunabeats Volume Six,2008,Ministry Of Sound,1484189,3:15
Paul Keeley,A Sort Of Homecoming (Michael Cassette Remix),Anjunabeats Volume Six,2008,Ministry Of Sound,1484189,4:29
Signalrunners,Meet Me In Montauk,Anjunabeats Volume Six,2008,Ministry Of Sound,1484189,6:43
Joonas Hahmo,Cocktail Bar,Anjunabeats Volume Six,2008,Ministry Of Sound,1484189,5:03
Proff (2),My Personal Summer,Anjunabeats Volume Six,2008,Ministry Of Sound,1484189,5:48
Jaytech,Groove Nova (Oliver Smith Tech Mix),Anjunabeats Volume Six,2008,Ministry Of Sound,1484189,6:25
Johan Vermeulen,Do Not Cross,Anjunabeats Volume Six,2008,Ministry Of Sound,1484189,3:49
Jaytech,Pyramid (Dinka Mix),Anjunabeats Volume Six,2008,Ministry Of Sound,1484189,4:09
Andy Moor,Fake Awake,Anjunabeats Volume Six,2008,Ministry Of Sound,1484189,5:55
Tritonal,Lights Over Austin,Anjunabeats Volume Six,2008,Ministry Of Sound,1484189,4:39
Myon & Shane 54,Not A Lot Left,Anjunabeats Volume Six,2008,Ministry Of Sound,1484189,5:51
Oliver Smith,Horizons,Anjunabeats Volume Six,2008,Ministry Of Sound,1484189,3:39
Joonas Hahmo,Tampere By Night,Anjunabeats Volume Six,2008,Ministry Of Sound,1484189,4:02
Mat Zo,Defined,Anjunabeats Volume Six,2008,Ministry Of Sound,1484189,5:20
Oliver Smith,Restless,Anjunabeats Volume Six,2008,Ministry Of Sound,1484189,3:54
"Signalrunners, Julie Thompson",These Shoulders (Club Mix),Anjunabeats Volume Six,2008,Ministry Of Sound,1484189,5:35
Sundriver,City Lights,Anjunabeats Volume Six,2008,Ministry Of Sound,1484189,5:16
"Boom Jinx, Oliver Smith",Sunrise,Anjunabeats Volume Six,2008,Ministry Of Sound,1484189,6:27
Adam Nickey,Shift,Anjunabeats Volume Six,2008,Ministry Of Sound,1484189,4:49
"The Thrillseekers, Fisher (2)",The Last Time,Anjunabeats Volume Six,2008,Ministry Of Sound,1484189,6:42
Super8 & Tab,Elektra,Anjunabeats Volume Six,2008,Ministry Of Sound,1484189,4:27
OceanLab,Breaking Ties (Above & Beyond's Analogue Haven Remix),Anjunabeats Volume Six,2008,Ministry Of Sound,1484189,6:05
Nitrous Oxide (2),Show Me,Anjunabeats Volume Six,2008,Ministry Of Sound,1484189,6:04
Adam Nickey,Slider,Anjunabeats Volume Six,2008,Ministry Of Sound,1484189,5:35
"Daniel Kandi, Daniel Neumann",Let Go,Anjunabeats Volume Six,2008,Ministry Of Sound,1484189,4:47
Oliver Smith,Cirrus,Anjunabeats Volume Six,2008,Ministry Of Sound,1484189,5:33
"Super8 & Tab, Alyna",Delusion,Anjunabeats Volume Six,2008,Ministry Of Sound,1484189,5:33
"Bart Claessen, Dave Schiemann",Madness (I Prefer This Mix),Anjunabeats Volume Six,2008,Ministry Of Sound,1484189,5:59
OceanLab,Miracle (Above & Beyond Club Mix),Anjunabeats Volume Six,2008,Ministry Of Sound,1484189,7:05
16 Bit Lolita's,Nobody Seems To Care,Anjunadeep:01,2009,Ministry Of Sound,1651241,7:00
Interplay (3),Room Service,Anjunadeep:01,2009,Ministry Of Sound,1651241,4:30
Liluca,Clear Senses,Anjunadeep:01,2009,Ministry Of Sound,1651241,6:14
Komytea,9,Anjunadeep:01,2009,Ministry Of Sound,1651241,4:59
Paul Keeley,Life Aquatic,Anjunadeep:01,2009,Ministry Of Sound,1651241,4:44
Jaytech,Sundance,Anjunadeep:01,2009,Ministry Of Sound,1651241,6:29
Joonas Hahmo,Warm Up,Anjunadeep:01,2009,Ministry Of Sound,1651241,5:14
PROFF (2),Deep Orange,Anjunadeep:01,2009,Ministry Of Sound,1651241,5:59
"Electrobios, Interplay (3)",With You,Anjunadeep:01,2009,Ministry Of Sound,1651241,3:59
"Above & Beyond, OceanLab",Breaking Ties (Jaytech & James Grant Mix),Anjunadeep:01,2009,Ministry Of Sound,1651241,6:28
Mat Zo,Synapse Dynamics,Anjunadeep:01,2009,Ministry Of Sound,1651241,7:13
Jaytech,Metro,Anjunadeep:01,2009,Ministry Of Sound,1651241,6:27
Sucker DJ's,Killer,Anjunadeep:01,2009,Ministry Of Sound,1651241,5:28
Jaytech,Vela (Electrobios & Interplay Mix),Anjunadeep:01,2009,Ministry Of Sound,1651241,5:00
Komytea,Afghanistan,Anjunadeep:01,2009,Ministry Of Sound,1651241,6:46
Komytea,Electro House Is Dead,Anjunadeep:01,2009,Ministry Of Sound,1651241,4:16
Radiohead,Reckoner (Above & Beyond Remix),Anjunadeep:01,2009,Ministry Of Sound,1651241,7:23
16 Bit Lolita's,Murder Weapon,Anjunadeep:01,2009,Ministry Of Sound,1651241,8:30
Komytea,Professional Killers (Jerome Isma-Ae & Daniel Portman Mix),Anjunadeep:01,2009,Ministry Of Sound,1651241,5:22
Daniel Portman,Elder,Anjunadeep:01,2009,Ministry Of Sound,1651241,5:52
Dinka (2),Civilisation,Anjunadeep:01,2009,Ministry Of Sound,1651241,6:36
PROFF (2),Glittering Puzzle,Anjunadeep:01,2009,Ministry Of Sound,1651241,4:21
Jaytech,Delta,Anjunadeep:01,2009,Ministry Of Sound,1651241,5:28
"Above & Beyond, OceanLab",On A Good Day (16 Bit Lolitas Mix),Anjunadeep:01,2009,Ministry Of Sound,1651241,7:27
Paul Keeley,Doormatica,Anjunadeep:01,2009,Ministry Of Sound,1651241,5:27
Michael Cassette,Summer (Dub),Anjunadeep:01,2009,Ministry Of Sound,1651241,5:57
Michael Cassette,Shadow's Movement,Anjunadeep:01,2009,Ministry Of Sound,1651241,6:14
"Above & Beyond, OceanLab",If I Could Fly (Jaytech Remix),Sirens Of The Sea Remixed,2009,Ministry Of Sound,1800648,7:13
"Above & Beyond, OceanLab",Come Home (Michael Cassette Remix),Sirens Of The Sea Remixed,2009,Ministry Of Sound,1800648,7:52
"Above & Beyond, OceanLab",On The Beach (Andy Duguid Remix),Sirens Of The Sea Remixed,2009,Ministry Of Sound,1800648,7:55
"Above & Beyond, OceanLab",Lonely Girl (Gareth Emery Remix),Sirens Of The Sea Remixed,2009,Ministry Of Sound,1800648,7:48
"Above & Beyond, OceanLab",On A Good Day (Above & Beyond Club Mix),Sirens Of The Sea Remixed,2009,Ministry Of Sound,1800648,7:50
"Above & Beyond, OceanLab",I Am What I Am (Lange Remix),Sirens Of The Sea Remixed,2009,Ministry Of Sound,1800648,8:42
"Above & Beyond, OceanLab",Breaking Ties (Above & Beyond Analogue Haven Mix),Sirens Of The Sea Remixed,2009,Ministry Of Sound,1800648,8:03
"Above & Beyond, OceanLab",Miracle (Above & Beyond Club Mix),Sirens Of The Sea Remixed,2009,Ministry Of Sound,1800648,7:37
"Above & Beyond, OceanLab",Ashes (Oliver Smith Remix),Sirens Of The Sea Remixed,2009,Ministry Of Sound,1800648,7:22
"Above & Beyond, OceanLab",Sirens Of The Sea (Above & Beyond Club Mix),Sirens Of The Sea Remixed,2009,Ministry Of Sound,1800648,7:54
"Above & Beyond, OceanLab",Secret (Andrew Bayer Remix),Sirens Of The Sea Remixed,2009,Ministry Of Sound,1800648,8:20
"Above & Beyond, OceanLab",Just Listen (Myon & Shane 54 Remix),Sirens Of The Sea Remixed,2009,Ministry Of Sound,1800648,8:20
"Above & Beyond, OceanLab",On A Good Day (16 Bit Lolita's Remix),Sirens Of The Sea Remixed,2009,Ministry Of Sound,1800648,7:30
"Above & Beyond, OceanLab",Miracle (Michael Cassette Remix),Sirens Of The Sea Remixed,2009,Ministry Of Sound,1800648,8:29
"Above & Beyond, OceanLab",Sirens Of The Sea (Sonorous Remix),Sirens Of The Sea Remixed,2009,Ministry Of Sound,1800648,7:30
"Above & Beyond, OceanLab",Breaking Ties (Duderstadt Remix),Sirens Of The Sea Remixed,2009,Ministry Of Sound,1800648,7:39
"Above & Beyond, OceanLab",Satellite (Original Above & Beyond Mix),Sirens Of The Sea Remixed,2009,Ministry Of Sound,1800648,7:27
"Above & Beyond, OceanLab",Sky Falls Down (Armin van Buuren Remix),Sirens Of The Sea Remixed,2009,Ministry Of Sound,1800648,7:34
"Above & Beyond, OceanLab",Clear Blue Water (Ferry Corsten Remix),Sirens Of The Sea Remixed,2009,Ministry Of Sound,1800648,7:18
"Above & Beyond, OceanLab",Beautiful Together (Signum Remix),Sirens Of The Sea Remixed,2009,Ministry Of Sound,1800648,8:13
Moby,Division,Wait For Me,2009,Ministry Of Sound,1827122,
Moby,Pale Horses,Wait For Me,2009,Ministry Of Sound,1827122,
Moby,Shot In The Back Of The Head,Wait For Me,2009,Ministry Of Sound,1827122,
Moby,Study War,Wait For Me,2009,Ministry Of Sound,1827122,
Moby,Walk With Me,Wait For Me,2009,Ministry Of Sound,1827122,
Moby,Stock Radio,Wait For Me,2009,Ministry Of Sound,1827122,
Moby,Mistake,Wait For Me,2009,Ministry Of Sound,1827122,
Moby,Scream Pilots,Wait For Me,2009,Ministry Of Sound,1827122,
Moby,Jltf-1,Wait For Me,2009,Ministry Of Sound,1827122,
Moby,Jltf,Wait For Me,2009,Ministry Of Sound,1827122,
Moby,A Seated Night,Wait For Me,2009,Ministry Of Sound,1827122,
Moby,Wait For Me,Wait For Me,2009,Ministry Of Sound,1827122,
Moby,Hope Is Gone,Wait For Me,2009,Ministry Of Sound,1827122,
Moby,Ghost Return,Wait For Me,2009,Ministry Of Sound,1827122,
Moby,Slow Light,Wait For Me,2009,Ministry Of Sound,1827122,
Moby,Isolate,Wait For Me,2009,Ministry Of Sound,1827122,
Sidekick (3),Deep Fear (Phobia Club Mix),Toolroom Knights,2009,Ministry Of Sound,1973946,
Dirty Vegas,Changes (The D.Ramirez Squeezebox Remix),Toolroom Knights,2009,Ministry Of Sound,1973946,
"Mark Knight & Funkagenda, Paul Thomas (2)",Arena (The Very Festivally Mix),Toolroom Knights,2009,Ministry Of Sound,1973946,
"Les Schmitz, Alex Del Amo",Scratch And Bite,Toolroom Knights,2009,Ministry Of Sound,1973946,
ATFC,Bad Weed (D-Formation Remix),Toolroom Knights,2009,Ministry Of Sound,1973946,
"Sander van Doorn, Marco V",What Say? (Bingo Players Remix),Toolroom Knights,2009,Ministry Of Sound,1973946,
Sebastian Gnewkow,Monorail (Albin Myers & Jonas Sellberg Remix),Toolroom Knights,2009,Ministry Of Sound,1973946,
Stephan Luke,Threshold (Taurus & Vaggeli Remix),Toolroom Knights,2009,Ministry Of Sound,1973946,
Mario Ochoa,Twisted (Koen Groeneveld Remix),Toolroom Knights,2009,Ministry Of Sound,1973946,
"Onionz, S.n.o.w",Nothin But Love (Tiger Stripes Instrumental),Toolroom Knights,2009,Ministry Of Sound,1973946,
Lazy Jay,Hammer Down,Toolroom Knights,2009,Ministry Of Sound,1973946,
Magnesia,Today (Bart B More Remix),Toolroom Knights,2009,Ministry Of Sound,1973946,
Denis Naidanow,June,Toolroom Knights,2009,Ministry Of Sound,1973946,
Mark Trophy,Ripper,Toolroom Knights,2009,Ministry Of Sound,1973946,
Taurus & Vaggeli,Hello Paris,Toolroom Knights,2009,Ministry Of Sound,1973946,
Da Fresh,The Age Of Love,Toolroom Knights,2009,Ministry Of Sound,1973946,
"Wolfgang Gartner, Francis Prève",Yin,Toolroom Knights,2009,Ministry Of Sound,1973946,
Knuckles (7),Headphones,Toolroom Knights,2009,Ministry Of Sound,1973946,
"DJ Bam Bam, Mixin' Marc, Alex Peace",The New Hip House,Toolroom Knights,2009,Ministry Of Sound,1973946,
Lukas Guerrero,99 Percent,Toolroom Knights,2009,Ministry Of Sound,1973946,
Joachim Garraud,Miami Is BS,Toolroom Knights,2009,Ministry Of Sound,1973946,
Groovewatchers,High Level (Rockstarz Remix),Toolroom Knights,2009,Ministry Of Sound,1973946,
"Marcello V.O.R., Daniel Marques",High Rollers,Toolroom Knights,2009,Ministry Of Sound,1973946,
Joachim Garraud,The Future,Toolroom Knights,2009,Ministry Of Sound,1973946,
Olav Basoski,Roulette,Toolroom Knights,2009,Ministry Of Sound,1973946,
Steve Aoki,Deadmeat (Joachim Garraud Remix),Toolroom Knights,2009,Ministry Of Sound,1973946,
Avicii,Muja,Toolroom Knights,2009,Ministry Of Sound,1973946,
Paganini Traxx,Zoe (Joachim Garraud Remix),Toolroom Knights,2009,Ministry Of Sound,1973946,
B.B.E.,Seven Days And One Week (Joachim Garraud Remix),Toolroom Knights,2009,Ministry Of Sound,1973946,
Joachim Garraud,No Techno In This Room Please,Toolroom Knights,2009,Ministry Of Sound,1973946,
"Jaytech, James Grant (4)",Moth,Anjunadeep 02,2010,Ministry Of Sound,2127978,4:37
Hernan Cerbello,Reach Your Soul,Anjunadeep 02,2010,Ministry Of Sound,2127978,5:14
Jody Wisternoff,Lassoo,Anjunadeep 02,2010,Ministry Of Sound,2127978,6:23
Oliver Smith,Sunday,Anjunadeep 02,2010,Ministry Of Sound,2127978,4:05
Paul Keeley,Disco Belle (Dub),Anjunadeep 02,2010,Ministry Of Sound,2127978,6:21
Jamie Matrix,Rotation,Anjunadeep 02,2010,Ministry Of Sound,2127978,4:49
Solarity,Diophantine,Anjunadeep 02,2010,Ministry Of Sound,2127978,7:22
Michael Cassette,Kilimanjaro,Anjunadeep 02,2010,Ministry Of Sound,2127978,5:12
16 Bit Lolita's,Singularity,Anjunadeep 02,2010,Ministry Of Sound,2127978,5:35
Daniel Portman,Elder (Peter Horrevorts Remix),Anjunadeep 02,2010,Ministry Of Sound,2127978,5:22
16 Bit Lolita's,Re-Murdered,Anjunadeep 02,2010,Ministry Of Sound,2127978,6:19
BT,Flaming June 2010 (Jaytech & James Grant Mix),Anjunadeep 02,2010,Ministry Of Sound,2127978,7:04
"Alex Monakhov, Serge Que",Hola,Anjunadeep 02,2010,Ministry Of Sound,2127978,6:33
Solarity,Red (Redder Mix),Anjunadeep 02,2010,Ministry Of Sound,2127978,4:55
16 Bit Lolita's,Cold Energy,Anjunadeep 02,2010,Ministry Of Sound,2127978,5:19
Paul Keeley,Cloud 9,Anjunadeep 02,2010,Ministry Of Sound,2127978,7:14
Dave Horne,Q.E.D.,Anjunadeep 02,2010,Ministry Of Sound,2127978,5:59
"Boom Jinx, Andrew Bayer",By All Means,Anjunadeep 02,2010,Ministry Of Sound,2127978,5:58
"Marcus Schössow, 1985 (2)",London,Anjunadeep 02,2010,Ministry Of Sound,2127978,5:35
Jaytech,In The Jungle,Anjunadeep 02,2010,Ministry Of Sound,2127978,5:43
Jamie Matrix,Gold Rush,Anjunadeep 02,2010,Ministry Of Sound,2127978,5:27
Roddy Reynaert,Fellowcraft,Anjunadeep 02,2010,Ministry Of Sound,2127978,6:26
Sergey Tkachev,Alien & Butterfly,Anjunadeep 02,2010,Ministry Of Sound,2127978,4:27
"Boom Jinx, Andrew Bayer",To The Six (Martin Roth Remix),Anjunadeep 02,2010,Ministry Of Sound,2127978,5:11
Hydroform,Shine (Andrew Bennett & Rico Soarez Mix),Anjunadeep 02,2010,Ministry Of Sound,2127978,4:58
Tom Fall,Cubic,Anjunadeep 02,2010,Ministry Of Sound,2127978,6:17
Jaytech,Ozone,Anjunadeep 02,2010,Ministry Of Sound,2127978,4:57
Solarity,DNA,Anjunadeep 02,2010,Ministry Of Sound,2127978,5:58
Roddy Reynaert,Warp,Anjunabeats Worldwide 02,2010,Ministry Of Sound,2266215,6:59
Bent,As You Fall (Kyau & Albert Remix),Anjunabeats Worldwide 02,2010,Ministry Of Sound,2266215,5:35
Velvetine,Safe (Wherever You Are) (Rank 1 Remix),Anjunabeats Worldwide 02,2010,Ministry Of Sound,2266215,4:34
"Marlo Hoogstraten, Emma Kilpatrick",Capture (Mike Koglin Remix),Anjunabeats Worldwide 02,2010,Ministry Of Sound,2266215,5:31
Lange,Under Pressure,Anjunabeats Worldwide 02,2010,Ministry Of Sound,2266215,5:40
Ronski Speed,Denva,Anjunabeats Worldwide 02,2010,Ministry Of Sound,2266215,5:01
"Super8 & Tab, Anton Sonin",Black Is The New Yellow,Anjunabeats Worldwide 02,2010,Ministry Of Sound,2266215,5:58
Thomas Datt,Phoenix Burn,Anjunabeats Worldwide 02,2010,Ministry Of Sound,2266215,5:59
Sunny Lax,Vanesse,Anjunabeats Worldwide 02,2010,Ministry Of Sound,2266215,6:33
Super8 & Tab,Irufushi (Adam Nickey Remix),Anjunabeats Worldwide 02,2010,Ministry Of Sound,2266215,6:18
Jer Martin,Ten Minutes To Midnight (Original Club Mix),Anjunabeats Worldwide 02,2010,Ministry Of Sound,2266215,5:50
7 Skies,Caffeine,Anjunabeats Worldwide 02,2010,Ministry Of Sound,2266215,6:32
Dan Stone,Crafted,Anjunabeats Worldwide 02,2010,Ministry Of Sound,2266215,5:32
Maor Levi,Illumina,Anjunabeats Worldwide 02,2010,Ministry Of Sound,2266215,6:34
Dinka (2),Aircraft,Anjunabeats Worldwide 02,2010,Ministry Of Sound,2266215,5:27
Arnej,They Need Us (Club Edit),Anjunabeats Worldwide 02,2010,Ministry Of Sound,2266215,4:11
Mat Zo,Near The End,Anjunabeats Worldwide 02,2010,Ministry Of Sound,2266215,5:49
"Boom Jinx, Andrew Bayer",By All Means (Club Mix),Anjunabeats Worldwide 02,2010,Ministry Of Sound,2266215,3:53
Andy Duguid,DejaVoodoo,Anjunabeats Worldwide 02,2010,Ministry Of Sound,2266215,4:22
"DJ San, Jan Johnston",Perfect Dream,Anjunabeats Worldwide 02,2010,Ministry Of Sound,2266215,5:38
Cold Blue,Orient Sun,Anjunabeats Worldwide 02,2010,Ministry Of Sound,2266215,5:49
Richard Durand,Xelerate,Anjunabeats Worldwide 02,2010,Ministry Of Sound,2266215,4:48
Bart Claessen,Elf,Anjunabeats Worldwide 02,2010,Ministry Of Sound,2266215,7:10
Anhken,Green Line (Ronski Speed Remix),Anjunabeats Worldwide 02,2010,Ministry Of Sound,2266215,5:58
Mat Zo,The Lost,Anjunabeats Worldwide 02,2010,Ministry Of Sound,2266215,6:56
"Mike Shiver, Aruna",Everywhere You Are (Duderstadt Dub Mix),Anjunabeats Worldwide 02,2010,Ministry Of Sound,2266215,5:21
Reeves (2),Call Of Loneliness (Mat Zo Remix),Anjunabeats Worldwide 02,2010,Ministry Of Sound,2266215,7:25
Parker & Hanson,Alquimia,Anjunabeats Volume 8,2010,Ministry Of Sound,2358934,3:13
Duderstadt,Stranded In NYC,Anjunabeats Volume 8,2010,Ministry Of Sound,2358934,4:11
"Aruna, Mark Eteson",Let Go,Anjunabeats Volume 8,2010,Ministry Of Sound,2358934,5:09
Oliver Smith,Chordplay,Anjunabeats Volume 8,2010,Ministry Of Sound,2358934,4:39
"Boom Jinx, Andrew Bayer",Keyboard Cowboys,Anjunabeats Volume 8,2010,Ministry Of Sound,2358934,5:52
"Above & Beyond, Kyau & Albert",Anphonic,Anjunabeats Volume 8,2010,Ministry Of Sound,2358934,5:05
Arty (2),Rush,Anjunabeats Volume 8,2010,Ministry Of Sound,2358934,4:49
"Maor Levi, Ashley Tomberlin",Chasing Love,Anjunabeats Volume 8,2010,Ministry Of Sound,2358934,6:30
Andrew Bayer,From The Earth (Breakfast Remix),Anjunabeats Volume 8,2010,Ministry Of Sound,2358934,6:57
Bart Claessen,90 Nights Of Summer,Anjunabeats Volume 8,2010,Ministry Of Sound,2358934,6:28
"Above & Beyond, Gareth Emery, OceanLab",On A Good Day (Metropolis),Anjunabeats Volume 8,2010,Ministry Of Sound,2358934,6:18
"Thomas Datt, Asedo",Seven Years,Anjunabeats Volume 8,2010,Ministry Of Sound,2358934,5:41
Daniel Kandi,Piece Of Me,Anjunabeats Volume 8,2010,Ministry Of Sound,2358934,6:07
Andrew Bayer,A Farewell (Intro Edit),Anjunabeats Volume 8,2010,Ministry Of Sound,2358934,2:01
Andrew Bayer,The Taxi Driver,Anjunabeats Volume 8,2010,Ministry Of Sound,2358934,6:04
Arty (2),The Wonder,Anjunabeats Volume 8,2010,Ministry Of Sound,2358934,5:19
7 Skies,Sushi,Anjunabeats Volume 8,2010,Ministry Of Sound,2358934,5:17
"Lange, Emma Hewitt",Live Forever (Mat Zo Dub),Anjunabeats Volume 8,2010,Ministry Of Sound,2358934,5:37
Who.Is,We.Are.,Anjunabeats Volume 8,2010,Ministry Of Sound,2358934,5:28
"Above & Beyond, Richard Bedford",Thing Called Love (Club Mix),Anjunabeats Volume 8,2010,Ministry Of Sound,2358934,5:42
"David West, Andreas Hermansson",Larry Mountains 54 (Juventa Remix),Anjunabeats Volume 8,2010,Ministry Of Sound,2358934,5:25
Adam Nickey,Altara,Anjunabeats Volume 8,2010,Ministry Of Sound,2358934,5:52
Daniel Kandi,Forgive Me,Anjunabeats Volume 8,2010,Ministry Of Sound,2358934,4:55
"Super8 & Tab, Jan Burton",Mercy (Extended Mix),Anjunabeats Volume 8,2010,Ministry Of Sound,2358934,6:46
Alt+F4,Alt+F4 (Dan Stone Remix),Anjunabeats Volume 8,2010,Ministry Of Sound,2358934,4:39
Nitrous Oxide (2),Dreamcatcher (Club Mix),Anjunabeats Volume 8,2010,Ministry Of Sound,2358934,5:34
"OceanLab, Passive Progressive",Sky Falls Away,Anjunabeats Volume 8,2010,Ministry Of Sound,2358934,5:07
Super8 & Tab,Slow To Learn,Empire,2010,Ministry Of Sound,2439126,6:50
Super8 & Tab,Empire,Empire,2010,Ministry Of Sound,2439126,6:41
Super8 & Tab,Black Is The New Yellow,Empire,2010,Ministry Of Sound,2439126,6:49
Super8 & Tab,My Enemy,Empire,2010,Ministry Of Sound,2439126,5:46
Super8 & Tab,Perfect Day,Empire,2010,Ministry Of Sound,2439126,5:13
Super8 & Tab,Eternal Sequence,Empire,2010,Ministry Of Sound,2439126,5:51
Super8 & Tab,Good Times,Empire,2010,Ministry Of Sound,2439126,6:51
Super8 & Tab,Mercy,Empire,2010,Ministry Of Sound,2439126,7:31
Super8 & Tab,Irufushi,Empire,2010,Ministry Of Sound,2439126,5:51
Super8 & Tab,Bliss,Empire,2010,Ministry Of Sound,2439126,4:06
Super8 & Tab,Free Love,Empire,2010,Ministry Of Sound,2439126,4:05
Michael Cassette,My Name Is Michael Cassette,Temporarity,2010,Ministry Of Sound,2567672,5:27
Michael Cassette,Shadows Movement,Temporarity,2010,Ministry Of Sound,2567672,8:01
Michael Cassette,Crockett's Theme,Temporarity,2010,Ministry Of Sound,2567672,7:06
Michael Cassette,Through The Windows,Temporarity,2010,Ministry Of Sound,2567672,4:49
Michael Cassette,Magenta Sunset,Temporarity,2010,Ministry Of Sound,2567672,5:09
Michael Cassette,Ghost In The Machine,Temporarity,2010,Ministry Of Sound,2567672,7:55
Michael Cassette,Pangaea,Temporarity,2010,Ministry Of Sound,2567672,6:58
Michael Cassette,Nevermore,Temporarity,2010,Ministry Of Sound,2567672,4:49
Michael Cassette,Carpe Diem,Temporarity,2010,Ministry Of Sound,2567672,5:05
Michael Cassette,Funeralia - Farewell To David,Temporarity,2010,Ministry Of Sound,2567672,10:10
"Signalrunners, Julie Thompson",These Shoulders,10 Years Of Anjunabeats,2011,Ministry Of Sound,2651195,8:16
Above & Beyond,Can't Sleep,10 Years Of Anjunabeats,2011,Ministry Of Sound,2651195,7:52
Daniel Kandi,Breathe,10 Years Of Anjunabeats,2011,Ministry Of Sound,2651195,7:05
Sunny Lax,P.U.M.A.,10 Years Of Anjunabeats,2011,Ministry Of Sound,2651195,7:24
Smith & Pledger,Northern Lights,10 Years Of Anjunabeats,2011,Ministry Of Sound,2651195,6:42
Maor Levi,Reflect (Jerome Isma-Ae & Daniel Portman Remix),10 Years Of Anjunabeats,2011,Ministry Of Sound,2651195,3:56
"Signalrunners, Julie Thompson",These Shoulders (Andy Moor Remix),10 Years Of Anjunabeats,2011,Ministry Of Sound,2651195,6:17
Mat Zo,Synapse Dynamics (Arty Remix),10 Years Of Anjunabeats,2011,Ministry Of Sound,2651195,6:03
Super8 & Tab,Helsinki Scorchin' (Bart Claessen Remix),10 Years Of Anjunabeats,2011,Ministry Of Sound,2651195,5:32
Sunny Lax,P.U.M.A. (Mat Zo Remix),10 Years Of Anjunabeats,2011,Ministry Of Sound,2651195,6:35
Nitrous Oxide (2),North Pole (Sunny Lax Remix),10 Years Of Anjunabeats,2011,Ministry Of Sound,2651195,5:43
Above & Beyond,Can't Sleep (Super8 & Tab Remix),10 Years Of Anjunabeats,2011,Ministry Of Sound,2651195,6:10
Daniel Kandi,Breathe (7 Skies Remix),10 Years Of Anjunabeats,2011,Ministry Of Sound,2651195,6:16
"Bart Claessen, Dave Schiemann",Madness (Nitrous Oxide Remix),10 Years Of Anjunabeats,2011,Ministry Of Sound,2651195,5:39
Smith & Pledger,Northern Lights (Breakfast Remix),10 Years Of Anjunabeats,2011,Ministry Of Sound,2651195,6:28
Stephen J. Kroos,Micrsh,Anjunadeep 03,2011,Ministry Of Sound,2730914,5:11
Martin Roth,Deep Style,Anjunadeep 03,2011,Ministry Of Sound,2730914,4:39
Da Funk (2),Weekend Rubdown (Jaytech & James Grant Respray),Anjunadeep 03,2011,Ministry Of Sound,2730914,4:38
"Electrobios, Liluca, Interplay (3)",Depends On You,Anjunadeep 03,2011,Ministry Of Sound,2730914,4:53
Underworld,Two Months Off (DAVI Remix),Anjunadeep 03,2011,Ministry Of Sound,2730914,5:02
Danny Loko,Coastal (Eelke Kleijn Remix),Anjunadeep 03,2011,Ministry Of Sound,2730914,5:22
Michael Cassette,Regatta,Anjunadeep 03,2011,Ministry Of Sound,2730914,6:06
Andrew Bayer,Distractions - Movement 2,Anjunadeep 03,2011,Ministry Of Sound,2730914,6:35
Soundprank,Captivated,Anjunadeep 03,2011,Ministry Of Sound,2730914,4:48
Paul Keeley,Relic,Anjunadeep 03,2011,Ministry Of Sound,2730914,6:03
Komytea,Algebra,Anjunadeep 03,2011,Ministry Of Sound,2730914,5:01
Spooky,Belong (Sasha Involver Remix) [Prankster Edit],Anjunadeep 03,2011,Ministry Of Sound,2730914,7:00
Matt Lange,Rift,Anjunadeep 03,2011,Ministry Of Sound,2730914,6:30
"Boom Jinx, Andrew Bayer",By All Means (Solarity Remix),Anjunadeep 03,2011,Ministry Of Sound,2730914,7:30
Embliss,Back To Mine,Anjunadeep 03,2011,Ministry Of Sound,2730914,4:34
Interplay (3),Ignition,Anjunadeep 03,2011,Ministry Of Sound,2730914,4:52
PROFF (2),Interstellar,Anjunadeep 03,2011,Ministry Of Sound,2730914,5:18
Answer42,Dew Point,Anjunadeep 03,2011,Ministry Of Sound,2730914,5:18
Beckwith,N To Brooklyn,Anjunadeep 03,2011,Ministry Of Sound,2730914,6:18
"Kobana (2), Yane3dots",All Those Loose Things,Anjunadeep 03,2011,Ministry Of Sound,2730914,6:02
"Roddy Reynaert, Man Of Goodwill",Brotherhood,Anjunadeep 03,2011,Ministry Of Sound,2730914,5:31
Jaytech,Djembe,Anjunadeep 03,2011,Ministry Of Sound,2730914,5:15
Suspect 44,Japanese Schoolgirls,Anjunadeep 03,2011,Ministry Of Sound,2730914,4:08
Dinka (2),The Sleeping Beauty,Anjunadeep 03,2011,Ministry Of Sound,2730914,5:37
Soundprank,The Far Side,Anjunadeep 03,2011,Ministry Of Sound,2730914,4:30
Maor Levi,Devotion,Anjunadeep 03,2011,Ministry Of Sound,2730914,5:15
Timmy & Tommy,Unit 29,Anjunadeep 03,2011,Ministry Of Sound,2730914,4:45
Levente Marton,Big Fat Kiss,Anjunadeep 03,2011,Ministry Of Sound,2730914,7:12
Solarity,Marsh,Anjunadeep 03,2011,Ministry Of Sound,2730914,5:02
"Super8 & Tab, Julie Thompson",My Enemy (Rank 1 Remix),Anjunabeats Worldwide 03,2011,Ministry Of Sound,2815215,6:51
"Arty (2), Mat Zo",Rebound,Anjunabeats Worldwide 03,2011,Ministry Of Sound,2815215,5:35
"Tritonal, Cristina Soto",Lifted (Mat Zo Remix),Anjunabeats Worldwide 03,2011,Ministry Of Sound,2815215,5:20
Slusnik Luna,Sun 2011 (4 Strings Remix),Anjunabeats Worldwide 03,2011,Ministry Of Sound,2815215,4:40
Nitrous Oxide (2),Downforce (Mike Shiver's Garden State Mix),Anjunabeats Worldwide 03,2011,Ministry Of Sound,2815215,3:38
"Sunny Lax, Solex (2)",Out Of This World (Mike Koglin Remix),Anjunabeats Worldwide 03,2011,Ministry Of Sound,2815215,4:35
Arty (2),Zara,Anjunabeats Worldwide 03,2011,Ministry Of Sound,2815215,5:20
"Kenneth Thomas, Roberta Carter Harrison, Steven Taetz",Drive (Save The Robot Remix),Anjunabeats Worldwide 03,2011,Ministry Of Sound,2815215,4:50
Mat Zo,Superman,Anjunabeats Worldwide 03,2011,Ministry Of Sound,2815215,5:21
"Boom Jinx, Andrew Bayer",Fracture,Anjunabeats Worldwide 03,2011,Ministry Of Sound,2815215,3:30
Rex Mundi,Sandstone,Anjunabeats Worldwide 03,2011,Ministry Of Sound,2815215,7:36
"Lange, Fabio XB, Yves de Lacroix",Electrify (Lange Mix),Anjunabeats Worldwide 03,2011,Ministry Of Sound,2815215,5:15
"Aruna, Mark Eteson",Let Go (Nic Chagall Remix),Anjunabeats Worldwide 03,2011,Ministry Of Sound,2815215,5:40
"Arty (2), Tania Zygar",The Wall,Anjunabeats Worldwide 03,2011,Ministry Of Sound,2815215,5:23
Parker & Hanson,Alquimia (Andrew Bayer Remix),Anjunabeats Worldwide 03,2011,Ministry Of Sound,2815215,6:30
Aiera,Skydive (Willem de Roo Remix),Anjunabeats Worldwide 03,2011,Ministry Of Sound,2815215,5:37
"Norin & Rad, Recurve",The Gift,Anjunabeats Worldwide 03,2011,Ministry Of Sound,2815215,7:06
Aalto,Resolution (Daniel Kandi's Solution Mix),Anjunabeats Worldwide 03,2011,Ministry Of Sound,2815215,5:34
"Edu, Cramp",Silver Sand (Daniel Kandi Remix),Anjunabeats Worldwide 03,2011,Ministry Of Sound,2815215,5:39
Mike Koglin,Sunstar,Anjunabeats Worldwide 03,2011,Ministry Of Sound,2815215,6:27
"Daniel Kandi, Phillip Alpha",Don't Fix It,Anjunabeats Worldwide 03,2011,Ministry Of Sound,2815215,5:43
"Activa (3), Solar Movement",Indigo (Chris Melton Remix),Anjunabeats Worldwide 03,2011,Ministry Of Sound,2815215,4:35
"Nitrous Oxide (2), Aneym",Follow You (Club Mix),Anjunabeats Worldwide 03,2011,Ministry Of Sound,2815215,4:57
Daniel Kandi,Just For You,Anjunabeats Worldwide 03,2011,Ministry Of Sound,2815215,4:56
Adam Szabo,Serano,Anjunabeats Worldwide 03,2011,Ministry Of Sound,2815215,4:48
Juventa,Dionysia,Anjunabeats Worldwide 03,2011,Ministry Of Sound,2815215,5:35
Daniel Kandi,Soul Searchin',Anjunabeats Worldwide 03,2011,Ministry Of Sound,2815215,5:36
"Bart Claessen, Rene Martens",The Man Who Knew Too Much,Anjunabeats Worldwide 03,2011,Ministry Of Sound,2815215,5:46
Deine Lakaien,One Night,Indicator,2010,Ministry Of Sound,2924141,3:54
Deine Lakaien,Who'll Save Your World,Indicator,2010,Ministry Of Sound,2924141,4:25
Deine Lakaien,Gone,Indicator,2010,Ministry Of Sound,2924141,4:04
Deine Lakaien,Immigrant,Indicator,2010,Ministry Of Sound,2924141,4:47
Deine Lakaien,Blue Heart,Indicator,2010,Ministry Of Sound,2924141,4:12
Deine Lakaien,Europe,Indicator,2010,Ministry Of Sound,2924141,5:26
Deine Lakaien,Along Our Road,Indicator,2010,Ministry Of Sound,2924141,4:51
Deine Lakaien,Without Your Words,Indicator,2010,Ministry Of Sound,2924141,4:00
Deine Lakaien,Six O'Clock,Indicator,2010,Ministry Of Sound,2924141,4:05
Deine Lakaien,Go Away Bad Dreams,Indicator,2010,Ministry Of Sound,2924141,4:37
Deine Lakaien,On Your Stage Again,Indicator,2010,Ministry Of Sound,2924141,4:55
Deine Lakaien,The Old Man Is Dead,Indicator,2010,Ministry Of Sound,2924141,4:07
Above & Beyond,Filmic,Group Therapy,2011,Ministry Of Sound,2929062,3:49
Above & Beyond,Alchemy,Group Therapy,2011,Ministry Of Sound,2929062,5:17
Above & Beyond,Sun & Moon,Group Therapy,2011,Ministry Of Sound,2929062,5:26
Above & Beyond,You Got To Go,Group Therapy,2011,Ministry Of Sound,2929062,5:35
Above & Beyond,Black Room Boy,Group Therapy,2011,Ministry Of Sound,2929062,6:10
Above & Beyond,Giving It Out,Group Therapy,2011,Ministry Of Sound,2929062,3:53
Above & Beyond,On My Way To Heaven,Group Therapy,2011,Ministry Of Sound,2929062,5:58
Above & Beyond,Prelude,Group Therapy,2011,Ministry Of Sound,2929062,5:45
Above & Beyond,Sun In Your Eyes,Group Therapy,2011,Ministry Of Sound,2929062,4:51
Above & Beyond,Love Is Not Enough,Group Therapy,2011,Ministry Of Sound,2929062,6:33
Above & Beyond,Every Little Beat,Group Therapy,2011,Ministry Of Sound,2929062,6:01
Above & Beyond,Sweetest Heart,Group Therapy,2011,Ministry Of Sound,2929062,3:37
Above & Beyond,Thing Called Love,Group Therapy,2011,Ministry Of Sound,2929062,5:29
Above & Beyond,Only A Few Things,Group Therapy,2011,Ministry Of Sound,2929062,5:03
Above & Beyond,Eternal,Group Therapy,2011,Ministry Of Sound,2929062,2:53
Suede,Animal Nitrate,The Best Of,2010,Ministry Of Sound,2998030,3:29
Suede,Beautiful Ones,The Best Of,2010,Ministry Of Sound,2998030,3:50
Suede,Trash,The Best Of,2010,Ministry Of Sound,2998030,3:49
Suede,Filmstar,The Best Of,2010,Ministry Of Sound,2998030,3:29
Suede,Metal Mickey,The Best Of,2010,Ministry Of Sound,2998030,3:28
Suede,New Generation,The Best Of,2010,Ministry Of Sound,2998030,4:36
Suede,So Young,The Best Of,2010,Ministry Of Sound,2998030,3:42
Suede,The Wild Ones,The Best Of,2010,Ministry Of Sound,2998030,4:45
Suede,The Drowners,The Best Of,2010,Ministry Of Sound,2998030,4:11
Suede,Stay Together,The Best Of,2010,Ministry Of Sound,2998030,4:20
Suede,Lazy,The Best Of,2010,Ministry Of Sound,2998030,3:19
Suede,Everything Will Flow,The Best Of,2010,Ministry Of Sound,2998030,4:43
Suede,We Are The Pigs,The Best Of,2010,Ministry Of Sound,2998030,3:58
Suede,Can't Get Enough,The Best Of,2010,Ministry Of Sound,2998030,3:59
Suede,Electricity,The Best Of,2010,Ministry Of Sound,2998030,4:42
Suede,Obsessions,The Best Of,2010,Ministry Of Sound,2998030,4:11
Suede,She's In Fashion,The Best Of,2010,Ministry Of Sound,2998030,4:53
Suede,Saturday Night,The Best Of,2010,Ministry Of Sound,2998030,4:29
Suede,Pantomime Horse,The Best Of,2010,Ministry Of Sound,2998030,5:51
Suede,My Insatiable One,The Best Of,2010,Ministry Of Sound,2998030,2:58
Suede,Killing Of A Flashboy,The Best Of,2010,Ministry Of Sound,2998030,4:06
Suede,This Hollywood Life,The Best Of,2010,Ministry Of Sound,2998030,3:31
Suede,Europe Is Our Playground,The Best Of,2010,Ministry Of Sound,2998030,5:38
Suede,My Dark Star,The Best Of,2010,Ministry Of Sound,2998030,4:24
Suede,Sleeping Pills,The Best Of,2010,Ministry Of Sound,2998030,3:53
Suede,By The Sea,The Best Of,2010,Ministry Of Sound,2998030,4:18
Suede,She,The Best Of,2010,Ministry Of Sound,2998030,3:40
Suede,Heroine,The Best Of,2010,Ministry Of Sound,2998030,3:21
Suede,The Living Dead,The Best Of,2010,Ministry Of Sound,2998030,2:50
Suede,To The Birds,The Best Of,2010,Ministry Of Sound,2998030,5:25
Suede,The Big Time,The Best Of,2010,Ministry Of Sound,2998030,4:28
Suede,The Two Of Us,The Best Of,2010,Ministry Of Sound,2998030,5:45
Suede,The Asphalt World,The Best Of,2010,Ministry Of Sound,2998030,9:26
Suede,Still Life,The Best Of,2010,Ministry Of Sound,2998030,5:19
Suede,The Next Life,The Best Of,2010,Ministry Of Sound,2998030,3:40
Andrew Bayer,Nexus 6,It's Artificial,2011,Ministry Of Sound,3004923,5:58
Andrew Bayer,Dedicated To Boston's Waste Management System,It's Artificial,2011,Ministry Of Sound,3004923,4:05
Andrew Bayer,Counting The Points,It's Artificial,2011,Ministry Of Sound,3004923,8:22
Andrew Bayer,Monolith,It's Artificial,2011,Ministry Of Sound,3004923,8:57
Andrew Bayer,A Drink For Calamity Jane,It's Artificial,2011,Ministry Of Sound,3004923,6:54
Andrew Bayer,Paper Cranes,It's Artificial,2011,Ministry Of Sound,3004923,7:18
Andrew Bayer,From The Earth,It's Artificial,2011,Ministry Of Sound,3004923,5:33
Andrew Bayer,We Will Return,It's Artificial,2011,Ministry Of Sound,3004923,4:08
Above & Beyond,Tokyo,Anjunabeats Volume 9,2011,Ministry Of Sound,3215925,3:06
Parker & Hanson,Afterthought,Anjunabeats Volume 9,2011,Ministry Of Sound,3215925,5:43
"Breakfast (3), Keyworth",Median,Anjunabeats Volume 9,2011,Ministry Of Sound,3215925,4:42
Cramp,RU116,Anjunabeats Volume 9,2011,Ministry Of Sound,3215925,3:36
"Andrew Bayer, Matt Lange, Kerry Leva",In And Out Of Phase,Anjunabeats Volume 9,2011,Ministry Of Sound,3215925,4:55
Oliver Smith,New Dawn,Anjunabeats Volume 9,2011,Ministry Of Sound,3215925,5:24
Norin & Rad,Bloom,Anjunabeats Volume 9,2011,Ministry Of Sound,3215925,5:23
Above & Beyond,Formula Rossa,Anjunabeats Volume 9,2011,Ministry Of Sound,3215925,6:58
"Maor Levi, Ilan Bluestone",On Our Own,Anjunabeats Volume 9,2011,Ministry Of Sound,3215925,5:58
Genix,Higher State,Anjunabeats Volume 9,2011,Ministry Of Sound,3215925,6:04
Oliver Smith,Symmetry,Anjunabeats Volume 9,2011,Ministry Of Sound,3215925,5:20
"Above & Beyond, Zoë Johnston",You Got To Go (Kyau & Albert Remix),Anjunabeats Volume 9,2011,Ministry Of Sound,3215925,5:19
Ost & Meyer,Britanica,Anjunabeats Volume 9,2011,Ministry Of Sound,3215925,6:18
Oliver Smith,Progress,Anjunabeats Volume 9,2011,Ministry Of Sound,3215925,6:27
"Darren Tate, Harry Diamond, Nicolai Prowse",Electrified (Mat Zo Electrofied Dub),Anjunabeats Volume 9,2011,Ministry Of Sound,3215925,7:27
Mat Zo,Bipolar,Anjunabeats Volume 9,2011,Ministry Of Sound,3215925,4:40
"Above & Beyond, Richard Bedford",Every Little Beat (Myon & Shane 54 Summer Of Love Mix),Anjunabeats Volume 9,2011,Ministry Of Sound,3215925,4:37
Jaytech,New Vibe,Anjunabeats Volume 9,2011,Ministry Of Sound,3215925,5:24
"Andrew Bayer, Molly Bancroft",Keep Your Secrets,Anjunabeats Volume 9,2011,Ministry Of Sound,3215925,6:48
Arty (2),Kate,Anjunabeats Volume 9,2011,Ministry Of Sound,3215925,5:53
Jaytech,Overdrive,Anjunabeats Volume 9,2011,Ministry Of Sound,3215925,5:09
"Super8 & Tab, Jan Burton",Slow To Learn (Maor Levi Club Mix),Anjunabeats Volume 9,2011,Ministry Of Sound,3215925,5:59
Nitrous Oxide (2),iPeople,Anjunabeats Volume 9,2011,Ministry Of Sound,3215925,4:39
Mat Zo,Frequency Flyer,Anjunabeats Volume 9,2011,Ministry Of Sound,3215925,5:26
"Mat Zo, Arty (2)",Mozart,Anjunabeats Volume 9,2011,Ministry Of Sound,3215925,5:23
Cramp,Catch The Eye,Anjunabeats Volume 9,2011,Ministry Of Sound,3215925,4:22
Sunny Lax,Contrast,Anjunabeats Volume 9,2011,Ministry Of Sound,3215925,5:41
"Mike Koglin, Genix",Dyno,Anjunabeats Volume 9,2011,Ministry Of Sound,3215925,6:21
Dusky (2),Stick By This,Anjunadeep 04,2012,Ministry Of Sound,3434405,3:39
Martin Roth,Beautiful Life,Anjunadeep 04,2012,Ministry Of Sound,3434405,5:29
Vincenzo,Get To Know You,Anjunadeep 04,2012,Ministry Of Sound,3434405,6:13
Laura Jones (2),Love In Me (Maceo Plex Remix),Anjunadeep 04,2012,Ministry Of Sound,3434405,4:39
Andrew Bayer,You,Anjunadeep 04,2012,Ministry Of Sound,3434405,6:57
Paronator,No Gravity (Tom Middleton Liquatech Mix),Anjunadeep 04,2012,Ministry Of Sound,3434405,5:24
Dusky (2),Lost Highway,Anjunadeep 04,2012,Ministry Of Sound,3434405,4:37
Above & Beyond,Prelude (Andrew Bayer & James Grant Remix),Anjunadeep 04,2012,Ministry Of Sound,3434405,6:24
Full Tilt (2),Take Me Away (Andrew Bayer & James Grant Remix),Anjunadeep 04,2012,Ministry Of Sound,3434405,5:22
Parker & Hanson,Afterthought (Soundprank's Deep 04 Mix),Anjunadeep 04,2012,Ministry Of Sound,3434405,5:51
Stephen J. Kroos,Phobos,Anjunadeep 04,2012,Ministry Of Sound,3434405,5:20
"P8, Answer42",Fragments,Anjunadeep 04,2012,Ministry Of Sound,3434405,5:48
P.O.S.,Gravity (Andrew Bayer & James Grant Remix),Anjunadeep 04,2012,Ministry Of Sound,3434405,5:19
Andrew Bayer,Gaff’s Eulogy,Anjunadeep 04,2012,Ministry Of Sound,3434405,5:24
Answer42,The Lemon Effect,Anjunadeep 04,2012,Ministry Of Sound,3434405,5:21
Kobana & Yane3Dots,Woosh,Anjunadeep 04,2012,Ministry Of Sound,3434405,5:05
Oliver Smith,Under The Wire,Anjunadeep 04,2012,Ministry Of Sound,3434405,5:45
Solarity,Primordial,Anjunadeep 04,2012,Ministry Of Sound,3434405,6:44
Suspect 44,Neon Feel,Anjunadeep 04,2012,Ministry Of Sound,3434405,4:36
Jaytech,Synergy,Anjunadeep 04,2012,Ministry Of Sound,3434405,6:42
Vadim Soloviev,Forma Perpetua,Anjunadeep 04,2012,Ministry Of Sound,3434405,5:34
Soundprank,Boundless Energy,Anjunadeep 04,2012,Ministry Of Sound,3434405,6:15
Jaytech,Overdrive (PROFF Remix),Anjunadeep 04,2012,Ministry Of Sound,3434405,5:55
Joonas Hahmo,Manor,Anjunadeep 04,2012,Ministry Of Sound,3434405,4:57
Levente Marton,There's Always A Way Out,Anjunadeep 04,2012,Ministry Of Sound,3434405,5:41
Kaskade,Sorry (Dirty South Remix),Anjunadeep 04,2012,Ministry Of Sound,3434405,3:11
Jaytech,Atlantic,Anjunadeep 04,2012,Ministry Of Sound,3434405,6:35
Ida Corr,Ride My Tempo,One,2009,Ministry Of Sound,3631675,3:20
Ida Corr,Late Night Bimbo,One,2009,Ministry Of Sound,3631675,2:03
Ida Corr,Lonely Girl,One,2009,Ministry Of Sound,3631675,3:10
Ida Corr,Make Them Beg,One,2009,Ministry Of Sound,3631675,3:26
Ida Corr,Do U Believe?,One,2009,Ministry Of Sound,3631675,4:04
Ida Corr,Country Girl,One,2009,Ministry Of Sound,3631675,3:01
Ida Corr,Mad,One,2009,Ministry Of Sound,3631675,5:06
Ida Corr,Hurry Up And Wait,One,2009,Ministry Of Sound,3631675,2:54
Ida Corr,I'm Your Lady,One,2009,Ministry Of Sound,3631675,3:21
Ida Corr,Mr. JB,One,2009,Ministry Of Sound,3631675,4:12
Ida Corr,Man For Me,One,2009,Ministry Of Sound,3631675,3:24
Ida Corr,Hangover Time,One,2009,Ministry Of Sound,3631675,3:48
Ida Corr,U,One,2009,Ministry Of Sound,3631675,5:09
Example,Come Taste The Rainbow,The Evolution Of Man,2012,Ministry Of Sound,5519747,
Example,Close Enemies,The Evolution Of Man,2012,Ministry Of Sound,5519747,
Example,Perfect Replacement,The Evolution Of Man,2012,Ministry Of Sound,5519747,
Example,Crying Out For Help,The Evolution Of Man,2012,Ministry Of Sound,5519747,
Example,Queen Of Your Dreams,The Evolution Of Man,2012,Ministry Of Sound,5519747,
Example,Say Nothing,The Evolution Of Man,2012,Ministry Of Sound,5519747,
Example,All My Lows,The Evolution Of Man,2012,Ministry Of Sound,5519747,
Example,The Evolution Of Man,The Evolution Of Man,2012,Ministry Of Sound,5519747,
Example,One Way Mirror,The Evolution Of Man,2012,Ministry Of Sound,5519747,
Example,Snakeskin,The Evolution Of Man,2012,Ministry Of Sound,5519747,
Example,Blood From A Stone,The Evolution Of Man,2012,Ministry Of Sound,5519747,
Example,Are You Sitting Comfortably?,The Evolution Of Man,2012,Ministry Of Sound,5519747,
"Calvin Harris, Example",We’ll Be Coming Back,The Evolution Of Man,2012,Ministry Of Sound,5519747,
Moby,Isolate (Mixhell Remix),Wait For Me. Remixes!,2010,Ministry Of Sound,8238199,5:22
Moby,Slow Light (Maps Remix),Wait For Me. Remixes!,2010,Ministry Of Sound,8238199,5:55
Moby,Wait For Me (Paul Kalkbrenner Remix),Wait For Me. Remixes!,2010,Ministry Of Sound,8238199,9:12
Moby,Pale Horses (Gui Boratto's Last Window Remix),Wait For Me. Remixes!,2010,Ministry Of Sound,8238199,7:37
Moby,Walk With Me (Carl Cox Remix),Wait For Me. Remixes!,2010,Ministry Of Sound,8238199,6:23
Moby,Mistake (Yuksek Remix),Wait For Me. Remixes!,2010,Ministry Of Sound,8238199,4:55
Moby,One Time We Lived (Laurent Wolf Remix),Wait For Me. Remixes!,2010,Ministry Of Sound,8238199,7:40
Moby,Jltf (Chuckie Remix),Wait For Me. Remixes!,2010,Ministry Of Sound,8238199,5:34
Moby,Wait For Me (Laidback Luke Remix),Wait For Me. Remixes!,2010,Ministry Of Sound,8238199,6:41
Moby,Stay Down (Popof Remix),Wait For Me. Remixes!,2010,Ministry Of Sound,8238199,6:17
Moby,Study War (Savage Skulls Remix),Wait For Me. Remixes!,2010,Ministry Of Sound,8238199,5:09
Moby,Shot In The Back Of The Head (Tiësto Remix),Wait For Me. Remixes!,2010,Ministry Of Sound,8238199,7:15
Peter Fox (2),Kopf Verloren,Same Same But Different,2010,Ministry Of Sound,8933797,
Ros Serey Sothea,I'm 16 Years Old,Same Same But Different,2010,Ministry Of Sound,8933797,
Rammstein,Amour,Same Same But Different,2010,Ministry Of Sound,8933797,
Vive La Fête!,Noir Désir,Same Same But Different,2010,Ministry Of Sound,8933797,
Franz Schubert,Ständchen,Same Same But Different,2010,Ministry Of Sound,8933797,
Noir Désir,Le Vent Nous Portera,Same Same But Different,2010,Ministry Of Sound,8933797,
Merz,Cover Me,Same Same But Different,2010,Ministry Of Sound,8933797,
Yves Montand,"Amour, Mon Cher Amour",Same Same But Different,2010,Ministry Of Sound,8933797,
Slut,Easy To Love (Konstantin Gropper Mix),Same Same But Different,2010,Ministry Of Sound,8933797,
Konstantin Gropper,Müllmädchen Marimba,Same Same But Different,2010,Ministry Of Sound,8933797,
Miss Kittin,3sème Sexe,Same Same But Different,2010,Ministry Of Sound,8933797,
Konstantin Gropper,Breathing Ringkauf,Same Same But Different,2010,Ministry Of Sound,8933797,
Charlotte Gainsbourg,Heaven Can Wait,Same Same But Different,2010,Ministry Of Sound,8933797,
Gummibär,I'm Your Funny Bear (The Gummy Bear Song),Gummi Bear,2007,Ministry Of Sound,9343094,3:11
Gummibär,Funny DJ,Gummi Bear,2007,Ministry Of Sound,9343094,3:12
Gummibär,I’m A Scatman,Gummi Bear,2007,Ministry Of Sound,9343094,3:15
Gummibär,Cho Ka Ka O,Gummi Bear,2007,Ministry Of Sound,9343094,2:00
Gummibär,Touch Me (Gummibär),Gummi Bear,2007,Ministry Of Sound,9343094,3:17
Gummibär,Gummy From Bom Bom Bay,Gummi Bear,2007,Ministry Of Sound,9343094,3:20
Gummibär,Itsi Bitsi Bikini,Gummi Bear,2007,Ministry Of Sound,9343094,2:34
Gummibär,Jodl Jodl Dance,Gummi Bear,2007,Ministry Of Sound,9343094,3:02
Gummibär,Blue (Da Ba Dee),Gummi Bear,2007,Ministry Of Sound,9343094,4:00
Gummibär,Dein Popo,Gummi Bear,2007,Ministry Of Sound,9343094,3:10
Gummibär,Don’t Do That,Gummi Bear,2007,Ministry Of Sound,9343094,3:03
Gummibär,Le Mambo Du Décalco,Gummi Bear,2007,Ministry Of Sound,9343094,3:25
Gummibär,Buj Buj Polka,Gummi Bear,2007,Ministry Of Sound,9343094,3:06
Gummibär,Do You Think I’m Sexy?,Gummi Bear,2007,Ministry Of Sound,9343094,2:11
Gummibär,Funny Bear (Goodnight Mix),Gummi Bear,2007,Ministry Of Sound,9343094,0:54
Above & Beyond,No One On Earth (Gabriel & Dresden Club Mix),Anjunabeats100 + From Goa To Rio,2008,Ministry Of Sound,12717335,7:07
Tranquility Base,Razorfish (Above & Beyond's Progressive Mix),Anjunabeats100 + From Goa To Rio,2008,Ministry Of Sound,12717335,4:14
"Matt Hardwick, Smith & Pledger",Day One (Above & Beyond Remix),Anjunabeats100 + From Goa To Rio,2008,Ministry Of Sound,12717335,4:40
"Answer42, Belinda Frank",Pink Houses (Vox-Dub Edit),Anjunabeats Volume 7,2009,Ministry Of Sound,16205384,5:09
"Boom Jinx, Jaytech",Milano,Anjunabeats Volume 7,2009,Ministry Of Sound,16205384,4:07
"Boom Jinx, Andrew Bayer",To The Six,Anjunabeats Volume 7,2009,Ministry Of Sound,16205384,6:45
Oliver Smith,Pacific,Anjunabeats Volume 7,2009,Ministry Of Sound,16205384,6:29
Solarity,Terminal 6,Anjunabeats Volume 7,2009,Ministry Of Sound,16205384,5:45
Dirty Vegas,Tonight (Above & Beyond Mix),Anjunabeats Volume 7,2009,Ministry Of Sound,16205384,6:15
Reeves (2),Call Of Loneliness,Anjunabeats Volume 7,2009,Ministry Of Sound,16205384,5:57
Oliver Smith,Cadence,Anjunabeats Volume 7,2009,Ministry Of Sound,16205384,4:54
Velvetine,Safe (Wherever You Are),Anjunabeats Volume 7,2009,Ministry Of Sound,16205384,4:41
Cold Blue,Mount Everest (Dennis Sheperd Mix),Anjunabeats Volume 7,2009,Ministry Of Sound,16205384,4:55
Anhken,Green Line,Anjunabeats Volume 7,2009,Ministry Of Sound,16205384,5:51
Above & Beyond,Anjunabeach,Anjunabeats Volume 7,2009,Ministry Of Sound,16205384,6:32
Paul Keeley,Paper Jet (Bart Claessen Big Room Remix),Anjunabeats Volume 7,2009,Ministry Of Sound,16205384,6:47
Mat Zo,Nuclear Fusion,Anjunabeats Volume 7,2009,Ministry Of Sound,16205384,5:45
"Mike Koglin, P.O.S.",Autumn,Anjunabeats Volume 7,2009,Ministry Of Sound,16205384,5:46
Sunny Lax,Misgrey,Anjunabeats Volume 7,2009,Ministry Of Sound,16205384,5:29
Nitrous Oxide (2),Aurora (Sunny Lax Remix),Anjunabeats Volume 7,2009,Ministry Of Sound,16205384,5:43
Mat Zo,Default,Anjunabeats Volume 7,2009,Ministry Of Sound,16205384,5:13
"Mike Shiver, Aruna",Everywhere You Are,Anjunabeats Volume 7,2009,Ministry Of Sound,16205384,6:41
Cold Blue,30 Degrees At Midnight,Anjunabeats Volume 7,2009,Ministry Of Sound,16205384,5:12
"Lange, Firewall",Wanderlust,Anjunabeats Volume 7,2009,Ministry Of Sound,16205384,5:11
"Nitrous Oxide (2), Adam Nickey",Moon Dust,Anjunabeats Volume 7,2009,Ministry Of Sound,16205384,6:35
Adam Nickey,Callista (Stoneface & Terminal Mix),Anjunabeats Volume 7,2009,Ministry Of Sound,16205384,4:41
Daniel Kandi,Venice Beach,Anjunabeats Volume 7,2009,Ministry Of Sound,16205384,5:22
"Activa (3), Solar Movement",Eclipse (Mat Zo Remix),Anjunabeats Volume 7,2009,Ministry Of Sound,16205384,5:57
Dan Stone,Fahrenheit,Anjunabeats Volume 7,2009,Ministry Of Sound,16205384,6:02
Cold Blue,Downhill,Anjunabeats Volume 7,2009,Ministry Of Sound,16205384,6:37
Above & Beyond,A Dog With A Smile,Anjunabeats Volume 7,2009,Ministry Of Sound,16205384,22:46
Above & Beyond,Lonely Girl,Anjunabeats Volume 7,2009,Ministry Of Sound,16205384,3:03
Above & Beyond,Balloon Trip,Anjunabeats Volume 7,2009,Ministry Of Sound,16205384,6:39
Iyaz,Replay,100% Hits The Best Of 2010 (Winter Edition),2010,Ministry Of Sound,18186412,3:03
"David Guetta, Estelle",One Love,100% Hits The Best Of 2010 (Winter Edition),2010,Ministry Of Sound,18186412,4:00
"Cobra Starship, Leighton Meester",Good Girls Go Bad,100% Hits The Best Of 2010 (Winter Edition),2010,Ministry Of Sound,18186412,3:17
Lisa Mitchell (2),Clean White Love,100% Hits The Best Of 2010 (Winter Edition),2010,Ministry Of Sound,18186412,3:48
Michael Bublé,Haven't Met You Yet,100% Hits The Best Of 2010 (Winter Edition),2010,Ministry Of Sound,18186412,4:05
The John Butler Trio,One Way Road,100% Hits The Best Of 2010 (Winter Edition),2010,Ministry Of Sound,18186412,3:05
Nickelback,Never Gonna Be Alone,100% Hits The Best Of 2010 (Winter Edition),2010,Ministry Of Sound,18186412,3:47
Empire Of The Sun,Without You,100% Hits The Best Of 2010 (Winter Edition),2010,Ministry Of Sound,18186412,3:32
Operator Please,Logic,100% Hits The Best Of 2010 (Winter Edition),2010,Ministry Of Sound,18186412,3:29
Green Day,East Jesus Nowhere,100% Hits The Best Of 2010 (Winter Edition),2010,Ministry Of Sound,18186412,4:36
Dizzee Rascal,Dirtee Cash,100% Hits The Best Of 2010 (Winter Edition),2010,Ministry Of Sound,18186412,3:16
"Tv Rock, Rudy Sandapa",In The Air (Axwell Radio Edit),100% Hits The Best Of 2010 (Winter Edition),2010,Ministry Of Sound,18186412,3:18
The Sundance Kids,Burn So Bright,100% Hits The Best Of 2010 (Winter Edition),2010,Ministry Of Sound,18186412,4:07
Miami Horror,Sometimes,100% Hits The Best Of 2010 (Winter Edition),2010,Ministry Of Sound,18186412,3:55
"Steve Aoki, Zuper Blahq",I'm In The House,100% Hits The Best Of 2010 (Winter Edition),2010,Ministry Of Sound,18186412,3:20
30 Seconds To Mars,Kings And Queens,100% Hits The Best Of 2010 (Winter Edition),2010,Ministry Of Sound,18186412,4:34
"The Bloody Beetroots, Steve Aoki",Warp 1.9,100% Hits The Best Of 2010 (Winter Edition),2010,Ministry Of Sound,18186412,3:21
Ian Carey,Shot Caller,100% Hits The Best Of 2010 (Winter Edition),2010,Ministry Of Sound,18186412,3:10
Jason Derulo,Whatcha Say,100% Hits The Best Of 2010 (Winter Edition),2010,Ministry Of Sound,18186412,3:43
Gabriella Cilmi,On A Mission,100% Hits The Best Of 2010 (Winter Edition),2010,Ministry Of Sound,18186412,3:02
Sia,You've Changed,100% Hits The Best Of 2010 (Winter Edition),2010,Ministry Of Sound,18186412,3:11
Pitbull,I Know You Want Me (Calle Ocho),100% Hits The Best Of 2010 (Winter Edition),2010,Ministry Of Sound,18186412,3:05
"Richard ""Humpty"" Vission, Static Revenger, Luciana Caporaso",I Like That,100% Hits The Best Of 2010 (Winter Edition),2010,Ministry Of Sound,18186412,2:23
"DJ Chuckie, LMFAO",Let The Bass Kick In Miami Girl,100% Hits The Best Of 2010 (Winter Edition),2010,Ministry Of Sound,18186412,2:45
"Dizzee Rascal, Armand Van Helden",Bonkers,100% Hits The Best Of 2010 (Winter Edition),2010,Ministry Of Sound,18186412,2:57
Groove Armada,Paper Romance,100% Hits The Best Of 2010 (Winter Edition),2010,Ministry Of Sound,18186412,4:00
Lily Allen,Who'd Have Known,100% Hits The Best Of 2010 (Winter Edition),2010,Ministry Of Sound,18186412,3:49
Eskimo Joe,Don't Let Me Down,100% Hits The Best Of 2010 (Winter Edition),2010,Ministry Of Sound,18186412,3:37
Agnes (5),Release Me,100% Hits The Best Of 2010 (Winter Edition),2010,Ministry Of Sound,18186412,3:29
Creed (3),Rain,100% Hits The Best Of 2010 (Winter Edition),2010,Ministry Of Sound,18186412,3:27
Paramore,Brick By Boring Brick,100% Hits The Best Of 2010 (Winter Edition),2010,Ministry Of Sound,18186412,4:14
Jet (2),Black Hearts (On Fire),100% Hits The Best Of 2010 (Winter Edition),2010,Ministry Of Sound,18186412,3:14
Ricki-Lee,"Hear No, See No, Speak No",100% Hits The Best Of 2010 (Winter Edition),2010,Ministry Of Sound,18186412,3:56
"Deadmau5, Rob Swire",Ghosts N Stuff,100% Hits The Best Of 2010 (Winter Edition),2010,Ministry Of Sound,18186412,3:11
Erika Heynatz,Kingdom,100% Hits The Best Of 2010 (Winter Edition),2010,Ministry Of Sound,18186412,3:34
K-OS,I Wish I Knew Natalie Portman,100% Hits The Best Of 2010 (Winter Edition),2010,Ministry Of Sound,18186412,3:11
"Sidney Samson, Lady Bee, Bizzey",Come On Let's Go,100% Hits The Best Of 2010 (Winter Edition),2010,Ministry Of Sound,18186412,2:47
Eva Simons,Silly Boy,100% Hits The Best Of 2010 (Winter Edition),2010,Ministry Of Sound,18186412,3:24
"Ida Corr, Fedde Le Grand",Let Me Think About It (Radio Edit),Dance! The Sexiest Dance Traxx,2008,Ministry Of Sound,22008847,2:32
Alex Gaudino,Destination Calabria (UK Radio Edit),Dance! The Sexiest Dance Traxx,2008,Ministry Of Sound,22008847,3:02
"Benny Benassi, The Biz (5)",Satisfaction (Radio Edit),Dance! The Sexiest Dance Traxx,2008,Ministry Of Sound,22008847,3:12
Freaks,The Creeps (Get On The Dancefloor Mix) (Radio Edit),Dance! The Sexiest Dance Traxx,2008,Ministry Of Sound,22008847,2:49
Erick E,The Beat Is Rockin' (Radio Edit),Dance! The Sexiest Dance Traxx,2008,Ministry Of Sound,22008847,3:07
"Camille Jones, Fedde Le Grand",The Creeps (Fedde Le Grand Radio Mix),Dance! The Sexiest Dance Traxx,2008,Ministry Of Sound,22008847,3:11
Yves Larock,Rise Up (Club Radio),Dance! The Sexiest Dance Traxx,2008,Ministry Of Sound,22008847,3:22
Scooter,Lass Uns Tanzen (Video Version),Dance! The Sexiest Dance Traxx,2008,Ministry Of Sound,22008847,3:42
Tom Novy,Your Body (UK Radio Edit),Dance! The Sexiest Dance Traxx,2008,Ministry Of Sound,22008847,2:52
Outwork,Elektro (The Cube Guys 'Delano' Edit),Dance! The Sexiest Dance Traxx,2008,Ministry Of Sound,22008847,3:51
Benny Benassi,Who's Your Daddy? (Original Radio Edit),Dance! The Sexiest Dance Traxx,2008,Ministry Of Sound,22008847,3:27
Peter Gelderblom,Waiting 4 (Radio Mix),Dance! The Sexiest Dance Traxx,2008,Ministry Of Sound,22008847,3:29
Fedde Le Grand,Put Your Hands Up For Detroit (Radio Edit),Dance! The Sexiest Dance Traxx,2008,Ministry Of Sound,22008847,2:30
"Big Bass, Michelle Narine",What Do You Do (Playing With Stones) (Stonebridge Radio Edit),Dance! The Sexiest Dance Traxx,2008,Ministry Of Sound,22008847,2:45
Sharam Tayebi,Patt (Radio Edit),Dance! The Sexiest Dance Traxx,2008,Ministry Of Sound,22008847,3:45
Hi_Tack,Say Say Say (Waiting 4 You) (Radio Mix),Dance! The Sexiest Dance Traxx,2008,Ministry Of Sound,22008847,2:55
Edun,Put Them Up (Original Radio Edit),Dance! The Sexiest Dance Traxx,2008,Ministry Of Sound,22008847,3:30
Giulia Siegel,Dance! (Radio Edit),Dance! The Sexiest Dance Traxx,2008,Ministry Of Sound,22008847,3:37
Lene Alexandra,"Hot Boy, Hot Girl (Radio Mix)",Dance! The Sexiest Dance Traxx,2008,Ministry Of Sound,22008847,3:28
Alex Gaudino,Destination Calabria,Dance! The Sexiest Dance Traxx,2008,Ministry Of Sound,22008847,
"Benny Benassi, The Biz (5)",Satisfaction,Dance! The Sexiest Dance Traxx,2008,Ministry Of Sound,22008847,
Freaks,The Creeps (Get On The Dancefloor Mix),Dance! The Sexiest Dance Traxx,2008,Ministry Of Sound,22008847,
Erick E,The Beat Is Rockin',Dance! The Sexiest Dance Traxx,2008,Ministry Of Sound,22008847,
"Camille Jones, Fedde Le Grand",The Creeps,Dance! The Sexiest Dance Traxx,2008,Ministry Of Sound,22008847,
Yves Larock,Rise Up,Dance! The Sexiest Dance Traxx,2008,Ministry Of Sound,22008847,
Scooter,Lass Uns Tanzen,Dance! The Sexiest Dance Traxx,2008,Ministry Of Sound,22008847,
Tom Novy,Your Body,Dance! The Sexiest Dance Traxx,2008,Ministry Of Sound,22008847,
Outwork,Elektro,Dance! The Sexiest Dance Traxx,2008,Ministry Of Sound,22008847,
Benny Benassi,Who's Your Daddy?,Dance! The Sexiest Dance Traxx,2008,Ministry Of Sound,22008847,
Peter Gelderblom,Waiting 4,Dance! The Sexiest Dance Traxx,2008,Ministry Of Sound,22008847,
Fedde Le Grand,Put Your Hands Up For Detroit,Dance! The Sexiest Dance Traxx,2008,Ministry Of Sound,22008847,
"Big Bass, Michelle Narine",What Do You Do (Playing With Stones),Dance! The Sexiest Dance Traxx,2008,Ministry Of Sound,22008847,
Sharam Tayebi,Patt,Dance! The Sexiest Dance Traxx,2008,Ministry Of Sound,22008847,
Hi_Tack,Say Say Say (Waiting 4 You),Dance! The Sexiest Dance Traxx,2008,Ministry Of Sound,22008847,
Edun,Put Them Up,Dance! The Sexiest Dance Traxx,2008,Ministry Of Sound,22008847,
Giulia Siegel,Dance!,Dance! The Sexiest Dance Traxx,2008,Ministry Of Sound,22008847,
Lene Alexandra,"Hot Boy, Hot Girl",Dance! The Sexiest Dance Traxx,2008,Ministry Of Sound,22008847,
Michael Cassette,Summer (Dub Mix),Anjunadeep:01,2009,Ministry Of Sound,25662352,5:57
Above & Beyond,Anjunadeep:01 CD1 (Continuous Mix),Anjunadeep:01,2009,Ministry Of Sound,25662352,79:44
Above & Beyond,Anjunadeep:01 CD2 (Continuous Mix),Anjunadeep:01,2009,Ministry Of Sound,25662352,71:47
Guy J,Lost and Found (Found A Corner Of Silence Mix),The Masters Series Part 17,2012,Ministry Of Sound,25872958,5:09
Peter Keen,Musicians (Acapella),The Masters Series Part 17,2012,Ministry Of Sound,25872958,
Martin Garcia,Last Beautiful Flower,The Masters Series Part 17,2012,Ministry Of Sound,25872958,4:35
Ripperton,Des Promesses De Couleurs,The Masters Series Part 17,2012,Ministry Of Sound,25872958,2:02
The Timewriter,Motherland (Hernan Cattaneo and Soundexile Edit),The Masters Series Part 17,2012,Ministry Of Sound,25872958,3:13
Pional,In Another Room (Reduxed Version),The Masters Series Part 17,2012,Ministry Of Sound,25872958,5:01
Compuphonic,Sequoia (diskJokke Remix),The Masters Series Part 17,2012,Ministry Of Sound,25872958,6:35
Hernán Cattáneo & John Tonks,Sendai,The Masters Series Part 17,2012,Ministry Of Sound,25872958,4:42
Lonya,De High (Audio Junkies Romantic Re-Edit),The Masters Series Part 17,2012,Ministry Of Sound,25872958,4:25
Nobuyuki Tokunaga,Solid feat. Mia Tuttavilla (Conure Remix),The Masters Series Part 17,2012,Ministry Of Sound,25872958,5:29
Hernan Cattaneo & Soundexile,Atrial Rhythms,The Masters Series Part 17,2012,Ministry Of Sound,25872958,4:16
Microtrauma,Crickets,The Masters Series Part 17,2012,Ministry Of Sound,25872958,3:21
Nick Varon,Shibuya (Hernan Cattaneo and Soundexile Remix),The Masters Series Part 17,2012,Ministry Of Sound,25872958,2:17
Hernan Cattaneo & Soundexile,Japanese Snowbell (Day Mix),The Masters Series Part 17,2012,Ministry Of Sound,25872958,6:16
MONO ELECTRIC ORCHESTRA,Indifference (Ambient Mix/Hernan Cattaneo and Soundexile Edit),The Masters Series Part 17,2012,Ministry Of Sound,25872958,5:37
Guy Gerber,The Mirror Game (Snake Pit Dub/Hernan Cattaneo and Soundexile Edit),The Masters Series Part 17,2012,Ministry Of Sound,25872958,6:06
Mercurio,California,The Masters Series Part 17,2012,Ministry Of Sound,25872958,4:16
HAL INCANDENZA,Ventura (Masters Series Edit),The Masters Series Part 17,2012,Ministry Of Sound,25872958,6:35
"Underset, Lifa",Moon Rover,The Masters Series Part 17,2012,Ministry Of Sound,25872958,7:41
"Slok, My Favorite Robot",Feel Alive (Slok's Original Vocal Mix),The Masters Series Part 17,2012,Ministry Of Sound,25872958,6:01
"Layo & Bushwacka!, Cevin Fisher",Dancing In The Dark featuring (Guy Gerber and Tennis Remix),The Masters Series Part 17,2012,Ministry Of Sound,25872958,5:10
Hernan Cattaneo & Soundexile,Infoxication,The Masters Series Part 17,2012,Ministry Of Sound,25872958,5:56
Rodskeez,Left in the Dark,The Masters Series Part 17,2012,Ministry Of Sound,25872958,6:00
Ernest Luminor,Jaga (Pako and Frederik Remix),The Masters Series Part 17,2012,Ministry Of Sound,25872958,2:53
Hernan Cattaneo & Soundexile,Citycism,The Masters Series Part 17,2012,Ministry Of Sound,25872958,4:48
Ümit Han,An Einem Traurigen Morgen (Microtrauma Remix),The Masters Series Part 17,2012,Ministry Of Sound,25872958,5:47
Hernan Cattaneo & Soundexile,Altair,The Masters Series Part 17,2012,Ministry Of Sound,25872958,4:44
"Guy Mantzur, Stephan Bazbaz",All Over Music,The Masters Series Part 17,2012,Ministry Of Sound,25872958,6:43
Kieran J,Symbiosis (Santiago Garcia Remix),The Masters Series Part 17,2012,Ministry Of Sound,25872958,4:40
Hernan Cattaneo & Soundexile,Japanese Snowbell (Guy J Remix),The Masters Series Part 17,2012,Ministry Of Sound,25872958,6:25
"Fran von Vie, Cio May",Wake Me Up When Everything Has Changed,The Masters Series Part 17,2012,Ministry Of Sound,25872958,7:14
Agoria,Panta Rei (Max Cooper Remix),The Masters Series Part 17,2012,Ministry Of Sound,25872958,5:47
"Halo, Atwater",Change (Jask Thaisoul Mix),Up & Down Tempo 0001,2006,Ministry Of Sound,27737424,8:25
Kinky Sweet Comp,Salvation (Cool Mix),Up & Down Tempo 0001,2006,Ministry Of Sound,27737424,10:10
Bliss,Don't Look Back (Extended Mix),Up & Down Tempo 0001,2006,Ministry Of Sound,27737424,5:22
J.Viewz,Estha (Remix Version),Up & Down Tempo 0001,2006,Ministry Of Sound,27737424,5:21
Ian Pooley,Stonyridge Terrace (Extended Mix),Up & Down Tempo 0001,2006,Ministry Of Sound,27737424,6:14
Dalminjo,Scars (New Mix),Up & Down Tempo 0001,2006,Ministry Of Sound,27737424,5:29
Solar House,"Don't Pass Me (12"" Mix)",Up & Down Tempo 0001,2006,Ministry Of Sound,27737424,6:47
Elya,Time (Chill Mix),Up & Down Tempo 0001,2006,Ministry Of Sound,27737424,4:35
Light 4 Lines,Misty Sunrise (Sunrise Mix),Up & Down Tempo 0001,2006,Ministry Of Sound,27737424,6:27
Kerri Chandler,My Love My Life (Love Remix),Up & Down Tempo 0001,2006,Ministry Of Sound,27737424,8:59
Miguel Migs,Interlude (Single Mix),Up & Down Tempo 0001,2006,Ministry Of Sound,27737424,3:46
Steal Vybe,Mirage (Chill Mix),Up & Down Tempo 0001,2006,Ministry Of Sound,27737424,6:01
"DJ Rasoul, Miguel Migs",Summer Elements (Original Mix),Up & Down Tempo 0001,2006,Ministry Of Sound,27737424,5:45
"Julius Popp, Dave Warren",Seems To Know (Beat Mix),Up & Down Tempo 0001,2006,Ministry Of Sound,27737424,5:10
Nightsource,Some Love Dub (Down Mix),Up & Down Tempo 0001,2006,Ministry Of Sound,27737424,5:48
The Rurals,Zebular (Club Mix),Up & Down Tempo 0001,2006,Ministry Of Sound,27737424,6:47
J.Viewz,Dim (Original Mix),Up & Down Tempo 0001,2006,Ministry Of Sound,27737424,5:39
Matthew Bandy,My Love Is You (Extended Mix),Up & Down Tempo 0001,2006,Ministry Of Sound,27737424,6:46
Roy Davis Jr.,Soul Music (Original Mix),Up & Down Tempo 0001,2006,Ministry Of Sound,27737424,6:23
Physics,Believe In Love (Chill House Mix),Up & Down Tempo 0001,2006,Ministry Of Sound,27737424,7:25
Kerri Chandler,"Isis (12"" Mix)",Up & Down Tempo 0001,2006,Ministry Of Sound,27737424,7:58
"Jay-J, Latrice Barnett",Fantasy (Vocal Mix),Beach Life 0001,2006,Ministry Of Sound,27740790,7:33
Ian Pooley,Heaven (Original Mix),Beach Life 0001,2006,Ministry Of Sound,27740790,6:22
Elya,Summer Love (Sun Extended Mix),Beach Life 0001,2006,Ministry Of Sound,27740790,5:32
Kerri Chandler,Tomorrow (Piano Mix),Beach Life 0001,2006,Ministry Of Sound,27740790,6:15
Chuck Love,Set Me Free (Deep Mix),Beach Life 0001,2006,Ministry Of Sound,27740790,6:02
Lorayne,Something About You (Club Mix),Beach Life 0001,2006,Ministry Of Sound,27740790,7:40
"Roy Davis Jr., Terry Dexter",Wonderin' (Vocal Mix),Beach Life 0001,2006,Ministry Of Sound,27740790,8:10
Sgt. Slick,"Lost In Love (12"" Vocal Mix)",Beach Life 0001,2006,Ministry Of Sound,27740790,7:55
Urban Jazz Naturals,Take Me Away (Vocal Mix),Beach Life 0001,2006,Ministry Of Sound,27740790,6:45
"Cabin Crew, Melinda Jackson",Everywhere (Club Remix),Beach Life 0001,2006,Ministry Of Sound,27740790,6:16
Miguel Migs,Let It Go (Original Mix),Beach Life 0001,2006,Ministry Of Sound,27740790,5:50
Juan & Victor Magan,Dancing Loving (Dj Puku Sounds Fm Mix),Beach Life 0001,2006,Ministry Of Sound,27740790,5:54
Dennis Ferrer,Unconditional Love (Extended Mix),Beach Life 0001,2006,Ministry Of Sound,27740790,7:14
95 North,Do You Really Want It (Piano Club Mix),Beach Life 0001,2006,Ministry Of Sound,27740790,8:04
Roy Davis Jr.,How We Do It (Vocal House Mix),Beach Life 0001,2006,Ministry Of Sound,27740790,7:35
Barbara Tucker,You Want Me Back (Philly Mix),Beach Life 0001,2006,Ministry Of Sound,27740790,7:16
"Jay-J, Andrew Macari",Hold On To You (Club Mix),Beach Life 0001,2006,Ministry Of Sound,27740790,6:57
The Rurals,Magic (Club Mix),Beach Life 0001,2006,Ministry Of Sound,27740790,6:32
"Halo, Atwater, Mr. V (4)",Change (Vocal Mix),Beach Life 0001,2006,Ministry Of Sound,27740790,8:50
Dalminjo,Everytime You Go (Album Mix),Beach Life 0001,2006,Ministry Of Sound,27740790,4:45
Fat 4 Reel,Tell The Dj (Butch & Dud Mix),Beach Life 0001,2006,Ministry Of Sound,27740790,7:17
Blak Beat Niks,I'll Be There (Brazilian Vibe Mix),Deep Soulful & Sexy 0001,2006,Ministry Of Sound,27741105,
Dennis Ferrer,4 The Children (Bossa Mix),Deep Soulful & Sexy 0001,2006,Ministry Of Sound,27741105,
Miguel Migs,Future Flight (Club Mix),Deep Soulful & Sexy 0001,2006,Ministry Of Sound,27741105,
Borowa,Ipanema Lady (Extended Club Mix),Deep Soulful & Sexy 0001,2006,Ministry Of Sound,27741105,
"Dalminjo, Anéh",This Time (Bossa House Mix),Deep Soulful & Sexy 0001,2006,Ministry Of Sound,27741105,
Kerri Chandler,Summer Love (Rhythm Mix),Deep Soulful & Sexy 0001,2006,Ministry Of Sound,27741105,
"Ian Pooley, Rosanna & Zélia",Me Leve (Club Mix),Deep Soulful & Sexy 0001,2006,Ministry Of Sound,27741105,
Solar House,Groove Me (Club Mix),Deep Soulful & Sexy 0001,2006,Ministry Of Sound,27741105,
Scott Wozniak,Gotcha Movin' (Club Mix),Deep Soulful & Sexy 0001,2006,Ministry Of Sound,27741105,
Eddie Matos,Latinism (Latin House Mix),Deep Soulful & Sexy 0001,2006,Ministry Of Sound,27741105,
Roy Davis Jr.,Paradise (Vocal Mix),Deep Soulful & Sexy 0001,2006,Ministry Of Sound,27741105,
Physics,The Most Beautiful Boy In Brazil (Club Mix),Deep Soulful & Sexy 0001,2006,Ministry Of Sound,27741105,
Fred Pellichero,Reaction Of Love (Club Mix),Deep Soulful & Sexy 0001,2006,Ministry Of Sound,27741105,
"DJ Mar-T, Les Schmitz",Ven A Conocerme (Eskizofreniac Mix),Deep Soulful & Sexy 0001,2006,Ministry Of Sound,27741105,
Mobin Master Project,Get Away With It (Luke Lombe Remix),Deep Soulful & Sexy 0001,2006,Ministry Of Sound,27741105,
Demarkus Lewis,Coming Back For Love (Extended Mix),Deep Soulful & Sexy 0001,2006,Ministry Of Sound,27741105,
Mateo & Matos,Latin Visions (Remix Version),Deep Soulful & Sexy 0001,2006,Ministry Of Sound,27741105,
Julius Papp,Bole Bantu (Vocal Mix),Deep Soulful & Sexy 0001,2006,Ministry Of Sound,27741105,
Jay-J & Chris Lum,Jungle (Club Mix),Deep Soulful & Sexy 0001,2006,Ministry Of Sound,27741105,
Junior Vasquez,Dream Drums (Stomp Mix),Deep Soulful & Sexy 0001,2006,Ministry Of Sound,27741105,
Gummibär,I 'm Your Funny Bear (The Gummi Bear Song),Gummi Bear,2007,Ministry Of Sound,30551677,3:12
Gummibär,I'm A Scatman,Gummi Bear,2007,Ministry Of Sound,30551677,3:17
Gummibär,Cho Ka Kao,Gummi Bear,2007,Ministry Of Sound,30551677,2:02
Gummibär,Touch Me (Gummi Bear),Gummi Bear,2007,Ministry Of Sound,30551677,3:19
Gummibär,Gummi From Bom Bom Bay,Gummi Bear,2007,Ministry Of Sound,30551677,3:22
Gummibär,Itsy Bitsi Bikini,Gummi Bear,2007,Ministry Of Sound,30551677,2:35
Gummibär,Dein Popo Ist So Süß,Gummi Bear,2007,Ministry Of Sound,30551677,3:31
Gummibär,Do You Think I'm Sexy,Gummi Bear,2007,Ministry Of Sound,30551677,2:17
Gummibär,Funny Bear (Good Night Mix),Gummi Bear,2007,Ministry Of Sound,30551677,0:55
Gummibär,Osito Gominola (Spanish Version),Gummi Bear,2007,Ministry Of Sound,30551677,3:10
Gummibär,Itt Van A Gummimaci (Hungarian Version),Gummi Bear,2007,Ministry Of Sound,30551677,3:10
Caravan Palace,Dragons,Caravan Palace,2009,Ministry Of Sound,34847237,4:05
Caravan Palace,Star Cat,Caravan Palace,2009,Ministry Of Sound,34847237,3:50
Caravan Palace,Ended With The Night,Caravan Palace,2009,Ministry Of Sound,34847237,5:00
Caravan Palace,Jolie Coquine,Caravan Palace,2009,Ministry Of Sound,34847237,3:46
Caravan Palace,Oooh,Caravan Palace,2009,Ministry Of Sound,34847237,1:49
Caravan Palace,Suzy,Caravan Palace,2009,Ministry Of Sound,34847237,4:07
Caravan Palace,Je M'Amuse,Caravan Palace,2009,Ministry Of Sound,34847237,3:34
Caravan Palace,Violente Valse,Caravan Palace,2009,Ministry Of Sound,34847237,3:35
Caravan Palace,Brotherswing,Caravan Palace,2009,Ministry Of Sound,34847237,3:41
Caravan Palace,L'Envol,Caravan Palace,2009,Ministry Of Sound,34847237,3:46
Caravan Palace,Sofa,Caravan Palace,2009,Ministry Of Sound,34847237,0:51
Caravan Palace,Bambous,Caravan Palace,2009,Ministry Of Sound,34847237,3:14
Caravan Palace,Lazy Place,Caravan Palace,2009,Ministry Of Sound,34847237,3:57
Caravan Palace,We Can Dance,Caravan Palace,2009,Ministry Of Sound,34847237,4:23
Caravan Palace,La Caravane,Caravan Palace,2009,Ministry Of Sound,34847237,5:05
Michael Mayer,Lovefood,Neue Heimat 5 (Electronic Music Made In Germany),2006,Ministry Of Sound,774022,4:53
Isolée,My Hi-Matic,Neue Heimat 5 (Electronic Music Made In Germany),2006,Ministry Of Sound,774022,5:46
Andreas Dorau,40 Frauen (Superpitcher Remix),Neue Heimat 5 (Electronic Music Made In Germany),2006,Ministry Of Sound,774022,7:12
Phonique,Lizard,Neue Heimat 5 (Electronic Music Made In Germany),2006,Ministry Of Sound,774022,3:32
DJ T.,Ambush,Neue Heimat 5 (Electronic Music Made In Germany),2006,Ministry Of Sound,774022,5:42
Tiefschwarz,Damage (Original Mix),Neue Heimat 5 (Electronic Music Made In Germany),2006,Ministry Of Sound,774022,4:11
Vargo,Get Back To Serenity (Ohm-G Island Groove Mix),Neue Heimat 5 (Electronic Music Made In Germany),2006,Ministry Of Sound,774022,4:59
Arp Aubert,Actress (Lawrence Remix),Neue Heimat 5 (Electronic Music Made In Germany),2006,Ministry Of Sound,774022,5:25
Tobias Lützenkirchen,Counterfunk (Oliver Koletzki's Krimi Remix),Neue Heimat 5 (Electronic Music Made In Germany),2006,Ministry Of Sound,774022,4:58
Zen-Kei,The Blast (Audiolic Remix),Neue Heimat 5 (Electronic Music Made In Germany),2006,Ministry Of Sound,774022,5:43
Photonensurfer,Photonensurfer (Remixed By Mølby),Neue Heimat 5 (Electronic Music Made In Germany),2006,Ministry Of Sound,774022,3:01
Cranque,Augenzeuge,Neue Heimat 5 (Electronic Music Made In Germany),2006,Ministry Of Sound,774022,4:23
Ziggy Kinder,Ohrenfänger,Neue Heimat 5 (Electronic Music Made In Germany),2006,Ministry Of Sound,774022,4:44
Einmusik,E Keli,Neue Heimat 5 (Electronic Music Made In Germany),2006,Ministry Of Sound,774022,4:51
Egoexpress,Knartz IV,Neue Heimat 5 (Electronic Music Made In Germany),2006,Ministry Of Sound,774022,4:57
"Sven Väth, Anthony Rother",Komm (Gregor Tresher Remix),Neue Heimat 5 (Electronic Music Made In Germany),2006,Ministry Of Sound,774022,3:50
Boozoo Bajou,Take It Slow,Neue Heimat 5 (Electronic Music Made In Germany),2006,Ministry Of Sound,774022,4:48
Micatone,Trouble Boy (Eva Be's Trouble Girl Mix),Neue Heimat 5 (Electronic Music Made In Germany),2006,Ministry Of Sound,774022,6:21
Slackwax,Nightout,Neue Heimat 5 (Electronic Music Made In Germany),2006,Ministry Of Sound,774022,4:33
Antonelli Electr.,The Morning,Neue Heimat 5 (Electronic Music Made In Germany),2006,Ministry Of Sound,774022,7:01
Parker Frisby,Krank Feiern,Neue Heimat 5 (Electronic Music Made In Germany),2006,Ministry Of Sound,774022,4:38
Wrongkong,Real Boy,Neue Heimat 5 (Electronic Music Made In Germany),2006,Ministry Of Sound,774022,5:01
Markus Guentner,Everybody (Schaffhäuser/Wessling Edit),Neue Heimat 5 (Electronic Music Made In Germany),2006,Ministry Of Sound,774022,4:27
"Stefan Rogall, RQM",Honeys & Cash,Neue Heimat 5 (Electronic Music Made In Germany),2006,Ministry Of Sound,774022,4:33
Dublex Inc.,She'll Stay (Watch TV's Cajun Mix),Neue Heimat 5 (Electronic Music Made In Germany),2006,Ministry Of Sound,774022,3:47
Duptribe,La Soupe Aux Choux,Neue Heimat 5 (Electronic Music Made In Germany),2006,Ministry Of Sound,774022,5:22
The Havana Boys,I Like It,Neue Heimat 5 (Electronic Music Made In Germany),2006,Ministry Of Sound,774022,5:14
Gods Of Blitz,Greetings From Flashbackville (Turntablerocker Remix),Neue Heimat 5 (Electronic Music Made In Germany),2006,Ministry Of Sound,774022,5:55
Cajuan,"Dance, Not Dance (The Stripped Mix)",Neue Heimat 5 (Electronic Music Made In Germany),2006,Ministry Of Sound,774022,4:31
The Strike Boys,Paralyzed Part  I & II,Neue Heimat 5 (Electronic Music Made In Germany),2006,Ministry Of Sound,774022,7:11
Adolf Noise,Zuviel Zeit?,Neue Heimat 5 (Electronic Music Made In Germany),2006,Ministry Of Sound,774022,3:47
Winson (2),Discomädchen (Acapella-Beatbox-Alles-Mit-Dem-Mund-Version),Neue Heimat 5 (Electronic Music Made In Germany),2006,Ministry Of Sound,774022,2:37
"Trick & Kubic, Valeska Rautenberg",Easy (Misc. Remix),Sensation - The World's Leading Dance Event,2006,Ministry Of Sound,1104842,5:52
"Sugiurumn, Miyuki Hatakeyama",Star Baby (Axwell Remix),Sensation - The World's Leading Dance Event,2006,Ministry Of Sound,1104842,1:48
"Hell, Anthony Rother",German Bodymachine (Original Version),Sensation - The World's Leading Dance Event,2006,Ministry Of Sound,1104842,6:42
"The Disco Boys, RB",Born To Be Alive (Felix Da Housecat's Chicago Tracky Glitz Remix),Sensation - The World's Leading Dance Event,2006,Ministry Of Sound,1104842,1:20
Chelonis R. Jones,Deer In The Headlights (DJ Hell Remix),Sensation - The World's Leading Dance Event,2006,Ministry Of Sound,1104842,4:24
2raumwohnung,Sexy Girl (Tobi Neumann Meeting The Girls Remix),Sensation - The World's Leading Dance Event,2006,Ministry Of Sound,1104842,3:47
Digitaria,Teen Years (Zoo Brazil Remix),Sensation - The World's Leading Dance Event,2006,Ministry Of Sound,1104842,4:44
Tiga,Good As Gold (Original Version),Sensation - The World's Leading Dance Event,2006,Ministry Of Sound,1104842,6:41
Yello,Oh Yeah 'Oh Six (Luetzenkirchen Remix),Sensation - The World's Leading Dance Event,2006,Ministry Of Sound,1104842,6:30
The Knife,We Share Our Mother's Health (Trentemøller Remix),Sensation - The World's Leading Dance Event,2006,Ministry Of Sound,1104842,7:00
Moguai,"I Want, I Need, I Love (Original Version)",Sensation - The World's Leading Dance Event,2006,Ministry Of Sound,1104842,3:34
Pig & Dan,On To The Beat,Sensation - The World's Leading Dance Event,2006,Ministry Of Sound,1104842,7:24
Karotte,Go To Bed (Original Version),Sensation - The World's Leading Dance Event,2006,Ministry Of Sound,1104842,6:51
"Monika Kruse, Dave Shokh",Wann War Gestern?,Sensation - The World's Leading Dance Event,2006,Ministry Of Sound,1104842,5:28
Oliver Koletzki,Der Mückenschwarm (David K Remix),Sensation - The World's Leading Dance Event,2006,Ministry Of Sound,1104842,1:32
Argy,Love Dose (Luciano Remix),Sensation - The World's Leading Dance Event,2006,Ministry Of Sound,1104842,0:40
Chelonis R. Jones,Deer In The Headlights (Radioslave Remix),Sensation - The World's Leading Dance Event,2006,Ministry Of Sound,1104842,1:57
"Tomcraft, Sido, Tai Jason",Sureshot (Clubmix),Sensation - The World's Leading Dance Event,2006,Ministry Of Sound,1104842,0:43
Swoop (3),Superlicious,Sensation - The World's Leading Dance Event,2006,Ministry Of Sound,1104842,0:29
"Par-T-One, INXS",I'm So Crazy (Original Mix),Sensation - The World's Leading Dance Event,2006,Ministry Of Sound,1104842,0:58
Spektrum,FreaRkbox (Alter Ego Remix),Sensation - The World's Leading Dance Event,2006,Ministry Of Sound,1104842,2:25
"Timo Maas, MC Chickaboo",Shifter,Sensation - The World's Leading Dance Event,2006,Ministry Of Sound,1104842,1:41
Les Rythmes Digitales,Jacques You Body (Make Me Sweat),Sensation - The World's Leading Dance Event,2006,Ministry Of Sound,1104842,0:43
Coburn,We Interrupt This Program (Einmusik Radio Edit),Sensation - The World's Leading Dance Event,2006,Ministry Of Sound,1104842,1:12
Playgroup,Behind The Wheel,Sensation - The World's Leading Dance Event,2006,Ministry Of Sound,1104842,1:39
Lost 'N' Alive,Feels Like Love (Tiefschwarz Vocal Club Remix),Sensation - The World's Leading Dance Event,2006,Ministry Of Sound,1104842,1:48
Plastikman,Spastik,Sensation - The World's Leading Dance Event,2006,Ministry Of Sound,1104842,1:05
Sven Väth,Dein Schweiss,Sensation - The World's Leading Dance Event,2006,Ministry Of Sound,1104842,2:20
"Tiga, Zyntherius",Sunglasses At Night (Extended Version),Sensation - The World's Leading Dance Event,2006,Ministry Of Sound,1104842,2:41
Jam & Spoon,Stella (Radio Mix),Sensation - The World's Leading Dance Event,2006,Ministry Of Sound,1104842,3:04
Hugg & Pepp,Snabeln,Sensation - The World's Leading Dance Event,2006,Ministry Of Sound,1104842,1:50
"Adamski, Seal",Killer (Single Version),Sensation - The World's Leading Dance Event,2006,Ministry Of Sound,1104842,4:12
Daft Punk,Digital Love (Album Version),Sensation - The World's Leading Dance Event,2006,Ministry Of Sound,1104842,4:58
Perry & Rhodan,The Beat Just Goes Straight On And On (On & On & On Mix),Sensation - The World's Leading Dance Event,2006,Ministry Of Sound,1104842,9:50
Wassermann,W.I.R. (Original Mix),Sensation - The World's Leading Dance Event,2006,Ministry Of Sound,1104842,4:39
"MakroSoft, William S. Burroughs",MakroSoft 'Theme',Stereo Also Playable Mono,2006,Ministry Of Sound,1954419,1:25
"MakroSoft, Oskar Sala",Smells Like Teen Spirit,Stereo Also Playable Mono,2006,Ministry Of Sound,1954419,5:14
MakroSoft,Das Modell,Stereo Also Playable Mono,2006,Ministry Of Sound,1954419,4:30
"MakroSoft, Jochen Friebe",The Passenger,Stereo Also Playable Mono,2006,Ministry Of Sound,1954419,4:03
"MakroSoft, Carsten Gronwald",Black Hole Sun,Stereo Also Playable Mono,2006,Ministry Of Sound,1954419,4:43
"MakroSoft, Ricky Shayne",I Will Survive,Stereo Also Playable Mono,2006,Ministry Of Sound,1954419,3:23
"MakroSoft, Anja Lautermann",Should I Stay Or Should I Go,Stereo Also Playable Mono,2006,Ministry Of Sound,1954419,3:35
MakroSoft,Stereo Also Playable Mono,Stereo Also Playable Mono,2006,Ministry Of Sound,1954419,4:53
"MakroSoft, Frank Ziegert",Venus In Furs,Stereo Also Playable Mono,2006,Ministry Of Sound,1954419,4:53
MakroSoft,Basket Case,Stereo Also Playable Mono,2006,Ministry Of Sound,1954419,3:00
"MakroSoft, Barbara Cuesta",London Calling,Stereo Also Playable Mono,2006,Ministry Of Sound,1954419,4:11
"MakroSoft, Berthold Matschat",Losing My Religion,Stereo Also Playable Mono,2006,Ministry Of Sound,1954419,5:05
"MakroSoft, Ludwig Götz",Enter Sandman,Stereo Also Playable Mono,2006,Ministry Of Sound,1954419,4:45
MakroSoft,Erotic Rebirthing,Stereo Also Playable Mono,2006,Ministry Of Sound,1954419,4:22
"MakroSoft, Otto Sander",Imagine,Stereo Also Playable Mono,2006,Ministry Of Sound,1954419,3:07
MakroSoft,MakroSoft 'The Score',Stereo Also Playable Mono,2006,Ministry Of Sound,1954419,2:03
Isis Project,Chère Isis,Isis Project,2006,Ministry Of Sound,8802230,
Isis Project,Les Aimants D'Edimbourg,Isis Project,2006,Ministry Of Sound,8802230,
Isis Project,Poussières D'Étoiles,Isis Project,2006,Ministry Of Sound,8802230,
Isis Project,Les Heures Où Je M'Éclipse,Isis Project,2006,Ministry Of Sound,8802230,
Isis Project,L'Onde Amère,Isis Project,2006,Ministry Of Sound,8802230,
Isis Project,La Muscade,Isis Project,2006,Ministry Of Sound,8802230,
Isis Project,Belle Journée Pour Ne Rien Faire,Isis Project,2006,Ministry Of Sound,8802230,
Isis Project,Fleurs De Mai (Instrumental),Isis Project,2006,Ministry Of Sound,8802230,
Isis Project,"Pas Le Même Lieu, Ni La Même Heure",Isis Project,2006,Ministry Of Sound,8802230,
Isis Project,La Pallisade Dans La Baie,Isis Project,2006,Ministry Of Sound,8802230,
Isis Project,Compte À Rebours,Isis Project,2006,Ministry Of Sound,8802230,
Isis Project,Les Soleils De Minuit,Isis Project,2006,Ministry Of Sound,8802230,
"Kieser.Velten, Jen",Together,La Nuit (Rare Lounge Grooves),2006,Ministry Of Sound,991548,6:05
Smooth,Smooth,La Nuit (Rare Lounge Grooves),2006,Ministry Of Sound,991548,4:12
Bliss,Long Life To You My Friend (Christophe Goze Remix),La Nuit (Rare Lounge Grooves),2006,Ministry Of Sound,991548,5:11
DJ Disse,Walk On The Wild Side,La Nuit (Rare Lounge Grooves),2006,Ministry Of Sound,991548,6:21
Adani & Wolf,No One In This World,La Nuit (Rare Lounge Grooves),2006,Ministry Of Sound,991548,4:20
Living Room,Brazilian Flair,La Nuit (Rare Lounge Grooves),2006,Ministry Of Sound,991548,3:21
Mel T. Waters,Glass Reflections (Hadi Teherani-Mix),La Nuit (Rare Lounge Grooves),2006,Ministry Of Sound,991548,3:38
Slow Train,Train Of Dawn (Varano's Hotel Of Dawn Remix),La Nuit (Rare Lounge Grooves),2006,Ministry Of Sound,991548,5:04
Roberto Sol,Time For Love,La Nuit (Rare Lounge Grooves),2006,Ministry Of Sound,991548,5:10
Miss Luna,Space Funk,La Nuit (Rare Lounge Grooves),2006,Ministry Of Sound,991548,4:31
"Pat Appleton, Tchando",Good,La Nuit (Rare Lounge Grooves),2006,Ministry Of Sound,991548,6:08
"Isis Project, Guy Chambers, Sophie Hunter",Belle Journée Pure Ne Rien Faire,La Nuit (Rare Lounge Grooves),2006,Ministry Of Sound,991548,3:57
"Mathieu (4), Florzinho",Eternal Now,La Nuit (Rare Lounge Grooves),2006,Ministry Of Sound,991548,6:03
"Mystic Diversions, Nadine Renée",Janeiro,La Nuit (Rare Lounge Grooves),2006,Ministry Of Sound,991548,5:50
Christophe Goze,Breathing,La Nuit (Rare Lounge Grooves),2006,Ministry Of Sound,991548,4:06
"Ocean Deep, Rhonda Bellamy",Listen Up,La Nuit (Rare Lounge Grooves),2006,Ministry Of Sound,991548,4:20
Aural Float,Him & Her,La Nuit (Rare Lounge Grooves),2006,Ministry Of Sound,991548,5:43
Langoth,What A Family,La Nuit (Rare Lounge Grooves),2006,Ministry Of Sound,991548,6:08
Seductive Souls,I'll Be There (70s Delight Version),La Nuit (Rare Lounge Grooves),2006,Ministry Of Sound,991548,6:06
Solar Chrome,Day Vs. Night,La Nuit (Rare Lounge Grooves),2006,Ministry Of Sound,991548,5:56
Luke,Live And Let Die,La Nuit (Rare Lounge Grooves),2006,Ministry Of Sound,991548,4:59
Boozoo Bajou,Under My Sensi (Les Demon Flowers Mix),La Nuit (Rare Lounge Grooves),2006,Ministry Of Sound,991548,5:26
Espen Horne,Clive The Runner,La Nuit (Rare Lounge Grooves),2006,Ministry Of Sound,991548,5:06
"Sounds Like Water, Fay Lovsky",Hold Me,La Nuit (Rare Lounge Grooves),2006,Ministry Of Sound,991548,3:33
"Chris Le Blanc, Paris Bizarre (2)",Si Vous Voulez,La Nuit (Rare Lounge Grooves),2006,Ministry Of Sound,991548,4:26
Joker Juice,Island,La Nuit (Rare Lounge Grooves),2006,Ministry Of Sound,991548,5:17
Monte La Rue,Malibu Marina,La Nuit (Rare Lounge Grooves),2006,Ministry Of Sound,991548,5:02
Carla Bruni,Those Dancing Days Are Gone,No Promises,2007,Ministry Of Sound,2245983,3:40
Carla Bruni,Before The World Was Made,No Promises,2007,Ministry Of Sound,2245983,3:47
Carla Bruni,Lady Weeping At The Crossroads,No Promises,2007,Ministry Of Sound,2245983,3:35
Carla Bruni,I Felt My Life With Both My Hands,No Promises,2007,Ministry Of Sound,2245983,2:54
Carla Bruni,Promises Like Pie-Crust,No Promises,2007,Ministry Of Sound,2245983,2:32
Carla Bruni,Autumn,No Promises,2007,Ministry Of Sound,2245983,3:24
Carla Bruni,If You Were Coming In The Fall,No Promises,2007,Ministry Of Sound,2245983,3:30
Carla Bruni,I Went To Heaven,No Promises,2007,Ministry Of Sound,2245983,2:47
Carla Bruni,Afternoon,No Promises,2007,Ministry Of Sound,2245983,2:06
Carla Bruni,Ballade At Thirty-Five,No Promises,2007,Ministry Of Sound,2245983,3:02
Carla Bruni,At Last The Secret Is Out,No Promises,2007,Ministry Of Sound,2245983,3:07
Kate Ryan,Je T'Adore (French Version),Alive,2007,Ministry Of Sound,955441,3:08
Kate Ryan,All For You (French Version),Alive,2007,Ministry Of Sound,955441,3:11
Kate Ryan,Alive (French Version),Alive,2007,Ministry Of Sound,955441,3:33
Kate Ryan,Tapping On The Table,Alive,2007,Ministry Of Sound,955441,3:31
Kate Ryan,Spinning Around,Alive,2007,Ministry Of Sound,955441,3:45
Kate Ryan,How Many Times,Alive,2007,Ministry Of Sound,955441,4:02
Kate Ryan,Nothing,Alive,2007,Ministry Of Sound,955441,3:25
Kate Ryan,Why Imagine,Alive,2007,Ministry Of Sound,955441,4:39
Kate Ryan,Driving Away,Alive,2007,Ministry Of Sound,955441,3:42
Kate Ryan,Love Or Lust,Alive,2007,Ministry Of Sound,955441,3:45
Kate Ryan,Wonderland,Alive,2007,Ministry Of Sound,955441,3:21
Kate Ryan,Stepping Out,Alive,2007,Ministry Of Sound,955441,3:36
Kate Ryan,That Kiss I Miss,Alive,2007,Ministry Of Sound,955441,3:16
Kate Ryan,Libertine,Alive,2007,Ministry Of Sound,955441,3:17
Kate Ryan,Pictures,Alive,2007,Ministry Of Sound,955441,
"Nena Kerner, Oliver Pocher, Stephan Remmler",Ich Kann Nix Dafür...,Soundtrack Zum Kinofilm Vollidiot,2007,Ministry Of Sound,2576760,3:35
"Eric Prydz, Pink Floyd",Proper Education (Radio Edit),Soundtrack Zum Kinofilm Vollidiot,2007,Ministry Of Sound,2576760,3:22
Seeed,Ding (Single Version),Soundtrack Zum Kinofilm Vollidiot,2007,Ministry Of Sound,2576760,3:30
Die Fantastischen Vier,Tag Am Meer (Album Version),Soundtrack Zum Kinofilm Vollidiot,2007,Ministry Of Sound,2576760,4:19
Nena Kerner,"Irgendwie, Irgendwo, Irgendwann (New Version)",Soundtrack Zum Kinofilm Vollidiot,2007,Ministry Of Sound,2576760,4:04
Tom Jones,Delilah,Soundtrack Zum Kinofilm Vollidiot,2007,Ministry Of Sound,2576760,3:23
The Strike Boys,Loss Of The Badman,Soundtrack Zum Kinofilm Vollidiot,2007,Ministry Of Sound,2576760,0:42
Klee,Dieser Fehler (Jeo Radio-Mix),Soundtrack Zum Kinofilm Vollidiot,2007,Ministry Of Sound,2576760,3:48
Hushpuppies,You're Gonna Say Yeah!,Soundtrack Zum Kinofilm Vollidiot,2007,Ministry Of Sound,2576760,3:11
Peter Bjorn And John,Young Folks,Soundtrack Zum Kinofilm Vollidiot,2007,Ministry Of Sound,2576760,4:39
De-Phazz,Excursion En Mar,Felix - Metropolitan Style Dining And Dancing,2007,Ministry Of Sound,1087423,4:30
Kabanjak,These Streets We Walk,Felix - Metropolitan Style Dining And Dancing,2007,Ministry Of Sound,1087423,4:55
Astrud Gilberto,Who Needs Forever (Thievery Corporation Remix),Felix - Metropolitan Style Dining And Dancing,2007,Ministry Of Sound,1087423,4:13
Liquid Lounge,Complete Life (Jazzanova Mix),Felix - Metropolitan Style Dining And Dancing,2007,Ministry Of Sound,1087423,8:03
Ben Mono,Protection (Sirius Mo Radio Edit),Felix - Metropolitan Style Dining And Dancing,2007,Ministry Of Sound,1087423,3:38
"Dublex Inc., Barbara Padron Hernandez",Tócame (Nickodemus & Osiris 5th Avenue Remix),Felix - Metropolitan Style Dining And Dancing,2007,Ministry Of Sound,1087423,5:29
"Trüby Trio, Concha Buika",Jaleo (Cuica Remix),Felix - Metropolitan Style Dining And Dancing,2007,Ministry Of Sound,1087423,6:41
Korsakow,All That Love,Felix - Metropolitan Style Dining And Dancing,2007,Ministry Of Sound,1087423,4:37
"Kyoto Jazz Massive, Maiya James",Mind Expansions,Felix - Metropolitan Style Dining And Dancing,2007,Ministry Of Sound,1087423,8:07
Tosca,John Lee Huber,Felix - Metropolitan Style Dining And Dancing,2007,Ministry Of Sound,1087423,4:18
La Taverne Du Lac,Magic Single Barrel (Mo' Horizons Restyle Radio Edit),Felix - Metropolitan Style Dining And Dancing,2007,Ministry Of Sound,1087423,3:33
The Funky Lowlives,Float Through Stars (Boozoo Bajou Remix),Felix - Metropolitan Style Dining And Dancing,2007,Ministry Of Sound,1087423,5:37
Alex Cortiz,Lemon Sunrise,Felix - Metropolitan Style Dining And Dancing,2007,Ministry Of Sound,1087423,6:40
Movementz,29 Calls (Original),Felix - Metropolitan Style Dining And Dancing,2007,Ministry Of Sound,1087423,3:30
Estroe,Driven (Jamie Jones' Pacific Mix),Felix - Metropolitan Style Dining And Dancing,2007,Ministry Of Sound,1087423,3:15
Moonbootica,DJ Theme,Felix - Metropolitan Style Dining And Dancing,2007,Ministry Of Sound,1087423,2:31
John Tejada,Flight To Tokyo,Felix - Metropolitan Style Dining And Dancing,2007,Ministry Of Sound,1087423,3:15
The Fix (3),Anesthetic,Felix - Metropolitan Style Dining And Dancing,2007,Ministry Of Sound,1087423,2:31
"Deichkind, Sarah Walker",Ich Betäube Mich (Kowesix Remix),Felix - Metropolitan Style Dining And Dancing,2007,Ministry Of Sound,1087423,2:45
Coburn,Give Me Love (Original),Felix - Metropolitan Style Dining And Dancing,2007,Ministry Of Sound,1087423,3:45
Dizko Toaster,Toast Hawaii (Original),Felix - Metropolitan Style Dining And Dancing,2007,Ministry Of Sound,1087423,1:45
Cassius,Toop Toop (Oliver Koletzki Mix),Felix - Metropolitan Style Dining And Dancing,2007,Ministry Of Sound,1087423,3:09
Pryda,Frankfurt,Felix - Metropolitan Style Dining And Dancing,2007,Ministry Of Sound,1087423,6:27
Extrawelt,Soopertrack,Felix - Metropolitan Style Dining And Dancing,2007,Ministry Of Sound,1087423,6:05
Radio Slave,Modena,Felix - Metropolitan Style Dining And Dancing,2007,Ministry Of Sound,1087423,3:45
Petter (5),Some Polyphony,Felix - Metropolitan Style Dining And Dancing,2007,Ministry Of Sound,1087423,4:15
Depeche Mode,Everything Counts (Oliver Hunteman & Stephan Bodzin Dub),Felix - Metropolitan Style Dining And Dancing,2007,Ministry Of Sound,1087423,6:14
Sinéad O'Connor,Something Beautiful,Theology,2007,Ministry Of Sound,1141429,5:29
Sinéad O'Connor,We People Who Are Darker Than Blue,Theology,2007,Ministry Of Sound,1141429,3:56
Sinéad O'Connor,Out Of The Depths,Theology,2007,Ministry Of Sound,1141429,5:06
Sinéad O'Connor,Dark I Am Yet Lovely,Theology,2007,Ministry Of Sound,1141429,4:11
Sinéad O'Connor,If You Had A Vineyard,Theology,2007,Ministry Of Sound,1141429,6:18
Sinéad O'Connor,Watcher Of Men,Theology,2007,Ministry Of Sound,1141429,2:34
Sinéad O'Connor,33,Theology,2007,Ministry Of Sound,1141429,2:33
Sinéad O'Connor,The Glory Of Jah,Theology,2007,Ministry Of Sound,1141429,3:32
Sinéad O'Connor,Whomsoever Dwells,Theology,2007,Ministry Of Sound,1141429,2:53
Sinéad O'Connor,Rivers Of Babylon,Theology,2007,Ministry Of Sound,1141429,3:39
Sinéad O'Connor,Hosanna Filio David,Theology,2007,Ministry Of Sound,1141429,0:44
Sinéad O'Connor,I Don't Know How To Love Him,Theology,2007,Ministry Of Sound,1141429,4:13
"DJ Sammy, Oliver Laib",Intro,Balearic Masters Vol. 1,2007,Ministry Of Sound,1945707,1:08
"DADA, Sandy Rivera, Trix (8)",Lollipop (Jerry Ropero Remix),Balearic Masters Vol. 1,2007,Ministry Of Sound,1945707,5:07
"Ian Carey, The Good Guys",Lose Control (Ian Carey Original Mix),Balearic Masters Vol. 1,2007,Ministry Of Sound,1945707,5:15
"David Tort & DJ Ruff, DJ Disciple",Changes (NYC Sexy Mix),Balearic Masters Vol. 1,2007,Ministry Of Sound,1945707,5:30
Laidback Luke,Hot Hot Hotter (Original Version),Balearic Masters Vol. 1,2007,Ministry Of Sound,1945707,5:30
"Francesco Diaz & Young Rebels, Thomas Gold",Don't You Want Me (Young Rebell Remix),Balearic Masters Vol. 1,2007,Ministry Of Sound,1945707,7:00
Noir,My MTV (Patric Le Funk Remix),Balearic Masters Vol. 1,2007,Ministry Of Sound,1945707,3:57
Funkagenda,San Francisco (Dave Spoon Remix),Balearic Masters Vol. 1,2007,Ministry Of Sound,1945707,3:44
DJ Antoine,This Time (Jaymen's Pure Filth Remix),Balearic Masters Vol. 1,2007,Ministry Of Sound,1945707,6:15
"Spider & Legaz, Beverley Jane Sharples",Funkme No More (Original Extended Mix),Balearic Masters Vol. 1,2007,Ministry Of Sound,1945707,3:59
"Mellee Fresh, Deadmau5",Afterhours (Original Version),Balearic Masters Vol. 1,2007,Ministry Of Sound,1945707,4:52
"Deadmau5, Jelo",The Reward Is Cheese (Original Version),Balearic Masters Vol. 1,2007,Ministry Of Sound,1945707,4:37
DJ Sammy,Spank Dat Monkey (Dub Mix),Balearic Masters Vol. 1,2007,Ministry Of Sound,1945707,5:15
Plastik Funk,Let Me See Your Hands (Original Mix),Balearic Masters Vol. 1,2007,Ministry Of Sound,1945707,3:15
"WVP, Fresh & Juicy",Blow That Door (Martijn Ten Velden Remix),Balearic Masters Vol. 1,2007,Ministry Of Sound,1945707,4:30
"Wally Lopez, René Amesz & Peter Gelderblom",Strike Me Down (Original Version),Balearic Masters Vol. 1,2007,Ministry Of Sound,1945707,2:00
"DJ Sammy, Oliver Laib",Outro,Balearic Masters Vol. 1,2007,Ministry Of Sound,1945707,0:56
DJ Sammy,Everybody Hurts (Original Version),Balearic Masters Vol. 1,2007,Ministry Of Sound,1945707,7:00
Parker & Hanson,It's Not Too Late (Original Version),Balearic Masters Vol. 1,2007,Ministry Of Sound,1945707,5:23
Gabriel & Dresden,Dust In The Wind (Original Version),Balearic Masters Vol. 1,2007,Ministry Of Sound,1945707,6:50
Emjae,Living With Video (Richard F Dub),Balearic Masters Vol. 1,2007,Ministry Of Sound,1945707,5:17
Nic Chagall,What You Need (NCs Prelectric Mix),Balearic Masters Vol. 1,2007,Ministry Of Sound,1945707,7:01
DJ Sammy,Summer's Here (BM Remix),Balearic Masters Vol. 1,2007,Ministry Of Sound,1945707,4:11
Marco V,Universal Enemy (Original Version),Balearic Masters Vol. 1,2007,Ministry Of Sound,1945707,6:14
Sander Van Doorn,Back By Demand (Dope Remix),Balearic Masters Vol. 1,2007,Ministry Of Sound,1945707,3:58
Lexy & K-Paul,Wide Road (Andrea Doria Remix),Balearic Masters Vol. 1,2007,Ministry Of Sound,1945707,4:16
Josse D. Ruiz,Let's Work It Out (Energy Mix),Balearic Masters Vol. 1,2007,Ministry Of Sound,1945707,3:46
Roman Pushkin,Fat Bottom Girls (Main Mix),Balearic Masters Vol. 1,2007,Ministry Of Sound,1945707,1:48
Oliver Klein,Rheinkraft (Re-Kraft Gui Boratto Remix),Balearic Masters Vol. 1,2007,Ministry Of Sound,1945707,3:34
Trentemøller,Moan (Trentemøller Remix),Balearic Masters Vol. 1,2007,Ministry Of Sound,1945707,6:00
Sunset Blvd.,Ocean Shores,La Nuit Vol. 2 (Rare Lounge Grooves),2007,Ministry Of Sound,2907186,4:53
Oka,Exodus (Taking It Easy),La Nuit Vol. 2 (Rare Lounge Grooves),2007,Ministry Of Sound,2907186,5:50
Le Garde,Wake Up Darling,La Nuit Vol. 2 (Rare Lounge Grooves),2007,Ministry Of Sound,2907186,3:49
"Jen, Can 7",Temptation & Seduction,La Nuit Vol. 2 (Rare Lounge Grooves),2007,Ministry Of Sound,2907186,4:29
Dahrheim Lounge,Muestra Del Zodiaco,La Nuit Vol. 2 (Rare Lounge Grooves),2007,Ministry Of Sound,2907186,4:54
"Afterlife, Dannii Minogue",Take Me Inside (Christophe Goze Mix),La Nuit Vol. 2 (Rare Lounge Grooves),2007,Ministry Of Sound,2907186,4:19
Christophe Goze,Hi Honey,La Nuit Vol. 2 (Rare Lounge Grooves),2007,Ministry Of Sound,2907186,4:38
Deep Dive Corp.,Walker (Ohm-G RMX),La Nuit Vol. 2 (Rare Lounge Grooves),2007,Ministry Of Sound,2907186,6:58
Green Empathy,Evening Flow,La Nuit Vol. 2 (Rare Lounge Grooves),2007,Ministry Of Sound,2907186,3:24
"Roberto Sol, Chris Le Blanc, Ines Prados",Sueno De Amor,La Nuit Vol. 2 (Rare Lounge Grooves),2007,Ministry Of Sound,2907186,4:59
Waldeck,Make My Day,La Nuit Vol. 2 (Rare Lounge Grooves),2007,Ministry Of Sound,2907186,2:45
Hattler,Silent Surveyor (De Phazz Remix),La Nuit Vol. 2 (Rare Lounge Grooves),2007,Ministry Of Sound,2907186,4:10
Sweet Velvet,Recalling The Rising Sun,La Nuit Vol. 2 (Rare Lounge Grooves),2007,Ministry Of Sound,2907186,6:17
Moba Sound,My Cats (Island Groove Remix),La Nuit Vol. 2 (Rare Lounge Grooves),2007,Ministry Of Sound,2907186,7:07
Gutbrod,G-Zone,La Nuit Vol. 2 (Rare Lounge Grooves),2007,Ministry Of Sound,2907186,4:40
Show-B,The Crest Of The Wave (Original Mix),La Nuit Vol. 2 (Rare Lounge Grooves),2007,Ministry Of Sound,2907186,6:20
Silicon Funk,It's About Love (Terry Lee Brown Jr. Dub Mix),La Nuit Vol. 2 (Rare Lounge Grooves),2007,Ministry Of Sound,2907186,5:35
Lucky Loop,Late At Night,La Nuit Vol. 2 (Rare Lounge Grooves),2007,Ministry Of Sound,2907186,5:20
"DJ Pippi, Stefano Mango",Walking In The Rain,La Nuit Vol. 2 (Rare Lounge Grooves),2007,Ministry Of Sound,2907186,5:50
"Chris Le Blanc, Miss Luna",Into The Dream,La Nuit Vol. 2 (Rare Lounge Grooves),2007,Ministry Of Sound,2907186,4:34
"Les Adams (2), Alexandra Hamnede",Twist In My Sobriety (Gauzz Remix),La Nuit Vol. 2 (Rare Lounge Grooves),2007,Ministry Of Sound,2907186,5:54
P.M.FM,124 Filters,La Nuit Vol. 2 (Rare Lounge Grooves),2007,Ministry Of Sound,2907186,6:01
Client,It's Not Over (Alex Kiss & Show B Remix),La Nuit Vol. 2 (Rare Lounge Grooves),2007,Ministry Of Sound,2907186,8:00
Jeff Bennett,Identical One,La Nuit Vol. 2 (Rare Lounge Grooves),2007,Ministry Of Sound,2907186,5:49
Nikos Diamantopoulos,Fly,La Nuit Vol. 2 (Rare Lounge Grooves),2007,Ministry Of Sound,2907186,4:47
"Stephen Duffy, The Lilac Time",Another Time,Runout Groove,2010,Ministry Of Sound,3499453,6:22
"Stephen Duffy, The Lilac Time",Driving Somewhere,Runout Groove,2010,Ministry Of Sound,3499453,4:41
"Stephen Duffy, The Lilac Time",A Dream Of A Girl,Runout Groove,2010,Ministry Of Sound,3499453,3:38
"Stephen Duffy, The Lilac Time",Desert Shore,Runout Groove,2010,Ministry Of Sound,3499453,3:21
"Stephen Duffy, The Lilac Time",Dark Squadrons,Runout Groove,2010,Ministry Of Sound,3499453,3:48
"Stephen Duffy, The Lilac Time",Until I Kissed You,Runout Groove,2010,Ministry Of Sound,3499453,3:05
"Stephen Duffy, The Lilac Time",Aldermaston,Runout Groove,2010,Ministry Of Sound,3499453,5:06
"Stephen Duffy, The Lilac Time",Pruning The Vine,Runout Groove,2010,Ministry Of Sound,3499453,4:37
"Stephen Duffy, The Lilac Time",Happy Go Lucky,Runout Groove,2010,Ministry Of Sound,3499453,5:38
"Stephen Duffy, The Lilac Time",Parliament Hill Fields,Runout Groove,2010,Ministry Of Sound,3499453,4:41
"Stephen Duffy, The Lilac Time",No Direction,Runout Groove,2010,Ministry Of Sound,3499453,3:26
"Stephen Duffy, The Lilac Time",The Kite And The Sky,Runout Groove,2010,Ministry Of Sound,3499453,4:44
"Re-Fuge, Nicole Tyler",So Real (Jean Elan Remix),The Superstars Of Dance,2007,Ministry Of Sound,12987789,4:19
Dallas Superstars,Like A Superstar,The Superstars Of Dance,2007,Ministry Of Sound,12987789,3:50
Plastik Funk,Let Me See Your Hands (Corenell RMX),The Superstars Of Dance,2007,Ministry Of Sound,12987789,4:28
"Backside Artists, Geen Plank",Sonic Empire 2007 (Jean Elan RMX),The Superstars Of Dance,2007,Ministry Of Sound,12987789,4:29
Big World & Friends,Me Gusta 2007 (Patric La Funk RMX),The Superstars Of Dance,2007,Ministry Of Sound,12987789,3:43
City Sneakerz,You Don't Own Me,The Superstars Of Dance,2007,Ministry Of Sound,12987789,3:23
Mason,Quarter,The Superstars Of Dance,2007,Ministry Of Sound,12987789,3:14
"Lissat & Voltaxx, Skyler (2)",I Don't Wanna Work Today,The Superstars Of Dance,2007,Ministry Of Sound,12987789,3:32
Switch (2),A Bit Patchy (Eric Prydz Club Mix),The Superstars Of Dance,2007,Ministry Of Sound,12987789,4:19
"TV Rock, Dukes Of Windsor",The Others,The Superstars Of Dance,2007,Ministry Of Sound,12987789,3:02
Ida Corr,Let Me Think About It (Fedde Le Grand Mix),The Superstars Of Dance,2007,Ministry Of Sound,12987789,3:24
Yves Larock,Rise Up (Lunatik Yves RMX),The Superstars Of Dance,2007,Ministry Of Sound,12987789,3:55
Peter Gelderblom,Waiting For,The Superstars Of Dance,2007,Ministry Of Sound,12987789,3:29
Luke Francis,The Bomb (These Sounds Fall Into My Mind),The Superstars Of Dance,2007,Ministry Of Sound,12987789,3:12
Michael Mind,Ride Like The Wind (Klaas Remix),The Superstars Of Dance,2007,Ministry Of Sound,12987789,3:17
"Michael Gray, Steve Edwards",Somewhere Beyond (TV Rock Vocal Mix),The Superstars Of Dance,2007,Ministry Of Sound,12987789,3:39
Tune Brothers,I See You Watching,The Superstars Of Dance,2007,Ministry Of Sound,12987789,3:55
Michi Lange,Brothers And Sisters (Isi Remix),The Superstars Of Dance,2007,Ministry Of Sound,12987789,4:45
ATB,Feel Alive (Sunloverz Club Mix),The Superstars Of Dance,2007,Ministry Of Sound,12987789,3:57
"DJ Tiësto, BT",Break My Fall (Jerry Ropero vs. NBG Afterhours Mix),The Superstars Of Dance,2007,Ministry Of Sound,12987789,5:14
Dino Lenny,Coca Loca,The Superstars Of Dance,2007,Ministry Of Sound,12987789,3:02
Lexy & K-Paul,Ponyboy (Ponybabe Remix),The Superstars Of Dance,2007,Ministry Of Sound,12987789,3:51
"DJ DLG, RedRoche, Yota",Let You Go,The Superstars Of Dance,2007,Ministry Of Sound,12987789,3:02
Azzido Da Bass,Dooms Night (Lexy & K-Paul Remix),The Superstars Of Dance,2007,Ministry Of Sound,12987789,4:21
Bee-Low,Ready Or Not,The Superstars Of Dance,2007,Ministry Of Sound,12987789,3:28
Alexandra Prince,Rising High,The Superstars Of Dance,2007,Ministry Of Sound,12987789,3:35
The Disco Boys,B-B-B-Baby,The Superstars Of Dance,2007,Ministry Of Sound,12987789,3:57
Out Of Office,Hands Up,The Superstars Of Dance,2007,Ministry Of Sound,12987789,4:19
Syke 'n' Sugarstarr,Danz (Evolution) (So Phat! Remix),The Superstars Of Dance,2007,Ministry Of Sound,12987789,4:57
Jill Scott,Let It Be,The Real Thing (Words And Sounds Vol. 3),2007,Ministry Of Sound,3289902,1:50
Jill Scott,The Real Thing,The Real Thing (Words And Sounds Vol. 3),2007,Ministry Of Sound,3289902,3:25
Jill Scott,Hate On Me,The Real Thing (Words And Sounds Vol. 3),2007,Ministry Of Sound,3289902,3:29
Jill Scott,Come See Me,The Real Thing (Words And Sounds Vol. 3),2007,Ministry Of Sound,3289902,4:59
Jill Scott,Crown Royal,The Real Thing (Words And Sounds Vol. 3),2007,Ministry Of Sound,3289902,1:48
Jill Scott,Epiphany,The Real Thing (Words And Sounds Vol. 3),2007,Ministry Of Sound,3289902,2:31
Jill Scott,My Love,The Real Thing (Words And Sounds Vol. 3),2007,Ministry Of Sound,3289902,3:50
Jill Scott,Insomnia,The Real Thing (Words And Sounds Vol. 3),2007,Ministry Of Sound,3289902,3:55
Jill Scott,How It Make You Feel,The Real Thing (Words And Sounds Vol. 3),2007,Ministry Of Sound,3289902,4:32
Jill Scott,Only You,The Real Thing (Words And Sounds Vol. 3),2007,Ministry Of Sound,3289902,3:35
Jill Scott,Whenever You're Around,The Real Thing (Words And Sounds Vol. 3),2007,Ministry Of Sound,3289902,4:07
Jill Scott,Celibacy Blues,The Real Thing (Words And Sounds Vol. 3),2007,Ministry Of Sound,3289902,2:15
Jill Scott,All I,The Real Thing (Words And Sounds Vol. 3),2007,Ministry Of Sound,3289902,4:56
Jill Scott,Wanna Be Loved,The Real Thing (Words And Sounds Vol. 3),2007,Ministry Of Sound,3289902,3:22
Jill Scott,Breathe,The Real Thing (Words And Sounds Vol. 3),2007,Ministry Of Sound,3289902,2:06
"Ida Corr, Fedde Le Grand",Let Me Think About It (Gregor Salto & DJ Madskillz Rmx),Sensation Germany (The Official Compilation 2007 - 2008),2008,Ministry Of Sound,1280468,3:37
"Laidback Luke, Good Grip",Rocking With The Best 2007 (Original Mix),Sensation Germany (The Official Compilation 2007 - 2008),2008,Ministry Of Sound,1280468,3:25
R.I.O,De Janeiro (Original Mix),Sensation Germany (The Official Compilation 2007 - 2008),2008,Ministry Of Sound,1280468,3:11
Groove Phenomenon,Funky Radio (Radio Ga Ga 2007) (Crockett Mix),Sensation Germany (The Official Compilation 2007 - 2008),2008,Ministry Of Sound,1280468,4:58
"Global Deejays, Rozalla",Eveybody's Free (Klaas Rmx),Sensation Germany (The Official Compilation 2007 - 2008),2008,Ministry Of Sound,1280468,4:34
Backside Artists,Freed From Desire (Masimo Nocito Mix),Sensation Germany (The Official Compilation 2007 - 2008),2008,Ministry Of Sound,1280468,3:08
Plastik Funk,Irresistible (Electro Attacke Mix),Sensation Germany (The Official Compilation 2007 - 2008),2008,Ministry Of Sound,1280468,3:46
"Big Bass, Michelle Narine",What You Do (Playing With Stones) (Plastik Funk Rmx),Sensation Germany (The Official Compilation 2007 - 2008),2008,Ministry Of Sound,1280468,3:21
"Axwell, Sebastian Ingrosso, Salem Al Fakir",It's True (Original Mix),Sensation Germany (The Official Compilation 2007 - 2008),2008,Ministry Of Sound,1280468,4:31
"Antoine Clamaran, Mario Ochoa, Lulu Hughes",Give Some Love (Klaas Extended Rmx),Sensation Germany (The Official Compilation 2007 - 2008),2008,Ministry Of Sound,1280468,3:56
"MYPD, Liz Kay",You're Not Alone (Micha Moor Rmx),Sensation Germany (The Official Compilation 2007 - 2008),2008,Ministry Of Sound,1280468,3:49
Big World & Friends,Me Gusta 2007 (Dub Deluxe Rmx),Sensation Germany (The Official Compilation 2007 - 2008),2008,Ministry Of Sound,1280468,4:39
Butch,On The Line (Oxia Rmx),Sensation Germany (The Official Compilation 2007 - 2008),2008,Ministry Of Sound,1280468,2:16
Turntablerocker,Eff Eff,Sensation Germany (The Official Compilation 2007 - 2008),2008,Ministry Of Sound,1280468,2:37
"TV Rock, Dukes Of Windsor",The Others (Laidback Luke Mix),Sensation Germany (The Official Compilation 2007 - 2008),2008,Ministry Of Sound,1280468,4:26
Probspot,Stalker (Fine Taste Rmx),Sensation Germany (The Official Compilation 2007 - 2008),2008,Ministry Of Sound,1280468,3:34
Vaca,Move Me (Original Mix),Sensation Germany (The Official Compilation 2007 - 2008),2008,Ministry Of Sound,1280468,3:15
"Bob Sinclar, Steve Edwards",Together (Album Version),Sensation Germany (The Official Compilation 2007 - 2008),2008,Ministry Of Sound,1280468,3:01
"Robyn, Kleerup",With Every Heartbeat (Voodoo & Serano Rmx),Sensation Germany (The Official Compilation 2007 - 2008),2008,Ministry Of Sound,1280468,4:32
Dallas Superstars,Like A Superstar (JS16 Vs. Heikki L. Rmx),Sensation Germany (The Official Compilation 2007 - 2008),2008,Ministry Of Sound,1280468,3:41
City Sneakerz,You Don't Own Me (Vocal Club Mix),Sensation Germany (The Official Compilation 2007 - 2008),2008,Ministry Of Sound,1280468,4:51
STFU (2),Do You Believe (Tim Le El Rmx),Sensation Germany (The Official Compilation 2007 - 2008),2008,Ministry Of Sound,1280468,4:55
Sucker DJ's,Lotta Lovin' (Paradise Soul Rmx),Sensation Germany (The Official Compilation 2007 - 2008),2008,Ministry Of Sound,1280468,4:16
Wahoo,Damn (You're Here) (Michi Lange Dub Mix),Sensation Germany (The Official Compilation 2007 - 2008),2008,Ministry Of Sound,1280468,3:50
GTMK,Panchakarma (Original Mix),Sensation Germany (The Official Compilation 2007 - 2008),2008,Ministry Of Sound,1280468,3:21
Splittr,All Alone (Breaks Mix),Sensation Germany (The Official Compilation 2007 - 2008),2008,Ministry Of Sound,1280468,5:04
Calvin Harris,Acceptable In The 80s,Germany's Next Topmodel,2008,Ministry Of Sound,13448913,3:33
Seal,Amazing,Germany's Next Topmodel,2008,Ministry Of Sound,13448913,3:02
"Timbaland, OneRepublic",Apologize,Germany's Next Topmodel,2008,Ministry Of Sound,13448913,3:05
Rihanna,Don't Stop The Music,Germany's Next Topmodel,2008,Ministry Of Sound,13448913,4:29
"Dr. Stay Dry, Lumidee",Don't Sweat That (Whistle Song),Germany's Next Topmodel,2008,Ministry Of Sound,13448913,3:28
Robyn,Handle Me,Germany's Next Topmodel,2008,Ministry Of Sound,13448913,3:15
"David Guetta, Cozi",Baby When The Light (Fred Riester & David Guetta Remix Radio Edit),Germany's Next Topmodel,2008,Ministry Of Sound,13448913,3:24
"Cosmo Klein, The Phunkguerilla",I'll Make U Feel (Groove Bandits & Phonk Mix),Germany's Next Topmodel,2008,Ministry Of Sound,13448913,5:12
"Dollarman, Big Ali",All That She Wants,Germany's Next Topmodel,2008,Ministry Of Sound,13448913,3:03
"Beats And Styles, Papa Dee",Take It Back (DJ Monique Remix Short Cut),Germany's Next Topmodel,2008,Ministry Of Sound,13448913,4:41
Daniel Hoppe,Star,Germany's Next Topmodel,2008,Ministry Of Sound,13448913,3:17
VooDoo & Serano,Kylar's Guitar,Germany's Next Topmodel,2008,Ministry Of Sound,13448913,3:00
"Lenny Fontana, Ridney, Larisa",Wait For You,Germany's Next Topmodel,2008,Ministry Of Sound,13448913,3:33
"Ian Oliver, Eastenders",Vino Vino,Germany's Next Topmodel,2008,Ministry Of Sound,13448913,3:12
Fragma,Toca's Miracle (Inpetto Edit),Germany's Next Topmodel,2008,Ministry Of Sound,13448913,3:29
Nightcrawlers,Push The Feeling On (Belocca's Radio Edit),Germany's Next Topmodel,2008,Ministry Of Sound,13448913,3:12
Britney Spears,Gimme More,Germany's Next Topmodel,2008,Ministry Of Sound,13448913,4:11
"Basshunter, Bazzheadz",Now You're Gone (Fonzerelli Remix),Germany's Next Topmodel,2008,Ministry Of Sound,13448913,3:15
"Craig David, Bob Sinclar",Hot Stuff vs. World Hold On,Germany's Next Topmodel,2008,Ministry Of Sound,13448913,3:23
Sherrita,No One (Ortelli vs. Degre Radio Edit),Germany's Next Topmodel,2008,Ministry Of Sound,13448913,3:47
Ricki-Lee,Can't Touch It,Germany's Next Topmodel,2008,Ministry Of Sound,13448913,2:53
Chanel,Dance (Carl Ryden Radio Edit),Germany's Next Topmodel,2008,Ministry Of Sound,13448913,2:48
Mondotek,Alive (PH Electro Radio Mix),Germany's Next Topmodel,2008,Ministry Of Sound,13448913,3:43
"Public Enemy, Benny Benassi",Bring The Noise Remix (Dabruck & Klein Radio Edit),Germany's Next Topmodel,2008,Ministry Of Sound,13448913,3:35
"Re-Fuge, Nicole Tyler",So Real (Plastik Funk Edit),Germany's Next Topmodel,2008,Ministry Of Sound,13448913,4:35
Groove Phenomenon,Funky Radio (Radio Ga Ga 2007) (Crockett Radio Edit),Germany's Next Topmodel,2008,Ministry Of Sound,13448913,4:28
Danzel,You Spin Me Round (Like A Record),Germany's Next Topmodel,2008,Ministry Of Sound,13448913,3:14
"JAX (7), F (3)",Sunshine,Germany's Next Topmodel,2008,Ministry Of Sound,13448913,3:03
Luke Francis,A Girl Like You,Germany's Next Topmodel,2008,Ministry Of Sound,13448913,3:39
Utah Saints,Something Good '08,Germany's Next Topmodel,2008,Ministry Of Sound,13448913,2:42
Calvin Harris,Merrymaking At My Place,I Created Disco,2008,Ministry Of Sound,2293886,4:10
Calvin Harris,Colours,I Created Disco,2008,Ministry Of Sound,2293886,4:02
Calvin Harris,This Is The Industry,I Created Disco,2008,Ministry Of Sound,2293886,3:56
Calvin Harris,Neon Rocks,I Created Disco,2008,Ministry Of Sound,2293886,3:48
Calvin Harris,Traffic Cops,I Created Disco,2008,Ministry Of Sound,2293886,0:54
Calvin Harris,Vegas,I Created Disco,2008,Ministry Of Sound,2293886,5:42
Calvin Harris,I Created Disco,I Created Disco,2008,Ministry Of Sound,2293886,4:09
Calvin Harris,Disco Heat,I Created Disco,2008,Ministry Of Sound,2293886,4:31
Calvin Harris,Vault Character,I Created Disco,2008,Ministry Of Sound,2293886,0:08
Calvin Harris,Certified,I Created Disco,2008,Ministry Of Sound,2293886,4:08
Calvin Harris,Love Souvenir,I Created Disco,2008,Ministry Of Sound,2293886,4:21
Calvin Harris,Electro Man,I Created Disco,2008,Ministry Of Sound,2293886,4:58
Ian Pooley,5 Am,In Other Words,2008,Ministry Of Sound,1370848,6:04
Ian Pooley,It's You,In Other Words,2008,Ministry Of Sound,1370848,5:49
Ian Pooley,What I Got,In Other Words,2008,Ministry Of Sound,1370848,5:35
Ian Pooley,Heat,In Other Words,2008,Ministry Of Sound,1370848,5:15
Ian Pooley,Blue Interlude,In Other Words,2008,Ministry Of Sound,1370848,2:54
Ian Pooley,Steppin' Out,In Other Words,2008,Ministry Of Sound,1370848,5:04
Ian Pooley,Maestral 2008,In Other Words,2008,Ministry Of Sound,1370848,4:55
Ian Pooley,Last Nite,In Other Words,2008,Ministry Of Sound,1370848,6:02
Ian Pooley,Learn,In Other Words,2008,Ministry Of Sound,1370848,5:54
Ian Pooley,The Hippest Hip,In Other Words,2008,Ministry Of Sound,1370848,5:20
Ian Pooley,My Kicks,In Other Words,2008,Ministry Of Sound,1370848,6:07
Ian Pooley,Do The Thang,In Other Words,2008,Ministry Of Sound,1370848,5:59
Ian Pooley,Closer,In Other Words,2008,Ministry Of Sound,1370848,6:06
R.M.F.,My Pride,Into,2008,Ministry Of Sound,6404238,2:41
R.M.F.,Love Is Like A Flame,Into,2008,Ministry Of Sound,6404238,3:15
R.M.F.,Bad Girl,Into,2008,Ministry Of Sound,6404238,2:59
R.M.F.,Don't Let Me Down,Into,2008,Ministry Of Sound,6404238,4:13
R.M.F.,Rain,Into,2008,Ministry Of Sound,6404238,3:56
R.M.F.,One To Decide,Into,2008,Ministry Of Sound,6404238,3:51
R.M.F.,Fly Away,Into,2008,Ministry Of Sound,6404238,3:39
R.M.F.,Breaking Hearts,Into,2008,Ministry Of Sound,6404238,3:37
R.M.F.,Yesterday Is Gone,Into,2008,Ministry Of Sound,6404238,3:14
R.M.F.,When You Look At Her,Into,2008,Ministry Of Sound,6404238,3:32
R.M.F.,I Need Your Loving,Into,2008,Ministry Of Sound,6404238,3:43
R.M.F.,The Only Way,Into,2008,Ministry Of Sound,6404238,3:24
R.M.F.,I Looked Into Your Eyes,Into,2008,Ministry Of Sound,6404238,3:15
R.M.F.,Keep The Faith,Into,2008,Ministry Of Sound,6404238,3:53
Carla Bruni,Ma Jeunesse,Comme Si De Rien N’Etait,2008,Ministry Of Sound,3688865,2:35
Carla Bruni,La Possibilité D'Une Île,Comme Si De Rien N’Etait,2008,Ministry Of Sound,3688865,3:57
Carla Bruni,L'Amoureuse,Comme Si De Rien N’Etait,2008,Ministry Of Sound,3688865,3:04
Carla Bruni,Tu Es Ma Came,Comme Si De Rien N’Etait,2008,Ministry Of Sound,3688865,3:02
Carla Bruni,Salut Marin,Comme Si De Rien N’Etait,2008,Ministry Of Sound,3688865,2:53
Carla Bruni,Ta Tienne,Comme Si De Rien N’Etait,2008,Ministry Of Sound,3688865,2:43
Carla Bruni,Péché D'Envie,Comme Si De Rien N’Etait,2008,Ministry Of Sound,3688865,2:55
Carla Bruni,You Belong To Me,Comme Si De Rien N’Etait,2008,Ministry Of Sound,3688865,3:01
Carla Bruni,Le Temps Perdu,Comme Si De Rien N’Etait,2008,Ministry Of Sound,3688865,2:46
Carla Bruni,Déranger Les Pierres,Comme Si De Rien N’Etait,2008,Ministry Of Sound,3688865,3:15
Carla Bruni,Je Suis Une Enfant,Comme Si De Rien N’Etait,2008,Ministry Of Sound,3688865,3:10
Carla Bruni,L'Antilope,Comme Si De Rien N’Etait,2008,Ministry Of Sound,3688865,2:03
Carla Bruni,Notre Grand Amour Est Mort,Comme Si De Rien N’Etait,2008,Ministry Of Sound,3688865,3:25
Carla Bruni,Il Vecchio E Il Bambino,Comme Si De Rien N’Etait,2008,Ministry Of Sound,3688865,3:24
Oceana,Pussycat On A Leash,Love Supply,2009,Ministry Of Sound,11810060,3:39
Oceana,Cry Cry,Love Supply,2009,Ministry Of Sound,11810060,3:15
Oceana,Love Supply,Love Supply,2009,Ministry Of Sound,11810060,3:34
Oceana,Fucked Up Situation,Love Supply,2009,Ministry Of Sound,11810060,4:15
Oceana,He Says,Love Supply,2009,Ministry Of Sound,11810060,3:36
Oceana,Bad Boy,Love Supply,2009,Ministry Of Sound,11810060,3:26
Oceana,All Genetic,Love Supply,2009,Ministry Of Sound,11810060,3:15
Oceana,La La,Love Supply,2009,Ministry Of Sound,11810060,3:17
Oceana,Until I See Your Face,Love Supply,2009,Ministry Of Sound,11810060,3:32
Oceana,As Sweet As You,Love Supply,2009,Ministry Of Sound,11810060,2:38
Oceana,Upside Down,Love Supply,2009,Ministry Of Sound,11810060,3:05
Oceana,Baby Hold On,Love Supply,2009,Ministry Of Sound,11810060,3:32
Oceana,You Need A Hug,Love Supply,2009,Ministry Of Sound,11810060,3:55
The Dø,Playground Hustle,A Mouthful,2009,Ministry Of Sound,3212527,
The Dø,At Last !,A Mouthful,2009,Ministry Of Sound,3212527,
The Dø,On My Shoulders,A Mouthful,2009,Ministry Of Sound,3212527,
The Dø,Song For Lovers,A Mouthful,2009,Ministry Of Sound,3212527,
The Dø,The Bridge Is Broken,A Mouthful,2009,Ministry Of Sound,3212527,
The Dø,Stay (Just A Little Bit More),A Mouthful,2009,Ministry Of Sound,3212527,
The Dø,Unissasi Laulelet,A Mouthful,2009,Ministry Of Sound,3212527,
The Dø,Tammie,A Mouthful,2009,Ministry Of Sound,3212527,
The Dø,Queen Dot Kong,A Mouthful,2009,Ministry Of Sound,3212527,
The Dø,Coda,A Mouthful,2009,Ministry Of Sound,3212527,
The Dø,Searching Gold,A Mouthful,2009,Ministry Of Sound,3212527,
The Dø,When Was I Last Home ?,A Mouthful,2009,Ministry Of Sound,3212527,
The Dø,Travel Light,A Mouthful,2009,Ministry Of Sound,3212527,
The Dø,Aha,A Mouthful,2009,Ministry Of Sound,3212527,
The Dø,In My Box,A Mouthful,2009,Ministry Of Sound,3212527,
Ida Corr,Let Me Think About It (Fedde Le Grand Radio Edit),One,2009,Ministry Of Sound,3632484,2:33
Ida Corr,Ride My Tempo (Radio Edit),One,2009,Ministry Of Sound,3632484,3:20
Ida Corr,I Want You,One,2009,Ministry Of Sound,3632484,2:48
Shaggy,Feel The Rush,Intoxication,2008,Ministry Of Sound,10034586,3:06
Shaggy,What's Love,Intoxication,2008,Ministry Of Sound,10034586,3:10
Shaggy,Bonafide Girl,Intoxication,2008,Ministry Of Sound,10034586,3:36
Shaggy,Church Hearthen,Intoxication,2008,Ministry Of Sound,10034586,4:13
Shaggy,Intoxication,Intoxication,2008,Ministry Of Sound,10034586,3:32
Shaggy,Can't Hold Me,Intoxication,2008,Ministry Of Sound,10034586,2:37
Shaggy,Those Days,Intoxication,2008,Ministry Of Sound,10034586,3:22
Shaggy,More Woman,Intoxication,2008,Ministry Of Sound,10034586,3:39
Shaggy,Woman Scorn,Intoxication,2008,Ministry Of Sound,10034586,3:12
Shaggy,Mad Mad World,Intoxication,2008,Ministry Of Sound,10034586,3:50
Shaggy,Out Of Control,Intoxication,2008,Ministry Of Sound,10034586,3:26
Shaggy,Wear Di Crown,Intoxication,2008,Ministry Of Sound,10034586,2:29
Shaggy,Criteria,Intoxication,2008,Ministry Of Sound,10034586,3:42
Shaggy,Body A Shake,Intoxication,2008,Ministry Of Sound,10034586,3:17
Shaggy,Holla At You,Intoxication,2008,Ministry Of Sound,10034586,3:28
Shaggy,All About Love,Intoxication,2008,Ministry Of Sound,10034586,3:36
Shaggy,Reggae Vibes,Intoxication,2008,Ministry Of Sound,10034586,2:59
Shaggy,It Wasn't Me,Intoxication,2008,Ministry Of Sound,10034586,3:49
Shaggy,What's Love (New Radio Edit),Intoxication,2008,Ministry Of Sound,10034586,5:40
Shaggy,What's Love (Samim's Feel The Robidog Mix),Intoxication,2008,Ministry Of Sound,10034586,
Mikroboy,Glück Reimt Sich Auf Augenblick,"Nennt Es, Wie Ihr Wollt",2009,Ministry Of Sound,2057368,
Mikroboy,"Raus Mit Der Schlechten Luft, Rein Mit Der Guten","Nennt Es, Wie Ihr Wollt",2009,Ministry Of Sound,2057368,
Mikroboy,Nichts Ist Umsonst,"Nennt Es, Wie Ihr Wollt",2009,Ministry Of Sound,2057368,
Mikroboy,"Du, Nicht Wir!","Nennt Es, Wie Ihr Wollt",2009,Ministry Of Sound,2057368,
Mikroboy,Rückschritt Gleich Fortschritt,"Nennt Es, Wie Ihr Wollt",2009,Ministry Of Sound,2057368,
Mikroboy,Pre Oder Post,"Nennt Es, Wie Ihr Wollt",2009,Ministry Of Sound,2057368,
Mikroboy,Neue Zeiten,"Nennt Es, Wie Ihr Wollt",2009,Ministry Of Sound,2057368,
Mikroboy,Eines Dieser Leben,"Nennt Es, Wie Ihr Wollt",2009,Ministry Of Sound,2057368,
Mikroboy,Alle Menschen Verlieren Sachen,"Nennt Es, Wie Ihr Wollt",2009,Ministry Of Sound,2057368,
Mikroboy,Apollo,"Nennt Es, Wie Ihr Wollt",2009,Ministry Of Sound,2057368,
Mikroboy,Vom Leben Und Verstehen,"Nennt Es, Wie Ihr Wollt",2009,Ministry Of Sound,2057368,
Mikroboy,This Room,"Nennt Es, Wie Ihr Wollt",2009,Ministry Of Sound,2057368,
Mikroboy,Traumweltleben,"Nennt Es, Wie Ihr Wollt",2009,Ministry Of Sound,2060411,
Calvin Harris,The Rain,Ready For The Weekend,2009,Ministry Of Sound,2058002,4:36
Calvin Harris,Ready For The Weekend,Ready For The Weekend,2009,Ministry Of Sound,2058002,3:38
Calvin Harris,Stars Come Out,Ready For The Weekend,2009,Ministry Of Sound,2058002,4:29
Calvin Harris,You Used To Hold Me,Ready For The Weekend,2009,Ministry Of Sound,2058002,3:51
Calvin Harris,Blue,Ready For The Weekend,2009,Ministry Of Sound,2058002,3:41
Calvin Harris,Flashback,Ready For The Weekend,2009,Ministry Of Sound,2058002,3:49
Calvin Harris,Worst Day,Ready For The Weekend,2009,Ministry Of Sound,2058002,3:46
Calvin Harris,Relax,Ready For The Weekend,2009,Ministry Of Sound,2058002,3:49
Calvin Harris,Limits,Ready For The Weekend,2009,Ministry Of Sound,2058002,3:43
Calvin Harris,Burns Night,Ready For The Weekend,2009,Ministry Of Sound,2058002,2:20
Calvin Harris,Yeah Yeah Yeah La La La,Ready For The Weekend,2009,Ministry Of Sound,2058002,3:17
Calvin Harris,Dance Wiv Me,Ready For The Weekend,2009,Ministry Of Sound,2058002,4:24
Calvin Harris,5iliconeator,Ready For The Weekend,2009,Ministry Of Sound,2058002,3:29
Moby,One Time We Lived,Wait For Me. Deluxe Edition,2009,Ministry Of Sound,2045668,4:19
Moby,Stay Down,Wait For Me. Deluxe Edition,2009,Ministry Of Sound,2045668,7:02
Moby,Slow Light 1,Wait For Me. Deluxe Edition,2009,Ministry Of Sound,2045668,3:04
Moby,Jltf3,Wait For Me. Deluxe Edition,2009,Ministry Of Sound,2045668,4:20
Moby,Slow Light 2,Wait For Me. Deluxe Edition,2009,Ministry Of Sound,2045668,3:09
Moby,Raining Again,Wait For Me. Deluxe Edition,2009,Ministry Of Sound,2045668,5:06
Moby,Bodyrock,Wait For Me. Deluxe Edition,2009,Ministry Of Sound,2045668,3:30
Moby,Sitboth,Wait For Me. Deluxe Edition,2009,Ministry Of Sound,2045668,3:46
Moby,We Are All Made Of Stars (Trance Version),Wait For Me. Deluxe Edition,2009,Ministry Of Sound,2045668,7:43
Moby,Feeling So Real,Wait For Me. Deluxe Edition,2009,Ministry Of Sound,2045668,5:13
Moby,Go,Wait For Me. Deluxe Edition,2009,Ministry Of Sound,2045668,4:20
Moby,Lift Me Up,Wait For Me. Deluxe Edition,2009,Ministry Of Sound,2045668,4:29
Moby,Mistake UFO,Wait For Me. Deluxe Edition,2009,Ministry Of Sound,2045668,3:52
Moby,Mistake Animated,Wait For Me. Deluxe Edition,2009,Ministry Of Sound,2045668,4:01
Moby,Mistake Stop Motion Animation,Wait For Me. Deluxe Edition,2009,Ministry Of Sound,2045668,3:49
Moby,Moby @ Matter (EPK),Wait For Me. Deluxe Edition,2009,Ministry Of Sound,2045668,8:28
Moby,Animated Q And A,Wait For Me. Deluxe Edition,2009,Ministry Of Sound,2045668,10:53
Crazy Frog,Join The Frog,Best Of Crazy Hits,2009,Ministry Of Sound,13412438,
Crazy Frog,Cha Cha Slide,Best Of Crazy Hits,2009,Ministry Of Sound,13412438,
Crazy Frog,Everyone,Best Of Crazy Hits,2009,Ministry Of Sound,13412438,
Crazy Frog,Daddy DJ,Best Of Crazy Hits,2009,Ministry Of Sound,13412438,
Crazy Frog,Friends,Best Of Crazy Hits,2009,Ministry Of Sound,13412438,
Crazy Frog,"Maya Hi, Maya Hu",Best Of Crazy Hits,2009,Ministry Of Sound,13412438,
Crazy Frog,Just Can't Get Enough,Best Of Crazy Hits,2009,Ministry Of Sound,13412438,
Crazy Frog,Jump,Best Of Crazy Hits,2009,Ministry Of Sound,13412438,
Crazy Frog,Solo Frog,Best Of Crazy Hits,2009,Ministry Of Sound,13412438,
Crazy Frog,No Limit,Best Of Crazy Hits,2009,Ministry Of Sound,13412438,
Crazy Frog,Play The Game,Best Of Crazy Hits,2009,Ministry Of Sound,13412438,
Crazy Frog,Push It,Best Of Crazy Hits,2009,Ministry Of Sound,13412438,
Crazy Frog,Gonna Make You Sweat,Best Of Crazy Hits,2009,Ministry Of Sound,13412438,
Crazy Frog,Safety Dance,Best Of Crazy Hits,2009,Ministry Of Sound,13412438,
Crazy Frog,Come On,Best Of Crazy Hits,2009,Ministry Of Sound,13412438,
Crazy Frog,Let's Go Crazy,Best Of Crazy Hits,2009,Ministry Of Sound,13412438,
Crazy Frog,Bump The Beat,Best Of Crazy Hits,2009,Ministry Of Sound,13412438,
Crazy Frog,I Wanna Rock The Place,Best Of Crazy Hits,2009,Ministry Of Sound,13412438,
Crazy Frog,Last Christmas,Best Of Crazy Hits,2009,Ministry Of Sound,13412438,
Crazy Frog,Axel F,Best Of Crazy Hits,2009,Ministry Of Sound,13412438,
Crazy Frog,Popcorn,Best Of Crazy Hits,2009,Ministry Of Sound,13412438,
Crazy Frog,We Are The Champions,Best Of Crazy Hits,2009,Ministry Of Sound,13412438,
Crazy Frog,How Do You Do,Best Of Crazy Hits,2009,Ministry Of Sound,13412438,
Crazy Frog,Everytime We Touch,Best Of Crazy Hits,2009,Ministry Of Sound,13412438,
Crazy Frog,Blue,Best Of Crazy Hits,2009,Ministry Of Sound,13412438,
Crazy Frog,Cotton Eyed Joe,Best Of Crazy Hits,2009,Ministry Of Sound,13412438,
Crazy Frog,Who Let The Frog Out,Best Of Crazy Hits,2009,Ministry Of Sound,13412438,
Crazy Frog,Ice Ice Baby,Best Of Crazy Hits,2009,Ministry Of Sound,13412438,
Crazy Frog,Whoomp There It Is,Best Of Crazy Hits,2009,Ministry Of Sound,13412438,
Crazy Frog,We Like To Party,Best Of Crazy Hits,2009,Ministry Of Sound,13412438,
Crazy Frog,I Like To Move It,Best Of Crazy Hits,2009,Ministry Of Sound,13412438,
Crazy Frog,Get Ready For This,Best Of Crazy Hits,2009,Ministry Of Sound,13412438,
Crazy Frog,1001 Nights,Best Of Crazy Hits,2009,Ministry Of Sound,13412438,
Crazy Frog,In The 80's,Best Of Crazy Hits,2009,Ministry Of Sound,13412438,
Crazy Frog,Jingle Bells,Best Of Crazy Hits,2009,Ministry Of Sound,13412438,
Crazy Frog,Super Crazy Sounds,Best Of Crazy Hits,2009,Ministry Of Sound,13412438,
Crazy Frog,Crazy Jodeling,Best Of Crazy Hits,2009,Ministry Of Sound,13412438,
Crazy Frog,Riggidigading,Best Of Crazy Hits,2009,Ministry Of Sound,13412438,
Crazy Frog,Beatbox Frog,Best Of Crazy Hits,2009,Ministry Of Sound,13412438,
Crazy Frog,Mexican Frog,Best Of Crazy Hits,2009,Ministry Of Sound,13412438,
Crazy Frog,Vinyl Frog,Best Of Crazy Hits,2009,Ministry Of Sound,13412438,
Crazy Frog,Ch Cha Slide,Best Of Crazy Hits,2009,Ministry Of Sound,13412438,
Crazy Frog,Air Bike,Best Of Crazy Hits,2009,Ministry Of Sound,13412438,
Robyn,Don't Fucking Tell Me What To Do,Body Talk Pt. 1,2010,Ministry Of Sound,2439535,4:11
Robyn,Fembot,Body Talk Pt. 1,2010,Ministry Of Sound,2439535,3:35
Robyn,Dancing On My Own,Body Talk Pt. 1,2010,Ministry Of Sound,2439535,4:49
Robyn,Cry When You Get Older,Body Talk Pt. 1,2010,Ministry Of Sound,2439535,3:35
Robyn,Dancehall Queen,Body Talk Pt. 1,2010,Ministry Of Sound,2439535,3:39
Robyn,None Of Dem,Body Talk Pt. 1,2010,Ministry Of Sound,2439535,5:13
Robyn,Hang With Me (Acoustic Version),Body Talk Pt. 1,2010,Ministry Of Sound,2439535,3:18
Robyn,Jag Vet En Dejlig Rosa,Body Talk Pt. 1,2010,Ministry Of Sound,2439535,2:11
Example,Skies Don't Lie,Playing In The Shadows,2011,Ministry Of Sound,5251314,4:25
Example,Stay Awake,Playing In The Shadows,2011,Ministry Of Sound,5251314,3:24
Example,Changed The Way You Kissed Me,Playing In The Shadows,2011,Ministry Of Sound,5251314,3:12
Example,The Way,Playing In The Shadows,2011,Ministry Of Sound,5251314,4:28
Example,Never Had A Day,Playing In The Shadows,2011,Ministry Of Sound,5251314,3:53
Example,Microphone,Playing In The Shadows,2011,Ministry Of Sound,5251314,4:16
Example,Playing In The Shadows,Playing In The Shadows,2011,Ministry Of Sound,5251314,4:39
Example,Midnight Run,Playing In The Shadows,2011,Ministry Of Sound,5251314,3:59
Example,Under The Influence,Playing In The Shadows,2011,Ministry Of Sound,5251314,4:55
Example,Wrong In The Head,Playing In The Shadows,2011,Ministry Of Sound,5251314,3:11
Example,Anything,Playing In The Shadows,2011,Ministry Of Sound,5251314,3:32
Example,Lying To Yourself,Playing In The Shadows,2011,Ministry Of Sound,5251314,3:42
"Skream, Example",Shot Yourself In The Foot Again,Playing In The Shadows,2011,Ministry Of Sound,5251314,3:43
Example,Kickstarts,Playing In The Shadows,2011,Ministry Of Sound,15810539,3:01
Winona,The White Room,La Nuit Vol. 3 - Rare Lounge Grooves Mixed By DJ Jondal,2008,Ministry Of Sound,1543256,4:11
3-11 Porter,Surround Me With Your Love,La Nuit Vol. 3 - Rare Lounge Grooves Mixed By DJ Jondal,2008,Ministry Of Sound,1543256,3:54
JetTricKs,Love Hangover,La Nuit Vol. 3 - Rare Lounge Grooves Mixed By DJ Jondal,2008,Ministry Of Sound,1543256,5:37
Roberto Sol,One Night To Remember,La Nuit Vol. 3 - Rare Lounge Grooves Mixed By DJ Jondal,2008,Ministry Of Sound,1543256,4:22
Under Pressure,Wanna Talk,La Nuit Vol. 3 - Rare Lounge Grooves Mixed By DJ Jondal,2008,Ministry Of Sound,1543256,5:42
Groove Armada,Inside My Mind (Blue Skies),La Nuit Vol. 3 - Rare Lounge Grooves Mixed By DJ Jondal,2008,Ministry Of Sound,1543256,6:32
Ganga,All I Want Is To Forget,La Nuit Vol. 3 - Rare Lounge Grooves Mixed By DJ Jondal,2008,Ministry Of Sound,1543256,5:01
Thievery Corporation,Amerimacka,La Nuit Vol. 3 - Rare Lounge Grooves Mixed By DJ Jondal,2008,Ministry Of Sound,1543256,5:19
"Offshore, Shemeca",God Bathtub,La Nuit Vol. 3 - Rare Lounge Grooves Mixed By DJ Jondal,2008,Ministry Of Sound,1543256,6:11
"Naomi, Selda Kaya",Go,La Nuit Vol. 3 - Rare Lounge Grooves Mixed By DJ Jondal,2008,Ministry Of Sound,1543256,3:49
Bardo State,Mariposa (Praful's Lovebug Remix),La Nuit Vol. 3 - Rare Lounge Grooves Mixed By DJ Jondal,2008,Ministry Of Sound,1543256,6:02
Nightmares On Wax,Calling,La Nuit Vol. 3 - Rare Lounge Grooves Mixed By DJ Jondal,2008,Ministry Of Sound,1543256,7:44
Unit Blue,Deejays Feel,La Nuit Vol. 3 - Rare Lounge Grooves Mixed By DJ Jondal,2008,Ministry Of Sound,1543256,4:23
"Ian Pooley, Perry Colo",Heat,La Nuit Vol. 3 - Rare Lounge Grooves Mixed By DJ Jondal,2008,Ministry Of Sound,1543256,4:08
Eddy Meets Yannah,Solid Ground (Crazy P Remix),La Nuit Vol. 3 - Rare Lounge Grooves Mixed By DJ Jondal,2008,Ministry Of Sound,1543256,5:02
Sally Shapiro,I'll Be By Your Side,La Nuit Vol. 3 - Rare Lounge Grooves Mixed By DJ Jondal,2008,Ministry Of Sound,1543256,6:04
Jean-Claude Ades,Perfect Moment,La Nuit Vol. 3 - Rare Lounge Grooves Mixed By DJ Jondal,2008,Ministry Of Sound,1543256,7:37
"Jerome Isma-Ae, Roy Ströbel",Vila Nova,La Nuit Vol. 3 - Rare Lounge Grooves Mixed By DJ Jondal,2008,Ministry Of Sound,1543256,6:16
Show-B,Keeping Minor,La Nuit Vol. 3 - Rare Lounge Grooves Mixed By DJ Jondal,2008,Ministry Of Sound,1543256,5:56
Beanfield,The Season (Swag's Vocal Mix),La Nuit Vol. 3 - Rare Lounge Grooves Mixed By DJ Jondal,2008,Ministry Of Sound,1543256,7:02
Massivan,Daydream,La Nuit Vol. 3 - Rare Lounge Grooves Mixed By DJ Jondal,2008,Ministry Of Sound,1543256,5:10
Hattler,The Saying,La Nuit Vol. 3 - Rare Lounge Grooves Mixed By DJ Jondal,2008,Ministry Of Sound,1543256,8:16
"Jen, Busy People, Ella May",Driving Rain (Massivan's Extended Mix),La Nuit Vol. 3 - Rare Lounge Grooves Mixed By DJ Jondal,2008,Ministry Of Sound,1543256,4:50
Fragma,Memory (Klass Vocal Club Mix),Sensation - Ocean Of White - Germany 2009,2009,Ministry Of Sound,6845145,
"Thomas Gold, Matthias Menck",Everybody Be Somebody (Original Club Mix),Sensation - Ocean Of White - Germany 2009,2009,Ministry Of Sound,6845145,
Marc O'Tool,The Music's Got Me (Dabruck & Klein Remix),Sensation - Ocean Of White - Germany 2009,2009,Ministry Of Sound,6845145,
Deadmau5,Ghosts N Stuff (Original Mix),Sensation - Ocean Of White - Germany 2009,2009,Ministry Of Sound,6845145,
"Christian Hinzer, Chriss Ortega",The Groove (Dave Ramone Remix),Sensation - Ocean Of White - Germany 2009,2009,Ministry Of Sound,6845145,
"Plastik Funk, Alexandra Prince",Show Me What You Go (Original Mix),Sensation - Ocean Of White - Germany 2009,2009,Ministry Of Sound,6845145,
Laurent Wolf,No Stress (Original Mix),Sensation - Ocean Of White - Germany 2009,2009,Ministry Of Sound,6845145,
"Ajay, Anita Davis",Finally (Club Mix),Sensation - Ocean Of White - Germany 2009,2009,Ministry Of Sound,6845145,
"DJ Delicious, Eric Smax, LaneCryspo",All I Gave To You (Club Mix),Sensation - Ocean Of White - Germany 2009,2009,Ministry Of Sound,6845145,
Chris Montana,Speed Of Life (Phunk Investigation Mix),Sensation - Ocean Of White - Germany 2009,2009,Ministry Of Sound,6845145,
"Micha Moor, Tim Royko",I Like That (Original Mix),Sensation - Ocean Of White - Germany 2009,2009,Ministry Of Sound,6845145,
"Lenny Fontana, Ridney, Larisa",Wait 4 You (Voodoo & Serano Remix),Sensation - Ocean Of White - Germany 2009,2009,Ministry Of Sound,6845145,
Jean-Claude Ades,I Begin To Wonder 2008 (Felguk Remix),Sensation - Ocean Of White - Germany 2009,2009,Ministry Of Sound,6845145,
"Dim Chris, Thomas Gold",Self Control (Laurent Wolf & Anton Wick Remix),Sensation - Ocean Of White - Germany 2009,2009,Ministry Of Sound,6845145,
"DJ Dero, Robbie Rivera",Batucada (Dero & Robbie Rivera Mix),Sensation - Ocean Of White - Germany 2009,2009,Ministry Of Sound,6845145,
Steve Mac,Paddy's Revenge (D.O.N.S. Mix),Sensation - Ocean Of White - Germany 2009,2009,Ministry Of Sound,6845145,
Friscia & Lamboy,Chunga (Phunk Investigation Mix),Sensation - Ocean Of White - Germany 2009,2009,Ministry Of Sound,6845145,
VooDoo & Serano,Sunglasses At Night (Original Mix),Sensation - Ocean Of White - Germany 2009,2009,Ministry Of Sound,6845145,
"Markus Gardeweg, Michael Feiner",Fairplay (Let There Be Love) (D.O.N.S. & DBN Remix),Sensation - Ocean Of White - Germany 2009,2009,Ministry Of Sound,6845145,
"Danny Dove, Eddie Kid, Julie Thompson",Could You Be (Franceso Diaz & Young Rebels Remix),Sensation - Ocean Of White - Germany 2009,2009,Ministry Of Sound,6845145,
Sylvia Tosun,Underlying Feeling (Adam K & Soha Club Mix),Sensation - Ocean Of White - Germany 2009,2009,Ministry Of Sound,6845145,
Yves Larock,Rise Up (Fly Over The Rainbow) (Vandalism Remix),Sensation - Ocean Of White - Germany 2009,2009,Ministry Of Sound,6845145,
CJ Stone,Shining Star (Original Mix),Sensation - Ocean Of White - Germany 2009,2009,Ministry Of Sound,6845145,
Energy 52,Cafe Del Mar (Deadmau5 Remix),Sensation - Ocean Of White - Germany 2009,2009,Ministry Of Sound,6845145,
EDX,Casa Grance (Original Mix),Sensation - Ocean Of White - Germany 2009,2009,Ministry Of Sound,6845145,
"Svenson, John Robinson (8)",Lover (I Want You) (Milo.nl & CJ Stone Vocal Mix),Sensation - Ocean Of White - Germany 2009,2009,Ministry Of Sound,6845145,
Deadmau5,Clockwork (Cosmic Gate Remix),Sensation - Ocean Of White - Germany 2009,2009,Ministry Of Sound,6845145,
"Mark Knight & Funkagenda, Paul Thomas (2)",Arena (MK's Very Clubby Mix),Sensation - Ocean Of White - Germany 2009,2009,Ministry Of Sound,6845145,
Format: B,Edding 850 (Original Mix),Sensation - Ocean Of White - Germany 2009,2009,Ministry Of Sound,6845145,
David Weed,Red Moon (Original Mix),Sensation - Ocean Of White - Germany 2009,2009,Ministry Of Sound,6845145,
"Fatboy Slim, Funkagenda",What The Fuck (Kimfai Remix),Sensation - Ocean Of White - Germany 2009,2009,Ministry Of Sound,6845145,
Dataworx,Control (Original Mix),Sensation - Ocean Of White - Germany 2009,2009,Ministry Of Sound,6845145,
Sunset Blvd.,Train Comin (G. Pal Downtempo Mix),La Nuit Vol. 4 (Rare Lounge Grooves),2009,Ministry Of Sound,2051337,5:36
Schwarz & Funk,Intake (Salinas Club),La Nuit Vol. 4 (Rare Lounge Grooves),2009,Ministry Of Sound,2051337,4:25
Clelia Felix,Dreaming Of You,La Nuit Vol. 4 (Rare Lounge Grooves),2009,Ministry Of Sound,2051337,4:13
Gelka,So Many Ways,La Nuit Vol. 4 (Rare Lounge Grooves),2009,Ministry Of Sound,2051337,4:23
ReUNITED,Sun Is Shining (Out Of Sight Remix),La Nuit Vol. 4 (Rare Lounge Grooves),2009,Ministry Of Sound,2051337,4:29
"Razoof, Lady Alma",Jah Is Watching You,La Nuit Vol. 4 (Rare Lounge Grooves),2009,Ministry Of Sound,2051337,6:04
Boot Cut Rockers,Blue Beach,La Nuit Vol. 4 (Rare Lounge Grooves),2009,Ministry Of Sound,2051337,4:40
Bliss,American Heart,La Nuit Vol. 4 (Rare Lounge Grooves),2009,Ministry Of Sound,2051337,5:57
Therese,Shed My Skin (John Daly Remix),La Nuit Vol. 4 (Rare Lounge Grooves),2009,Ministry Of Sound,2051337,7:40
Chris Coco,8808,La Nuit Vol. 4 (Rare Lounge Grooves),2009,Ministry Of Sound,2051337,6:03
Aura Dione,Something For Nothing,La Nuit Vol. 4 (Rare Lounge Grooves),2009,Ministry Of Sound,2051337,7:06
Salz,Dreamer,La Nuit Vol. 4 (Rare Lounge Grooves),2009,Ministry Of Sound,2051337,6:42
"Paul Kalkbrenner, Fritz Kalkbrenner",Sky And Sand,La Nuit Vol. 4 (Rare Lounge Grooves),2009,Ministry Of Sound,2051337,3:36
Show-B,Komposite,La Nuit Vol. 4 (Rare Lounge Grooves),2009,Ministry Of Sound,2051337,6:34
Kiki,Good Voodoo (Visionquest Remix),La Nuit Vol. 4 (Rare Lounge Grooves),2009,Ministry Of Sound,2051337,6:00
Rencause,Simple Rules (Beaucanon Remix),La Nuit Vol. 4 (Rare Lounge Grooves),2009,Ministry Of Sound,2051337,4:46
"Physics, Alexandra Hamnede",Don't Deny Me Love,La Nuit Vol. 4 (Rare Lounge Grooves),2009,Ministry Of Sound,2051337,6:27
Black Market,Loose Corporation (Schwarz & Funk Remix),La Nuit Vol. 4 (Rare Lounge Grooves),2009,Ministry Of Sound,2051337,6:11
"Fruitroom, Florito",All This Time (Extended Club Mix),La Nuit Vol. 4 (Rare Lounge Grooves),2009,Ministry Of Sound,2051337,5:09
Jerome Isma-Ae,Smile When You Kill Me,La Nuit Vol. 4 (Rare Lounge Grooves),2009,Ministry Of Sound,2051337,7:44
Show-B,On A String,La Nuit Vol. 4 (Rare Lounge Grooves),2009,Ministry Of Sound,2051337,5:35
Vargo,Dear Friends (Prelude),La Nuit Vol. 4 (Rare Lounge Grooves),2009,Ministry Of Sound,2051337,4:41
Plushgun,Dancing In A Minefield,Pins & Panzers,2009,Ministry Of Sound,3728699,3:35
Plushgun,How We Roll,Pins & Panzers,2009,Ministry Of Sound,3728699,4:02
Plushgun,Just Impolite,Pins & Panzers,2009,Ministry Of Sound,3728699,3:47
Plushgun,A Crush To Pass The Time,Pins & Panzers,2009,Ministry Of Sound,3728699,4:00
Plushgun,The Dark In You,Pins & Panzers,2009,Ministry Of Sound,3728699,3:53
Plushgun,Let Me Kiss You Now (And I'll Fade Away),Pins & Panzers,2009,Ministry Of Sound,3728699,3:20
Plushgun,Union Pool,Pins & Panzers,2009,Ministry Of Sound,3728699,3:58
Plushgun,14 Candles,Pins & Panzers,2009,Ministry Of Sound,3728699,4:10
Plushgun,Without A Light,Pins & Panzers,2009,Ministry Of Sound,3728699,4:29
Plushgun,An Aria,Pins & Panzers,2009,Ministry Of Sound,3728699,3:53
"DJ Chuckie, LMFAO",Let The Bass Kick In Miami Bitch,Sensation - Wicked Wonderland - Germany 2010,2009,Ministry Of Sound,2348273,3:32
Maurizio Gubellini,Insane (Vocal Mix),Sensation - Wicked Wonderland - Germany 2010,2009,Ministry Of Sound,2348273,3:13
"Sharam (2), Kid Cudi",She Came Along (Jean Elan Remix),Sensation - Wicked Wonderland - Germany 2010,2009,Ministry Of Sound,2348273,5:08
Spencer & Hill,Heads Off,Sensation - Wicked Wonderland - Germany 2010,2009,Ministry Of Sound,2348273,4:47
Bad Habit Boys,Weekend 2k9 (Dave Darell Remix),Sensation - Wicked Wonderland - Germany 2010,2009,Ministry Of Sound,2348273,2:43
Laidback Luke,My G*O*D (Guns On Demo),Sensation - Wicked Wonderland - Germany 2010,2009,Ministry Of Sound,2348273,3:08
"Bryan Kearney, The Roecorder",Chicky Burger,Sensation - Wicked Wonderland - Germany 2010,2009,Ministry Of Sound,2348273,2:17
Popof,Faces’uch,Sensation - Wicked Wonderland - Germany 2010,2009,Ministry Of Sound,2348273,2:51
Sash!,Mysterious Times (Spencer & Hill Remix),Sensation - Wicked Wonderland - Germany 2010,2009,Ministry Of Sound,2348273,2:45
Mike Candys & Jack Holiday,Insomnia (Chris Crime Infinity Remix),Sensation - Wicked Wonderland - Germany 2010,2009,Ministry Of Sound,2348273,2:21
"ATB, Flanders",Behind (EDX’s Ibiza Sunrise Remix),Sensation - Wicked Wonderland - Germany 2010,2009,Ministry Of Sound,2348273,6:39
"Re-Fuge, CJ Stone",The Sun (Goes Down Again) (CJ Stone Remake Radio Edit),Sensation - Wicked Wonderland - Germany 2010,2009,Ministry Of Sound,2348273,5:32
"Ruff Driverz, Arrola",Dreaming (Hoxton Whores Remix),Sensation - Wicked Wonderland - Germany 2010,2009,Ministry Of Sound,2348273,4:57
Adrian Ivan,Together,Sensation - Wicked Wonderland - Germany 2010,2009,Ministry Of Sound,2348273,2:27
Marco V,Simulated 2010,Sensation - Wicked Wonderland - Germany 2010,2009,Ministry Of Sound,2348273,4:53
Rocking J,Sequence (Alex M.O.R.P.H. Remix),Sensation - Wicked Wonderland - Germany 2010,2009,Ministry Of Sound,2348273,5:06
"Crookers, Kardinal Offishall, Carla Marie Williams",Put Your Hands On Me (Black Noise Dub),Sensation - Wicked Wonderland - Germany 2010,2009,Ministry Of Sound,2348273,3:02
Ida Corr,I Want You (TmgK Remix),Sensation - Wicked Wonderland - Germany 2010,2009,Ministry Of Sound,2348273,4:00
Calvin Harris,Flashback (Eric Prydz Remix),Sensation - Wicked Wonderland - Germany 2010,2009,Ministry Of Sound,2348273,4:00
Therese,Shed My Skin (Julian Leker & Sammy Juice Remix),Sensation - Wicked Wonderland - Germany 2010,2009,Ministry Of Sound,2348273,3:30
Camille Jones,Difficult Guys (Grazehopp Mix),Sensation - Wicked Wonderland - Germany 2010,2009,Ministry Of Sound,2348273,4:01
Snap!,Rhythm Is A Dancer (Armand Van Helden Remix),Sensation - Wicked Wonderland - Germany 2010,2009,Ministry Of Sound,2348273,3:01
X-Press 2,Lazy (Lazy Rich Mix),Sensation - Wicked Wonderland - Germany 2010,2009,Ministry Of Sound,2348273,5:16
Tocadisco,2 Many Shots Of Jägermeister (Koen Groeneveld Remix),Sensation - Wicked Wonderland - Germany 2010,2009,Ministry Of Sound,2348273,4:11
Aurum Beats,Girls,Sensation - Wicked Wonderland - Germany 2010,2009,Ministry Of Sound,2348273,4:58
Nicky Romero,Woods Of Idaho,Sensation - Wicked Wonderland - Germany 2010,2009,Ministry Of Sound,2348273,3:31
Southside Spinners,Luvstruck (Filthy Rich Remix),Sensation - Wicked Wonderland - Germany 2010,2009,Ministry Of Sound,2348273,2:46
"Hy2rogen, Fr3cky",On On (DJ Ralmm Vibe Remix),Sensation - Wicked Wonderland - Germany 2010,2009,Ministry Of Sound,2348273,3:46
"Mark Knight, D. Ramirez, Underworld",Downpipe,Sensation - Wicked Wonderland - Germany 2010,2009,Ministry Of Sound,2348273,3:13
Inpetto,The Milky Way,Sensation - Wicked Wonderland - Germany 2010,2009,Ministry Of Sound,2348273,6:14
"Stefano Noferini, Matteo Marini, Sylvia Tosun",Push N Pull (Club Mix),Sensation - Wicked Wonderland - Germany 2010,2009,Ministry Of Sound,2348273,5:32
Moguai,Zyvox,Punx Up The Volume,2009,Ministry Of Sound,2188379,
"Massimo Santucci, Daniel Green",Strings Of Cesar (Peter Brown Remix),Punx Up The Volume,2009,Ministry Of Sound,2188379,
Mark Knight & Funkagenda,Flauta Magica,Punx Up The Volume,2009,Ministry Of Sound,2188379,
"Michael Kohlbecker, Peter Eilmes",Tabasco (Moguai Remix),Punx Up The Volume,2009,Ministry Of Sound,2188379,
Visti & Meyland,Yes Maam (All Nite Long) (Trentemøller Remix),Punx Up The Volume,2009,Ministry Of Sound,2188379,
Moguai,X Rodeo (Punx Up The Volume Mix),Punx Up The Volume,2009,Ministry Of Sound,2188379,
D. Ramirez,Satur8,Punx Up The Volume,2009,Ministry Of Sound,2188379,
Rob Reng,Future Shock,Punx Up The Volume,2009,Ministry Of Sound,2188379,
Moguai,The Trip,Punx Up The Volume,2009,Ministry Of Sound,2188379,
B-S-D,Get Hype On This,Punx Up The Volume,2009,Ministry Of Sound,2188379,
Pitto,Feelin’ (Dub Mix),Punx Up The Volume,2009,Ministry Of Sound,2188379,
Gui Boratto,No Turning Back,Punx Up The Volume,2009,Ministry Of Sound,2188379,
Cagedbaby,Forced (Don Diablo's Forced In 1986 Remix),Punx Up The Volume,2009,Ministry Of Sound,2188379,
"Dub Pistols, Ashley Slater",Back To Daylight (Access Denied Remix),Punx Up The Volume,2009,Ministry Of Sound,2188379,
Caninesounds,Merrang (Si McEvoy Remix),Punx Up The Volume,2009,Ministry Of Sound,2188379,
"Moguai, Sebastian Ingrosso",Still Sittin’ On Chrome,Punx Up The Volume,2009,Ministry Of Sound,2188379,
Lazy Jay,Float My Boat (Moguai Remix),Punx Up The Volume,2009,Ministry Of Sound,2188379,
Moguai,I.D.Y. (I Dance You),Punx Up The Volume,2009,Ministry Of Sound,2188379,
Shinichi Osawa,Push (Alex Gopher Remix),Punx Up The Volume,2009,Ministry Of Sound,2188379,
"Ryskee, Leslie Jensen",Leave Me Amor (Moguai Remix),Punx Up The Volume,2009,Ministry Of Sound,2188379,
Robert M,New Feeling (Dub Edit),Punx Up The Volume,2009,Ministry Of Sound,2188379,
"Olav Basoski, Erick E",Don't Turn Your Back (Sander Van Doorn Remix),Punx Up The Volume,2009,Ministry Of Sound,2188379,
Muzikjunki,Fashiondance (Veerus & Maxie Devine Remix),Punx Up The Volume,2009,Ministry Of Sound,2188379,
"Funkerman, Mitch Crown",Slide (Moguai Remix),Punx Up The Volume,2009,Ministry Of Sound,2188379,
Swayzak,Smile And Receive (Apparat Remix),Punx Up The Volume,2009,Ministry Of Sound,2188379,
Fatboy Slim,Gangster Trippin' (Lazy Rich Remix),House Party 2012,2011,Ministry Of Sound,33116274,6:52
Pete Tong,Headstrong,House Party 2012,2011,Ministry Of Sound,33116274,7:11
Avicii,Fade Into Darkness (Vocal Edit),House Party 2012,2011,Ministry Of Sound,33116274,3:18
Example,Midnight Run (Flux Pavilion Remix),House Party 2012,2011,Ministry Of Sound,33116274,5:45
Vato Gonzalez,Badman Riddim (Friction Remix),House Party 2012,2011,Ministry Of Sound,33116274,4:28
Yasmin (3),Finish Line (Shy's Smoking Rabbit Remix),House Party 2012,2011,Ministry Of Sound,33116274,4:48
Crookers,Bust 'Em Up,House Party 2012,2011,Ministry Of Sound,33116274,3:46
Nadia Ali,Rapture (Avicii New Generation Radio Edit),House Party 2012,2011,Ministry Of Sound,33116274,3:41
Alex Gaudino,What A Feeling (Hardwell Radio Edit),House Party 2012,2011,Ministry Of Sound,33116274,7:34
Wretch 32,Don't Go (Hatcha Remix),House Party 2012,2011,Ministry Of Sound,33116274,5:08
Afrojack,Take Over Control (Adam F Remix),House Party 2012,2011,Ministry Of Sound,33116274,3:37
Fresh,Louder (Radio Edit),House Party 2012,2011,Ministry Of Sound,33116274,3:26
"Drumsound & Simon ""Bassline"" Smith",Close,House Party 2012,2011,Ministry Of Sound,33116274,4:57
The 2 Bears,Bear Hug,House Party 2012,2011,Ministry Of Sound,33116274,4:25
Tommy Trash,All My Friends (Radio Edit),House Party 2012,2011,Ministry Of Sound,33116274,3:32
Wretch 32,Forgiveness (Stinkahbell Day Remix),House Party 2012,2011,Ministry Of Sound,33116274,4:35
Afrojack,Bangduck (Moguai Remix),House Party 2012,2011,Ministry Of Sound,33116274,7:53
Example,Changed The Way You Kiss Me (Radio Edit),House Party 2012,2011,Ministry Of Sound,33116274,3:15
Laidback Luke,Natural Disaster (Andy C Remix),House Party 2012,2011,Ministry Of Sound,33116274,5:27
Stefano Noferini,Fucking House Muzik,House Party 2012,2011,Ministry Of Sound,33116274,6:26
Fatboy Slim,Right Here Right Now (JFB Remix),House Party 2012,2011,Ministry Of Sound,33116274,5:13
Laidback Luke,Turbulence (Club Edit),House Party 2012,2011,Ministry Of Sound,33116274,6:25
X-Press 2,Music Xpress (Coyu Remix),House Party 2012,2011,Ministry Of Sound,33116274,8:13
Yogi (31),Follow U (Trolley Snatcha Remix),House Party 2012,2011,Ministry Of Sound,33116274,3:44
Dada Life,Fight Club Is Closed (Hardwell Remix),House Party 2012,2011,Ministry Of Sound,33116274,5:54
Toddla T,Take It Back (Radio Edit),House Party 2012,2011,Ministry Of Sound,33116274,3:21
DJ Slider (6),Mr Devil (David Jones Remix),House Party 2012,2011,Ministry Of Sound,33116274,7:26
Grooveyard,Mary Go W!ld! (Nicky Romero Remix),House Party 2012,2011,Ministry Of Sound,33116274,3:18
Jason Chance,Looking Forward (Shape Shifters Remix),House Party 2012,2011,Ministry Of Sound,33116274,7:03
Chris Lauer,Doo Bop,House Party 2012,2011,Ministry Of Sound,33116274,6:43
M.in,Grand Central Park,House Party 2012,2011,Ministry Of Sound,33116274,7:32
Olav Basoski,Other Side,House Party 2012,2011,Ministry Of Sound,33116274,8:49
Tom Novy,Can You Dig It,House Party 2012,2011,Ministry Of Sound,33116274,6:57
René Amesz,Smells Like Teen Spirit,House Party 2012,2011,Ministry Of Sound,33116274,8:04
Starkillers,Insomnia (Matteo Di Marr Remix),House Party 2012,2011,Ministry Of Sound,33116274,6:31
Steve Angello,Show Me Love (Radio Edit),House Party 2012,2011,Ministry Of Sound,33116274,3:07
Ben Prok,Something Going On (Belocca & Soneec Close To Classic Remix),House Party 2012,2011,Ministry Of Sound,33116274,6:53
Tradelove,Let's Party,House Party 2012,2011,Ministry Of Sound,33116274,6:06
Above & Beyond,Sun & Moon (Kim Fai Remix),House Party 2012,2011,Ministry Of Sound,33116274,3:33
Arty (2),Around The World,House Party 2012,2011,Ministry Of Sound,33116274,8:15
Basto!,Again & Again (Extended Mix),House Party 2012,2011,Ministry Of Sound,33116274,5:07
Fedde Le Grand,Autosave (Radio Edit),House Party 2012,2011,Ministry Of Sound,33116274,3:41
Felix Da Housecat,Zaman (Moguai Remix),House Party 2012,2011,Ministry Of Sound,33116274,9:09
Jerome Isma-Ae,Flashing Lights (Nicky Romero & Nilson Remix),House Party 2012,2011,Ministry Of Sound,33116274,5:30
Jochen Miller,Flashback,House Party 2012,2011,Ministry Of Sound,33116274,5:44
Marco V,Unprepared (Marcel Woods Remix),House Party 2012,2011,Ministry Of Sound,33116274,6:38
Mike Koglin,Helion (Norin & Rad Remix),House Party 2012,2011,Ministry Of Sound,33116274,6:51
RedRoche,Make Your Move (Tristan Garner Mix),House Party 2012,2011,Ministry Of Sound,33116274,5:04
Sander van Doorn,Koko,House Party 2012,2011,Ministry Of Sound,33116274,3:10
D. Ramirez,Shield,House Party 2012,2011,Ministry Of Sound,33116274,6:34
Wippenberg,Phoenix (Extended Mix),House Party 2012,2011,Ministry Of Sound,33116274,7:48
Apster,Brougham,House Party 2012,2011,Ministry Of Sound,33116274,5:01
Denzal Park,I'm A Drum Machine (Step Up) [Radio Edit],House Party 2012,2011,Ministry Of Sound,33116274,2:26
Gyptian,Hold You (Major Lazer Remix),House Party 2012,2011,Ministry Of Sound,33116274,3:37
Ian Carey,Last Night (Afrojack Remix),House Party 2012,2011,Ministry Of Sound,33116274,5:22
Tearce 'Kizzo' Keaz,This Time (Sidney Samson Remix),House Party 2012,2011,Ministry Of Sound,33116274,4:48
R3hab,Bottle Song,House Party 2012,2011,Ministry Of Sound,33116274,4:37
R3hab,Sending My Love,House Party 2012,2011,Ministry Of Sound,33116274,6:26
The Beatthiefs,Umbungo (Chocolate Puma Remix),House Party 2012,2011,Ministry Of Sound,33116274,6:10
Wolfgang Gartner,Illmerica (Radio Edit),House Party 2012,2011,Ministry Of Sound,33116274,2:31
Blame,Star (Doctor P No Rap Remix),House Party 2012,2011,Ministry Of Sound,33116274,4:38
DJ Vadim,Terrorist (Prototypes Remix),House Party 2012,2011,Ministry Of Sound,33116274,5:01
Eric Prydz,Niton (The Reason) [Sigma Remix],House Party 2012,2011,Ministry Of Sound,33116274,6:06
J Majik,In Pieces (Xilent Remix),House Party 2012,2011,Ministry Of Sound,33116274,4:54
The Qemists,Take It Back (The Prototypes Remix),House Party 2012,2011,Ministry Of Sound,33116274,4:35
Ad Brown,Memorial (You Were Loved) [Maor Levi Club Mix],House Party 2012,2011,Ministry Of Sound,33116274,8:37
Arty (2),Wall (Arty Remode Radio Edit),House Party 2012,2011,Ministry Of Sound,33116274,4:17
Time Takers,She Blows (Whistle Song) [Dillion Francis Instrumental Mix],House Party 2012,2011,Ministry Of Sound,33116274,4:21
Ben Gold,Pandemic,House Party 2012,2011,Ministry Of Sound,33116274,7:06
Leon Bolier,Capetown,House Party 2012,2011,Ministry Of Sound,33116274,7:49
Dennis Sheperd,Fallen Angel (Dennis Sheperd Club Mix),House Party 2012,2011,Ministry Of Sound,33116274,7:52
D-Mad,I Love Indigo (Festival Mix),House Party 2012,2011,Ministry Of Sound,33116274,7:32
Nic Chagall,Alone With You,House Party 2012,2011,Ministry Of Sound,33116274,7:45
Erick Strong,Hopeless,House Party 2012,2011,Ministry Of Sound,33116274,7:58
Jochen Miller,uPad (Extended),House Party 2012,2011,Ministry Of Sound,33116274,8:17
Jon O'Bir,Let Go,House Party 2012,2011,Ministry Of Sound,33116274,6:51
Marcel Woods,Advanced (Tiësto Remix),House Party 2012,2011,Ministry Of Sound,33116274,5:45
Mark Eteson,Blackboard (Jon O'Bir Remix),House Party 2012,2011,Ministry Of Sound,33116274,7:54
Radion 6,Stuck in Rio,House Party 2012,2011,Ministry Of Sound,33116274,6:09
Super8,Perfect Day (Gareth Emery Remix),House Party 2012,2011,Ministry Of Sound,33116274,6:31
Tom Colontonio,Trinium,House Party 2012,2011,Ministry Of Sound,33116274,7:42
Ummet Ozcan,Reboot,House Party 2012,2011,Ministry Of Sound,33116274,3:05
Alex Kenji,Let's Get This Thing Started (Saeed Younan Remix),House Party 2012,2011,Ministry Of Sound,33116274,7:06
Anil Chawla,Leftorium (Philipp Ort Remix),House Party 2012,2011,Ministry Of Sound,33116274,7:52
Audio Junkies,Let's Make A Party (Alex Kenji & Manuel De La Mare Remix),House Party 2012,2011,Ministry Of Sound,33116274,7:15
John Dahlbäck,Are You Nervous,House Party 2012,2011,Ministry Of Sound,33116274,6:00
Oliver Knight (2),Navaja (Kaiserdisco Remix),House Party 2012,2011,Ministry Of Sound,33116274,8:16
Pete Tong,Wardance (Matthias Tanzmann Remix),House Party 2012,2011,Ministry Of Sound,33116274,7:40
Peter Gelderblom,Waiting 4 2011 (Manuel De La Mare Remix),House Party 2012,2011,Ministry Of Sound,33116274,5:37
Phunk Investigation,Belo Horizonti (Ahmet Sendil Remix),House Party 2012,2011,Ministry Of Sound,33116274,6:33
Sean Miller,Sinnerman,House Party 2012,2011,Ministry Of Sound,33116274,8:57
Sharam Jey,Shake Your (Nicole Moudaber Remix),House Party 2012,2011,Ministry Of Sound,33116274,7:42
Sander Young,Ca Va,House Party 2012,2011,Ministry Of Sound,33116274,7:44
Cheryl Cole,Fight For This Love (Cahill Radio Edit),Germany's Next Topmodel - The Official Catwalk Hits Taken From The TV Show 2010,2010,Ministry Of Sound,4590095,3:42
Jason Derulo,Watcha Say,Germany's Next Topmodel - The Official Catwalk Hits Taken From The TV Show 2010,2010,Ministry Of Sound,4590095,3:43
"Timbaland, Nelly Furtado, Soshy",Morning After Dark (Moto Blanco Radio),Germany's Next Topmodel - The Official Catwalk Hits Taken From The TV Show 2010,2010,Ministry Of Sound,4590095,3:47
Kesha,TiK ToK (Fred Falke Radio),Germany's Next Topmodel - The Official Catwalk Hits Taken From The TV Show 2010,2010,Ministry Of Sound,4590095,3:53
Stromae,Alors On Danse,Germany's Next Topmodel - The Official Catwalk Hits Taken From The TV Show 2010,2010,Ministry Of Sound,4590095,3:25
Shantel,Disko Partizani,Germany's Next Topmodel - The Official Catwalk Hits Taken From The TV Show 2010,2010,Ministry Of Sound,4590095,3:56
"Taio Cruz, Luciana",Come On Girl,Germany's Next Topmodel - The Official Catwalk Hits Taken From The TV Show 2010,2010,Ministry Of Sound,4590095,3:21
Make The Girl Dance,Baby Baby Baby,Germany's Next Topmodel - The Official Catwalk Hits Taken From The TV Show 2010,2010,Ministry Of Sound,4590095,4:04
Yeah Yeah Yeahs,Heads Will Roll (Tommie Sunshine Remix),Germany's Next Topmodel - The Official Catwalk Hits Taken From The TV Show 2010,2010,Ministry Of Sound,4590095,5:19
"Crookers, Kardinal Offishall, Carla Marie Williams",Put Your Hands On Me,Germany's Next Topmodel - The Official Catwalk Hits Taken From The TV Show 2010,2010,Ministry Of Sound,4590095,3:04
"Honorebel, Pitbull, Jump Smokers",Now You See It,Germany's Next Topmodel - The Official Catwalk Hits Taken From The TV Show 2010,2010,Ministry Of Sound,4590095,3:27
"Sidney Samson, Wizard Sleeve",Riverside (Let's Go),Germany's Next Topmodel - The Official Catwalk Hits Taken From The TV Show 2010,2010,Ministry Of Sound,4590095,2:35
"Martin Solveig, Dragonette",Boys & Girls,Germany's Next Topmodel - The Official Catwalk Hits Taken From The TV Show 2010,2010,Ministry Of Sound,4590095,3:31
"Bob Sinclar, Sahara (10), Shaggy",I Wanna,Germany's Next Topmodel - The Official Catwalk Hits Taken From The TV Show 2010,2010,Ministry Of Sound,4590095,3:17
The Gossip,Love Long Distance,Germany's Next Topmodel - The Official Catwalk Hits Taken From The TV Show 2010,2010,Ministry Of Sound,4590095,4:25
Emiliana Torrini,Jungle Drum,Germany's Next Topmodel - The Official Catwalk Hits Taken From The TV Show 2010,2010,Ministry Of Sound,4590095,2:11
Black Eyed Peas,I Gotta Feeling (FMIF Remix Edit),Germany's Next Topmodel - The Official Catwalk Hits Taken From The TV Show 2010,2010,Ministry Of Sound,4590095,3:53
"Meck (2), Dino Lenny",Feels Like A Prayer,Germany's Next Topmodel - The Official Catwalk Hits Taken From The TV Show 2010,2010,Ministry Of Sound,4590095,3:01
"Stefano Maggio, Filippo Manni (2)",Whip Whip Whip,Germany's Next Topmodel - The Official Catwalk Hits Taken From The TV Show 2010,2010,Ministry Of Sound,4590095,3:57
"Bodyrox, Luciana",Shut Your Mouth,Germany's Next Topmodel - The Official Catwalk Hits Taken From The TV Show 2010,2010,Ministry Of Sound,4590095,3:29
Ida Corr,I Want You (Funkerman Radio Edit),Germany's Next Topmodel - The Official Catwalk Hits Taken From The TV Show 2010,2010,Ministry Of Sound,4590095,3:09
"Plastik Funk, Rikke Lyck Rasmussen",Cinderella Stereo,Germany's Next Topmodel - The Official Catwalk Hits Taken From The TV Show 2010,2010,Ministry Of Sound,4590095,3:03
Rock Massive,You Know Why (PH Electro Radio Edit),Germany's Next Topmodel - The Official Catwalk Hits Taken From The TV Show 2010,2010,Ministry Of Sound,4590095,3:36
"Richard ""Humpty"" Vission, Static Revenger, Luciana",I Like That,Germany's Next Topmodel - The Official Catwalk Hits Taken From The TV Show 2010,2010,Ministry Of Sound,4590095,3:18
Snap!,Rhythm Is A Dancer (Armand van Helden Remix Edit),Germany's Next Topmodel - The Official Catwalk Hits Taken From The TV Show 2010,2010,Ministry Of Sound,4590095,3:17
Micha Moor,Learn To Fly,Germany's Next Topmodel - The Official Catwalk Hits Taken From The TV Show 2010,2010,Ministry Of Sound,4590095,3:46
Lake & Lys,La Tromba (The Remixes) (Riva Starr Remix),Germany's Next Topmodel - The Official Catwalk Hits Taken From The TV Show 2010,2010,Ministry Of Sound,4590095,3:30
"Maboo Inc., Richard Grey, Todd Terry",Something's Going On (2010) (Antranig Remix),Germany's Next Topmodel - The Official Catwalk Hits Taken From The TV Show 2010,2010,Ministry Of Sound,4590095,2:59
"Syke 'n' Sugarstarr, DBN, Cosmo Klein",My Belief (Jean Elan Radio Edit),Germany's Next Topmodel - The Official Catwalk Hits Taken From The TV Show 2010,2010,Ministry Of Sound,4590095,3:30
"Francesco Diaz & Young Rebels, Terri Bjerre",Into The Night (Vocal Edit),Germany's Next Topmodel - The Official Catwalk Hits Taken From The TV Show 2010,2010,Ministry Of Sound,4590095,2:59
Reunited,Sing It Back (Sidelmann Funkelectric Mix),Germany's Next Topmodel - The Official Catwalk Hits Taken From The TV Show 2010,2010,Ministry Of Sound,4590095,3:11
Example,Changed The Way You Kiss Me,Playing In The Shadows,2011,Ministry Of Sound,4769315,3:14
Example,Shot Yourself In The Foot Again,Playing In The Shadows,2011,Ministry Of Sound,4769315,3:44
No Artist,Intro Bamboo,Presents His 2006 FIFA World Cup™ Hits,2006,Ministry Of Sound,17969011,0:20
"Bob Sinclar, Goleo VI",Love Generation,Presents His 2006 FIFA World Cup™ Hits,2006,Ministry Of Sound,17969011,3:31
"Goleo VI, Lumidee, Fatman Scoop",Dance!,Presents His 2006 FIFA World Cup™ Hits,2006,Ministry Of Sound,17969011,3:37
"Goleo VI, Atomic Kitten",All Together Now (Strong Together),Presents His 2006 FIFA World Cup™ Hits,2006,Ministry Of Sound,17969011,3:11
"Goleo VI, Pachanga",Hip Hop Hooray 06 (Reggaeton Remix),Presents His 2006 FIFA World Cup™ Hits,2006,Ministry Of Sound,17969011,4:31
"Goleo VI, British Intelligence",All About The Football,Presents His 2006 FIFA World Cup™ Hits,2006,Ministry Of Sound,17969011,3:37
"Damian Marley, Stephen Marley, Ziggy Marley",Could You Be Loved (And Be Loved),Presents His 2006 FIFA World Cup™ Hits,2006,Ministry Of Sound,17969011,4:00
Goleo VI,Summerlove,Presents His 2006 FIFA World Cup™ Hits,2006,Ministry Of Sound,17969011,3:37
Soca Warriors,Sweet Soca Music,Presents His 2006 FIFA World Cup™ Hits,2006,Ministry Of Sound,17969011,3:26
"Goleo VI, Zero Assoluto",Svegliarsi La Mattina,Presents His 2006 FIFA World Cup™ Hits,2006,Ministry Of Sound,17969011,3:45
"Goleo VI, Patrizio Buanne",Stand Up! (Champions' Theme),Presents His 2006 FIFA World Cup™ Hits,2006,Ministry Of Sound,17969011,3:11
No Artist,Bamboo (Goleo VI's 2006 FIFA World Cup™ Dance Mix),Presents His 2006 FIFA World Cup™ Hits,2006,Ministry Of Sound,17969011,4:13
"Meck (2), Leo Sayer",Thunder In My Heart Again,Dance Nation 2006 (Ministry Of Sound),2006,Ministry Of Sound,20502073,
Sunblock (2),First Time,Dance Nation 2006 (Ministry Of Sound),2006,Ministry Of Sound,20502073,
"Blaze, Barbara Tucker",Most Precious Love (Freemasons Extended Mix),Dance Nation 2006 (Ministry Of Sound),2006,Ministry Of Sound,20502073,
Jamiroquai,Dynamite (Oliver Lang Remix),Dance Nation 2006 (Ministry Of Sound),2006,Ministry Of Sound,20502073,
Mish Mash (2),Speechless (King Unique Remix),Dance Nation 2006 (Ministry Of Sound),2006,Ministry Of Sound,20502073,
Stylophonic,Baby Beat Box,Dance Nation 2006 (Ministry Of Sound),2006,Ministry Of Sound,20502073,
Switch (2),A Bit Patchy,Dance Nation 2006 (Ministry Of Sound),2006,Ministry Of Sound,20502073,
Armand Van Helden,Sugar (Paperfaces Mix),Dance Nation 2006 (Ministry Of Sound),2006,Ministry Of Sound,20502073,
"Cajmere, Dajaé",Say You Will,Dance Nation 2006 (Ministry Of Sound),2006,Ministry Of Sound,20502073,
Gaelle Adisson,Give It Back (Electro Funk Lovers Remix),Dance Nation 2006 (Ministry Of Sound),2006,Ministry Of Sound,20502073,
TIGA,Pleasure From The Bass,Dance Nation 2006 (Ministry Of Sound),2006,Ministry Of Sound,20502073,
Goldfrapp,Ride A White Horse,Dance Nation 2006 (Ministry Of Sound),2006,Ministry Of Sound,20502073,
BeatFreakz,Somebodys Watching Me (Hi Tack Club Mix),Dance Nation 2006 (Ministry Of Sound),2006,Ministry Of Sound,20502073,
Bodyrockers,Round & Round,Dance Nation 2006 (Ministry Of Sound),2006,Ministry Of Sound,20502073,
"Solu Music, Kimblee",Fade (Grant Nelson Big Room Vocal Mix),Dance Nation 2006 (Ministry Of Sound),2006,Ministry Of Sound,20502073,
Martin Solveig,Jealousy,Dance Nation 2006 (Ministry Of Sound),2006,Ministry Of Sound,20502073,
Soul Central,Need You Now,Dance Nation 2006 (Ministry Of Sound),2006,Ministry Of Sound,20502073,
Soundbwoy Ent,Never Wanna Say (DJ Bomba Remix),Dance Nation 2006 (Ministry Of Sound),2006,Ministry Of Sound,20502073,
"The Disco Boyz, Manfred Mann's Earth Band",For You (Freemasons Remix),Dance Nation 2006 (Ministry Of Sound),2006,Ministry Of Sound,20502073,
Southside Hustlers,Right Before My Eyes,Dance Nation 2006 (Ministry Of Sound),2006,Ministry Of Sound,20502073,
"Cream (2), The Hoxtons",Sunshine Of Your Love,Dance Nation 2006 (Ministry Of Sound),2006,Ministry Of Sound,20502073,
Bent Fabric,Jukebox Remix,Dance Nation 2006 (Ministry Of Sound),2006,Ministry Of Sound,20502073,
Naomi Marsh,Now & Forever (Soulshaker Extended Mix),Dance Nation 2006 (Ministry Of Sound),2006,Ministry Of Sound,20502073,
"Underground Movement (4), Stanford",Shake (Kurd Maverick Mix),Dance Nation 2006 (Ministry Of Sound),2006,Ministry Of Sound,20502073,
Playback (2),Hit The Bricks,Dance Nation 2006 (Ministry Of Sound),2006,Ministry Of Sound,20502073,
Marco V,False Light,Dance Nation 2006 (Ministry Of Sound),2006,Ministry Of Sound,20502073,
Dallas Superstars,A Fine Day,Dance Nation 2006 (Ministry Of Sound),2006,Ministry Of Sound,20502073,
"DJ Tiësto, Allure",The Loves We Lost,Dance Nation 2006 (Ministry Of Sound),2006,Ministry Of Sound,20502073,
"Professor Green, Lily Allen",Just Be Good To Green,Street Dance 2010,2010,Ministry Of Sound,6317478,
"Tinie Tempah, Labrinth",Frisky,Street Dance 2010,2010,Ministry Of Sound,6317478,
Dizzee Rascal,Dirtee Disco,Street Dance 2010,2010,Ministry Of Sound,6317478,
Roll Deep,Good Times,Street Dance 2010,2010,Ministry Of Sound,6317478,
Chiddy Bang,Opposite Of Adults,Street Dance 2010,2010,Ministry Of Sound,6317478,
"Naughty Boy (3), Wiley (2), Emeli Sandé",Never Be Your Woman (Shy FX Radio Edit),Street Dance 2010,2010,Ministry Of Sound,6317478,
The Prodigy,Take Me To The Hospital (Rusko Remix),Street Dance 2010,2010,Ministry Of Sound,6317478,
Fresh,Gold Dust,Street Dance 2010,2010,Ministry Of Sound,6317478,
"Shy FX & T Power, Di",Shake Ur Body,Street Dance 2010,2010,Ministry Of Sound,6317478,
Fugative,Bad Girl (Dawood & Preston Edit),Street Dance 2010,2010,Ministry Of Sound,6317478,
"Wiley (2), Jodie Connor, J2K",Electric Boogaloo (Find A Way),Street Dance 2010,2010,Ministry Of Sound,6317478,
"DJ Zinc, Ms. Dynamite",Wile Out,Street Dance 2010,2010,Ministry Of Sound,6317478,
Skepta,Rolex Sweep,Street Dance 2010,2010,Ministry Of Sound,6317478,
"H Two O, Platnum (3)",What's It Gonna Be (Agent X Re-Rub Edit),Street Dance 2010,2010,Ministry Of Sound,6317478,
"DJ Q (3), MC Bonez",You Wot!,Street Dance 2010,2010,Ministry Of Sound,6317478,
T.C. (2),Where's My Money (Caspa Remix),Street Dance 2010,2010,Ministry Of Sound,6317478,
Skream,Burning Up,Street Dance 2010,2010,Ministry Of Sound,6317478,
"Blame, Ruff Sqwad",On My Own,Street Dance 2010,2010,Ministry Of Sound,6317478,
M.V.P.,"Roc Ya Body ""Mic Check 1, 2""",Street Dance 2010,2010,Ministry Of Sound,6317478,
Swedish House Mafia,One (Original Mix),Street Dance 2010,2010,Ministry Of Sound,6317478,
"David Guetta, Chris Willis, Fergie (2), LMFAO",Gettin' Over You,Street Dance 2010,2010,Ministry Of Sound,6317478,
"Yolanda Be Cool, DCup",We No Speak Americano,Street Dance 2010,2010,Ministry Of Sound,6317478,
"Professor Green, Ed Drewett",I Need You Tonight (Doman & Gooding Remix),Street Dance 2010,2010,Ministry Of Sound,6317478,
"Dizzee Rascal, Armand Van Helden",Bonkers (Doorly Remix),Street Dance 2010,2010,Ministry Of Sound,6317478,
Tinie Tempah,Pass Out (DC Breaks Remix),Street Dance 2010,2010,Ministry Of Sound,6317478,
"Riva Starr, Nôze",I Was Drunk (DJ Sneak's Drunken Main Mix Edit),Street Dance 2010,2010,Ministry Of Sound,6317478,
Sub Focus,Could This Be Real,Street Dance 2010,2010,Ministry Of Sound,6317478,
"Armand Van Helden, A-Track, Duck Sauce",Anyway,Street Dance 2010,2010,Ministry Of Sound,6317478,
Basshunter,Saturday,Street Dance 2010,2010,Ministry Of Sound,6317478,
The Prodigy,Firestarter,Ministry Of Sound One,2009,Ministry Of Sound,2064310,3:46
Cornershop,Brimful Of Asha (Norman Cook Remix),Ministry Of Sound One,2009,Ministry Of Sound,2064310,4:01
Basement Jaxx,Rendez-vu,Ministry Of Sound One,2009,Ministry Of Sound,2064310,4:45
Mint Royale,Singin' In The Rain,Ministry Of Sound One,2009,Ministry Of Sound,2064310,2:04
"Armand Van Helden, Duane Harden",U Don't Know Me,Ministry Of Sound One,2009,Ministry Of Sound,2064310,3:57
Tori Amos,Professional Widow (Armand Van Helden Remix),Ministry Of Sound One,2009,Ministry Of Sound,2064310,3:47
All Saints,Pure Shores,Ministry Of Sound One,2009,Ministry Of Sound,2064310,4:26
Black Legend,The Trouble With Me,Ministry Of Sound One,2009,Ministry Of Sound,2064310,3:19
Shapeshifters,Lola's Theme,Ministry Of Sound One,2009,Ministry Of Sound,2064310,3:25
Kylie Minogue,Love At First Sight,Ministry Of Sound One,2009,Ministry Of Sound,2064310,3:57
Madison Avenue,Don't Call Me Baby,Ministry Of Sound One,2009,Ministry Of Sound,2064310,3:47
"Chicane, Bryan Adams",Don't Give Up,Ministry Of Sound One,2009,Ministry Of Sound,2064310,3:40
"Basshunter, Bazzheadz",Now You're Gone,Ministry Of Sound One,2009,Ministry Of Sound,2064310,2:27
Sash!,Encore Une Fois,Ministry Of Sound One,2009,Ministry Of Sound,2064310,3:37
"Dizzee Rascal, Calvin Harris, Chrome (13)",Dance Wiv Me,Ministry Of Sound One,2009,Ministry Of Sound,2064310,3:23
DJ Pied Piper & The Masters Of Ceremonies,Do You Really Like It?,Ministry Of Sound One,2009,Ministry Of Sound,2064310,3:37
"The Source, Candi Staton",You Got The Love (New Voyager Remix),Ministry Of Sound One,2009,Ministry Of Sound,2064310,3:12
Snap!,Rhythm Is A Dancer,Ministry Of Sound One,2009,Ministry Of Sound,2064310,3:41
D:Ream,Things Can Only Get Better,Ministry Of Sound One,2009,Ministry Of Sound,2064310,4:14
Culture Beat,Mr. Vain,Ministry Of Sound One,2009,Ministry Of Sound,2064310,4:17
The Shamen,Ebeneezer Goode (Beat Edit),Ministry Of Sound One,2009,Ministry Of Sound,2064310,3:51
The Outhere Brothers,Boom Boom Boom,Ministry Of Sound One,2009,Ministry Of Sound,2064310,3:00
Gala,Freed From Desire,Ministry Of Sound One,2009,Ministry Of Sound,2064310,3:34
Baby D,Let Me Be Your Fantasy,Ministry Of Sound One,2009,Ministry Of Sound,2064310,3:50
S'Express,Theme From S'Express,Ministry Of Sound One,2009,Ministry Of Sound,2064310,3:54
"Steve ""Silk"" Hurley",Jack Your Body,Ministry Of Sound One,2009,Ministry Of Sound,2064310,3:19
"Soul II Soul, Caron Wheeler",Back To Life (However Do You Want Me),Ministry Of Sound One,2009,Ministry Of Sound,2064310,3:44
"Labrinth, Tinie Tempah",Earthquake,One R&B,2012,Ministry Of Sound,3554316,3:33
"Fresh, Rita Ora",Hot Right Now (Kamuki Edit),One R&B,2012,Ministry Of Sound,3554316,1:59
"Pitbull, Ne-Yo, Afrojack, Nayer (2)",Give Me Everything,One R&B,2012,Ministry Of Sound,3554316,3:43
"Usher, Pitbull",DJ's Got Us Falling In Love,One R&B,2012,Ministry Of Sound,3554316,3:35
"Calvin Harris, Kelis",Bounce,One R&B,2012,Ministry Of Sound,3554316,3:29
JLS (3),She Makes Me Wanna,One R&B,2012,Ministry Of Sound,3554316,3:19
Alexis Jordan,Happiness,One R&B,2012,Ministry Of Sound,3554316,3:57
"Loick Essien, Tanya Lacey",How We Roll,One R&B,2012,Ministry Of Sound,3554316,3:24
"Chipmunk, Emeli Sandé",Diamond Rings,One R&B,2012,Ministry Of Sound,3554316,2:53
Katy B,On A Mission,One R&B,2012,Ministry Of Sound,3554316,3:36
"Magnetic Man, Angela Hunte",I Need Air,One R&B,2012,Ministry Of Sound,3554316,4:06
"Wretch 32, L (6)",Traktor,One R&B,2012,Ministry Of Sound,3554316,3:32
Yasmin (3),Finish Line (Freemasons Radio Edit),One R&B,2012,Ministry Of Sound,3554316,3:19
Nadia Ali,Rapture (Avicii Edit),One R&B,2012,Ministry Of Sound,3554316,3:28
"Kid Cudi, Crookers",Day N Nite,One R&B,2012,Ministry Of Sound,3554316,2:42
"Sidney Samson, Wizard Sleeve",Riverside,One R&B,2012,Ministry Of Sound,3554316,2:29
Aloe Blacc,I Need A Dollar (Zinc Remix),One R&B,2012,Ministry Of Sound,3554316,5:49
"Rihanna, Jay-Z",Umbrella,One R&B,2012,Ministry Of Sound,3554316,4:25
"Justin Timberlake, Timbaland",Sexy Back,One R&B,2012,Ministry Of Sound,3554316,3:58
"Blu Cantrell, Sean Paul",Breathe,One R&B,2012,Ministry Of Sound,3554316,3:44
Jennifer Lopez,Play,One R&B,2012,Ministry Of Sound,3554316,3:16
"Ciara (2), Justin Timberlake",Love Sex Magic,One R&B,2012,Ministry Of Sound,3554316,3:39
Britney Spears,Toxic,One R&B,2012,Ministry Of Sound,3554316,3:18
Kelly Rowland,Work (Freemasons Edit),One R&B,2012,Ministry Of Sound,3554316,3:05
Shakira,She Wolf,One R&B,2012,Ministry Of Sound,3554316,3:05
Kesha,Tik Tok,One R&B,2012,Ministry Of Sound,3554316,3:16
J-Kwon,Tipsy,One R&B,2012,Ministry Of Sound,3554316,3:57
"Sean Kingston, Jonathan ""J.R."" Rotem",Beautiful Girl,One R&B,2012,Ministry Of Sound,3554316,3:43
Jay Sean,Maybe (Sunship Edit),One R&B,2012,Ministry Of Sound,3554316,5:06
"H Two O, Platnum (3)",What's It Gonna Be (Agent-X Radio Edit),One R&B,2012,Ministry Of Sound,3554316,3:00
"Artful Dodger, Romina Johnson",Movin' Too Fast,One R&B,2012,Ministry Of Sound,3554316,3:54
Tina Moore,Never Gonna Let You Go (Kelly G Bump N Go Vocal Edit),One R&B,2012,Ministry Of Sound,3554316,4:07
"DJ Luck & MC Neat, JJ (5)",Masterblaster 2000 (Oracles Radio Edit),One R&B,2012,Ministry Of Sound,3554316,3:27
Kristine Blond,Love Shy (Club Asylum Edit),One R&B,2012,Ministry Of Sound,3554316,3:40
En Vogue,Don't Let Go,One R&B,2012,Ministry Of Sound,3554316,4:45
Whitney Houston,It's Not Right But It's Okay,One R&B,2012,Ministry Of Sound,3554316,4:37
"R. Kelly, Public Announcement",She's Got That Vibe,One R&B,2012,Ministry Of Sound,3554316,3:09
Toni Braxton,Unbreak My Heart (Frankie Knuckles Radio Edit),One R&B,2012,Ministry Of Sound,3554316,4:24
Mary Mary,Shackles,One R&B,2012,Ministry Of Sound,3554316,3:00
Ginuwine,Pony,One R&B,2012,Ministry Of Sound,3554316,4:06
Kandi,Dont Think I'm Not,One R&B,2012,Ministry Of Sound,3554316,3:45
Next (2),Too Close,One R&B,2012,Ministry Of Sound,3554316,4:03
"Donell Jones, Lisa ""Left Eye"" Lopes",U Know What's Up,One R&B,2012,Ministry Of Sound,3554316,3:57
Another Level,Freak Me,One R&B,2012,Ministry Of Sound,3554316,3:41
SWV,Right Here (Human Nature Edit),One R&B,2012,Ministry Of Sound,3554316,3:38
Diana King,Shy Guy,One R&B,2012,Ministry Of Sound,3554316,3:38
Madcon,Beggin',One R&B,2012,Ministry Of Sound,3554316,3:29
OutKast,Ms Jackson,One R&B,2012,Ministry Of Sound,3554316,3:52
Cypress Hill,Insane In The Brain,One R&B,2012,Ministry Of Sound,3554316,3:26
Wu-Tang Clan,Gravel Pit,One R&B,2012,Ministry Of Sound,3554316,3:46
Ini Kamoze,Here Comes The Hostepper,One R&B,2012,Ministry Of Sound,3554316,4:02
DJ Jazzy Jeff & The Fresh Prince,Boom Shake The Room,One R&B,2012,Ministry Of Sound,3554316,3:48
Silbermond,In Zeiten Wie Diesen,Starke Stimmen Gegen Rechts - Demo(kratie)tape,2008,Ministry Of Sound,3446825,4:35
Seeed,Respectness,Starke Stimmen Gegen Rechts - Demo(kratie)tape,2008,Ministry Of Sound,3446825,4:19
Jan Delay,www.hitler.de,Starke Stimmen Gegen Rechts - Demo(kratie)tape,2008,Ministry Of Sound,3446825,4:05
Söhne Mannheims,Traurige Lieder,Starke Stimmen Gegen Rechts - Demo(kratie)tape,2008,Ministry Of Sound,3446825,6:50
Jennifer Rostock,Ich Will Hier Raus,Starke Stimmen Gegen Rechts - Demo(kratie)tape,2008,Ministry Of Sound,3446825,2:42
Sportfreunde Stiller,Antinazibund,Starke Stimmen Gegen Rechts - Demo(kratie)tape,2008,Ministry Of Sound,3446825,3:00
Beatsteaks,E-G-O,Starke Stimmen Gegen Rechts - Demo(kratie)tape,2008,Ministry Of Sound,3446825,2:43
LaFee,Mitternacht,Starke Stimmen Gegen Rechts - Demo(kratie)tape,2008,Ministry Of Sound,3446825,4:09
TempEau.,Mädchen Aus Greifswald,Starke Stimmen Gegen Rechts - Demo(kratie)tape,2008,Ministry Of Sound,3446825,4:54
Dynamite Deluxe,So Laut Es Geht,Starke Stimmen Gegen Rechts - Demo(kratie)tape,2008,Ministry Of Sound,3446825,2:43
Super700,Selfcontrol,Starke Stimmen Gegen Rechts - Demo(kratie)tape,2008,Ministry Of Sound,3446825,4:33
Keimzeit,Paul,Starke Stimmen Gegen Rechts - Demo(kratie)tape,2008,Ministry Of Sound,3446825,3:08
King Family,Carry Me Home,Starke Stimmen Gegen Rechts - Demo(kratie)tape,2008,Ministry Of Sound,3446825,3:10
Polarkreis 18,Crystal Lake,Starke Stimmen Gegen Rechts - Demo(kratie)tape,2008,Ministry Of Sound,3446825,4:36
"Joy Denalane, Lupe Fiasco",Change,Starke Stimmen Gegen Rechts - Demo(kratie)tape,2008,Ministry Of Sound,3446825,4:16
Empty Trash,Ring The Alarm,Starke Stimmen Gegen Rechts - Demo(kratie)tape,2008,Ministry Of Sound,3446825,2:57
Klee,2 Fragen,Starke Stimmen Gegen Rechts - Demo(kratie)tape,2008,Ministry Of Sound,3446825,3:58
Die Toten Hosen,Madelaine (Aus Lüdenscheid),Starke Stimmen Gegen Rechts - Demo(kratie)tape,2008,Ministry Of Sound,3446825,3:37
Robyn,In My Eyes,Body Talk Pt. 2,2010,Ministry Of Sound,2439568,4:08
Robyn,Include Me Out,Body Talk Pt. 2,2010,Ministry Of Sound,2439568,3:31
Robyn,Hang With Me,Body Talk Pt. 2,2010,Ministry Of Sound,2439568,4:21
Robyn,Love Kills,Body Talk Pt. 2,2010,Ministry Of Sound,2439568,4:32
Robyn,We Dance To The Beat,Body Talk Pt. 2,2010,Ministry Of Sound,2439568,4:39
Robyn,Criminal Intent,Body Talk Pt. 2,2010,Ministry Of Sound,2439568,3:43
Robyn,U Should Know Better,Body Talk Pt. 2,2010,Ministry Of Sound,2439568,4:01
Robyn,Indestructible (Acoustic Version),Body Talk Pt. 2,2010,Ministry Of Sound,2439568,4:14
Robyn,Indestructible,Body Talk Pt. 3,2010,Ministry Of Sound,2589885,3:41
Robyn,Time Machine,Body Talk Pt. 3,2010,Ministry Of Sound,2589885,3:33
Robyn,Call Your Girlfriend,Body Talk Pt. 3,2010,Ministry Of Sound,2589885,3:47
Robyn,Get Myself Together,Body Talk Pt. 3,2010,Ministry Of Sound,2589885,3:41
Robyn,Stars 4-Ever,Body Talk Pt. 3,2010,Ministry Of Sound,2589885,4:00
"Robyn, Swing-Fly",Curriculum Vitae,Robyn,2010,Ministry Of Sound,2947278,1:53
Robyn,Cobrastyle,Robyn,2010,Ministry Of Sound,2947278,4:12
Robyn,Bum Like You,Robyn,2010,Ministry Of Sound,2947278,3:29
Robyn,Bionic Woman,Robyn,2010,Ministry Of Sound,2947278,0:18
Robyn,Crash And Burn Girl,Robyn,2010,Ministry Of Sound,2947278,3:37
Robyn,Robotboy,Robyn,2010,Ministry Of Sound,2947278,3:29
Robyn,Eclipse,Robyn,2010,Ministry Of Sound,2947278,3:31
Robyn,Should Have Known,Robyn,2010,Ministry Of Sound,2947278,4:00
Robyn,Any Time You Like,Robyn,2010,Ministry Of Sound,2947278,3:53
Robyn,Dream On (New Version),Robyn,2010,Ministry Of Sound,2947278,3:14
Duran Duran,The Wild Boys,Electronic 80s,2010,Ministry Of Sound,2613909,4:17
Ultravox,Dancing With Tears In My Eyes,Electronic 80s,2010,Ministry Of Sound,2613909,4:05
The Assembly,Never Never,Electronic 80s,2010,Ministry Of Sound,2613909,3:45
Fiction Factory,Feels Like Heaven,Electronic 80s,2010,Ministry Of Sound,2613909,3:29
Billy Idol,Catch My Fall,Electronic 80s,2010,Ministry Of Sound,2613909,3:42
Propaganda,Dr. Mabuse,Electronic 80s,2010,Ministry Of Sound,2613909,5:01
China Crisis,Wishful Thinking,Electronic 80s,2010,Ministry Of Sound,2613909,4:09
Flash & The Pan,Midnight Man,Electronic 80s,2010,Ministry Of Sound,2613909,4:52
Simple Minds,Love Song,Electronic 80s,2010,Ministry Of Sound,2613909,5:04
Talk Talk,Today,Electronic 80s,2010,Ministry Of Sound,2613909,3:11
David Bowie,Fashion,Electronic 80s,2010,Ministry Of Sound,2613909,4:08
Nik Kershaw,Dancing Girls,Electronic 80s,2010,Ministry Of Sound,2613909,3:44
Yello,Vicious Games,Electronic 80s,2010,Ministry Of Sound,2613909,3:36
M (2),Pop Muzik,Electronic 80s,2010,Ministry Of Sound,2613909,3:53
Yazoo,Only You,Electronic 80s,2010,Ministry Of Sound,2613909,3:10
Moti Special,"Cold Days, Hot Nights",Electronic 80s,2010,Ministry Of Sound,2613909,3:40
Spandau Ballet,Only When You Leave,Electronic 80s,2010,Ministry Of Sound,2613909,5:03
The Twins,Ballet Dancer,Electronic 80s,2010,Ministry Of Sound,2613909,3:13
Bryan Ferry,Kiss And Tell,Electronic 80s,2010,Ministry Of Sound,2613909,3:58
Frankie Goes To Hollywood,Two Tribes,Electronic 80s,2010,Ministry Of Sound,2613909,3:22
Erasure,Oh L'Amour,Electronic 80s,2010,Ministry Of Sound,2613909,3:07
Culture Club,Karma Chameleon,Electronic 80s,2010,Ministry Of Sound,2613909,4:10
Heaven 17,Let Me Go,Electronic 80s,2010,Ministry Of Sound,2613909,4:16
Talk Talk,Such A Shame,Electronic 80s,2010,Ministry Of Sound,2613909,5:40
Sigue Sigue Sputnik,Love Missile,Electronic 80s,2010,Ministry Of Sound,2613909,3:43
Real Life,Send Me An Angel,Electronic 80s,2010,Ministry Of Sound,2613909,3:51
King,Love And Pride,Electronic 80s,2010,Ministry Of Sound,2613909,3:21
Billy Idol,Flesh For Fantasy,Electronic 80s,2010,Ministry Of Sound,2613909,3:48
Thomas Dolby,She Blinded Me With Science,Electronic 80s,2010,Ministry Of Sound,2613909,3:41
Animotion,Obsession,Electronic 80s,2010,Ministry Of Sound,2613909,4:01
Freur,Doot Doot,Electronic 80s,2010,Ministry Of Sound,2613909,3:45
Simple Minds,New Gold Dream,Electronic 80s,2010,Ministry Of Sound,2613909,5:16
Hubert Kah,Limousine,Electronic 80s,2010,Ministry Of Sound,2613909,3:57
The Human League,Being Boiled (Fast Version),Electronic 80s,2010,Ministry Of Sound,2613909,3:51
A Flock Of Seagulls,I Ran,Electronic 80s,2010,Ministry Of Sound,2613909,3:39
Hyusfall,Box Of Light,La Nuit Vol. 5 (Rare Lounge Grooves),2010,Ministry Of Sound,2315117,4:47
"Fela Manoz, Obutie-Man",The Persuaders,La Nuit Vol. 5 (Rare Lounge Grooves),2010,Ministry Of Sound,2315117,4:36
No Logo,This City Never Sleeps,La Nuit Vol. 5 (Rare Lounge Grooves),2010,Ministry Of Sound,2315117,5:18
The Low Shoe Orchestra,Focus On Infinity,La Nuit Vol. 5 (Rare Lounge Grooves),2010,Ministry Of Sound,2315117,4:43
Nightmares On Wax,You Wish,La Nuit Vol. 5 (Rare Lounge Grooves),2010,Ministry Of Sound,2315117,3:23
Setsuna,Melt,La Nuit Vol. 5 (Rare Lounge Grooves),2010,Ministry Of Sound,2315117,5:42
Sounds Like Water,Universe,La Nuit Vol. 5 (Rare Lounge Grooves),2010,Ministry Of Sound,2315117,5:05
Clelia FELIX,Don't Walk Away,La Nuit Vol. 5 (Rare Lounge Grooves),2010,Ministry Of Sound,2315117,3:51
"Deep Dive Corp., Ricoloop",Enjoy The Silence,La Nuit Vol. 5 (Rare Lounge Grooves),2010,Ministry Of Sound,2315117,3:55
Erik De Koning,Dream Flight (Chill Master),La Nuit Vol. 5 (Rare Lounge Grooves),2010,Ministry Of Sound,2315117,6:03
"Chopstick & Johnjon, Fritz Kalkbrenner",A New Day (Gauzz Chill Mix),La Nuit Vol. 5 (Rare Lounge Grooves),2010,Ministry Of Sound,2315117,7:07
OBE (5),Jump The Gun (Warm Up Chill Mix),La Nuit Vol. 5 (Rare Lounge Grooves),2010,Ministry Of Sound,2315117,5:39
Genuine,Into The Fields,La Nuit Vol. 5 (Rare Lounge Grooves),2010,Ministry Of Sound,2315117,7:30
Fishtank No. 9,Back Home,La Nuit Vol. 5 (Rare Lounge Grooves),2010,Ministry Of Sound,2315117,4:49
Jay Shepheard,Add Arp,La Nuit Vol. 5 (Rare Lounge Grooves),2010,Ministry Of Sound,2315117,5:49
Omar,Lay It Down (André Lodemann Remix),La Nuit Vol. 5 (Rare Lounge Grooves),2010,Ministry Of Sound,2315117,5:49
SHOW-B,Keras,La Nuit Vol. 5 (Rare Lounge Grooves),2010,Ministry Of Sound,2315117,7:08
"Thompascal, H.P. Höger",Teardrops (Christos Fourkis Remix),La Nuit Vol. 5 (Rare Lounge Grooves),2010,Ministry Of Sound,2315117,6:59
Tosca,Rosa (RH Version),La Nuit Vol. 5 (Rare Lounge Grooves),2010,Ministry Of Sound,2315117,5:23
"Jean-Claude Ades, Mantu",Blue Note (Getting Deeper Mix),La Nuit Vol. 5 (Rare Lounge Grooves),2010,Ministry Of Sound,2315117,4:37
Bobby Deep,Havana (HP. Hoeger Remix),La Nuit Vol. 5 (Rare Lounge Grooves),2010,Ministry Of Sound,2315117,6:09
"Tomaschek, Federmann",Achterfeest,La Nuit Vol. 5 (Rare Lounge Grooves),2010,Ministry Of Sound,2315117,5:50
The Ting Tings,That's Not My Name (Soul Seekerz Dirty Radio) (Dirty Version),Ultimate Streetdance,2008,Ministry Of Sound,1719332,3:49
"DJ Q (3), MC Bonez",You Wot! (Club Mix),Ultimate Streetdance,2008,Ministry Of Sound,1719332,3:54
"Groove Armada, Stush, Red Rat",Get Down,Ultimate Streetdance,2008,Ministry Of Sound,1719332,2:55
Beatfreakz,Superfreak (BeatFreakz Club Mix),Ultimate Streetdance,2008,Ministry Of Sound,1719332,3:56
Calvin Harris,Acceptable In The 80's,Ultimate Streetdance,2008,Ministry Of Sound,1719332,3:29
Basement Jaxx,Red Alert,Ultimate Streetdance,2008,Ministry Of Sound,1719332,3:59
Utah Saints,Something Good '08 (VanShe Tech Mix),Ultimate Streetdance,2008,Ministry Of Sound,1719332,3:59
"Hervé, Plastic Little",Cheap Thrills (Original Club Mix),Ultimate Streetdance,2008,Ministry Of Sound,1719332,3:14
"Mason, Princess Superstar",Perfect (Exceeder)(Vocal Club Mix),Ultimate Streetdance,2008,Ministry Of Sound,1719332,3:20
The Prodigy,Girls,Ultimate Streetdance,2008,Ministry Of Sound,1719332,3:55
The 45 King,900 Number,Ultimate Streetdance,2008,Ministry Of Sound,1719332,2:07
Newcleus,Jam On It (Definitive Version),Ultimate Streetdance,2008,Ministry Of Sound,1719332,4:36
Freeez,I.O.U.,Ultimate Streetdance,2008,Ministry Of Sound,1719332,4:37
Hashim,Al-Naafyish (The Soul),Ultimate Streetdance,2008,Ministry Of Sound,1719332,4:14
"The Beatmasters, The Cookie Crew",Rock Da House,Ultimate Streetdance,2008,Ministry Of Sound,1719332,3:03
Man Parrish,"Hip Hop, Be Bop (Don't Stop)",Ultimate Streetdance,2008,Ministry Of Sound,1719332,3:25
King Bee,Back By Dope Demand (Juan Elmzoon),Ultimate Streetdance,2008,Ministry Of Sound,1719332,2:54
Chubb Rock,Treat'Em Right (ChubbMental),Ultimate Streetdance,2008,Ministry Of Sound,1719332,3:53
Davy DMX,One For The Treble,Ultimate Streetdance,2008,Ministry Of Sound,1719332,4:09
Amerie,Gotta Work,Ultimate Streetdance,2008,Ministry Of Sound,1719332,2:58
Roots Manuva,Witness (1 Hope),Ultimate Streetdance,2008,Ministry Of Sound,1719332,4:07
Freestyle,Don't Stop The Rock,Ultimate Breakdance,2009,Ministry Of Sound,6436682,3:34
Cameo,Word Up,Ultimate Breakdance,2009,Ministry Of Sound,6436682,3:44
A Tribe Called Quest,Can I Kick It?,Ultimate Breakdance,2009,Ministry Of Sound,6436682,3:58
"Lisa Lisa & Cult Jam, Full Force",I Wonder If I Take You Home,Ultimate Breakdance,2009,Ministry Of Sound,6436682,3:22
Full Force,"Alice, I Want You Just For Me",Ultimate Breakdance,2009,Ministry Of Sound,6436682,3:31
Ollie And Jerry,Breakin' There's No Stopping Us,Ultimate Breakdance,2009,Ministry Of Sound,6436682,3:42
Whodini,Magic's Wand,Ultimate Breakdance,2009,Ministry Of Sound,6436682,3:56
Stezo,It's My Turn,Ultimate Breakdance,2009,Ministry Of Sound,6436682,3:30
Tone Loc,Funky Cold Medina,Ultimate Breakdance,2009,Ministry Of Sound,6436682,4:05
Gang Starr,Just To Get A Rep,Ultimate Breakdance,2009,Ministry Of Sound,6436682,3:06
EPMD,Strictly Business,Ultimate Breakdance,2009,Ministry Of Sound,6436682,3:23
Cash Money & Marvelous,The Mighty Hard Rocker,Ultimate Breakdance,2009,Ministry Of Sound,6436682,4:06
Pete Rock & C.L. Smooth,The Creator,Ultimate Breakdance,2009,Ministry Of Sound,6436682,4:11
Cypress Hill,When The Ship Goes Down,Ultimate Breakdance,2009,Ministry Of Sound,6436682,3:04
Tyrone Brunson,The Smurf,Ultimate Breakdance,2009,Ministry Of Sound,6436682,3:24
Afrika Bambaataa & Soulsonic Force,Don't Stop...Planet Rock,Ultimate Breakdance,2009,Ministry Of Sound,6436682,4:04
Hashim,Al Naafiysh (The Soul),Ultimate Breakdance,2009,Ministry Of Sound,6436682,3:43
Mantronix,Who Is It?,Ultimate Breakdance,2009,Ministry Of Sound,6436682,3:46
Lovebug Starski,Amityville,Ultimate Breakdance,2009,Ministry Of Sound,6436682,4:04
Roxanne Shanté,Have A Nice Day,Ultimate Breakdance,2009,Ministry Of Sound,6436682,4:22
Sweet Tee,It's My Beat,Ultimate Breakdance,2009,Ministry Of Sound,6436682,4:23
Jungle Brothers,I'll House You,Ultimate Breakdance,2009,Ministry Of Sound,6436682,4:02
"The Todd Terry Project, Class Action",Weekend,Ultimate Breakdance,2009,Ministry Of Sound,6436682,3:30
"The Beatmasters, Merlin",Who's In The House,Ultimate Breakdance,2009,Ministry Of Sound,6436682,3:57
The Art Of Noise,Beatbox,Ultimate Breakdance,2009,Ministry Of Sound,6436682,4:09
Run-DMC,It's Tricky,Ultimate Breakdance,2009,Ministry Of Sound,6436682,3:03
ENUR,Calabria 2008,Ultimate Breakdance,2009,Ministry Of Sound,6436682,3:50
2 Unlimited,No Limit,Big Tunes - Back 2 The 90s,2010,Ministry Of Sound,2578292,
Whigfield,Saturday Night,Big Tunes - Back 2 The 90s,2010,Ministry Of Sound,2578292,
Clock,Whoomph! (There It Is),Big Tunes - Back 2 The 90s,2010,Ministry Of Sound,2578292,
Doop,Doop,Big Tunes - Back 2 The 90s,2010,Ministry Of Sound,2578292,
2 In A Room,Wiggle It,Big Tunes - Back 2 The 90s,2010,Ministry Of Sound,2578292,
Rozalla,Everybody's Free,Big Tunes - Back 2 The 90s,2010,Ministry Of Sound,2578292,
Utah Saints,Something Good,Big Tunes - Back 2 The 90s,2010,Ministry Of Sound,2578292,
The Grid,Swamp Thing,Big Tunes - Back 2 The 90s,2010,Ministry Of Sound,2578292,
JX,There's Nothing I Won't Do,Big Tunes - Back 2 The 90s,2010,Ministry Of Sound,2578292,
Technohead,I Wanna Be A Hippy,Big Tunes - Back 2 The 90s,2010,Ministry Of Sound,2578292,
"Jam & Spoon, Plavka",Right In The Night,Big Tunes - Back 2 The 90s,2010,Ministry Of Sound,2578292,
Alex Party,Saturday Night Party,Big Tunes - Back 2 The 90s,2010,Ministry Of Sound,2578292,
"Loveland, Rachel McFarlane",Let The Music (Lift You Up),Big Tunes - Back 2 The 90s,2010,Ministry Of Sound,2578292,
Grace,Not Over Yet,Big Tunes - Back 2 The 90s,2010,Ministry Of Sound,2578292,
Hysteric Ego,Want Love,Big Tunes - Back 2 The 90s,2010,Ministry Of Sound,2578292,
The Original,I Luv U Baby (Dancing Divaz Club Mix),Big Tunes - Back 2 The 90s,2010,Ministry Of Sound,2578292,
The Outhere Brothers,Don't Stop (Wiggle Wiggle),Big Tunes - Back 2 The 90s,2010,Ministry Of Sound,2578292,
Jinny,Keep Warm,Big Tunes - Back 2 The 90s,2010,Ministry Of Sound,2578292,
Lisa Marie Experience,Keep On Jumpin',Big Tunes - Back 2 The 90s,2010,Ministry Of Sound,2578292,
Kadoc,The Nighttrain,Big Tunes - Back 2 The 90s,2010,Ministry Of Sound,2578292,
The O.T. Quartet,Hold That Sucker Down,Big Tunes - Back 2 The 90s,2010,Ministry Of Sound,2578292,
Yosh,It's What's Up Front That Counts,Big Tunes - Back 2 The 90s,2010,Ministry Of Sound,2578292,
Cappella,U Got 2 Let The Music,Big Tunes - Back 2 The 90s,2010,Ministry Of Sound,2578292,
Armand Van Helden,You Don't Know Me,Big Tunes - Back 2 The 90s,2010,Ministry Of Sound,2578292,
M People,One Night In Heaven,Big Tunes - Back 2 The 90s,2010,Ministry Of Sound,2578292,
C + C Music Factory,Things That Make You Go Hmmm....,Big Tunes - Back 2 The 90s,2010,Ministry Of Sound,2578292,
Londonbeat,I've Been Thinking About You,Big Tunes - Back 2 The 90s,2010,Ministry Of Sound,2578292,
Sash!,Stay,Big Tunes - Back 2 The 90s,2010,Ministry Of Sound,2578292,
Ken Doh,Nakasaki (I Need A Lover Tonight),Big Tunes - Back 2 The 90s,2010,Ministry Of Sound,2578292,
T-Empo,"Saturday Night, Sunday Morning",Big Tunes - Back 2 The 90s,2010,Ministry Of Sound,2578292,
"The Todd Terry Project, Class Action",Weekend (Club Version),Big Tunes - Back 2 The 90s,2010,Ministry Of Sound,2578292,
"Praxis (2), Kathy Brown",Turn Me Out (Delorme UK Club Mix),Big Tunes - Back 2 The 90s,2010,Ministry Of Sound,2578292,
Blutonium Boy,Acid Over Sydney (Blutonium Boy Vs. DJ Neo Mix),Blutonium Presents Best Of Blutonium Hardstyle Vol. 2,2006,Ministry Of Sound,2366572,
DJ Neo,Yeah! (DJ Neo Mix),Blutonium Presents Best Of Blutonium Hardstyle Vol. 2,2006,Ministry Of Sound,2366572,
DJ Virus,The Master (Blutonium Boy Hardstyle Mix),Blutonium Presents Best Of Blutonium Hardstyle Vol. 2,2006,Ministry Of Sound,2366572,
Blutonium Boy,Make It Louder (Blutonium Boy Floorrocker Mix),Blutonium Presents Best Of Blutonium Hardstyle Vol. 2,2006,Ministry Of Sound,2366572,
Don King (2),Don't Beat Mike Tyson (Blutonium Boy Mix),Blutonium Presents Best Of Blutonium Hardstyle Vol. 2,2006,Ministry Of Sound,2366572,
Thomas Trouble,Accelerate (Original Mix),Blutonium Presents Best Of Blutonium Hardstyle Vol. 2,2006,Ministry Of Sound,2366572,
Brian M vs. McBunn,We Are The Bass (Original Mix),Blutonium Presents Best Of Blutonium Hardstyle Vol. 2,2006,Ministry Of Sound,2366572,
Max B. Grant,Open Your Mind (Max B. Grant Original Mix),Blutonium Presents Best Of Blutonium Hardstyle Vol. 2,2006,Ministry Of Sound,2366572,
Tornadozzer,Regeneration (Original Mix),Blutonium Presents Best Of Blutonium Hardstyle Vol. 2,2006,Ministry Of Sound,2366572,
Blutonium Boy,Kick This M.F. (Original Mix),Blutonium Presents Best Of Blutonium Hardstyle Vol. 2,2006,Ministry Of Sound,2366572,
Sisma DJ,Techno Power (Original Mix),Blutonium Presents Best Of Blutonium Hardstyle Vol. 2,2006,Ministry Of Sound,2366572,
Blutonium Boy vs. DJ Neo,Hardstyle Instructor Part 3 (Original Mix),Blutonium Presents Best Of Blutonium Hardstyle Vol. 2,2006,Ministry Of Sound,2366572,
Brian M vs. McBunn,Go Deeper (Original Mix),Blutonium Presents Best Of Blutonium Hardstyle Vol. 2,2006,Ministry Of Sound,2366572,
DJ Neo,Intro,Blutonium Presents Best Of Blutonium Hardstyle Vol. 2,2006,Ministry Of Sound,2366572,
DJ Neo,Vampires (Blutonium Boy Mix),Blutonium Presents Best Of Blutonium Hardstyle Vol. 2,2006,Ministry Of Sound,2366572,
Blutonium Boy,Back (Original Mix),Blutonium Presents Best Of Blutonium Hardstyle Vol. 2,2006,Ministry Of Sound,2366572,
DJ Virus,Rush (Blutonium Boy Vs. DJ Neo Hardstyle Mix),Blutonium Presents Best Of Blutonium Hardstyle Vol. 2,2006,Ministry Of Sound,2366572,
Don King (2),5 Seconds (DJ Neo Mix),Blutonium Presents Best Of Blutonium Hardstyle Vol. 2,2006,Ministry Of Sound,2366572,
"Max B. Grant, The Ripper (2)",Gimme Five (Blutonium Boy Vs. DJ Neo Remix),Blutonium Presents Best Of Blutonium Hardstyle Vol. 2,2006,Ministry Of Sound,2366572,
Brian M vs. McBunn,Each One (Original Mix),Blutonium Presents Best Of Blutonium Hardstyle Vol. 2,2006,Ministry Of Sound,2366572,
John Ferris,Acid Is My Sound (Blutonium Boy Blutonium Vs. DJ Neo Mix),Blutonium Presents Best Of Blutonium Hardstyle Vol. 2,2006,Ministry Of Sound,2366572,
Blutonium Boy,In Touch With Tomorrow (Blutonium Boy & DJ Neo Mix),Blutonium Presents Best Of Blutonium Hardstyle Vol. 2,2006,Ministry Of Sound,2366572,
Thomas Trouble,Who's Your Daddy (Blutonium Boy Hardstyle Mix),Blutonium Presents Best Of Blutonium Hardstyle Vol. 2,2006,Ministry Of Sound,2366572,
DJ Virus,Rock (Original Mix),Blutonium Presents Best Of Blutonium Hardstyle Vol. 2,2006,Ministry Of Sound,2366572,
Blutonium Boy vs. DJ Neo,Rockin (Original Mix),Blutonium Presents Best Of Blutonium Hardstyle Vol. 2,2006,Ministry Of Sound,2366572,
Brian M vs. McBunn,Don't Stop (Original Mix),Blutonium Presents Best Of Blutonium Hardstyle Vol. 2,2006,Ministry Of Sound,2366572,
Sisma DJ,Da Bizz (Original Mix),Blutonium Presents Best Of Blutonium Hardstyle Vol. 2,2006,Ministry Of Sound,2366572,
Blutonium Boy,Dark Angel (Blutonium Boy Vs. DJ Neo Hardstyle Mix),Blutonium Presents Best Of Blutonium Hardstyle Vol. 3,2007,Ministry Of Sound,2366455,
"DJ Pavo, Blutonium Boy",Floorkilla 2 (Jump Mix),Blutonium Presents Best Of Blutonium Hardstyle Vol. 3,2007,Ministry Of Sound,2366455,
Warmduscher,Halt's Maul (Blutonium Boy Vs. Thilo Mix),Blutonium Presents Best Of Blutonium Hardstyle Vol. 3,2007,Ministry Of Sound,2366455,
Brian M vs. MCBunn,Automatic (Blutonium Boy Club Mix),Blutonium Presents Best Of Blutonium Hardstyle Vol. 3,2007,Ministry Of Sound,2366455,
Tornadozzer,Addicted To Hardstyle (Original Mix),Blutonium Presents Best Of Blutonium Hardstyle Vol. 3,2007,Ministry Of Sound,2366455,
"Blutonium Boy, DJ Luna",Fear (Original Mix),Blutonium Presents Best Of Blutonium Hardstyle Vol. 3,2007,Ministry Of Sound,2366455,
"DJ Pila, Blutonium Boy",Hardstyle Rockers (Original Mix),Blutonium Presents Best Of Blutonium Hardstyle Vol. 3,2007,Ministry Of Sound,2366455,
"Max B. Grant, The Ripper (2)",Scream! (Blutonium Boy Vs. DJ Neo Hardstyle Mix),Blutonium Presents Best Of Blutonium Hardstyle Vol. 3,2007,Ministry Of Sound,2366455,
Tornadozzer,Devastator (Original Mix),Blutonium Presents Best Of Blutonium Hardstyle Vol. 3,2007,Ministry Of Sound,2366455,
"Blutonium Boy, Romeo Must Die",To The Bassline (DJ Neo Stompin Melo Mix),Blutonium Presents Best Of Blutonium Hardstyle Vol. 3,2007,Ministry Of Sound,2366455,
Brian M vs. McBunn,Masterbeatz (Original Mix),Blutonium Presents Best Of Blutonium Hardstyle Vol. 3,2007,Ministry Of Sound,2366455,
John Ferris,Showdown (John Ferris Plastic Mix),Blutonium Presents Best Of Blutonium Hardstyle Vol. 3,2007,Ministry Of Sound,2366455,
"Vicente 'One More Time', DJ Corely",El Tren (Original Mix),Blutonium Presents Best Of Blutonium Hardstyle Vol. 3,2007,Ministry Of Sound,2366455,
DJ Neo,Funky (Blutonium Boy Vs. DJ Neo Original Mix),Blutonium Presents Best Of Blutonium Hardstyle Vol. 3,2007,Ministry Of Sound,2366455,
Brian M vs. McBunn,Vibrations (Original Mix),Blutonium Presents Best Of Blutonium Hardstyle Vol. 3,2007,Ministry Of Sound,2366455,
"Blutonium Boy, Romeo Must Die",Inferno (Blutonium Boy Hardstyle Mix),Blutonium Presents Best Of Blutonium Hardstyle Vol. 3,2007,Ministry Of Sound,2366455,
John Ferris,Generation Bass (Blutonium Boy Vs. DJ Neo Mix),Blutonium Presents Best Of Blutonium Hardstyle Vol. 3,2007,Ministry Of Sound,2366455,
Tornadozzer,Soundfuck (Original Mix),Blutonium Presents Best Of Blutonium Hardstyle Vol. 3,2007,Ministry Of Sound,2366455,
"Blutonium Boy, DJ Luna",Blackout (Original Mix),Blutonium Presents Best Of Blutonium Hardstyle Vol. 3,2007,Ministry Of Sound,2366455,
"DJ Pila, Blutonium Boy",Supreme (Original Mix),Blutonium Presents Best Of Blutonium Hardstyle Vol. 3,2007,Ministry Of Sound,2366455,
"DJ Pavo, Blutonium Boy",This Is My Floor (Blutonium Boy Hardstyle Mix),Blutonium Presents Best Of Blutonium Hardstyle Vol. 3,2007,Ministry Of Sound,2366455,
Blutonium Boy,Hardstyle Instructor Returns (2007 Return Mix),Blutonium Presents Best Of Blutonium Hardstyle Vol. 3,2007,Ministry Of Sound,2366455,
Brian M vs. McBunn,Once Again (DJ Neo Club Mix),Blutonium Presents Best Of Blutonium Hardstyle Vol. 3,2007,Ministry Of Sound,2366455,
Tornadozzer,Work Your Body (Original Mix),Blutonium Presents Best Of Blutonium Hardstyle Vol. 3,2007,Ministry Of Sound,2366455,
"Vicente 'One More Time', DJ Corely",Yambo Remix (Original Mix),Blutonium Presents Best Of Blutonium Hardstyle Vol. 3,2007,Ministry Of Sound,2366455,
"Max B. Grant, The Ripper (2)",I'm The Ripper (MBG Vs. DJanny Swiss Mix),Blutonium Presents Best Of Blutonium Hardstyle Vol. 3,2007,Ministry Of Sound,2366455,
Tornadozzer,Hey Bitch (Original Mix),Blutonium Presents Best Of Blutonium Hardstyle Vol. 3,2007,Ministry Of Sound,2366455,
Blutonium Boy,Intro CD1,Blutonium Presents Best Of Blutonium Hardstyle Vol. 4,2008,Ministry Of Sound,2114664,0:38
Blutonium Boy,Sound Like This (Blutonium Boys Hardstyle Mix),Blutonium Presents Best Of Blutonium Hardstyle Vol. 4,2008,Ministry Of Sound,2114664,4:19
Warmduscher,Stow It (Blu Boys Remix),Blutonium Presents Best Of Blutonium Hardstyle Vol. 4,2008,Ministry Of Sound,2114664,4:42
"Flarup, Plexus",X-Static Anthem,Blutonium Presents Best Of Blutonium Hardstyle Vol. 4,2008,Ministry Of Sound,2114664,5:33
"Rephex, ABW",Dangerous Danes (ABW's Slasher Mix),Blutonium Presents Best Of Blutonium Hardstyle Vol. 4,2008,Ministry Of Sound,2114664,5:42
Blutonium Boys,Use Me (Blutonium Boy Vs DJ Neo Hardstyle Mix),Blutonium Presents Best Of Blutonium Hardstyle Vol. 4,2008,Ministry Of Sound,2114664,5:18
Brian M vs. MCBunn,Loud Music,Blutonium Presents Best Of Blutonium Hardstyle Vol. 4,2008,Ministry Of Sound,2114664,4:16
Thomas Trouble,Massive Melody (Warmduscher Hardstyle Mix),Blutonium Presents Best Of Blutonium Hardstyle Vol. 4,2008,Ministry Of Sound,2114664,3:41
DJ Neo,Beatz & Bytez (Remix),Blutonium Presents Best Of Blutonium Hardstyle Vol. 4,2008,Ministry Of Sound,2114664,4:26
Blutonium Boys,XTC (Blutonium Boy Vs DJ Neo Hardstyle Mix),Blutonium Presents Best Of Blutonium Hardstyle Vol. 4,2008,Ministry Of Sound,2114664,5:15
DJ Virus,The Master 2010,Blutonium Presents Best Of Blutonium Hardstyle Vol. 4,2008,Ministry Of Sound,2114664,3:58
Nutty T,Push Your Ability,Blutonium Presents Best Of Blutonium Hardstyle Vol. 4,2008,Ministry Of Sound,2114664,3:16
Blutonium Boy,Hardstyle Dimension,Blutonium Presents Best Of Blutonium Hardstyle Vol. 4,2008,Ministry Of Sound,2114664,3:28
Enigmato,Big Bad Fucker,Blutonium Presents Best Of Blutonium Hardstyle Vol. 4,2008,Ministry Of Sound,2114664,2:29
Combinate,I See You,Blutonium Presents Best Of Blutonium Hardstyle Vol. 4,2008,Ministry Of Sound,2114664,6:30
Warmduscher,Intro CD 2,Blutonium Presents Best Of Blutonium Hardstyle Vol. 4,2008,Ministry Of Sound,2114664,0:34
Warmduscher,More Than A Bassdrum,Blutonium Presents Best Of Blutonium Hardstyle Vol. 4,2008,Ministry Of Sound,2114664,6:16
Blutonium Boy,"New York, New York",Blutonium Presents Best Of Blutonium Hardstyle Vol. 4,2008,Ministry Of Sound,2114664,5:10
DJ Neo,Survivor (Blutonium Boys Nu-Style Mix),Blutonium Presents Best Of Blutonium Hardstyle Vol. 4,2008,Ministry Of Sound,2114664,4:41
Skydiver (12),Impressive,Blutonium Presents Best Of Blutonium Hardstyle Vol. 4,2008,Ministry Of Sound,2114664,4:55
DJ Neo,Play (Blutonium Boys Extended Mix),Blutonium Presents Best Of Blutonium Hardstyle Vol. 4,2008,Ministry Of Sound,2114664,4:58
Max B. Grant,Hardstyle Show,Blutonium Presents Best Of Blutonium Hardstyle Vol. 4,2008,Ministry Of Sound,2114664,4:17
Brian M vs. MCBunn,Attenzione,Blutonium Presents Best Of Blutonium Hardstyle Vol. 4,2008,Ministry Of Sound,2114664,4:31
Skydiver (12),Be Quiet,Blutonium Presents Best Of Blutonium Hardstyle Vol. 4,2008,Ministry Of Sound,2114664,4:39
Blutonium Boy,Mama,Blutonium Presents Best Of Blutonium Hardstyle Vol. 4,2008,Ministry Of Sound,2114664,4:10
Nutty T,Demon Of Hardstyle,Blutonium Presents Best Of Blutonium Hardstyle Vol. 4,2008,Ministry Of Sound,2114664,3:32
Blutonium Boys,Destiny Destiny (Blutonium Boy Hardstyle Mix),Blutonium Presents Best Of Blutonium Hardstyle Vol. 4,2008,Ministry Of Sound,2114664,4:48
Enigmato,My Style,Blutonium Presents Best Of Blutonium Hardstyle Vol. 4,2008,Ministry Of Sound,2114664,5:05
Blutonium Boy,Euphobia (Blutonium Boys Hardstyle Mix),Blutonium Presents Best Of Blutonium Hardstyle Vol. 4,2008,Ministry Of Sound,2114664,4:58
Lacuna Origin,Sick Of Trance,Blutonium Presents Best Of Blutonium Hardstyle Vol. 4,2008,Ministry Of Sound,2114664,4:13
Blutonium Boy,Floorkilla 2007,Hardstyle Dimension,2008,Ministry Of Sound,2217566,4:02
Blutonium Boy,Acid Over Sydney,Hardstyle Dimension,2008,Ministry Of Sound,2217566,3:40
Blutonium Boy,Give It To Her,Hardstyle Dimension,2008,Ministry Of Sound,2217566,3:46
Blutonium Boy,Euphobia,Hardstyle Dimension,2008,Ministry Of Sound,2217566,5:17
Blutonium Boy,Hardstyle Instructor Returns,Hardstyle Dimension,2008,Ministry Of Sound,2217566,3:54
Blutonium Boy,Passion,Hardstyle Dimension,2008,Ministry Of Sound,2217566,4:22
Blutonium Boy,Infusco,Hardstyle Dimension,2008,Ministry Of Sound,2217566,4:02
Blutonium Boy,Leon,Hardstyle Dimension,2008,Ministry Of Sound,2217566,4:04
Blutonium Boy,Dark Angel,Hardstyle Dimension,2008,Ministry Of Sound,2217566,4:17
Blutonium Boy,Sphere,Hardstyle Dimension,2008,Ministry Of Sound,2217566,4:54
Blutonium Boy,The Guru,Hardstyle Dimension,2008,Ministry Of Sound,2217566,4:03
Blutonium Boy,Sound Like This,Hardstyle Dimension,2008,Ministry Of Sound,2217566,3:38
Naughty Boy,Phat Beach (I'll Be Ready) (Uniting Nations,The Very Best Of Euphoric Dance Breakdown,2006,Ministry Of Sound,1241872,4:18
Sunset Strippers,Falling Stars,The Very Best Of Euphoric Dance Breakdown,2006,Ministry Of Sound,1241872,4:07
Moony,Dove (I'll Be Loving You),The Very Best Of Euphoric Dance Breakdown,2006,Ministry Of Sound,1241872,3:09
"The Disco Boys, Manfred Mann's Earth Band",For You (Freemasons Remix),The Very Best Of Euphoric Dance Breakdown,2006,Ministry Of Sound,1241872,3:23
Tomcraft,Lonliness,The Very Best Of Euphoric Dance Breakdown,2006,Ministry Of Sound,1241872,4:50
William Orbit,Barber's Adagio For Strings,The Very Best Of Euphoric Dance Breakdown,2006,Ministry Of Sound,1241872,4:12
Hound Dogs,I Like Girls (Phunk Investigation Fantasy Club Mix),The Very Best Of Euphoric Dance Breakdown,2006,Ministry Of Sound,1241872,3:30
Studio B,C'Mon Get It On (Freemasons Remix),The Very Best Of Euphoric Dance Breakdown,2006,Ministry Of Sound,1241872,3:51
Freemasons,Rain Down Love (Freemasons Vs. Walken Remix),The Very Best Of Euphoric Dance Breakdown,2007,Ministry Of Sound,1708922,4:17
BeatFreakz,Somebody's Watching Me (Hi_Tack Club Mix),The Very Best Of Euphoric Dance Breakdown,2007,Ministry Of Sound,1708922,3:24
"Armand Van Helden, Fat Joe, BL",Touch Your Toes,The Very Best Of Euphoric Dance Breakdown,2007,Ministry Of Sound,1708922,4:09
"Ben Macklin, Tiger Lily",Feel Together (Vocal Club Mix),The Very Best Of Euphoric Dance Breakdown,2007,Ministry Of Sound,1708922,5:30
Space Cowboy,My Egyptian Lover,The Very Best Of Euphoric Dance Breakdown,2007,Ministry Of Sound,1708922,3:23
Dance Nation,Move Your Love (Inspirational Vibes Extended Mix),The Very Best Of Euphoric Dance Breakdown,2007,Ministry Of Sound,1708922,4:03
Cascada,Miracle (Socialites Mix),The Very Best Of Euphoric Dance Breakdown,2007,Ministry Of Sound,1708922,5:00
Kim Sozzi,Break Up (2-4 Grooves Remix),The Very Best Of Euphoric Dance Breakdown,2007,Ministry Of Sound,1708922,4:13
Chicane,Saltwater (Tomski Vs. Disco Citizens Remix),The Very Best Of Euphoric Dance Breakdown,2007,Ministry Of Sound,1708922,6:01
"Riva, Dannii Minogue",Who Do You Love Now (Stringer),The Very Best Of Euphoric Dance Breakdown,2007,Ministry Of Sound,1708922,3:23
Sash!,Ecuador,The Very Best Of Euphoric Dance Breakdown,2007,Ministry Of Sound,1708922,4:19
"Delerium, Sarah McLachlan",Silence (Airscape Edit),The Very Best Of Euphoric Dance Breakdown,2007,Ministry Of Sound,1708922,3:32
Dario G,"Carnaval De Paris (12"" Mix)",The Very Best Of Euphoric Dance Breakdown,2007,Ministry Of Sound,1708922,4:52
Frankie Goes To Hollywood,The Power Of Love (Rob Searle Club Mix),The Very Best Of Euphoric Dance Breakdown,2007,Ministry Of Sound,1708922,4:10
Jurgen Vries,The Opera Song (Brave New World),The Very Best Of Euphoric Dance Breakdown,2007,Ministry Of Sound,1708922,5:33
Moloko,The Time Is Now (Matt Darey Vocal Mix),The Very Best Of Euphoric Dance Breakdown,2007,Ministry Of Sound,1708922,5:13
Mandrake (3),Children (Mandrake Remake),The Very Best Of Euphoric Dance Breakdown,2007,Ministry Of Sound,1708922,5:43
Deepest Blue,Is It A Sin (Cicada Stadium Remix),The Very Best Of Euphoric Dance Breakdown,2007,Ministry Of Sound,1708922,5:37
"Paul Oakenfold, Pharrell Williams",Sex 'N' Money,The Very Best Of Euphoric Dance Breakdown,2007,Ministry Of Sound,1708922,4:29
"Eddie Thoneick, Berget Lewis",Deeper Love (Big Room Mix),The Very Best Of Euphoric Dance Breakdown,2007,Ministry Of Sound,1708922,4:14
"Dennis Christopher, Whitney Houston",It's Not Right (Big Room Vocal Mix),The Very Best Of Euphoric Dance Breakdown,2007,Ministry Of Sound,1708922,4:29
Camille Jones,Creeps (Fedde Le Grand Remix),The Very Best Of Euphoric Dance Breakdown,2007,Ministry Of Sound,1708922,4:06
"Basshunter, Bazzheadz",Now You're Gone (DJ Alex Extended Mix),The Very Best Of Euphoric Dance Breakdown,2008,Ministry Of Sound,1709052,4:01
Axwell,I Found U (Remode),The Very Best Of Euphoric Dance Breakdown,2008,Ministry Of Sound,1709052,4:09
Jody Watley,I Want Your Love (Wideboys Club Mix),The Very Best Of Euphoric Dance Breakdown,2008,Ministry Of Sound,1709052,3:29
Liquid,Sweet Harmony (Streetlife DJs Remix),The Very Best Of Euphoric Dance Breakdown,2008,Ministry Of Sound,1709052,4:26
Freestylers,Push Up Word Up (AC Slater Remix),The Very Best Of Euphoric Dance Breakdown,2008,Ministry Of Sound,1709052,4:17
DJ Arnie,Heartbroken,The Very Best Of Euphoric Dance Breakdown,2008,Ministry Of Sound,1709052,2:48
"Camille Jones, Fedde Le Grand",The Creeps (Club Mix),The Very Best Of Euphoric Dance Breakdown,2008,Ministry Of Sound,1709052,4:50
Samim Winiger,Heater (Club Mix),The Very Best Of Euphoric Dance Breakdown,2008,Ministry Of Sound,1709052,3:35
Freaks,The Creeps (Get On The Dancefloor),The Very Best Of Euphoric Dance Breakdown,2008,Ministry Of Sound,1709052,3:21
"Sash!, Tina Cousins",Mysterious Times (7th Heaven Remix),The Very Best Of Euphoric Dance Breakdown,2008,Ministry Of Sound,1709052,4:04
"Bob Sinclar, Fireball (3)",What I Want (Warren Clarke Remix),The Very Best Of Euphoric Dance Breakdown,2008,Ministry Of Sound,1709052,4:51
Bel Amour,Bel Amour 2007 (Part 1) (Jerry Ropero & Michael Simon Remix),The Very Best Of Euphoric Dance Breakdown,2008,Ministry Of Sound,1709052,5:14
Robin Axford,We Gotta Love (Breaking Dawn Mix),The Very Best Of Euphoric Dance Breakdown,2008,Ministry Of Sound,1709052,4:29
Warrior,Warrior (Out Of Office Remix),The Very Best Of Euphoric Dance Breakdown,2008,Ministry Of Sound,1709052,4:44
Hi_Tack,Let's Dance (Club Mix),The Very Best Of Euphoric Dance Breakdown,2008,Ministry Of Sound,1709052,3:57
"Oris Jay, Delsena",Trippin,The Very Best Of Euphoric Dance Breakdown,2008,Ministry Of Sound,1709052,2:55
Fedde Le Grand,Put Your Hands Up For Detroit (Club Mix),The Very Best Of Euphoric Dance Breakdown,2008,Ministry Of Sound,1709052,2:26
Divine Inspiration,The Way (Put Your Hand In My Hand) (Svenson & Gielen Vocal Remix),The Very Best Of Euphoric Dance Breakdown,2008,Ministry Of Sound,1709052,3:42
York,On The Beach (CRW Radio Edit),The Very Best Of Euphoric Dance Breakdown,2008,Ministry Of Sound,1709052,4:43
"Dizzee Rascal, Calvin Harris, Chrome (13)",Dance Wiv Me (Extended Mix),The Very Best Of Euphoric Dance Breakdown Summer 2008,2008,Ministry Of Sound,1709173,4:19
"Sharam Tayebi, Daniel Bedingfield",The One (Vocal Club Mix),The Very Best Of Euphoric Dance Breakdown Summer 2008,2008,Ministry Of Sound,1709173,5:28
September,Cry For You (Dave Ramone Extended Mix),The Very Best Of Euphoric Dance Breakdown Summer 2008,2008,Ministry Of Sound,1709173,3:44
"DJ Q (3), MC Bonez",You Wot! (Wideboys Basslie Remix),The Very Best Of Euphoric Dance Breakdown Summer 2008,2008,Ministry Of Sound,1709173,2:44
Martin Solveig,C'est La Vie (Radio Edit),The Very Best Of Euphoric Dance Breakdown Summer 2008,2008,Ministry Of Sound,1709173,3:33
"The Mac Project, Therese",Another Love,The Very Best Of Euphoric Dance Breakdown Summer 2008,2008,Ministry Of Sound,1709173,4:29
"DJ NG, Katy B, MC Versatile",Tell Me (Vandalism Remix),The Very Best Of Euphoric Dance Breakdown Summer 2008,2008,Ministry Of Sound,1709173,3:28
"Hervé, Plastic Little",Cheap Thrills,The Very Best Of Euphoric Dance Breakdown Summer 2008,2008,Ministry Of Sound,1709173,3:44
Sash!,Adelante,The Very Best Of Euphoric Dance Breakdown Summer 2008,2008,Ministry Of Sound,1709173,4:20
Push,Strange World (2002 Remake),The Very Best Of Euphoric Dance Breakdown Summer 2008,2008,Ministry Of Sound,1709173,4:26
Three Drives,Greece 2000,The Very Best Of Euphoric Dance Breakdown Summer 2008,2008,Ministry Of Sound,1709173,2:23
U.S.U.R.A.,Open Your Mind 007,The Very Best Of Euphoric Dance Breakdown Summer 2008,2008,Ministry Of Sound,1709173,3:45
Perasma,Swing 2 Harmony,The Very Best Of Euphoric Dance Breakdown Summer 2008,2008,Ministry Of Sound,1709173,3:41
Agnelli & Nelson,Hudson Street,The Very Best Of Euphoric Dance Breakdown Summer 2008,2008,Ministry Of Sound,1709173,5:00
"Sunscreem, Push",Please Save Me,The Very Best Of Euphoric Dance Breakdown Summer 2008,2008,Ministry Of Sound,1709173,4:02
Lost Tribe,Angel (Adam White Vocal Edit),The Very Best Of Euphoric Dance Breakdown Summer 2008,2008,Ministry Of Sound,1709173,3:57
"Adam White, Andy Moor, Whiteroom",The White Room,The Very Best Of Euphoric Dance Breakdown Summer 2008,2008,Ministry Of Sound,1709173,3:29
Mandrake (3),Universal Soul (Hemstock & Jennings Remix),The Very Best Of Euphoric Dance Breakdown Summer 2008,2008,Ministry Of Sound,1709173,3:29
The Thrillseekers,Synaesthesia,The Very Best Of Euphoric Dance Breakdown Summer 2008,2008,Ministry Of Sound,1709173,3:30
"Matt Darey, Marcella Woods",Beautiful,The Very Best Of Euphoric Dance Breakdown Summer 2008,2008,Ministry Of Sound,1709173,5:07
Mike Koglin,The Silence,The Very Best Of Euphoric Dance Breakdown Summer 2008,2008,Ministry Of Sound,1709173,4:47
Lustral,Everytime (Nalin & Kane Remix),The Very Best Of Euphoric Dance Breakdown Summer 2008,2008,Ministry Of Sound,1709173,4:30
Zombie Nation,Kernkraft 400 (DJ Gius Video Remix),The Very Best Of Euphoric Dance Breakdown Summer 2008,2008,Ministry Of Sound,1709173,3:32
Lost Witness,Happiness Happening,The Very Best Of Euphoric Dance Breakdown Summer 2008,2008,Ministry Of Sound,1709173,3:16
September,Can't Get Over (Figoboy Remix),The Very Best Of Euphoric Dance Breakdown 2009,2009,Ministry Of Sound,1709407,4:35
Leonid Rudenko,Everybody (UK Club Mix),The Very Best Of Euphoric Dance Breakdown 2009,2009,Ministry Of Sound,1709407,3:45
Madcon,Beggin' (Max Sanna & Steve Pitron Totality Remix),The Very Best Of Euphoric Dance Breakdown 2009,2009,Ministry Of Sound,1709407,4:05
"DJ Paleface, Kyla (3)",Do You Mind (Crazy Cousins Remix),The Very Best Of Euphoric Dance Breakdown 2009,2009,Ministry Of Sound,1709407,3:43
"Sash!, Stunt",Raindrops (Encore Une Fois) (Fonzerelli Remix),The Very Best Of Euphoric Dance Breakdown 2009,2009,Ministry Of Sound,1709407,4:27
Basshunter,I Can Walk On Water (7th Heaven Remix),The Very Best Of Euphoric Dance Breakdown 2009,2009,Ministry Of Sound,1709407,4:27
Guru Josh Project,Infinity 2008 (Klaas Vocal Remix),The Very Best Of Euphoric Dance Breakdown 2009,2009,Ministry Of Sound,1709407,3:39
Funk Fanatics,Love Is The Answer,The Very Best Of Euphoric Dance Breakdown 2009,2009,Ministry Of Sound,1709407,3:43
Firefox (3),Sex Shooter (Club Mix),The Very Best Of Euphoric Dance Breakdown 2009,2009,Ministry Of Sound,1709407,3:35
Nicki Bliss,I Kissed A Girl (Workout Mix),The Very Best Of Euphoric Dance Breakdown 2009,2009,Ministry Of Sound,1709407,3:35
"House Daddiez, Dee James",Love Lock Down (Yug Remix),The Very Best Of Euphoric Dance Breakdown 2009,2009,Ministry Of Sound,1709407,4:11
DJ Sammy,Sunlight,The Very Best Of Euphoric Dance Breakdown 2009,2009,Ministry Of Sound,1709407,3:29
Alice Deejay,Will I Ever,The Very Best Of Euphoric Dance Breakdown 2009,2009,Ministry Of Sound,1709407,3:46
Jessy,Look At Me Now,The Very Best Of Euphoric Dance Breakdown 2009,2009,Ministry Of Sound,1709407,4:15
Ian Van Dahl,Will I,The Very Best Of Euphoric Dance Breakdown 2009,2009,Ministry Of Sound,1709407,3:19
Nalin & Kane,Beachball (Extended Vocal Mix),The Very Best Of Euphoric Dance Breakdown 2009,2009,Ministry Of Sound,1709407,4:00
Alena,Turn It Around,The Very Best Of Euphoric Dance Breakdown 2009,2009,Ministry Of Sound,1709407,3:16
"Ruff Driverz, Arrola",Dreaming,The Very Best Of Euphoric Dance Breakdown 2009,2009,Ministry Of Sound,1709407,3:57
"Atlantis, Avatar (5)",Fiji (Lange Remix),The Very Best Of Euphoric Dance Breakdown 2009,2009,Ministry Of Sound,1709407,3:38
"Lange, Skye (2)",Drifting Away,The Very Best Of Euphoric Dance Breakdown 2009,2009,Ministry Of Sound,1709407,4:00
E'voke,Arms Of Loren (Ferry Corsten Remix),The Very Best Of Euphoric Dance Breakdown 2009,2009,Ministry Of Sound,1709407,4:32
Storm,Time To Burn (Club Mix),The Very Best Of Euphoric Dance Breakdown 2009,2009,Ministry Of Sound,1709407,4:13
Hi-Gate,I Can Hear Voices,The Very Best Of Euphoric Dance Breakdown 2009,2009,Ministry Of Sound,1709407,3:53
Ferry Corsten,Made Of Love,The Very Best Of Euphoric Dance Breakdown 2009,2009,Ministry Of Sound,1709407,4:48
Airscape,L'Esperanza,The Very Best Of Euphoric Dance Breakdown 2009,2009,Ministry Of Sound,1709407,3:54
Balearic Bill,Destination Sunshine,The Very Best Of Euphoric Dance Breakdown 2009,2009,Ministry Of Sound,1709407,3:17
Baby D,I Need Your Loving (Everybody's Got To Learn Sometime),The Very Best Of Euphoric Dance Breakdown 2009,2009,Ministry Of Sound,1709407,5:10
The Shamen,Move Any Mountain (Beat Edit),The Very Best Of Euphoric Dance Breakdown 2009,2009,Ministry Of Sound,1709407,3:34
Manix,Feel Reel Good,The Very Best Of Euphoric Dance Breakdown 2009,2009,Ministry Of Sound,1709407,2:57
DSK,What Would We Do,The Very Best Of Euphoric Dance Breakdown 2009,2009,Ministry Of Sound,1709407,3:59
Kariya,Let Me Love You For Tonight,The Very Best Of Euphoric Dance Breakdown 2009,2009,Ministry Of Sound,1709407,3:05
FPI Project,Rich In Paradise (Vocal Remix),The Very Best Of Euphoric Dance Breakdown 2009,2009,Ministry Of Sound,1709407,4:16
Johnny Corporate,Sunday Shoutin,The Very Best Of Euphoric Dance Breakdown 2009,2009,Ministry Of Sound,1709407,4:38
Live Element,Be Free,The Very Best Of Euphoric Dance Breakdown 2009,2009,Ministry Of Sound,1709407,3:36
"ATFC, Lisa Millett",Bad Habit (ATFC Club Mix),The Very Best Of Euphoric Dance Breakdown 2009,2009,Ministry Of Sound,1709407,5:22
Golden Girls,Kinetic,The Very Best Of Euphoric Dance Breakdown 2009,2009,Ministry Of Sound,1709407,3:49
"Sidney Samson, Wizard Sleeve",Riverside (Let's Go!),The Very Best Of Euphoric Dance Breakdown 2010,2010,Ministry Of Sound,5191454,
Example,Won't Go Quietly,The Very Best Of Euphoric Dance Breakdown 2010,2010,Ministry Of Sound,5191454,
"DJ Chuckie, LMFAO",Let The Beass Kick In Miami Bitch (MYNC I'm In Richmond Bitch Remix),The Very Best Of Euphoric Dance Breakdown 2010,2010,Ministry Of Sound,5191454,
"DJ Tiësto, C.C. Sheffield",Escape Me (Avicii's Remix At Night),The Very Best Of Euphoric Dance Breakdown 2010,2010,Ministry Of Sound,5191454,
Weekend Warriors,Don't Stop Believing (Fonzerelli Remix),The Very Best Of Euphoric Dance Breakdown 2010,2010,Ministry Of Sound,5191454,
Fugative,Supafly (Static Shokx Remix),The Very Best Of Euphoric Dance Breakdown 2010,2010,Ministry Of Sound,5191454,
Simian Mobile Disco,Cruel Intentions,The Very Best Of Euphoric Dance Breakdown 2010,2010,Ministry Of Sound,5191454,
"Deadmau5, Chris Lake",I Said (Michael Woods Remix),The Very Best Of Euphoric Dance Breakdown 2010,2010,Ministry Of Sound,5191454,
"Mason, DMC (2), Sam Sparro",Corrected (Freaky Friday Mix),The Very Best Of Euphoric Dance Breakdown 2010,2010,Ministry Of Sound,5191454,
"Sharam Tayebi, Kid Cudi",She Came Along (Reup Club Mix),The Very Best Of Euphoric Dance Breakdown 2010,2010,Ministry Of Sound,5191454,
Alex Gold,Reaction (Adam K & Soha With Alex Gold Mix),The Very Best Of Euphoric Dance Breakdown 2010,2010,Ministry Of Sound,5191454,
Fatboy Slim,Star 69 (Ronario Remix),The Very Best Of Euphoric Dance Breakdown 2010,2010,Ministry Of Sound,5191454,
"D.H.T., Edmée Daenen",Listen To Your Heart (Furious F Ez Extended Mix),The Very Best Of Euphoric Dance Breakdown 2010,2010,Ministry Of Sound,5191454,
Chicane,Autumn Tactics,The Very Best Of Euphoric Dance Breakdown 2010,2010,Ministry Of Sound,5191454,
Ascension,For A Lifetime,The Very Best Of Euphoric Dance Breakdown 2010,2010,Ministry Of Sound,5191454,
Agnelli & Nelson,Embrace,The Very Best Of Euphoric Dance Breakdown 2010,2010,Ministry Of Sound,5191454,
Ian Van Dahl,Reason,The Very Best Of Euphoric Dance Breakdown 2010,2010,Ministry Of Sound,5191454,
JDS,Nine Ways,The Very Best Of Euphoric Dance Breakdown 2010,2010,Ministry Of Sound,5191454,
Fragma,Memory,The Very Best Of Euphoric Dance Breakdown 2010,2010,Ministry Of Sound,5191454,
September,Until I Die (The Real Booty Babes Trance Remix),The Very Best Of Euphoric Dance Breakdown 2010,2010,Ministry Of Sound,5191454,
DJ Sammy,Feel The Love (Sound Selectaz Remix),The Very Best Of Euphoric Dance Breakdown 2010,2010,Ministry Of Sound,5191454,
Airscape,Pacific Meldoy,The Very Best Of Euphoric Dance Breakdown 2010,2010,Ministry Of Sound,5191454,
"Commander Tom, Oliver Cats",I Can't Sleep,The Very Best Of Euphoric Dance Breakdown 2010,2010,Ministry Of Sound,5191454,
"Starting Rock, Diva Avari",Don't Go,The Very Best Of Euphoric Dance Breakdown 2010,2010,Ministry Of Sound,5191454,
Modal (2),You're Not Alone,The Very Best Of Euphoric Dance Breakdown 2010,2010,Ministry Of Sound,5191454,
Scarlet Phase,Tik Tok (B-Tastic Remix),The Very Best Of Euphoric Dance Breakdown 2010,2010,Ministry Of Sound,5191454,
Bizarre Inc,I'm Gonna Get You,The Very Best Of Euphoric Dance Breakdown 2010,2010,Ministry Of Sound,5191454,
Sonz Of A Loop Da Loop Era,Far Out,The Very Best Of Euphoric Dance Breakdown 2010,2010,Ministry Of Sound,5191454,
Shades Of Rhythm,Sounds Of Eden,The Very Best Of Euphoric Dance Breakdown 2010,2010,Ministry Of Sound,5191454,
Sabrina Johnston,Peace (In The Valley),The Very Best Of Euphoric Dance Breakdown 2010,2010,Ministry Of Sound,5191454,
Basement Jaxx,Jump & Shout,The Very Best Of Euphoric Dance Breakdown 2010,2010,Ministry Of Sound,5191454,
Mighty Dub Katz,Just Another Groove,The Very Best Of Euphoric Dance Breakdown 2010,2010,Ministry Of Sound,5191454,
Moloko,The Time Is Now,The Very Best Of Euphoric Dance Breakdown 2010,2010,Ministry Of Sound,5191454,
Legato (9),Bonedigger (Beanflicker) (7th Heaven Club Mix),The Very Best Of Euphoric Dance Breakdown 2010,2010,Ministry Of Sound,5191454,
"Ian Carey, Michelle Shellers",Keep On Rising (Vocal Mix),The Very Best Of Euphoric Dance Breakdown 2010,2010,Ministry Of Sound,5191454,
Fresh,Louder,Nextlevelism,2012,Ministry Of Sound,15055413,3:26
Fresh,Hot Right Now,Nextlevelism,2012,Ministry Of Sound,15055413,3:02
Fresh,The Feeling,Nextlevelism,2012,Ministry Of Sound,15055413,3:25
Fresh,Skyhighatrist,Nextlevelism,2012,Ministry Of Sound,15055413,3:06
Fresh,The Edge,Nextlevelism,2012,Ministry Of Sound,15055413,3:22
Fresh,The Power,Nextlevelism,2012,Ministry Of Sound,15055413,2:47
Fresh,Turn It Up,Nextlevelism,2012,Ministry Of Sound,15055413,2:26
Fresh,Don't Tell Me,Nextlevelism,2012,Ministry Of Sound,15055413,3:05
Fresh,Fire Over Water,Nextlevelism,2012,Ministry Of Sound,15055413,3:39
"Fresh, Adam F",See You Again,Nextlevelism,2012,Ministry Of Sound,15055413,3:08
Fresh,Forever More,Nextlevelism,2012,Ministry Of Sound,15055413,3:14
Fresh,Louder (Live At Koko),Nextlevelism,2012,Ministry Of Sound,15055413,6:02
Fresh,Hot Right Now (Live At Koko),Nextlevelism,2012,Ministry Of Sound,15055413,3:27
Fresh,The Power (Live At Koko),Nextlevelism,2012,Ministry Of Sound,15055413,4:23
Fresh,Gold Dust (Shy FX Exclusive Re-Edit),Nextlevelism,2012,Ministry Of Sound,15055413,3:27
Fresh,Hot Right Now (Camo & Krooked Remix),Nextlevelism,2012,Ministry Of Sound,15055413,4:33
Fresh,The Power (Andy C Remix),Nextlevelism,2012,Ministry Of Sound,15055413,5:12
Fresh,Louder (Doctor P & Flux Pavilion Remix),Nextlevelism,2012,Ministry Of Sound,15055413,3:55
Fresh,Godzilla (Exclusive DJ Fresh Bonus Track),Nextlevelism,2012,Ministry Of Sound,15055413,4:47
Mylo,Muscle Car (Sander Kleinenberg's Pace Car Remix),Cream Summer 2006,2006,Ministry Of Sound,758297,
Chris Lake,Release,Cream Summer 2006,2006,Ministry Of Sound,758297,
X-Press 2,Kill 100 (Carl Craig Remix),Cream Summer 2006,2006,Ministry Of Sound,758297,
Gaelle Adisson,Give It Back (Dirty South Remix),Cream Summer 2006,2006,Ministry Of Sound,758297,
"Luke Walker, DJ Loki",Alpaca,Cream Summer 2006,2006,Ministry Of Sound,758297,
Jaydee,Plastic Dreams (Switch Remix),Cream Summer 2006,2006,Ministry Of Sound,758297,
Milke,She Says,Cream Summer 2006,2006,Ministry Of Sound,758297,
Cajmere,Say You Will,Cream Summer 2006,2006,Ministry Of Sound,758297,
L.O.V.E.,We Should Fall In Love (Ben Macklin Remix),Cream Summer 2006,2006,Ministry Of Sound,758297,
Supafly,Moving Too Fast (Freemasons Remix),Cream Summer 2006,2006,Ministry Of Sound,758297,
"Tom Novy, Lima",Take It (Closing Time) (Video Extended Mix),Cream Summer 2006,2006,Ministry Of Sound,758297,
Fireflies,Can't Get Enough,Cream Summer 2006,2006,Ministry Of Sound,758297,
Fonzerelli,Moonlight Party,Cream Summer 2006,2006,Ministry Of Sound,758297,
"Sami Dee, Freddy Jones, Crystal Waters",Gypsy Woman 2006 (La-Da-Dee) (Disco Boys Remix),Cream Summer 2006,2006,Ministry Of Sound,758297,
Pacjam,Urban Minds,Cream Summer 2006,2006,Ministry Of Sound,758297,
Carnival (2),Not Over Yet (Antillas Steel Drum Mix),Cream Summer 2006,2006,Ministry Of Sound,758297,
Team SR,Leaving London (Original Mix),Cream Summer 2006,2006,Ministry Of Sound,758297,
Hemstock & Jennings,Mirage (Lange Remix),Cream Summer 2006,2006,Ministry Of Sound,758297,
Mr. Sam,Insight (T4L Remix),Cream Summer 2006,2006,Ministry Of Sound,758297,
DT8 Project,Narama,Cream Summer 2006,2006,Ministry Of Sound,758297,
Giuseppe Ottaviani,Through Your Eyes (Original Mix),Cream Summer 2006,2006,Ministry Of Sound,758297,
Simon Patterson,F16,Cream Summer 2006,2006,Ministry Of Sound,758297,
Sander van Doorn,Dark Roast (2006 Re-Fill Remix),Cream Summer 2006,2006,Ministry Of Sound,758297,
Marcel Woods,Monotone (Original Mix),Cream Summer 2006,2006,Ministry Of Sound,758297,
Gabriel & Dresden,Tracking Treasure Down,Cream Summer 2006,2006,Ministry Of Sound,758297,
The Prodigy,Breathe,Cream Summer 2006,2006,Ministry Of Sound,758297,
Soulwax,E Talking (Tiga's Disco Drama Remix),Cream Summer 2006,2006,Ministry Of Sound,758297,
Stanton Warriors,Da Virus,Cream Summer 2006,2006,Ministry Of Sound,758297,
Bugz In The Attic,Booty La La (Booty Edit),Cream Summer 2006,2006,Ministry Of Sound,758297,
A-Skillz + Krafty Kuts,Tricker Technology,Cream Summer 2006,2006,Ministry Of Sound,758297,
Coldcut,True Skool,Cream Summer 2006,2006,Ministry Of Sound,758297,
Cagedbaby,Against The Wall,Cream Summer 2006,2006,Ministry Of Sound,758297,
Mylo,Drop The Pressure (Radio Edit),Cream Summer 2006,2006,Ministry Of Sound,758297,
Plump DJs,Funk Hits The Fan,Cream Summer 2006,2006,Ministry Of Sound,758297,
Hybrid,Finished Symphony,Cream Summer 2006,2006,Ministry Of Sound,758297,
Kosheen,Hide U (John Creamer & Stephane K Remix),Cream Summer 2006,2006,Ministry Of Sound,758297,
Sasha,Xpander,Cream Summer 2006,2006,Ministry Of Sound,758297,
Dave Clarke,The Wiggle,Cream Summer 2006,2006,Ministry Of Sound,758297,
Lemon Jelly,Nice Weather For Ducks,Cream Summer 2006,2006,Ministry Of Sound,758297,
Faithless,God Is A DJ,Creamfields 10 Years - The Album,2008,Ministry Of Sound,1669104,
Groove Armada,Superstylin,Creamfields 10 Years - The Album,2008,Ministry Of Sound,1669104,
Switch (2),A Bit Patchy (Club Mix),Creamfields 10 Years - The Album,2008,Ministry Of Sound,1669104,
"Paul Oakenfold, Ryan Tedder",Not Over (Robert Vadney's 3AM Goodbye Remix),Creamfields 10 Years - The Album,2008,Ministry Of Sound,1669104,
"Marco V, Sander Van Doorn",Organic,Creamfields 10 Years - The Album,2008,Ministry Of Sound,1669104,
"DJ Marky, XRS, Stamina MC",LK,Creamfields 10 Years - The Album,2008,Ministry Of Sound,1669104,
High Contrast,Basement Track,Creamfields 10 Years - The Album,2008,Ministry Of Sound,1669104,
"J Majik, Wickaman",Crazy World (Extended Mix),Creamfields 10 Years - The Album,2008,Ministry Of Sound,1669104,
The Whip,Trash,Creamfields 10 Years - The Album,2008,Ministry Of Sound,1669104,
"Noisia, Bex Riley",Gutterpunk,Creamfields 10 Years - The Album,2008,Ministry Of Sound,1669104,
"Benga, Coki",Night,Creamfields 10 Years - The Album,2008,Ministry Of Sound,1669104,
"UNKLE, Ian Brown",Reign,Creamfields 10 Years - The Album,2008,Ministry Of Sound,1669104,
Chicane,Salt Water,Creamfields 10 Years - The Album,2008,Ministry Of Sound,1669104,
Mauro Picotto,Pulsar (Picotto Tea Mix),Creamfields 10 Years - The Album,2008,Ministry Of Sound,1669104,
Push,Universal Nation (Original Album Mix),Creamfields 10 Years - The Album,2008,Ministry Of Sound,1669104,
Agnelli & Nelson,Holding On To Nothing,Creamfields 10 Years - The Album,2008,Ministry Of Sound,1669104,
"Freefall, Jan Johnston",Skydive (I Feel Wonderful),Creamfields 10 Years - The Album,2008,Ministry Of Sound,1669104,
"Atlantis, Avatar (5)",Fiji,Creamfields 10 Years - The Album,2008,Ministry Of Sound,1669104,
"Above & Beyond, Zoë Johnston",No One On Earth,Creamfields 10 Years - The Album,2008,Ministry Of Sound,1669104,
Untidy Dubs,Funky Grooves,Creamfields 10 Years - The Album,2008,Ministry Of Sound,1669104,
Lisa Lashes,Unbelievable,Creamfields 10 Years - The Album,2008,Ministry Of Sound,1669104,
"Bob Sinclar, Fireball (3)",What I Want (Andy Van Remix),Creamfields 10 Years - The Album,2008,Ministry Of Sound,1669104,
Steve Miller Band,Abracadabra (Boy 8 Bit Remix),Creamfields 10 Years - The Album,2008,Ministry Of Sound,1669104,
Claude VonStroke,The Whistler (The Whistler),Creamfields 10 Years - The Album,2008,Ministry Of Sound,1669104,
Mason,Exceeder (Instrumental Club Mix),Creamfields 10 Years - The Album,2008,Ministry Of Sound,1669104,
"Green Velvet, Walter Phillips",Shake & Pop,Creamfields 10 Years - The Album,2008,Ministry Of Sound,1669104,
"Axwell, Steve Angello & Sebastian Ingrosso, Laidback Luke",Get Dumb (MK's Dub),Creamfields 10 Years - The Album,2008,Ministry Of Sound,1669104,
Sander Kleinenberg,The Fruit,Creamfields 10 Years - The Album,2008,Ministry Of Sound,1669104,
Forerunners,Lifecycle,Delirium,2007,Ministry Of Sound,989478,9:07
"Senses (4), Silver Aurora",Silver Aurora (Senses Mix),Delirium,2007,Ministry Of Sound,989478,6:14
Sly One,House Of Muzik (Ian Betts Mix),Delirium,2007,Ministry Of Sound,989478,5:39
A/B Project,Eternal Optimism (Kuffdam & Plant Remix),Delirium,2007,Ministry Of Sound,989478,6:42
Airbase,Medusa,Delirium,2007,Ministry Of Sound,989478,6:19
"FKN, Jahala",Why (Aly & Fila Remix),Delirium,2007,Ministry Of Sound,989478,6:17
Karybde & Scylla,Free Your Mind,Delirium,2007,Ministry Of Sound,989478,5:59
D-Mark (2),Project Norway,Delirium,2007,Ministry Of Sound,989478,6:10
"Filo & Peri, Eric Lumiere",Anthem (John O'Callaghan Mix),Delirium,2007,Ministry Of Sound,989478,5:49
Adam White,Never Tell What You Think (Paul Kershaw Remix),Delirium,2007,Ministry Of Sound,989478,6:48
"André Visior, Dark Moon",Beautiful People,Delirium,2007,Ministry Of Sound,989478,7:42
Kimito Lopez,Nostalgia,Delirium,2007,Ministry Of Sound,989478,6:29
Corderoy,Drifting (Reaves & Ahorn Remix),Delirium,2007,Ministry Of Sound,989478,5:38
Lokhèn,Northern Winds,Delirium,2007,Ministry Of Sound,989478,7:41
Robert Nickson,Motion Blur,Delirium,2007,Ministry Of Sound,989478,6:29
E:Mortal,Lost Planet,Delirium,2007,Ministry Of Sound,989478,4:38
Simon Patterson,Strip Search,Delirium,2007,Ministry Of Sound,989478,5:54
Adam Sheridan,La Fiesta (Adam's Inside Out Mix),Delirium,2007,Ministry Of Sound,989478,5:57
Marc Vedo,Time Line (Mac & Mac Remix),Delirium,2007,Ministry Of Sound,989478,4:56
Sean Tyas,Pacifier,Delirium,2007,Ministry Of Sound,989478,5:35
Ampire,Speedlimit,Delirium,2007,Ministry Of Sound,989478,5:09
"André Visior, Kay Stone",Something For Your Mind (Giuseppe Ottaviani Remix),Delirium – Volume 2,2008,Ministry Of Sound,1257711,7:45
Breakfast (3),The Horizon,Delirium – Volume 2,2008,Ministry Of Sound,1257711,6:35
Corderoy,Watching You,Delirium – Volume 2,2008,Ministry Of Sound,1257711,6:14
"Adam Nickey, Tiff Lacey",Letting Go (Caracas Mix),Delirium – Volume 2,2008,Ministry Of Sound,1257711,7:40
"Adam White, Rozza",Love Angels,Delirium – Volume 2,2008,Ministry Of Sound,1257711,5:58
Onova,Platitude,Delirium – Volume 2,2008,Ministry Of Sound,1257711,4:57
"Frase, Coto",Down To The Wire (Ornate Remix),Delirium – Volume 2,2008,Ministry Of Sound,1257711,5:44
"Estiva, Marninx",Casa Grande,Delirium – Volume 2,2008,Ministry Of Sound,1257711,5:03
Dave 202,Louvre,Delirium – Volume 2,2008,Ministry Of Sound,1257711,5:48
"John O'Callaghan, Audrey Gallagher",Big Sky (Agnelli & Nelson Remix),Delirium – Volume 2,2008,Ministry Of Sound,1257711,6:50
Nitrous Oxide (2),Amnesia,Delirium – Volume 2,2008,Ministry Of Sound,1257711,8:50
BRM (2),The One,Delirium – Volume 2,2008,Ministry Of Sound,1257711,7:48
NZK,Crop Circles,Delirium – Volume 2,2008,Ministry Of Sound,1257711,8:21
Tom Colontonio,Twister,Delirium – Volume 2,2008,Ministry Of Sound,1257711,7:29
"Amphiby, Proscan",Quicksand,Delirium – Volume 2,2008,Ministry Of Sound,1257711,6:16
Graham Gold,Glorified,Delirium – Volume 2,2008,Ministry Of Sound,1257711,5:59
Rachel Loy,I Can Feel It (Lovin' Me) (P.H.A.T.T. Remix),Delirium – Volume 2,2008,Ministry Of Sound,1257711,5:52
Flavio Grifo,Fashioned,Delirium – Volume 2,2008,Ministry Of Sound,1257711,4:34
"Ronski Speed, RST (2)",Stormbound (Ronski Speed Dub Tech Mix),Delirium – Volume 2,2008,Ministry Of Sound,1257711,5:31
"Bissen, The Crossover",Quicksand (Joint Operations Centre Remix),Delirium – Volume 2,2008,Ministry Of Sound,1257711,4:14
Sebastian Brandt,Technology,Delirium – Volume 2,2008,Ministry Of Sound,1257711,5:43
"Haris C, Digitalis (5)",Back On Track (Bang Bang Mix),Delirium – Volume 2,2008,Ministry Of Sound,1257711,5:26
"Marc Vedo, Mike Koglin",Dirty Monster (Richard Durand Remix),Delirium – Volume 2,2008,Ministry Of Sound,1257711,7:11
Tigerskin,What's Hot,Ministry Of Sound - Sound Of Berlin Vol. 2,2009,Ministry Of Sound,1961761,
Santos,Hold Home (Luna City Express Remix),Ministry Of Sound - Sound Of Berlin Vol. 2,2009,Ministry Of Sound,1961761,
Hector (5),Got Fringe?,Ministry Of Sound - Sound Of Berlin Vol. 2,2009,Ministry Of Sound,1961761,
Michael Melchner,Just A Skip,Ministry Of Sound - Sound Of Berlin Vol. 2,2009,Ministry Of Sound,1961761,
Ben Mono,Jesus Was A B-boy (TJ Kong & Nuno Dos Santos Remix),Ministry Of Sound - Sound Of Berlin Vol. 2,2009,Ministry Of Sound,1961761,
Vera Heindel,Jump The Hump,Ministry Of Sound - Sound Of Berlin Vol. 2,2009,Ministry Of Sound,1961761,
Ian Pooley,Guardando Indietro,Ministry Of Sound - Sound Of Berlin Vol. 2,2009,Ministry Of Sound,1961761,
Rodney Hunter,Freak On (Chopstick & Till Von Sein Remix),Ministry Of Sound - Sound Of Berlin Vol. 2,2009,Ministry Of Sound,1961761,
Ruede Hagelstein,Aron Habrit,Ministry Of Sound - Sound Of Berlin Vol. 2,2009,Ministry Of Sound,1961761,
Adam Port,Boogie Bass,Ministry Of Sound - Sound Of Berlin Vol. 2,2009,Ministry Of Sound,1961761,
Ekkohaus,Moon Talking,Ministry Of Sound - Sound Of Berlin Vol. 2,2009,Ministry Of Sound,1961761,
Marcus Meinhardt,Lucky Punch,Ministry Of Sound - Sound Of Berlin Vol. 2,2009,Ministry Of Sound,1961761,
Isolée,October,Ministry Of Sound - Sound Of Berlin Vol. 2,2009,Ministry Of Sound,1961761,
Oliver Tatsch,Soulman,Ministry Of Sound - Sound Of Berlin Vol. 2,2009,Ministry Of Sound,1961761,
Falko Brocksieper,Chemtrails,Ministry Of Sound - Sound Of Berlin Vol. 2,2009,Ministry Of Sound,1961761,
Santos Resiak,Enduido,Ministry Of Sound - Sound Of Berlin Vol. 2,2009,Ministry Of Sound,1961761,
Tiefschwarz,Yeah,Ministry Of Sound - Sound Of Berlin Vol. 2,2009,Ministry Of Sound,1961761,
Luna City Express,Rough Neck (Matthias Tanzmann Remix),Ministry Of Sound - Sound Of Berlin Vol. 2,2009,Ministry Of Sound,1961761,
Der Dritte Raum,Swing Bop,Ministry Of Sound - Sound Of Berlin Vol. 2,2009,Ministry Of Sound,1961761,
Dinky,Epilepsia,Ministry Of Sound - Sound Of Berlin Vol. 5,2010,Ministry Of Sound,2436224,
"Adam Port, Gigi",Enoralehu (Santé Remix),Ministry Of Sound - Sound Of Berlin Vol. 5,2010,Ministry Of Sound,2436224,
"Sebo K, Max Moya",Spirits (Drum Version),Ministry Of Sound - Sound Of Berlin Vol. 5,2010,Ministry Of Sound,2436224,
"Marco Resmann, MZ Sunday Luv",I Will Love,Ministry Of Sound - Sound Of Berlin Vol. 5,2010,Ministry Of Sound,2436224,
Santé,Dambalaa (Dub Mix),Ministry Of Sound - Sound Of Berlin Vol. 5,2010,Ministry Of Sound,2436224,
Gunnar Stiller,Cubicle,Ministry Of Sound - Sound Of Berlin Vol. 5,2010,Ministry Of Sound,2436224,
Dirt Crew,Deep Cover (Roberto R Remix),Ministry Of Sound - Sound Of Berlin Vol. 5,2010,Ministry Of Sound,2436224,
Dan Curtin,Other,Ministry Of Sound - Sound Of Berlin Vol. 5,2010,Ministry Of Sound,2436224,
Luna City Express,Time & Space,Ministry Of Sound - Sound Of Berlin Vol. 5,2010,Ministry Of Sound,2436224,
"Argenis Brito, Miguel Toro",Black Shoes,Ministry Of Sound - Sound Of Berlin Vol. 5,2010,Ministry Of Sound,2436224,
"Chopstick, Johnjon",Saracen,Ministry Of Sound - Sound Of Berlin Vol. 5,2010,Ministry Of Sound,2436224,
Filippo Moscatello,Kleinmond,Ministry Of Sound - Sound Of Berlin Vol. 5,2010,Ministry Of Sound,2436224,
"Sierra Sam, Break 3000",Good Times,Ministry Of Sound - Sound Of Berlin Vol. 5,2010,Ministry Of Sound,2436224,
Jay Shepheard,Marmaduke,Ministry Of Sound - Sound Of Berlin Vol. 5,2010,Ministry Of Sound,2436224,
The Runners (8),Cube Squared,Ministry Of Sound - Sound Of Berlin Vol. 5,2010,Ministry Of Sound,2436224,
Klartraum,Existence,Ministry Of Sound - Sound Of Berlin Vol. 5,2010,Ministry Of Sound,2436224,
Stefan Goldmann,Yes To All,Ministry Of Sound - Sound Of Berlin Vol. 5,2010,Ministry Of Sound,2436224,
Toktok,Circus,Ministry Of Sound - Sound Of Berlin Vol. 5,2010,Ministry Of Sound,2436224,
Unit Blue,Costa Latina (Del Mar Mix),La Nuit Vol. 2 - The Finest Of Chill House Lounge,2009,Ministry Of Sound,1971097,
Campa (4),Drowned,La Nuit Vol. 2 - The Finest Of Chill House Lounge,2009,Ministry Of Sound,1971097,
Cyron Florzinho,Valisere Africa,La Nuit Vol. 2 - The Finest Of Chill House Lounge,2009,Ministry Of Sound,1971097,
8000below,Secrets,La Nuit Vol. 2 - The Finest Of Chill House Lounge,2009,Ministry Of Sound,1971097,
Boot Cut Rockers,Under The Stars,La Nuit Vol. 2 - The Finest Of Chill House Lounge,2009,Ministry Of Sound,1971097,
Blackwater (23),Track One,La Nuit Vol. 2 - The Finest Of Chill House Lounge,2009,Ministry Of Sound,1971097,
Deep Dive Corp.,Summertime,La Nuit Vol. 2 - The Finest Of Chill House Lounge,2009,Ministry Of Sound,1971097,
A Little Peace,Boot Cut Rockers,La Nuit Vol. 2 - The Finest Of Chill House Lounge,2009,Ministry Of Sound,1971097,
Shahrokh Sound Of K.,See The Light (Frank Rogers Real Vox Mix),La Nuit Vol. 2 - The Finest Of Chill House Lounge,2009,Ministry Of Sound,1971097,
Beanfield,Electro Kraut (Ian Pooley Remix),La Nuit Vol. 2 - The Finest Of Chill House Lounge,2009,Ministry Of Sound,1971097,
Mathieu Hobiere,The Crest Of The Waves,La Nuit Vol. 2 - The Finest Of Chill House Lounge,2009,Ministry Of Sound,1971097,
DjaKo,Wouaie,La Nuit Vol. 2 - The Finest Of Chill House Lounge,2009,Ministry Of Sound,1971097,
Eddie Silverton,Believers,La Nuit Vol. 2 - The Finest Of Chill House Lounge,2009,Ministry Of Sound,1971097,
Mathieu & Florzinho,Changes,La Nuit Vol. 2 - The Finest Of Chill House Lounge,2009,Ministry Of Sound,1971097,
Smood,Gadou,La Nuit Vol. 2 - The Finest Of Chill House Lounge,2009,Ministry Of Sound,1971097,
Steen Thøttrup,Heading For The Sunrise,La Nuit Vol. 2 - The Finest Of Chill House Lounge,2009,Ministry Of Sound,1971097,
Redlounge Orchestra,Green Wine,La Nuit Vol. 2 - The Finest Of Chill House Lounge,2009,Ministry Of Sound,1971097,
Various,La Nuit Vol. 2 - The Finest Of Chill House Lounge,La Nuit Vol. 2 - The Finest Of Chill House Lounge,2009,Ministry Of Sound,1971097,
Cascada,Miracle (Club Mix),Dance Energy - The Ultimate Adrenaline Rush,2007,Ministry Of Sound,9059320,3:54
Booty Luv,Boogie 2Nite (Hypasonc Remix),Dance Energy - The Ultimate Adrenaline Rush,2007,Ministry Of Sound,9059320,3:58
Kim Sozzi,Break Up (Hixxy Remix),Dance Energy - The Ultimate Adrenaline Rush,2007,Ministry Of Sound,9059320,3:18
"Alex Gaudino, Crystal Waters",Destination Calabria (Drunkenmunky 2007 Remake),Dance Energy - The Ultimate Adrenaline Rush,2007,Ministry Of Sound,9059320,3:51
Fedde Le Grand,Put Your Hands Up For Detroit (Alex K Remix),Dance Energy - The Ultimate Adrenaline Rush,2007,Ministry Of Sound,9059320,4:01
BeatFreakz,Superfreak (Friday Night Posse Remix),Dance Energy - The Ultimate Adrenaline Rush,2007,Ministry Of Sound,9059320,4:11
Angel City,24/7,Dance Energy - The Ultimate Adrenaline Rush,2007,Ministry Of Sound,9059320,3:36
Dance Nation,Move Your Love (Micky Modelle's So High Remix),Dance Energy - The Ultimate Adrenaline Rush,2007,Ministry Of Sound,9059320,3:26
DJ Sammy,Why (Breeze & Styles Remix),Dance Energy - The Ultimate Adrenaline Rush,2007,Ministry Of Sound,9059320,3:38
"Till West, DJ Delicious",Same Man (Alex K Remix),Dance Energy - The Ultimate Adrenaline Rush,2007,Ministry Of Sound,9059320,3:03
"Dougal & Gammer, Sally Jaxx, MC Whizzkid",Disco In The Clouds,Dance Energy - The Ultimate Adrenaline Rush,2007,Ministry Of Sound,9059320,3:50
"D.H.T., Edmée Daenen",I Go Crazy (Dancing DJs Remix),Dance Energy - The Ultimate Adrenaline Rush,2007,Ministry Of Sound,9059320,3:05
"Dream-Factory, Jessica Palmer",Leave A Light On (Extended Mix),Dance Energy - The Ultimate Adrenaline Rush,2007,Ministry Of Sound,9059320,3:46
Happy Clappers,I Believe (Northstarz Remix),Dance Energy - The Ultimate Adrenaline Rush,2007,Ministry Of Sound,9059320,3:31
"Bliss Inc., Carlotta Chadwick",Faith (Nick Skitz Faithless Remix),Dance Energy - The Ultimate Adrenaline Rush,2007,Ministry Of Sound,9059320,5:02
Dizzy Deejays,Think About The Way,Dance Energy - The Ultimate Adrenaline Rush,2007,Ministry Of Sound,9059320,3:45
Urban Cowboyz,Around The Way Girl (Stompin System Klubbed Remix),Dance Energy - The Ultimate Adrenaline Rush,2007,Ministry Of Sound,9059320,3:45
"Danzel, DJ F.R.A.N.K.",My Arms Keep Missing You (Stompin System Remix),Dance Energy - The Ultimate Adrenaline Rush,2007,Ministry Of Sound,9059320,3:58
Lucas Prata,And She Said... (Saint Remix),Dance Energy - The Ultimate Adrenaline Rush,2007,Ministry Of Sound,9059320,4:01
Riff Raff Allstars,I'll Never Be Lonely Again,Dance Energy - The Ultimate Adrenaline Rush,2007,Ministry Of Sound,9059320,3:34
Booty Luv,Be Without You (Club Mix),Dance Energy - The Ultimate Adrenaline Rush,2007,Ministry Of Sound,9059320,3:21
"Freemasons, Siedah Garrett",Rain Down Love (Freemasons Vs Walken Remix),Dance Energy - The Ultimate Adrenaline Rush,2007,Ministry Of Sound,9059320,3:45
Sharam Tayebi,PATT (Party All The Time) (Club Mix),Dance Energy - The Ultimate Adrenaline Rush,2007,Ministry Of Sound,9059320,3:45
Dave Armstrong,Make Your Move (Dare Me) (Antoine Clamaran Club Mix),Dance Energy - The Ultimate Adrenaline Rush,2007,Ministry Of Sound,9059320,4:15
"Ben Macklin, Tiger Lily",Feel Together (Vocal Mix),Dance Energy - The Ultimate Adrenaline Rush,2007,Ministry Of Sound,9059320,4:14
Steve'n King,Bounce (Club Mix),Dance Energy - The Ultimate Adrenaline Rush,2007,Ministry Of Sound,9059320,3:02
"Tom Novy, Lima",Take It (Closing Time) (Haji & Emanuel Remix),Dance Energy - The Ultimate Adrenaline Rush,2007,Ministry Of Sound,9059320,5:30
D.O.N.S.,Big Fun (D.O.N.S. Oldschool Revival Mix),Dance Energy - The Ultimate Adrenaline Rush,2007,Ministry Of Sound,9059320,3:26
"SJB, Jane Wiedlin",Rush Hour (Club Mix),Dance Energy - The Ultimate Adrenaline Rush,2007,Ministry Of Sound,9059320,2:48
Jeffray & Calmani,Going Deeper,Dance Energy - The Ultimate Adrenaline Rush,2007,Ministry Of Sound,9059320,3:56
"The Star Alliance, Sheila Ferguson",He's A Runner (Club Mix),Dance Energy - The Ultimate Adrenaline Rush,2007,Ministry Of Sound,9059320,3:22
Duke,So In Love With You (E-Squire's Dirty Duke Mix),Dance Energy - The Ultimate Adrenaline Rush,2007,Ministry Of Sound,9059320,4:15
Static (40),No Easy Way Out (Club Mix),Dance Energy - The Ultimate Adrenaline Rush,2007,Ministry Of Sound,9059320,3:33
"Sampson & Mason, Soraya",The Feeling (Club Mix),Dance Energy - The Ultimate Adrenaline Rush,2007,Ministry Of Sound,9059320,4:05
Outatime,Last Night A DJ Saved My Life (Impulse Extended Mix),Dance Energy - The Ultimate Adrenaline Rush,2007,Ministry Of Sound,9059320,4:15
Denis Naidanow,Ascension,F*** Me I'm Famous! International,2006,Ministry Of Sound,724012,
"Bob Sinclar, Steve Edwards","World, Hold On (F*** Me I'm Famous Remix)",F*** Me I'm Famous! International,2006,Ministry Of Sound,724012,
Tocadisco,You're No Good For Me,F*** Me I'm Famous! International,2006,Ministry Of Sound,724012,
Loleatta Holloway,Love Sensation '06 (Hi_Tack Burnin' Up Club Mix),F*** Me I'm Famous! International,2006,Ministry Of Sound,724012,
Bloc Party,Banquet (Phones Disco Mix),F*** Me I'm Famous! International,2006,Ministry Of Sound,724012,
"Richard F., T. Wheeler",5 In The Morning,F*** Me I'm Famous! International,2006,Ministry Of Sound,724012,
"Steve Angello, Laidback Luke",Otherwize Then,F*** Me I'm Famous! International,2006,Ministry Of Sound,724012,
Steve Angello,Teasing Mr Charlie,F*** Me I'm Famous! International,2006,Ministry Of Sound,724012,
Kiko,World Cup 2006,F*** Me I'm Famous! International,2006,Ministry Of Sound,724012,
"Joe T. Vannelli, Rochelle Fleming",Get It On (Summer Love),F*** Me I'm Famous! International,2006,Ministry Of Sound,724012,
Logic (8),Save My Soul,F*** Me I'm Famous! International,2006,Ministry Of Sound,724012,
"Copyright, Song Williamson",He Is,F*** Me I'm Famous! International,2006,Ministry Of Sound,724012,
Andy Cato,La Luna,F*** Me I'm Famous! International,2006,Ministry Of Sound,724012,
Lorraine,Transatlantic Flight (Axwell Remix),F*** Me I'm Famous! International,2006,Ministry Of Sound,724012,
Black Strobe,Last Dub On Earth (Arnaud Rebotini Remix),F*** Me I'm Famous! International,2006,Ministry Of Sound,724012,
"Erick Morillo, Puff Daddy",Dance I Say (Touché Mix),F*** Me I'm Famous! International,2006,Ministry Of Sound,724012,
Steve Angello & Sebastian Ingrosso,Click,F*** Me I'm Famous! International,2006,Ministry Of Sound,724012,
"Martijn ten Velden, Lucien Foort",Bleeep!,F*** Me I'm Famous! International,2006,Ministry Of Sound,724012,
Logic (8),Fucking Swedish,F*** Me I'm Famous! International,2006,Ministry Of Sound,724012,
"David Guetta, Chris Willis, Tocadisco",Tomorrow Can Wait,F*** Me I'm Famous! International Vol. 2,2008,Ministry Of Sound,1805098,5:40
Dim Chris,Sucker (Fred Pellichero Remix),F*** Me I'm Famous! International Vol. 2,2008,Ministry Of Sound,1805098,3:11
"Gregor Salto, DJ Chuckie",Toys Are Nuts,F*** Me I'm Famous! International Vol. 2,2008,Ministry Of Sound,1805098,2:15
Robbie Rivera,Move On,F*** Me I'm Famous! International Vol. 2,2008,Ministry Of Sound,1805098,5:32
"Prok & Fitch, Salomé De Bahia",Outro Lugar (Tocadisco's Nunca Chove Floripa Mix),F*** Me I'm Famous! International Vol. 2,2008,Ministry Of Sound,1805098,3:45
Sharam Tayebi,The One (Joachim Garraud & David Guetta Remix),F*** Me I'm Famous! International Vol. 2,2008,Ministry Of Sound,1805098,5:30
"Fedde Le Grand, Funkerman",3 Minutes To Explain,F*** Me I'm Famous! International Vol. 2,2008,Ministry Of Sound,1805098,2:48
Who's Who?,Klack,F*** Me I'm Famous! International Vol. 2,2008,Ministry Of Sound,1805098,5:10
Funkagenda,What The F***,F*** Me I'm Famous! International Vol. 2,2008,Ministry Of Sound,1805098,4:44
Felix Da Housecat,Radio (Shinichi Osawa Remix),F*** Me I'm Famous! International Vol. 2,2008,Ministry Of Sound,1805098,2:20
David Guetta,Jack Is Back,F*** Me I'm Famous! International Vol. 2,2008,Ministry Of Sound,1805098,1:59
Federico Franchi,Pears (Vocal),F*** Me I'm Famous! International Vol. 2,2008,Ministry Of Sound,1805098,4:11
Joachim Garraud,The Rock,F*** Me I'm Famous! International Vol. 2,2008,Ministry Of Sound,1805098,3:34
Benny Benassi,Rock 'n' Rave,F*** Me I'm Famous! International Vol. 2,2008,Ministry Of Sound,1805098,5:41
Tom Novy,Runaway (Albin Myers Remix),F*** Me I'm Famous! International Vol. 2,2008,Ministry Of Sound,1805098,5:54
Fragma,Toca's Miracle (Inpetto 2008 Mix),F*** Me I'm Famous! International Vol. 2,2008,Ministry Of Sound,1805098,6:16
The Frenchmakers,Miracle (Mischa Daniels Remix),F*** Me I'm Famous! International Vol. 2,2008,Ministry Of Sound,1805098,4:11
Julien Arias,TQ,F*** Me I'm Famous! International Vol. 2,2008,Ministry Of Sound,1805098,
Meck (2),So Strong (Inpetto Remix),F*** Me I'm Famous! International Vol. 2,2008,Ministry Of Sound,1805098,5:17
"Tristan Garner, Caribe",Caribe,F*** Me I'm Famous! International Vol. 2,2008,Ministry Of Sound,1805098,2:49
"Steve Mac, Paul Harris",You,F*** Me I'm Famous! International Vol. 2,2008,Ministry Of Sound,1805098,4:03
Underworld,Ring Road (Laidback Luke Remix),F*** Me I'm Famous! International Vol. 2,2008,Ministry Of Sound,1805098,4:47
"Kee Mo, Tim Royko",Beautiful Lie (Joachim Garraud Remix),F*** Me I'm Famous! International Vol. 2,2008,Ministry Of Sound,1805098,4:21
Uniting Nations,Do It Yourself (Go Out And Get It) (Fonzerelli Commercial Club Mix),Put Your Hands Up! 3,2007,Ministry Of Sound,1153110,3:43
Angel City,24/7 (2-4 Grooves Remix),Put Your Hands Up! 3,2007,Ministry Of Sound,1153110,3:16
Alex Party,Alex Party (Saturday Night Party),Put Your Hands Up! 3,2007,Ministry Of Sound,1153110,3:45
"Bob Sinclar, Cutee B, Gary ""Nesta"" Pine, Dollarman",Sound Of Freedom,Put Your Hands Up! 3,2007,Ministry Of Sound,1153110,3:15
"Dennis Christopher, Rocq-e Harrell",Music Is My Life,Put Your Hands Up! 3,2007,Ministry Of Sound,1153110,3:06
Lee Dagger,High Overdrive,Put Your Hands Up! 3,2007,Ministry Of Sound,1153110,3:42
"Ida Corr, Fedde Le Grand",Let Me Think About It (Bad Behaviour Remix),Put Your Hands Up! 3,2007,Ministry Of Sound,1153110,3:48
Jan Wayne,I Touch Myself (Handz Up Club Mix),Put Your Hands Up! 3,2007,Ministry Of Sound,1153110,3:42
Booty Luv,Don't Mess With My Man (Quadrasonic Remix),Put Your Hands Up! 3,2007,Ministry Of Sound,1153110,3:17
"Dave Armstrong, Redroche, H-Boogie",Love Has Gone (Bass Slammers Remix),Put Your Hands Up! 3,2007,Ministry Of Sound,1153110,3:49
Karen Danzig,China In Your Hand,Put Your Hands Up! 3,2007,Ministry Of Sound,1153110,3:44
Ronja Rebel,Love Is All Over Me (In My Dreams) (Pulsedriver Remix),Put Your Hands Up! 3,2007,Ministry Of Sound,1153110,3:52
Francesca (3),Naked In The Rain,Put Your Hands Up! 3,2007,Ministry Of Sound,1153110,3:44
Liz Meyer,All I Want,Put Your Hands Up! 3,2007,Ministry Of Sound,1153110,2:46
2 Vibez,I Believe (Rocco vs. Bass-T Remix),Put Your Hands Up! 3,2007,Ministry Of Sound,1153110,3:01
Turbofunk,Gotta Move (Dave Austin Remix),Put Your Hands Up! 3,2007,Ministry Of Sound,1153110,3:29
Spektrum,Kinda New (We All Live And Die) (Alex K Klubbed Up Remix),Put Your Hands Up! 3,2007,Ministry Of Sound,1153110,3:56
"XTV, Jenna C",Show Me Love,Put Your Hands Up! 3,2007,Ministry Of Sound,1153110,3:32
Kim Leoni,Again,Put Your Hands Up! 3,2007,Ministry Of Sound,1153110,3:13
"Beam, Lara McAllen",Bodyrock (Topmodelz Mix),Put Your Hands Up! 3,2007,Ministry Of Sound,1153110,3:14
Weekend Warriors,Don't Stop Believing,Put Your Hands Up! 3,2007,Ministry Of Sound,1153110,3:19
Sidney Samson,Nobody Move,Put Your Hands Up! 3,2007,Ministry Of Sound,1153110,2:59
"Rico Bass, DJ Bonito",Cisko Disko,Put Your Hands Up! 3,2007,Ministry Of Sound,1153110,3:44
Sunset Strippers,Step Right Up,Put Your Hands Up! 3,2007,Ministry Of Sound,1153110,4:10
"Sash!, Tina Cousins",Mysterious Times,Put Your Hands Up! 3,2007,Ministry Of Sound,1153110,3:23
Snap!,The Power (Of Bhangra),Put Your Hands Up! 3,2007,Ministry Of Sound,1153110,3:49
QFX,Freedom (Bass Slammers Remix),Put Your Hands Up! 3,2007,Ministry Of Sound,1153110,3:19
Espire,Right Here Waiting,Put Your Hands Up! 3,2007,Ministry Of Sound,1153110,3:09
Tukan,Light A Rainbow (CJ Stone UK Radio Edit),Put Your Hands Up! 3,2007,Ministry Of Sound,1153110,3:32
Piano Pirates,Make It On My Own,Put Your Hands Up! 3,2007,Ministry Of Sound,1153110,3:29
"Onyx (2), Gemma J",Every Little Time (Rezonance Q Remix),Put Your Hands Up! 3,2007,Ministry Of Sound,1153110,3:07
"Vince Nysse, N J Hinton, Pascale",Silver Water (Dizzy Deejays Edit),Put Your Hands Up! 3,2007,Ministry Of Sound,1153110,3:18
Ultra DJ's,The Music (Kindervater Radio Edit),Put Your Hands Up! 3,2007,Ministry Of Sound,1153110,3:34
Mario Più,Communication (Yomanda Remix),Put Your Hands Up! 3,2007,Ministry Of Sound,1153110,2:37
Vogue (2),Another Night,Put Your Hands Up! 3,2007,Ministry Of Sound,1153110,2:55
Lauren (5),Dreamboy (PNP Remix),Put Your Hands Up! 3,2007,Ministry Of Sound,1153110,3:47
"MYPD, Liz Kay",You're Not Alone (Dan Winter Radio Edit),Put Your Hands Up! 3,2007,Ministry Of Sound,1153110,3:19
Wretch 32,Black And White,Black And White,2011,Ministry Of Sound,14837497,4:03
Wretch 32,Never Be Me,Black And White,2011,Ministry Of Sound,14837497,3:31
Wretch 32,Traktor,Black And White,2011,Ministry Of Sound,14837497,3:38
Wretch 32,Please Don't Let Me Go,Black And White,2011,Ministry Of Sound,14837497,3:45
Wretch 32,Unorthodox,Black And White,2011,Ministry Of Sound,14837497,3:05
Wretch 32,I'm Not The Man,Black And White,2011,Ministry Of Sound,14837497,4:24
Wretch 32,Anniversary (Fall In Love),Black And White,2011,Ministry Of Sound,14837497,3:40
Wretch 32,Sane's The New Mad,Black And White,2011,Ministry Of Sound,14837497,3:27
Wretch 32,Forgiveness,Black And White,2011,Ministry Of Sound,14837497,5:06
Wretch 32,Long Way Home,Black And White,2011,Ministry Of Sound,14837497,4:00
Wretch 32,Let Yourself Go,Black And White,2011,Ministry Of Sound,14837497,3:53
Wretch 32,Don't Be Afraid,Black And White,2011,Ministry Of Sound,14837497,3:28
Wretch 32,Hush Little Baby,Black And White,2011,Ministry Of Sound,14837497,3:56
Wretch 32,Don't Go,Black And White,2011,Ministry Of Sound,14837497,3:57
Whitney Houston,Love Will Save The Day (The Underground Mix),Body & Soul (15 Years),2011,Ministry Of Sound,23556353,
Shaun Escoffery,Days Like This (DJ Spinna & Ticklah Club Mix),Body & Soul (15 Years),2011,Ministry Of Sound,23556353,
Soft House Company,A Little Piano,Body & Soul (15 Years),2011,Ministry Of Sound,23556353,
Soft House Company,What U Need,Body & Soul (15 Years),2011,Ministry Of Sound,23556353,
Bang The Party,Bang Bang You're Mine,Body & Soul (15 Years),2011,Ministry Of Sound,23556353,
Tribal House,Motherland,Body & Soul (15 Years),2011,Ministry Of Sound,23556353,
Hugh Masekela,"Don't Go Lose It Baby (12"" Version)",Body & Soul (15 Years),2011,Ministry Of Sound,23556353,
The Detroit Experiment,Think Twice (Henrik Schwarz Remix),Body & Soul (15 Years),2011,Ministry Of Sound,23556353,
K-Scope (2),Latin Blues Pt 1,Body & Soul (15 Years),2011,Ministry Of Sound,23556353,
Earth People,Dance (Beats Mix),Body & Soul (15 Years),2011,Ministry Of Sound,23556353,
"Freddy Turner, The Three Kings",Spread Love,Body & Soul (15 Years),2011,Ministry Of Sound,23556353,
Voyage,Souvenirs,Body & Soul (15 Years),2011,Ministry Of Sound,23556353,
DJ Duke,Tribal Journey,Body & Soul (15 Years),2011,Ministry Of Sound,23556353,
Vince Watson,Mystical Rhythm,Body & Soul (15 Years),2011,Ministry Of Sound,23556353,
"Bolla, Jephté Guillaume",Afrikan Basement (Bonus Drum Beat),Body & Soul (15 Years),2011,Ministry Of Sound,23556353,
Convertion,Let's Do It,Body & Soul (15 Years),2011,Ministry Of Sound,23556353,
Esther Williams,I'll Be Your Pleasure,Body & Soul (15 Years),2011,Ministry Of Sound,23556353,
Black Rascals,Keeping My Mind (Vocal Mix),Body & Soul (15 Years),2011,Ministry Of Sound,23556353,
Black Rascals,Keeping My Mind (Dub Mix),Body & Soul (15 Years),2011,Ministry Of Sound,23556353,
Round One,I'm Your Brother,Body & Soul (15 Years),2011,Ministry Of Sound,23556353,
Gerideau,Take A Stand,Body & Soul (15 Years),2011,Ministry Of Sound,23556353,
"Coldcut, Lisa Stansfield",People Hold On (New Jersey Jazz Mix),Body & Soul (15 Years),2011,Ministry Of Sound,23556353,
808 State,Pacific 212 (Justin Strauss Remix),Body & Soul (15 Years),2011,Ministry Of Sound,23556353,
Exodus (2),Together Forever (Dub Mix),Body & Soul (15 Years),2011,Ministry Of Sound,23556353,
Sounds Of Blackness,"The Pressure (Pt. 1) (Classic 12"" Mix With Vocal Intro)",Body & Soul (15 Years),2011,Ministry Of Sound,23556353,
Jeanette Thomas,Shake Your Body (House Shaker Version),Body & Soul (15 Years),2011,Ministry Of Sound,23556353,
Instant House,Awade (Joe's Jungle Sounds Dub),Body & Soul (15 Years),2011,Ministry Of Sound,23556353,
"James Brown, The J.B.'s",Give It Up Or Turnit A Loose (1970 Album Version - Undubbed Unedited Mix),Body & Soul (15 Years),2011,Ministry Of Sound,23556353,
Keedz,Stand On The World (Original Version 1981),Body & Soul (15 Years),2011,Ministry Of Sound,23556353,
Jon Gurd,Lemon Sherbet,It's Only A Mixtape! Volume 1,2006,Ministry Of Sound,670801,
Sébastien Léger,Electric,It's Only A Mixtape! Volume 1,2006,Ministry Of Sound,670801,
D-Nox,Seven Hours,It's Only A Mixtape! Volume 1,2006,Ministry Of Sound,670801,
Zoo Brazil,Crash,It's Only A Mixtape! Volume 1,2006,Ministry Of Sound,670801,
Zombie Nation,Paeng Paeng,It's Only A Mixtape! Volume 1,2006,Ministry Of Sound,670801,
DeiBeat,We Rock The Party,It's Only A Mixtape! Volume 1,2006,Ministry Of Sound,670801,
These Jackets,Lies (Mateo Murphy Remix),It's Only A Mixtape! Volume 1,2006,Ministry Of Sound,670801,
Greg Churchill,Denny Crone,It's Only A Mixtape! Volume 1,2006,Ministry Of Sound,670801,
Moguai,Tonight,It's Only A Mixtape! Volume 1,2006,Ministry Of Sound,670801,
Oliver Huntemann,Royal Rock,It's Only A Mixtape! Volume 1,2006,Ministry Of Sound,670801,
Phil Kieran,Reject,It's Only A Mixtape! Volume 1,2006,Ministry Of Sound,670801,
Sjd,From A To B (Greg Churchill Remix),It's Only A Mixtape! Volume 1,2006,Ministry Of Sound,670801,
Greg Churchill,Lesser Meaning,It's Only A Mixtape! Volume 1,2006,Ministry Of Sound,670801,
Paul Jackson,Souls,It's Only A Mixtape: Volume 2,2006,Ministry Of Sound,3331430,6:00
Sébastien Léger,Electric (Williams Remix),It's Only A Mixtape: Volume 2,2006,Ministry Of Sound,3331430,4:05
Eyerer & Chopstick,Electric (Williams Remix),It's Only A Mixtape: Volume 2,2006,Ministry Of Sound,3331430,5:44
The Japanese Popstars,Dirty Popstars On Your Radio,It's Only A Mixtape: Volume 2,2006,Ministry Of Sound,3331430,4:06
"Jaymo, Hauswerks",Don't Stop (Gutterpunk Remix),It's Only A Mixtape: Volume 2,2006,Ministry Of Sound,3331430,6:30
The Japanese Popstars,Rodney Trotter,It's Only A Mixtape: Volume 2,2006,Ministry Of Sound,3331430,3:30
"Rob Hawk, Mysoul",So Shock-In!,It's Only A Mixtape: Volume 2,2006,Ministry Of Sound,3331430,7:06
Danny Freakazoid,Discount (Nik & Danny's Listen Here Mix),It's Only A Mixtape: Volume 2,2006,Ministry Of Sound,3331430,5:52
Flanders,By My Side (James Talk Acid Mouse Mix),It's Only A Mixtape: Volume 2,2006,Ministry Of Sound,3331430,7:14
"Paul Woolford, Bobby Peru",Erotic Discourse,It's Only A Mixtape: Volume 2,2006,Ministry Of Sound,3331430,2:52
Paul Jackson,Distortion,It's Only A Mixtape: Volume 2,2006,Ministry Of Sound,3331430,5:29
Sébastien Léger,Bad Clock,It's Only A Mixtape: Volume 2,2006,Ministry Of Sound,3331430,5:39
Tiefschwarz,Fly,It's Only A Mixtape: Volume 2,2006,Ministry Of Sound,3331430,4:45
DNA Orchestra,Samurai (Paul Jackson Romin Dub),It's Only A Mixtape: Volume 2,2006,Ministry Of Sound,3331430,6:33
Beyoncé,Deja Vu (Freemasons Club Mix),Kiss Presents Booty House,2007,Ministry Of Sound,1831847,3:45
"Blaze, Barbara Tucker",Most Precious Love (Freemasons Mix),Kiss Presents Booty House,2007,Ministry Of Sound,1831847,3:00
P!nk,U & Ur Hand (Bimbo Jones Remix),Kiss Presents Booty House,2007,Ministry Of Sound,1831847,3:49
"Bob Sinclar, Cutee B, Dollarman, Big Ali, Makedah",Rock This Party (Everybody Dance Now) (Radio Edit),Kiss Presents Booty House,2007,Ministry Of Sound,1831847,3:45
Sadie Ama,Fallin (Sam La More Remix),Kiss Presents Booty House,2007,Ministry Of Sound,1831847,4:30
"Dada, Sandy Rivera, Trix (8)",Lollipop (Andy Daniell Myoozikk Remix),Kiss Presents Booty House,2007,Ministry Of Sound,1831847,3:30
"Solu Music, KimBlee",Fade (Grant Nelson Big Room Remix (Edited)),Kiss Presents Booty House,2007,Ministry Of Sound,1831847,4:08
'Ear Dis,Hey Girl,Kiss Presents Booty House,2007,Ministry Of Sound,1831847,2:58
Fedde Le Grand,Put Your Hands For Detroit (Extended),Kiss Presents Booty House,2007,Ministry Of Sound,1831847,3:18
"Paul Oakenfold, Pharrell Williams",Sex N' Money,Kiss Presents Booty House,2007,Ministry Of Sound,1831847,4:00
Chanel,My Life (Haji & Emanuel Vocal Mix),Kiss Presents Booty House,2007,Ministry Of Sound,1831847,4:23
"Ben Macklin, Tiger Lily",Feel Together (Club Mix),Kiss Presents Booty House,2007,Ministry Of Sound,1831847,3:30
"De Souza, Shena",Guilty (Bimbo Jones Remix),Kiss Presents Booty House,2007,Ministry Of Sound,1831847,3:15
Space Cowboy,My Egyptian Lover (Ben Macklin Remix),Kiss Presents Booty House,2007,Ministry Of Sound,1831847,3:07
Wahoo,Make Em Shake It,Kiss Presents Booty House,2007,Ministry Of Sound,1831847,4:15
Karizma,God Made Me Phunky,Kiss Presents Booty House,2007,Ministry Of Sound,1831847,3:52
"DJ Disciple, Dawn Tallman",Work It Out,Kiss Presents Booty House,2007,Ministry Of Sound,1831847,4:15
"Ron Hall, The MuthaFunkaz, Marc Evans",The Way You Love Me,Kiss Presents Booty House,2007,Ministry Of Sound,1831847,3:30
"Wookie, Lain",Live On,Kiss Presents Booty House,2007,Ministry Of Sound,1831847,5:00
Supafly,Moving Too Fast (Northwest Remix),Kiss Presents Booty House,2007,Ministry Of Sound,1831847,2:52
"Cajmere, Dajaé",Say U Will (Club Mix),Kiss Presents Booty House,2007,Ministry Of Sound,1831847,3:15
Angel City,Sunrise (Rob Mayth Remix),Dance Revolution,2012,Ministry Of Sound,14973121,
Alex Gaudino,Destination Calabria (Drunkenmunky 2007),Dance Revolution,2012,Ministry Of Sound,14973121,
Fredrik Nyberg,Breaking Up (Antillas & Dankann Inda House Remix),Dance Revolution,2012,Ministry Of Sound,14973121,
Example,Won't Go Quietly (Wideboys Stadium Remix),Dance Revolution,2012,Ministry Of Sound,14973121,
"Wretch 32, Josh Kumra",Don't Go (DJ Fresh Edit),Dance Revolution,2012,Ministry Of Sound,14973121,
Sandy Rivera,Lollipop (Breese & Badhand),Dance Revolution,2012,Ministry Of Sound,14973121,
Example,Last Ones Standing (Benny Benassi Edit),Dance Revolution,2012,Ministry Of Sound,14973121,
autoKratz,Kick (Katfyr Remix),Dance Revolution,2012,Ministry Of Sound,14973121,
Canoga,Hot (Radio Edit),Dance Revolution,2012,Ministry Of Sound,14973121,
BeatFreakz,Somebodys Watching Me (Hi_Tack Radio Edit),Dance Revolution,2012,Ministry Of Sound,14973121,
Eric Prydz,Pjanoo (High Contrast Remix),Dance Revolution,2012,Ministry Of Sound,14973121,
"Mark Ronson & The Business Intl, MNDR, Pharrell Williams, Wiley (2), Wretch 32",Record Collection 2012 (Database Remix),Dance Revolution,2012,Ministry Of Sound,14973121,
Deeds Plus Thoughts,The World's Made Up Of This And That (Fatboy Slim Remix),Dance Revolution,2012,Ministry Of Sound,14973121,
David Lynch,Good Day Today,Dance Revolution,2012,Ministry Of Sound,14973121,
Vitalic,Chicken Lady,Dance Revolution,2012,Ministry Of Sound,14973121,
Giraffage,Even Though (Teen Daze Remix),Dance Revolution,2012,Ministry Of Sound,14973121,
Logo (10),Fabrice,Dance Revolution,2012,Ministry Of Sound,14973121,
Emika,Chemical Fever (Substance Remix),Dance Revolution,2012,Ministry Of Sound,14973121,
Simian Mobile Disco,Interference,Dance Revolution,2012,Ministry Of Sound,14973121,
DJ White Shadow,If You Like It,Dance Revolution,2012,Ministry Of Sound,14973121,
BeaTauCue,Slow Down (Club Mix),Dance Revolution,2012,Ministry Of Sound,14973121,
"Toddla T, Roots Manuva",Watch Me Dance (Andrew Weatherall Remix),Dance Revolution,2012,Ministry Of Sound,14973121,
Rusko,Somebody To Love (Skream Remix),Dance Revolution,2012,Ministry Of Sound,14973121,
Pepe Deluxé,A Day And A Night (A_R_K Remix),Dance Revolution,2012,Ministry Of Sound,14973121,
DJ Tiësto,I Am Strong,Dance Revolution,2012,Ministry Of Sound,14973121,
Evol Waves,Everyday (Original Mix),Dance Revolution,2012,Ministry Of Sound,14973121,
Jacob Van Hage,Convoi (Original Mix),Dance Revolution,2012,Ministry Of Sound,14973121,
Sander van Doorn,Daddyrock (Arty Remix Edit),Dance Revolution,2012,Ministry Of Sound,14973121,
Jacob Van Hage,Spotfire (Original Mix),Dance Revolution,2012,Ministry Of Sound,14973121,
"Heikki L, Lovetone",White Out (Original Mix),Dance Revolution,2012,Ministry Of Sound,14973121,
"R3hab, Swanky Tunes, Hard Rock Sofa",Sending My Love (Afrojack Edit),Dance Revolution,2012,Ministry Of Sound,14973121,
Nicky Romero,Toulouse (Original Mix),Dance Revolution,2012,Ministry Of Sound,14973121,
"Kele Okereke, Sander van Doorn, Lucy Taylor (3)",What Did I Do (Radio Edit),Dance Revolution,2012,Ministry Of Sound,14973121,
Ferry Corsten,Punk (Arty Rock-N-Rolla Mix),Dance Revolution,2012,Ministry Of Sound,14973121,
Steve Aoki,Steve Jobs (Sem Thomasson Remix),Dance Revolution,2012,Ministry Of Sound,14973121,
Marco V,Sticker,Dance Revolution,2012,Ministry Of Sound,14973121,
Marcus Schössow,Las Vegas,Dance Revolution,2012,Ministry Of Sound,14973121,
Deadmau5,"Sometimes Things Get, Whatever",Random Album Title.,2008,Ministry Of Sound,1487234,7:15
Deadmau5,Complications,Random Album Title.,2008,Ministry Of Sound,1487234,5:30
Deadmau5,Some Kind Of Blue,Random Album Title.,2008,Ministry Of Sound,1487234,6:19
Deadmau5,Brazil (2nd Edit),Random Album Title.,2008,Ministry Of Sound,1487234,5:33
Deadmau5,Alone With You (Original Mix),Random Album Title.,2008,Ministry Of Sound,1487234,7:30
Deadmau5,Faxing Berlin (Piano Acoustic Version),Random Album Title.,2008,Ministry Of Sound,1487234,1:39
Deadmau5,Faxing Berlin,Random Album Title.,2008,Ministry Of Sound,1487234,2:36
Deadmau5,Not Exactly (Original),Random Album Title.,2008,Ministry Of Sound,1487234,8:00
Deadmau5,Arguru,Random Album Title.,2008,Ministry Of Sound,1487234,5:30
Deadmau5,So There I Was,Random Album Title.,2008,Ministry Of Sound,1487234,6:49
Deadmau5,I Remember,Random Album Title.,2008,Ministry Of Sound,33290421,9:07
The Potbelleez,Midnight Midnight (Radio Edit),Ministry Of Sound After Hours,2011,Ministry Of Sound,5084990,3:39
Israel Cruz,Party Up (Bombs Away Remix),Ministry Of Sound After Hours,2011,Ministry Of Sound,5084990,3:52
"Tommy Trash, Tom Piper, Mr Wilson","All My Friends (12"" Vocal Mix)",Ministry Of Sound After Hours,2011,Ministry Of Sound,5084990,4:53
Silver Sneakerz,Make You Move (Original Mix),Ministry Of Sound After Hours,2011,Ministry Of Sound,5084990,4:39
Robyn,With Every Heartbeat,Robyn,2007,Ministry Of Sound,1409927,
Crookers,We Love Animals,Tons Of Friends,2010,Ministry Of Sound,2496482,
Crookers,No Security,Tons Of Friends,2010,Ministry Of Sound,2496482,
Crookers,Natural Born Hustler,Tons Of Friends,2010,Ministry Of Sound,2496482,
Crookers,Lets Get Beazy,Tons Of Friends,2010,Ministry Of Sound,2496482,
Crookers,Park The Truck,Tons Of Friends,2010,Ministry Of Sound,2496482,
Crookers,Hold Up Your Hand,Tons Of Friends,2010,Ministry Of Sound,2496482,
Crookers,Hip Hop Changed,Tons Of Friends,2010,Ministry Of Sound,2496482,
Crookers,Cooler Couleur,Tons Of Friends,2010,Ministry Of Sound,2496482,
Crookers,Birthday Bash,Tons Of Friends,2010,Ministry Of Sound,2496482,
Crookers,Put Your Hands On Me,Tons Of Friends,2010,Ministry Of Sound,2496482,
Crookers,Royal T,Tons Of Friends,2010,Ministry Of Sound,2496482,
Crookers,Remedy,Tons Of Friends,2010,Ministry Of Sound,2496482,
Crookers,Arena,Tons Of Friends,2010,Ministry Of Sound,2496482,
Crookers,Tee-Pee Theme,Tons Of Friends,2010,Ministry Of Sound,2496482,
Crookers,Transilvania,Tons Of Friends,2010,Ministry Of Sound,2496482,
Crookers,Have Mercy,Tons Of Friends,2010,Ministry Of Sound,2496482,
Crookers,Jump Up,Tons Of Friends,2010,Ministry Of Sound,2496482,
Crookers,Lone White Wolf,Tons Of Friends,2010,Ministry Of Sound,2496482,
Crookers,Day N' Nite (Acapella Skit),Tons Of Friends,2010,Ministry Of Sound,2496482,
Crookers,Embrace The Martian,Tons Of Friends,2010,Ministry Of Sound,2496482,
Vandalism (2),Never Say Never,Big Tunes 2: Living For The Weekend,2006,Ministry Of Sound,3148342,
"Mylo, Freedom Five",Muscle Car (Sander Kleinenberg Remix),Big Tunes 2: Living For The Weekend,2006,Ministry Of Sound,3148342,
"Paris Avenue, Robin One",In My Mind,Big Tunes 2: Living For The Weekend,2006,Ministry Of Sound,3148342,
MYNC Project,Something On My Mind,Big Tunes 2: Living For The Weekend,2006,Ministry Of Sound,3148342,
"The Beginerz, Def E",Wipe Those Tears Away,Big Tunes 2: Living For The Weekend,2006,Ministry Of Sound,3148342,
"DJ Dero, Leee John",Dero's Illusion (Dero's Southamerican Vocal Mix),Big Tunes 2: Living For The Weekend,2006,Ministry Of Sound,3148342,
"Nick Jay, Ray Isaac",I Don't Give A Damn (Middle Level Club Mix),Big Tunes 2: Living For The Weekend,2006,Ministry Of Sound,3148342,
"Andry Nalin, Gregor Wagner, Bush II Bush",That Piano Track,Big Tunes 2: Living For The Weekend,2006,Ministry Of Sound,3148342,
Andy J (2),Tilt My Hat (Kam Denny's Vandalism Mix),Big Tunes 2: Living For The Weekend,2006,Ministry Of Sound,3148342,
Alex Gaudino & Jerma,Reaction,Big Tunes 2: Living For The Weekend,2006,Ministry Of Sound,3148342,
Stunt,Raindrops (C-Mos Remix),Big Tunes 2: Living For The Weekend,2006,Ministry Of Sound,3148342,
"D.H.T., Edmée Daenen",Listen To Your Heart (Uniting Nations Mix),Big Tunes 2: Living For The Weekend,2006,Ministry Of Sound,3148342,
September,Satellites (Electro Mix Long),Big Tunes 2: Living For The Weekend,2006,Ministry Of Sound,3148342,
Infernal,From Paris To Berlin (Hoxton Whores Remix),Big Tunes 2: Living For The Weekend,2006,Ministry Of Sound,3148342,
Ferry Corsten,Fire,Big Tunes 2: Living For The Weekend,2006,Ministry Of Sound,3148342,
Basto!,Rock With You,Big Tunes 2: Living For The Weekend,2006,Ministry Of Sound,3148342,
"Mish Mash (2), Louis (5)",Speechless (Soul Avengers Remix),Big Tunes 2: Living For The Weekend,2006,Ministry Of Sound,3148342,
"Bob Sinclar, Gary ""Nesta"" Pine",Love Generation (Antoine Clamaran Mix),Big Tunes 2: Living For The Weekend,2006,Ministry Of Sound,3148342,
Shapeshifters,Incredible (Denis The Menace & Jerry Ropero's Full Vocal Mix),Big Tunes 2: Living For The Weekend,2006,Ministry Of Sound,3148342,
Chanel,"My Life (Haji & Emmanuel 12"" Mix)",Big Tunes 2: Living For The Weekend,2006,Ministry Of Sound,3148342,
"T-Funk (3), Katie Underwood",Be Together,Big Tunes 2: Living For The Weekend,2006,Ministry Of Sound,3148342,
Jamiroquai,(Don't) Give Hate A Chance (Freemasons Remix),Big Tunes 2: Living For The Weekend,2006,Ministry Of Sound,3148342,
"ATFC, Inaya Day",Reach Out To Me (Haji & Emanuel Mix),Big Tunes 2: Living For The Weekend,2006,Ministry Of Sound,3148342,
"Mobin Master, D-Empress",Fly,Big Tunes 2: Living For The Weekend,2006,Ministry Of Sound,3148342,
Freemasons,Watchin,Big Tunes 2: Living For The Weekend,2006,Ministry Of Sound,3148342,
"Jerry Ropero & Denis The Menace, Next Soul",Do You Really,Big Tunes 2: Living For The Weekend,2006,Ministry Of Sound,3148342,
Teamsters,Feels Like Love,Big Tunes 2: Living For The Weekend,2006,Ministry Of Sound,3148342,
Dutch,(Why Should I) Think About The Rain,Big Tunes 2: Living For The Weekend,2006,Ministry Of Sound,3148342,
Wave Lab,Exceptional (Olav Basoski Remix),Big Tunes 2: Living For The Weekend,2006,Ministry Of Sound,3148342,
Jenn Cuneta,Come Rain Come Shine,Big Tunes 2: Living For The Weekend,2006,Ministry Of Sound,3148342,
"Mister T, Demon Ritchie, Prince Charles",Just U & I (Enzo Mori & Stephan Clarke Mix),Big Tunes 2: Living For The Weekend,2006,Ministry Of Sound,3148342,
Asle Bjørn,Golden Sun (Seamus Haji Remix),Big Tunes 2: Living For The Weekend,2006,Ministry Of Sound,3148342,
Anthony Acid,Big Time Disco,Big Tunes 2: Living For The Weekend,2006,Ministry Of Sound,3148342,
"Omaha, Fiona Holt",Come Into My Life (Ian Carey Remix),Big Tunes 2: Living For The Weekend,2006,Ministry Of Sound,3148342,
"Philippe B., Todd Terry",Can You Feel It,Big Tunes 2: Living For The Weekend,2006,Ministry Of Sound,3148342,
Daso,T. Anders (Original Mix),Mixtape,2006,Ministry Of Sound,751482,
Mathias Schaffhäuser,Coincidance (Trentemøller Remix),Mixtape,2006,Ministry Of Sound,751482,
Oliver Huntemann,37°,Mixtape,2006,Ministry Of Sound,751482,
Maniax,Achtung! Achtung! (Original Mix),Mixtape,2006,Ministry Of Sound,751482,
H-Man,Mimi (Original Mix),Mixtape,2006,Ministry Of Sound,751482,
"James Mowbray, D. Ramirez",The Day Hip Hop Died,Mixtape,2006,Ministry Of Sound,751482,
"Mark Dynamix, Jaytech",Destructor,Mixtape,2006,Ministry Of Sound,751482,
Chris Lake,One Too Many,Mixtape,2006,Ministry Of Sound,751482,
Stisch,Turn Around (Mark Dynamix & Jaytech Trippin' Out Remix),Mixtape,2006,Ministry Of Sound,751482,
Alex Gopher,Dust (Original Mix),Mixtape,2006,Ministry Of Sound,751482,
Craig Obey,It's All About Electro (Acapella),Mixtape,2006,Ministry Of Sound,751482,
Thomas Schumacher,Steady Digging (Original Mix),Mixtape,2006,Ministry Of Sound,751482,
Speedcats,Speedcats (Roel H Remix),Mixtape,2006,Ministry Of Sound,751482,
Johannes Heil,All For One (Album Version),Mixtape,2006,Ministry Of Sound,751482,
"Mark Dynamix, Jaytech",IDentify Me (Acapella),Mixtape,2006,Ministry Of Sound,751482,
John Dahlbäck,I'm Rave (Original Mix),Mixtape,2006,Ministry Of Sound,751482,
"Matt Tolfrey, Craig Sylvester",The Horn (Original Mix),Mixtape,2006,Ministry Of Sound,751482,
Tom Mangan,L-O-V-E (Original Mix),Mixtape,2006,Ministry Of Sound,751482,
"Mark Dynamix, Jaytech",IDentify Me (2006 Vocal Mix),Mixtape,2006,Ministry Of Sound,751482,
"Mark Dynamix, Jaytech",IDentify Me (Original Instrumental),Mixtape,2006,Ministry Of Sound,751482,
"Mark Dynamix, Jaytech",IDentify Me (Daniel Taylor Remix),Mixtape,2006,Ministry Of Sound,751482,
"Mark Dynamix, Jaytech",IDentify Me (Chopstick's 'Watching You' Vocal Remix),Mixtape,2006,Ministry Of Sound,751482,
"Mark Dynamix, Jaytech",IDentify Me (Chopstick's Dub),Mixtape,2006,Ministry Of Sound,751482,
"Bob Sinclar, Cutee B, Dollarman, Big Ali, Makedah",Rock This Party (London 909 Vocal Mix),Big Tunes 3: Living For The Weekend,2007,Ministry Of Sound,3198930,
Scissor Sisters,I Don't Feel Like Dancin' (Linus Loves Vocal Edit),Big Tunes 3: Living For The Weekend,2007,Ministry Of Sound,3198930,
"Eddie Thoneick, Berget Lewis",Deeper Love (Eddie Thoneick's Ruff Mix),Big Tunes 3: Living For The Weekend,2007,Ministry Of Sound,3198930,
"Chris Lake, Laura V",Changes (Vocal Club Edit),Big Tunes 3: Living For The Weekend,2007,Ministry Of Sound,3198930,
Tommy Trash,Slide (Original),Big Tunes 3: Living For The Weekend,2007,Ministry Of Sound,3198930,
Basement Jaxx,Take Me Back To Your House (Kurd Maverick Remix),Big Tunes 3: Living For The Weekend,2007,Ministry Of Sound,3198930,
"Lifelike, Kris Menace",Discopolis (Chris Lake Remix),Big Tunes 3: Living For The Weekend,2007,Ministry Of Sound,3198930,
Goodwill,Outta Control,Big Tunes 3: Living For The Weekend,2007,Ministry Of Sound,3198930,
Strike One (4),Abracadabra (Starstylers Remix),Big Tunes 3: Living For The Weekend,2007,Ministry Of Sound,3198930,
Beatfreakz,Superfreak (Dennis Christopher De Electro Mix),Big Tunes 3: Living For The Weekend,2007,Ministry Of Sound,3198930,
"Queen, The Miami Project",Another One Bites The Dust (Cedric Gervais & Second Sun Vocal Mix),Big Tunes 3: Living For The Weekend,2007,Ministry Of Sound,3198930,
"Milk & Sugar, MS2",Stay Around For This (DJ Delicious & Till West Remix),Big Tunes 3: Living For The Weekend,2007,Ministry Of Sound,3198930,
"Soul Avengerz, Javine",Don't Let The Morning Come (Soul Avengerz Club Vocal),Big Tunes 3: Living For The Weekend,2007,Ministry Of Sound,3198930,
"ASBO, Katherine Ellis",Let The Beat Hit 'Em (Soul Avengerz Club Mix),Big Tunes 3: Living For The Weekend,2007,Ministry Of Sound,3198930,
Mike Polo,Free (Ben Macklin Remix),Big Tunes 3: Living For The Weekend,2007,Ministry Of Sound,3198930,
"Tyken, Awa (4)",Every Word (Vocal Club Mix),Big Tunes 3: Living For The Weekend,2007,Ministry Of Sound,3198930,
"Rob Wilder, Wez Clarke, Katherine Ellis",Stand Up (Dennis Christopher Remix),Big Tunes 3: Living For The Weekend,2007,Ministry Of Sound,3198930,
"Fedde Le Grand, King Gordy, Bizarre (2)",Put Your Hands Up For Detroit (D12 Mix),Big Tunes 3: Living For The Weekend,2007,Ministry Of Sound,3198930,
Sharam Tayebi,PATT (Party All The Time) (Fedde Le Grand Remix),Big Tunes 3: Living For The Weekend,2007,Ministry Of Sound,3198930,
Sneaky Sound System,I Love It (Bag Raiders Remix),Big Tunes 3: Living For The Weekend,2007,Ministry Of Sound,3198930,
"TV Rock, Nancy Vice",Bimbo Nation (Tonite Only's F**k Tomorrow Vocal Mix),Big Tunes 3: Living For The Weekend,2007,Ministry Of Sound,3198930,
"Outwork, Mr. Gee (4)",Elektro (Outwork Mix),Big Tunes 3: Living For The Weekend,2007,Ministry Of Sound,3198930,
Don Diablo,Blow (Sidney Samson Remix),Big Tunes 3: Living For The Weekend,2007,Ministry Of Sound,3198930,
The Age Of Steam,Disco Mafia (Mason Mix),Big Tunes 3: Living For The Weekend,2007,Ministry Of Sound,3198930,
Ferry Corsten,Junk (D. Ramirez Remix),Big Tunes 3: Living For The Weekend,2007,Ministry Of Sound,3198930,
Daagard & Morane,I Don't Like Your Sound,Big Tunes 3: Living For The Weekend,2007,Ministry Of Sound,3198930,
"Tommy Trash, Tom Piper",F**k To The Bass,Big Tunes 3: Living For The Weekend,2007,Ministry Of Sound,3198930,
Gaelle Adisson,Give It Back (Dirty South Mix),Big Tunes 3: Living For The Weekend,2007,Ministry Of Sound,3198930,
"Bodyrox, Luciana Caporaso",Yeah Yeah (D. Ramirez Vocal Mix),Big Tunes 3: Living For The Weekend,2007,Ministry Of Sound,3198930,
"Chris Lake, Micky Slim",Shake (Noiz Black Remix),Big Tunes 3: Living For The Weekend,2007,Ministry Of Sound,3198930,
Switch (2),A Bit Patchy (Eric Prydz Mix),Big Tunes 3: Living For The Weekend,2007,Ministry Of Sound,3198930,
Energy 52,Café Del Mar (Deadmau5 Remix),Progression,2008,Ministry Of Sound,3228628,
"Deadmau5, Kaskade",Move For Me (Extended Mix),Progression,2008,Ministry Of Sound,3228628,
"Gianluca Motta, Molly Bancroft",Not Alone (Deadmau5 Remix),Progression,2008,Ministry Of Sound,3228628,
John Dahlbäck,Pyramid,Progression,2008,Ministry Of Sound,3228628,
Rachael Starr,To Forever (Deadmau5 Vocal Remix),Progression,2008,Ministry Of Sound,3228628,
"Andrea Doria, LXR",Beauty Of Silence (Inpetto Full Vocal Mix),Progression,2008,Ministry Of Sound,3228628,
Dave Gahan,Deeper And Deeper (Sébastian Léger Remix),Progression,2008,Ministry Of Sound,3228628,
Dubfire,I Feel Speed,Progression,2008,Ministry Of Sound,3228628,
"Ercola, Heikki L",Deep At Night (Adam K & Soha Remix),Progression,2008,Ministry Of Sound,3228628,
Niki Belucci,Get Up (D.O.N.S. & DBN Meeting At The Beauty Salon Mix),Progression,2008,Ministry Of Sound,3228628,
Butch,1000 Lords (Zoo Brazil Remix),Progression,2008,Ministry Of Sound,3228628,
"Tom Novy, Snap!",Rhythm Is A Dancer (Tom Novy Remix),Progression,2008,Ministry Of Sound,3228628,
"Niels Van Gogh, Eniac",Pulverturm 2.0 (Eric Smax & Thomas Gold Remix),Progression,2008,Ministry Of Sound,3228628,
Noel Sinner,Aimless,Progression,2008,Ministry Of Sound,3228628,
"Lost In Nova Scotia, Alexandria (2)",What U Do To Me (DJ DLG New Wave Remix),Progression,2008,Ministry Of Sound,3228628,
Mark Brown,New Heights,Progression,2008,Ministry Of Sound,3228628,
Booka Shade,Charlotte (Remix),Progression,2008,Ministry Of Sound,3228628,
The Kic Pimpz,No Stopping Us (Manuel De La Mare Stronger Mash),Progression,2008,Ministry Of Sound,3228628,
Dirty South (2),The End (Arno Cost Remix),Progression,2008,Ministry Of Sound,3228628,
"Meck (2), Dino Lenny",So Strong (Tommy Trash Remix),Progression,2008,Ministry Of Sound,3228628,
Oliver Twizt,You're Not Alone (Bingo Players Remix),Progression Vol. 2,2009,Ministry Of Sound,2435118,3:41
Hook N Sling,Another Night (Vocal Mix),Progression Vol. 2,2009,Ministry Of Sound,2435118,5:00
"Juan Kidd, Felix Baumgartner (2), Lisa Millett",Now You're Gone (Club Mix),Progression Vol. 2,2009,Ministry Of Sound,2435118,4:44
"Cunnie Williams, Monie Love",Saturday 2009 (Fedde Le Grand Dub Remix),Progression Vol. 2,2009,Ministry Of Sound,2435118,4:07
MDX,Hot & Spicy (Bass Kleph Remix),Progression Vol. 2,2009,Ministry Of Sound,2435118,4:12
Neon Stereo,Feel This Real (Trophy & Wharton Remix),Progression Vol. 2,2009,Ministry Of Sound,2435118,4:00
Fedde Le Grand,Pink Bird (Original Club Mix),Progression Vol. 2,2009,Ministry Of Sound,2435118,3:22
Morten Breum,On It! (Original Mix),Progression Vol. 2,2009,Ministry Of Sound,2435118,3:26
"Cookie Monsterz, Tyree Cooper",Hip Housin' (Kid Massive Mix),Progression Vol. 2,2009,Ministry Of Sound,2435118,3:45
Mark Trophy,Shake It (Original Mix),Progression Vol. 2,2009,Ministry Of Sound,2435118,4:52
"Dada, Sam Obernik, Paul Harris",Stereo Flo (The Drill Remix),Progression Vol. 2,2009,Ministry Of Sound,2435118,2:58
"Laidback Luke, A-Trak",Shake It Down,Progression Vol. 2,2009,Ministry Of Sound,2435118,2:45
"Style Of Eye, Stephen Simmonds",Galore (Hook N Sling Remix),Progression Vol. 2,2009,Ministry Of Sound,2435118,5:44
"Mark Brown, Steve Mac",The Fly (DJ Wady & Patrick M Mosca Remix),Progression Vol. 2,2009,Ministry Of Sound,2435118,4:09
Martin Solveig,One 2.3 Four (Popof Remix),Progression Vol. 2,2009,Ministry Of Sound,2435118,3:30
Hook N Sling,Highball,Progression Vol. 2,2009,Ministry Of Sound,2435118,5:45
Bertie Blackman,Town Of Sorrow (Mic Newman Remix),Progression Vol. 2,2009,Ministry Of Sound,2435118,4:33
Dr. Kucho!,Patricia Never Leaves The House (Dr. Kucho! Remix),Progression Vol. 2,2009,Ministry Of Sound,2435118,5:26
Underworld,Holding The Moth (Audiojack Remix),Progression Vol. 2,2009,Ministry Of Sound,2435118,7:18
"Tony Senghore, Baron Bane",Love.Cure.All (Full Vocal),Progression Vol. 2,2009,Ministry Of Sound,2435118,6:45
Adam K & Soha,Question,Progression Vol. 2,2009,Ministry Of Sound,2435118,4:45
"Reflekt, Delline Bass",Need To Feel Loved (Adam K & Soha Vocal Mix),Progression Vol. 2,2009,Ministry Of Sound,2435118,5:58
Adam K,You're Not Alone,Progression Vol. 2,2009,Ministry Of Sound,2435118,3:31
"Chris Lake, Nastala",If You Knew (Feed Me Remix),Progression Vol. 2,2009,Ministry Of Sound,2435118,6:30
"Adam K, Jelo",Choose Your Weapon,Progression Vol. 2,2009,Ministry Of Sound,2435118,1:30
Shakedown,At Night (Shiny Remix),Progression Vol. 2,2009,Ministry Of Sound,2435118,3:30
"Jelo, Me&John, Kevin Drew",Due To Love,Progression Vol. 2,2009,Ministry Of Sound,2435118,5:37
Roel H,Dancing Bears (Phil Kieran Remix),Progression Vol. 2,2009,Ministry Of Sound,2435118,2:57
"Axwell, Steve Angello, Sebastian Ingrosso, Laidback Luke, Deborah Cox",Leave The World Behind,In The Club!,2009,Ministry Of Sound,3228633,
Calvin Harris,I'm Not Alone (Hook N Sling Remix),In The Club!,2009,Ministry Of Sound,3228633,
"Tristan Garner, Crystal Waters",Gypsy Woman 2009,In The Club!,2009,Ministry Of Sound,3228633,
"Jason Herd, Flashlight (4), Jason Heerah",My Girl,In The Club!,2009,Ministry Of Sound,3228633,
"Steve Angello, Laidback Luke, Robin S.",Show Me Love (Afrojack Remix),In The Club!,2009,Ministry Of Sound,3228633,
"Bob Sinclar, Sugarhill Gang",Lala Song (Tocadisco Remix),In The Club!,2009,Ministry Of Sound,3228633,
"Bart B More, Oliver Twizt",Finally,In The Club!,2009,Ministry Of Sound,3228633,
Zoë Badwi,Don't Wan'cha (MYNC's Response Remix),In The Club!,2009,Ministry Of Sound,3228633,
Dash & Will,Out Of Control (Denzal Park Remix),In The Club!,2009,Ministry Of Sound,3228633,
"Fedde Le Grand, Mitch Crown",Scared Of Me (Hardwell Remix),In The Club!,2009,Ministry Of Sound,3228633,
Peter Gelderblom,Lost,In The Club!,2009,Ministry Of Sound,3228633,
"Robbie Rivera, Laura Vane",In Too Deep (EDX Remix),In The Club!,2009,Ministry Of Sound,3228633,
Tommy Trash,Need Me To Stay (Lorne Padman & Christian Luke Remix),In The Club!,2009,Ministry Of Sound,3228633,
Morten Breum,On It!,In The Club!,2009,Ministry Of Sound,3228633,
Heller & Farley Project,Ultra Flava (Mark Trophy Remix),In The Club!,2009,Ministry Of Sound,3228633,
Butch,Amelie (Format:B Remix),In The Club!,2009,Ministry Of Sound,3228633,
"The Face (3), Mark Brown, Adam Shaw",Needin U,In The Club!,2009,Ministry Of Sound,3228633,
Oliver Twizt,You're Not Alone (Neon Stereo Remix),In The Club!,2009,Ministry Of Sound,3228633,
MSTRKRFT,VUVUVU,In The Club!,2009,Ministry Of Sound,3228633,
Proxy (2),Raven (Crookers Remix),In The Club!,2009,Ministry Of Sound,3228633,
Armand Van Helden,Illin N Fillin It (Jamie Fanatic Doo Doo Mix),In The Club!,2009,Ministry Of Sound,3228633,
Empire Of The Sun,Standing On The Shore (Hey Today! Remix),In The Club!,2009,Ministry Of Sound,3228633,
Yuksek,Tonight,In The Club!,2009,Ministry Of Sound,3228633,
autoKratz,Stay The Same,In The Club!,2009,Ministry Of Sound,3228633,
Tiga,Shoes (Djedjotronic Remix),In The Club!,2009,Ministry Of Sound,3228633,
Lost Valentinos,Serio (Jump Jump Dance Dance Remix),In The Club!,2009,Ministry Of Sound,3228633,
Jackson Jackson,All Alone (Grafton Primary Remix),In The Club!,2009,Ministry Of Sound,3228633,
Ladyhawke,My Delirium (JBAG Hot Pop Remix),In The Club!,2009,Ministry Of Sound,3228633,
Grafton Primary,All Stars (The Aston Shuffle Remix),In The Club!,2009,Ministry Of Sound,3228633,
Datarock,Give It Up (Kissy Sell Out's 4X4 Cello Mix),In The Club!,2009,Ministry Of Sound,3228633,
La Roux,In For The Kill (Lifelike Remix),In The Club!,2009,Ministry Of Sound,3228633,
"Christian Falk, Robyn",Dream On (Wes Clarke Remix),In The Club!,2009,Ministry Of Sound,3228633,
"Criss Sol, John Foster (6)","Every You, Every Me (Kam Denny & Paul Zala Remix)",In The Club!,2009,Ministry Of Sound,3228633,
"Bass Kleph, Stellar MC",Spend My Money (Bass Kleph Remix),In The Club!,2009,Ministry Of Sound,3228633,
Evermore,Hey Boys And Girls (TV Rock Remix),In The Club!,2009,Ministry Of Sound,3228633,
"Sean Quinn, Gus Cullen",Getting Away With It (All Messed Up) (Vandalism V8 Remix),In The Club!,2009,Ministry Of Sound,3228633,
"Quintin, DJ Jean",Original Dutch,In The Club!,2009,Ministry Of Sound,3228633,
DJ Chuckie,Let The Bass Kick (Silvio Ecomo Remix),In The Club!,2009,Ministry Of Sound,3228633,
Example,Watch The Sun Come Up (Goodwill Remix),In The Club! Vol 2,2010,Ministry Of Sound,3312262,
"Cheryl Cole, Will I Am",3 Words (Steve Angello Radio Re-Production),In The Club! Vol 2,2010,Ministry Of Sound,3312262,
"Danny P-Jazz, Fedde Le Grand, Funkerman",New Life (Bingo Players Remix),In The Club! Vol 2,2010,Ministry Of Sound,3312262,
"Avicii, Sebastien Drums",My Feelings For You,In The Club! Vol 2,2010,Ministry Of Sound,3312262,
Dennis Ferrer,Hey Hey (Vandalism Remix),In The Club! Vol 2,2010,Ministry Of Sound,3312262,
"Analog People In A Digital World, Tim Deluxe, Sam Obernik",Just Won't Do,In The Club! Vol 2,2010,Ministry Of Sound,3312262,
"Static Revenger, Luciana Caporaso",Skin I'm In (Mind Electric Slammer Remix),In The Club! Vol 2,2010,Ministry Of Sound,3312262,
GusGus,David (Christian Luke Remix),In The Club! Vol 2,2010,Ministry Of Sound,3312262,
"Itch-E & Scratch-E, Scribe (2)",r.E.f.r.E.s.h,In The Club! Vol 2,2010,Ministry Of Sound,3312262,
"Hook N Sling, Snob Scrilla",Gotta Make A Move (Bass Kleph Dub),In The Club! Vol 2,2010,Ministry Of Sound,3312262,
"DJ Gregory, Sidney Samson, Dama S",Dama S Salon (MastikSoul Remix),In The Club! Vol 2,2010,Ministry Of Sound,3312262,
"Riva Starr, Nôze",I Was Drunk,In The Club! Vol 2,2010,Ministry Of Sound,3312262,
"Rhythm Masters, MYNC Project, Wynter Gordon",I Feel Love (Hook N Sling & Goodwill Remix),In The Club! Vol 2,2010,Ministry Of Sound,3312262,
Groove Armada,Look Me In The Eye Sister (Urchins Remix),In The Club! Vol 2,2010,Ministry Of Sound,3312262,
Adrian Lux,Teenage Crime (Axwell Remix),In The Club! Vol 2,2010,Ministry Of Sound,3312262,
Faithless,Not Going Home (Eric Prydz Remix),In The Club! Vol 2,2010,Ministry Of Sound,3312262,
"Carl Kennedy, Tommy Trash, Rosie Henshaw",Blackwater,In The Club! Vol 2,2010,Ministry Of Sound,3312262,
"Flight Facilities, Giselle Rosselli",Crave You (Graz Remix),In The Club! Vol 2,2010,Ministry Of Sound,3312262,
Uffie,ADD SUV (Armand Van Helden Club Remix),In The Club! Vol 2,2010,Ministry Of Sound,3312262,
"Mason, DMC (2), Sam Sparro",Corrected,In The Club! Vol 2,2010,Ministry Of Sound,3312262,
Où Est Le Swimming Pool,Dance The Way I Feel (Dynamik Extended Mix),In The Club! Vol 2,2010,Ministry Of Sound,3312262,
Miami Horror,Moon Theory (Sam La More Remix Radio Edit),In The Club! Vol 2,2010,Ministry Of Sound,3312262,
Sam La More,Paradise,In The Club! Vol 2,2010,Ministry Of Sound,3312262,
Deadmau5,Some Chords,In The Club! Vol 2,2010,Ministry Of Sound,3312262,
Wolfgang Gartner,Undertaker,In The Club! Vol 2,2010,Ministry Of Sound,3312262,
MC Flipside,In The Zone (Bart B More Vocal Mix),In The Club! Vol 2,2010,Ministry Of Sound,3312262,
"Yolanda Be Cool, DCUP",We No Speak Americano (Urchins Remix),In The Club! Vol 2,2010,Ministry Of Sound,3312262,
Jennifer Delano,Amsterdam (RipTide Remix),In The Club! Vol 2,2010,Ministry Of Sound,3312262,
"Afrojack, Bobby Burns",Real High,In The Club! Vol 2,2010,Ministry Of Sound,3312262,
The Aston Shuffle,I Wanna See You (Harvard Bass Remix),In The Club! Vol 2,2010,Ministry Of Sound,3312262,
Hervé,Zombies,In The Club! Vol 2,2010,Ministry Of Sound,3312262,
Congorock,Babylon (Dub Mix),In The Club! Vol 2,2010,Ministry Of Sound,3312262,
Dan Black,Symphonies (Gigi Barocco Remix),In The Club! Vol 2,2010,Ministry Of Sound,3312262,
"DJ Dee Kline, Tim Healey, Babe Ruth",The Mexican,In The Club! Vol 2,2010,Ministry Of Sound,3312262,
Sia,Clap Your Hands (Fred Falke Remix),In The Club! Vol 2,2010,Ministry Of Sound,3312262,
Rainbows Of Death,Sacrifice (Pocket 808 Version),In The Club! Vol 2,2010,Ministry Of Sound,3312262,
"Martin Solveig, Dragonette",Hello,Dance Nation - The Hits,2011,Ministry Of Sound,24524525,4:21
Wynter Gordon,Dirty Talk (Kim Fai Remix),Dance Nation - The Hits,2011,Ministry Of Sound,24524525,1:59
Tim Berg,Seek Bromance (Avicii's Vocal Edit),Dance Nation - The Hits,2011,Ministry Of Sound,24524525,3:06
Zoë Badwi,Freefallin,Dance Nation - The Hits,2011,Ministry Of Sound,24524525,3:05
Rihanna,Only Girl (In The World),Dance Nation - The Hits,2011,Ministry Of Sound,24524525,3:49
Chris Willis,Louder (Put Your Hands Up),Dance Nation - The Hits,2011,Ministry Of Sound,24524525,3:23
"East Coast Masif, Linda Perry",Who's That Chick (City Kicks Mix),Dance Nation - The Hits,2011,Ministry Of Sound,24524525,2:51
Pitbull,Hey Baby (Drop It To The Floor),Dance Nation - The Hits,2011,Ministry Of Sound,24524525,3:23
Taio Cruz,Dynamite,Dance Nation - The Hits,2011,Ministry Of Sound,24524525,3:27
Kesha,Take It Off,Dance Nation - The Hits,2011,Ministry Of Sound,24524525,3:39
E-Type,Back 2 Life,Dance Nation - The Hits,2011,Ministry Of Sound,24524525,3:17
The Potbelleez,Hello,Dance Nation - The Hits,2011,Ministry Of Sound,24524525,3:12
Où Est Le Swimming Pool,Dance The Way I Feel (Dynamixx Remix),Dance Nation - The Hits,2011,Ministry Of Sound,24524525,3:26
Pnau,The Truth,Dance Nation - The Hits,2011,Ministry Of Sound,24524525,3:51
"Milk & Sugar, Vaya Con Dios",Hey (Nah Neh Nah),Dance Nation - The Hits,2011,Ministry Of Sound,24524525,3:06
Duck Sauce,Barbra Streisand,Dance Nation - The Hits,2011,Ministry Of Sound,24524525,2:58
Dr Don Don,King Of The Stars (Club Edit),Dance Nation - The Hits,2011,Ministry Of Sound,24524525,3:15
"Wretch 32, Example",Unorthodox (Moto Blanco Club Mix),In The Club Vol 3,2011,Ministry Of Sound,3712749,
Marvin Priest,Own This Club (MoS Mark Brown & Mobin Master Mix),In The Club Vol 3,2011,Ministry Of Sound,3712749,
"Snoop Dogg, David Guetta",Sweat (Remix),In The Club Vol 3,2011,Ministry Of Sound,3712749,
"Nari & Milani, Cristian Marchi, Shena",Take Me To The Stars (Mobin Master & Tate Strauss Remix),In The Club Vol 3,2011,Ministry Of Sound,3712749,
Mobin Master,In My House (Danny Merx Remix),In The Club Vol 3,2011,Ministry Of Sound,3712749,
"Alex Gaudino, Kelly Rowland",What A Feeling (Hardwell Remix),In The Club Vol 3,2011,Ministry Of Sound,3712749,
"Jus Jack, Black Dogs (2)",Can't Wait (Mobin Master And Tate Strauss Remix),In The Club Vol 3,2011,Ministry Of Sound,3712749,
"Lazy Rich, Lizzie Curious",BOOM!,In The Club Vol 3,2011,Ministry Of Sound,3712749,
"Black Dogs (2), Mobin Master",Free (Tate Strauss Remix),In The Club Vol 3,2011,Ministry Of Sound,3712749,
"Afrojack, R3hab",Prutataaa,In The Club Vol 3,2011,Ministry Of Sound,3712749,
"Roger Sanchez, Mobin Master, MC Flipside",Worldwide,In The Club Vol 3,2011,Ministry Of Sound,3712749,
Vandalism (2),Rockin' In The Place (V8 Club Mix),In The Club Vol 3,2011,Ministry Of Sound,3712749,
The Immigrant,Summer Of Love (She Said) (Tommy Trash Remix),In The Club Vol 3,2011,Ministry Of Sound,3712749,
Junior Sanchez,Weee! (Play Da Rave),In The Club Vol 3,2011,Ministry Of Sound,3712749,
"The Only (2), TISM",River Phoenix The Hollywood Anthem (The Only Club Remix),In The Club Vol 3,2011,Ministry Of Sound,3712749,
Felix Cartal,The Joker,In The Club Vol 3,2011,Ministry Of Sound,3712749,
T-Rek,Tits!,In The Club Vol 3,2011,Ministry Of Sound,3712749,
"Richard Dinsdale, Sam Obernik, Hook N Sling",Edge Of The Earth,In The Club Vol 3,2011,Ministry Of Sound,3712749,
Wynter Gordon,Til Death (Dan Castro Mix),In The Club Vol 3,2011,Ministry Of Sound,3712749,
"MYNC Project, Ron Carroll, Dan Castro",Don't Be Afraid,In The Club Vol 3,2011,Ministry Of Sound,3712749,
Avicii,Jailbait,In The Club Vol 3,2011,Ministry Of Sound,3712749,
Pleasurekraft,Carny,In The Club Vol 3,2011,Ministry Of Sound,3712749,
Wax Motif,Shimmy Shake,In The Club Vol 3,2011,Ministry Of Sound,3712749,
PNAU,Solid Ground (Adrian Lux Remix),In The Club Vol 3,2011,Ministry Of Sound,3712749,
Alesso,Dynamite,In The Club Vol 3,2011,Ministry Of Sound,3712749,
"Inpetto, Max'C",Move,In The Club Vol 3,2011,Ministry Of Sound,3712749,
Block & Crown,Push It,In The Club Vol 3,2011,Ministry Of Sound,3712749,
"DJ Tiësto, Hardwell",Zero 76,In The Club Vol 3,2011,Ministry Of Sound,3712749,
Coloursound,Fly With Me (Tomcraft Remix),In The Club Vol 3,2011,Ministry Of Sound,3712749,
"NO_ID, Tommy Trash, Sebastien Lintz",Nothing Left To Lose,In The Club Vol 3,2011,Ministry Of Sound,3712749,
"Alex Metric, Steve Angello, Ian Brown",Open Your Eyes,In The Club Vol 3,2011,Ministry Of Sound,3712749,
Zoë Badwi,Accidents Happen (Fabian Gray & Emanuele Remix),Ministry Of Sound Radio Presents On The Download May 2011,2011,Ministry Of Sound,12527789,7:00
Danny T,Whine Ya Waistline,Ministry Of Sound Radio Presents On The Download May 2011,2011,Ministry Of Sound,12527789,5:31
Stanton Warriors,Get Up (Original Radio Edit),Ministry Of Sound Radio Presents On The Download May 2011,2011,Ministry Of Sound,12527789,3:32
"Wax Motif, Anna Lunoe",Love Ting,Ministry Of Sound Radio Presents On The Download May 2011,2011,Ministry Of Sound,12527789,5:05
Hard Rock Sofa,Blow Up (Axwell & Thomas Gold Remix),Ministry Of Sound Radio Presents On The Download May 2011,2011,Ministry Of Sound,12527789,6:15
"Sgt. Slick, DJ Chuckie",The Bass Like This (Angger Dimas & Chuckie Mix),Ministry Of Sound Radio Presents On The Download May 2011,2011,Ministry Of Sound,12527789,4:00
MyBack,Bang,Ministry Of Sound Radio Presents On The Download May 2011,2011,Ministry Of Sound,12527789,4:31
"MYNC Project, Christian Luke",A Miracle In Melbourne,Ministry Of Sound Radio Presents On The Download May 2011,2011,Ministry Of Sound,12527789,6:33
Rob Pix,Gadunk,Ministry Of Sound Radio Presents On The Download May 2011,2011,Ministry Of Sound,12527789,6:03
Kurd Maverick,Warum Nisht,Ministry Of Sound Radio Presents On The Download May 2011,2011,Ministry Of Sound,12527789,6:52
Neon Stereo,Wasted Heart,Ministry Of Sound Radio Presents On The Download May 2011,2011,Ministry Of Sound,12527789,4:26
Tonite Only,We Run The Nite (Designer Drugs Remix),Ministry Of Sound Radio Presents On The Download May 2011,2011,Ministry Of Sound,12527789,3:51
"Sebastien Drums, Avicii",Snus,Ministry Of Sound Radio Presents On The Download May 2011,2011,Ministry Of Sound,12527789,6:38
"Dimitri Vegas, Like Mike",Dope Demand,Ministry Of Sound Radio Presents On The Download May 2011,2011,Ministry Of Sound,12527789,6:08
Jamie Lidell,All I Wanna Do,Tableism,2011,Ministry Of Sound,3709769,
Air France,No Way Down,Tableism,2011,Ministry Of Sound,3709769,
Toro Y Moi,Still Sound,Tableism,2011,Ministry Of Sound,3709769,
MGMT,Congratulations,Tableism,2011,Ministry Of Sound,3709769,
Mayer Hawthorne,Just Ain't Gonna Work Out,Tableism,2011,Ministry Of Sound,3709769,
Aloe Blacc,Green Lights,Tableism,2011,Ministry Of Sound,3709769,
"Freddie Cruger, Anthony Mills, Wildcookie",Something About Those Days,Tableism,2011,Ministry Of Sound,3709769,
Electric Empire,Baby Your Lovin',Tableism,2011,Ministry Of Sound,3709769,
"Jazzanova, Phonte Coleman",Look What You're Doin' To Me,Tableism,2011,Ministry Of Sound,3709769,
"Cee-Lo, Philip Bailey",Fool For You,Tableism,2011,Ministry Of Sound,3709769,
Seeker Lover Keeper,Light All My Lights,Tableism,2011,Ministry Of Sound,3709769,
Orelha Negra,M.I.R.I.A.M.,Tableism,2011,Ministry Of Sound,3709769,
Erykah Badu,Love,Tableism,2011,Ministry Of Sound,3709769,
"SECT (9), Ben Westbeech",In The Park,Tableism,2011,Ministry Of Sound,3709769,
Footprintz (2),Utopia,Tableism,2011,Ministry Of Sound,3709769,
Shine 2009,New Rules,Tableism,2011,Ministry Of Sound,3709769,
"Wamdue Project, Jessica Tander",Paths,Tableism,2011,Ministry Of Sound,3709769,
"Mario Basanov & Vidis, Ernesto",Changed,Tableism,2011,Ministry Of Sound,3709769,
Groove Armada,History (Love Mix),Tableism,2011,Ministry Of Sound,3709769,
Azari & III,Into The Night (Nicolas Jaar Remix),Tableism,2011,Ministry Of Sound,3709769,
Simon Cini,Sexy,Tableism,2011,Ministry Of Sound,3709769,
Bonobo,Kong,Tableism,2011,Ministry Of Sound,3709769,
Negghead,You (k'Bonus Remix),Tableism,2011,Ministry Of Sound,3709769,
"Social Disco Club, Rui Maia",The Way You Move (Greg Wilson Version),Tableism,2011,Ministry Of Sound,3709769,
Matt Bianco,Half A Minute (Joey Negro Sunburnt Mix),Tableism,2011,Ministry Of Sound,3709769,
"Flevans, Sarah Scott",Hold On (Hint Remix),Tableism,2011,Ministry Of Sound,3709769,
Mark Ronson & The Business Intl,Somebody To Love Me,Tableism,2011,Ministry Of Sound,3709769,
Poolside,Do You Believe?,Tableism,2011,Ministry Of Sound,3709769,
FETE,The Islands,Tableism,2011,Ministry Of Sound,3709769,
Downtown Party Network,Get A Life,Tableism,2011,Ministry Of Sound,3709769,
Playmode,Citylights,Tableism,2011,Ministry Of Sound,3709769,
Mario Basanov,Lonely Days,Tableism,2011,Ministry Of Sound,3709769,
Simian Mobile Disco,Cruel Intentions (Maurice Fulton Remix),Tableism,2011,Ministry Of Sound,3709769,
Two Door Cinema Club,Something Good Can Work (RAC Remix),Tableism,2011,Ministry Of Sound,3709769,
Smoove + Turrell,It's The Falling In Love,Tableism,2011,Ministry Of Sound,3709769,
"Jazzanova, Ben Westbeech",I Can See,Tableism,2011,Ministry Of Sound,3709769,
"Space Invadas, Jade Macrae",Life,Tableism,2011,Ministry Of Sound,3709769,
Beach House,Norway,Tableism,2011,Ministry Of Sound,3709769,
"Jørgensen, Jesse Voorn",Loser (David Jones Remix),Stafford Brothers 'Season 2' Soundtrack,2012,Ministry Of Sound,3582011,
"Dada, Rui Da Silva, One (10)",Crazy Love (Mastiksoul Remix),Stafford Brothers 'Season 2' Soundtrack,2012,Ministry Of Sound,3582011,
Marco Lys,Kama,Stafford Brothers 'Season 2' Soundtrack,2012,Ministry Of Sound,3582011,
"Dim Chris, Amanda Wilson",You Found Me (Promise Land Miami 305 Mix),Stafford Brothers 'Season 2' Soundtrack,2012,Ministry Of Sound,3582011,
"Dirty South (2), Those Usual Suspects",Walking Alone,Stafford Brothers 'Season 2' Soundtrack,2012,Ministry Of Sound,3582011,
"Dominatorz, Bassmonkeys, Amanda Wilson",Don't Throw It Away,Stafford Brothers 'Season 2' Soundtrack,2012,Ministry Of Sound,3582011,
"Kaskade, Rebecca & Fiona",Turn It Down,Stafford Brothers 'Season 2' Soundtrack,2012,Ministry Of Sound,3582011,
"Royaal (2), Venuto",Monster,Stafford Brothers 'Season 2' Soundtrack,2012,Ministry Of Sound,3582011,
"Stafford Brothers, Ollie James",Falling,Stafford Brothers 'Season 2' Soundtrack,2012,Ministry Of Sound,3582011,
"Morgan Page, Sultan & Ned Shepard, BT, Angela McCluskey",In The Air (Hard Rock Sofa Remix),Stafford Brothers 'Season 2' Soundtrack,2012,Ministry Of Sound,3582011,
"Stafford Brothers, Hoxton Whores, Frank Stafford",Wherever (Official TV Theme Song),Stafford Brothers 'Season 2' Soundtrack,2012,Ministry Of Sound,3582011,
DJ Chuckie,Who Is Ready To Jump,Stafford Brothers 'Season 2' Soundtrack,2012,Ministry Of Sound,3582011,
Swanky Tunes,XOXO,Stafford Brothers 'Season 2' Soundtrack,2012,Ministry Of Sound,3582011,
Deniz Koyu,Tung!,Stafford Brothers 'Season 2' Soundtrack,2012,Ministry Of Sound,3582011,
PNAU,Unite Us (Tommy Trash Remix),Stafford Brothers 'Season 2' Soundtrack,2012,Ministry Of Sound,3582011,
Karim Mika,Get Up,Stafford Brothers 'Season 2' Soundtrack,2012,Ministry Of Sound,3582011,
Dyro,Daftastic,Stafford Brothers 'Season 2' Soundtrack,2012,Ministry Of Sound,3582011,
"Afrojack, Steve Aoki, Miss Palmer",No Beef,Stafford Brothers 'Season 2' Soundtrack,2012,Ministry Of Sound,3582011,
"Matisse & Sadko, Ollie James",We're Not Alone (Hi Scandinavia),Stafford Brothers 'Season 2' Soundtrack,2012,Ministry Of Sound,3582011,
John Dahlbäck,The Grunge,Stafford Brothers 'Season 2' Soundtrack,2012,Ministry Of Sound,3582011,
"Laidback Luke, Example",Natural Disaster (Benny Benassi Remix),Stafford Brothers 'Season 2' Soundtrack,2012,Ministry Of Sound,3582011,
Firebeatz,Funky Shit,Stafford Brothers 'Season 2' Soundtrack,2012,Ministry Of Sound,3582011,
Deniz Koyu,Hydra,Stafford Brothers 'Season 2' Soundtrack,2012,Ministry Of Sound,3582011,
Six60,Only To Be (P Money Remix),SessioNZ,2012,Ministry Of Sound,3579711,
Foster The People,Helena Beat (Lenno Extended Remix),SessioNZ,2012,Ministry Of Sound,3579711,
Katy Perry,The One That Got Away (R3hab Remix),SessioNZ,2012,Ministry Of Sound,3579711,
The Wanted (5),Glad You Came,SessioNZ,2012,Ministry Of Sound,3579711,
"David Guetta, Usher",Without You,SessioNZ,2012,Ministry Of Sound,3579711,
Alexandra Stan,Mr Saxobeat (Extended),SessioNZ,2012,Ministry Of Sound,3579711,
LMFAO,Sexy And I Know It (Mord Fustand Remix),SessioNZ,2012,Ministry Of Sound,3579711,
Bingo Players,When I Dip (Apster Remix),SessioNZ,2012,Ministry Of Sound,3579711,
Nero (5),Promises (Calvin Harris Remix),SessioNZ,2012,Ministry Of Sound,3579711,
"Vince Harder, Jolyon Petch, General Lee (9)",Body On The Floor (I Am Sam Club Mix),SessioNZ,2012,Ministry Of Sound,3579711,
Example,Midnight Run (Wideboys Remix),SessioNZ,2012,Ministry Of Sound,3579711,
Avicii,Levels (Radio Edit),SessioNZ,2012,Ministry Of Sound,3579711,
"Swedish House Mafia, Knife Party",Antidote (Radio Edit),SessioNZ,2012,Ministry Of Sound,3579711,
"Bulletproof, Jessie G",Dub Me Crazy,SessioNZ,2012,Ministry Of Sound,3579711,
The Adults (4),A Part Of Me (Magik Johnson Remix),SessioNZ,2012,Ministry Of Sound,3579711,
Jupiter Project (2),Catch Me (FnC Remix),SessioNZ,2012,Ministry Of Sound,3579711,
"Yolanda Be Cool, Crystal Waters",Le Bump (Round Table Knights Remix),SessioNZ,2012,Ministry Of Sound,3579711,
Chaos In The CBD,Birthday Song,SessioNZ,2012,Ministry Of Sound,3579711,
Tim Richards,Summer Sky,SessioNZ,2012,Ministry Of Sound,3579711,
"Daniel Farley, Tim Corin, MC Woody",Samurai (Blaze Tripp Remix),SessioNZ,2012,Ministry Of Sound,3579711,
Swedish House Mafia,Save The World (Knife Party Remix),SessioNZ,2012,Ministry Of Sound,3579711,
Wolfgang Gartner,Shrunken Heads,SessioNZ,2012,Ministry Of Sound,3579711,
Nero (5),Crush On You,SessioNZ,2012,Ministry Of Sound,3579711,
"Kele Okereke, Lucy Taylor (3)",What Did I Do?,SessioNZ,2012,Ministry Of Sound,3579711,
Six60,Don't Forget Your Roots (Crushington Remix),SessioNZ,2012,Ministry Of Sound,3579711,
Haters,Shut Up (Bulletproof Remix),SessioNZ,2012,Ministry Of Sound,3579711,
"Fresh, Sian Evans",Louder (Doctor P & Flux Pavilion Remix),SessioNZ,2012,Ministry Of Sound,3579711,
Figure (4),Cut Throat,SessioNZ,2012,Ministry Of Sound,3579711,
Netsky,The Lotus Symphony,SessioNZ,2012,Ministry Of Sound,3579711,
"Qwote, Pitbull, Lucenzo",Throw Your Hands Up (Dancar Kuduro) (Wideboys Extended Mix),Dance Nation The Hits,2012,Ministry Of Sound,12335959,
"Bob Sinclar, Pitbull, Dragonfly (12), Fatman Scoop",Rock The Boat (Radio Edit),Dance Nation The Hits,2012,Ministry Of Sound,12335959,
Calvin Harris,Feel So Close (Radio Edit),Dance Nation The Hits,2012,Ministry Of Sound,12335959,
"Fresh, Rita Ora",Hot Right Now (Radio Edit),Dance Nation The Hits,2012,Ministry Of Sound,12335959,
"Labrinth, Tinie Tempah",Earthquake (Radio Edit),Dance Nation The Hits,2012,Ministry Of Sound,12335959,
"Laurent Wéry, Swiftkid, Dev (4)",Hey Hey Hey (Pop Another Bottle) (Extended Video Edit),Dance Nation The Hits,2012,Ministry Of Sound,12335959,
Avicii,Levels (Dance Nation Mix),Dance Nation The Hits,2012,Ministry Of Sound,12335959,
Timomatic,Set It Off (Radio Edit),Dance Nation The Hits,2012,Ministry Of Sound,12335959,
"Pitbull, Chris Brown (4)",International Love,Dance Nation The Hits,2012,Ministry Of Sound,12335959,
LMFAO,Sorry For Party Rocking (Album Version Explicit),Dance Nation The Hits,2012,Ministry Of Sound,12335959,
"Taio Cruz, Flo Rida",Hangover (Clean Version),Dance Nation The Hits,2012,Ministry Of Sound,12335959,
"Israel Cruz, The Twins (14)",Body (Clean Version),Dance Nation The Hits,2012,Ministry Of Sound,12335959,
"Afrojack, Shermanology",Can't Stop Me (Radio Edit),Dance Nation The Hits,2012,Ministry Of Sound,12335959,
Elen Levon,Like A Girl In Love,Dance Nation The Hits,2012,Ministry Of Sound,12335959,
Parachute Youth,Can't Get Better Than This (Punk Ninja Remix),Dance Nation The Hits,2012,Ministry Of Sound,12335959,
Adele (3),Set Fire To The Rain (Thomas Gold Edit),Dance Nation The Hits,2012,Ministry Of Sound,12335959,
Alyssa Reid,Alone Again (Jump Smokers &​ VooDoo &​ Serano Radio Edit),Dance Nation The Hits,2012,Ministry Of Sound,12335959,
Martin Solveig,The Night Out (Single Version),Dance Nation The Hits,2012,Ministry Of Sound,12335959,
"DJs From Mars, Fragma",Insane (In Da Brain),Dance Nation The Hits,2012,Ministry Of Sound,12335959,
"Utah Saints, Drumsound & Simon ""Bassline"" Smith",What Can You Do For Me (Radio Edit),Dance Nation The Hits,2012,Ministry Of Sound,12335959,
"Drake, Rihanna",Take Care,Dance Nation The Hits,2012,Ministry Of Sound,12335959,
Wolfgang Gartner,Get Em,Weekend In America,2012,Ministry Of Sound,10108144,3:22
Wolfgang Gartner,Ménage A Trois,Weekend In America,2012,Ministry Of Sound,10108144,5:07
"Wolfgang Gartner, Jim Jones (2), Cam'ron",Circus Freaks,Weekend In America,2012,Ministry Of Sound,10108144,3:24
Wolfgang Gartner,818,Weekend In America,2012,Ministry Of Sound,10108144,4:11
Wolfgang Gartner,The Way It Was,Weekend In America,2012,Ministry Of Sound,10108144,5:45
"Wolfgang Gartner, Omarion",Still My Baby,Weekend In America,2012,Ministry Of Sound,10108144,3:38
Wolfgang Gartner,The Champ,Weekend In America,2012,Ministry Of Sound,10108144,4:18
Wolfgang Gartner,Welcome Back,Weekend In America,2012,Ministry Of Sound,10108144,4:39
Wolfgang Gartner,Cognitive Dissonance,Weekend In America,2012,Ministry Of Sound,10108144,5:36
Wretch 32,Air,Black And White,2011,Ministry Of Sound,4570328,
Wretch 32,Traktor (Acoustic Version),Black And White,2011,Ministry Of Sound,4570328,
Wretch 32,Anniversary (Acoustic Version),Black And White,2011,Ministry Of Sound,4570328,
Wretch 32,Don't Go (Acoustic Version),Black And White,2011,Ministry Of Sound,4570328,
Wretch 32,Unorthodox (Royal T Remix),Black And White,2011,Ministry Of Sound,4570328,
Wretch 32,Traktor (Friction Remix),Black And White,2011,Ministry Of Sound,4570328,
Wretch 32,Don't Go (MJ Cole Remix),Black And White,2011,Ministry Of Sound,4570328,
Pnau,Solid Ground,Soft Universe,2011,Ministry Of Sound,6315499,
Pnau,Twist Of Fate,Soft Universe,2011,Ministry Of Sound,6315499,
Pnau,Glimpse,Soft Universe,2011,Ministry Of Sound,6315499,
Pnau,Epic Fail,Soft Universe,2011,Ministry Of Sound,6315499,
Pnau,Better Way,Soft Universe,2011,Ministry Of Sound,6315499,
Pnau,Something Special,Soft Universe,2011,Ministry Of Sound,6315499,
Pnau,Waiting For You,Soft Universe,2011,Ministry Of Sound,6315499,
Example,Let's Be Fucking Stupid,The Evolution Of Man,2012,Ministry Of Sound,5531161,
"Example, Dillon Francis",Someone To Die For,The Evolution Of Man,2012,Ministry Of Sound,5531161,
"Example, AN21 & Max Vangeli",Whisper,The Evolution Of Man,2012,Ministry Of Sound,5531161,
"Example, Laidback Luke",Eutopia (Fade Away),The Evolution Of Man,2012,Ministry Of Sound,5531161,
"Example, Flux Pavilion",Daydreamer,The Evolution Of Man,2012,Ministry Of Sound,5531161,
Example,Close Enemies (Joker Remix),The Evolution Of Man,2012,Ministry Of Sound,5531161,
Example,Close Enemies (Dyro Remix),The Evolution Of Man,2012,Ministry Of Sound,5531161,
The Egg,Walking Away (Tocadisco Mix),Big Tunes X-Rated,2006,Ministry Of Sound,769672,
"Tom Novy, Lima",Take It (Closing Time),Big Tunes X-Rated,2006,Ministry Of Sound,769672,
Firefox (3),Sex Shooter (Mike Di Scala Remix),Big Tunes X-Rated,2006,Ministry Of Sound,769672,
Global Deejays,What A Feeling (Flashdance),Big Tunes X-Rated,2006,Ministry Of Sound,769672,
Inner City Playboys,Jetsetter (Ian Carey Mix),Big Tunes X-Rated,2006,Ministry Of Sound,769672,
Basto!,Rock With You (Dirty Mix),Big Tunes X-Rated,2006,Ministry Of Sound,769672,
14th Precinct,All Out Of Love (Uniting Nations Remix),Big Tunes X-Rated,2006,Ministry Of Sound,769672,
Alex Gaudino,Reaction,Big Tunes X-Rated,2006,Ministry Of Sound,769672,
PYT,Where Did You Come From (Dennis Christopher Remix),Big Tunes X-Rated,2006,Ministry Of Sound,769672,
Dennis Christopher,Soulshakin',Big Tunes X-Rated,2006,Ministry Of Sound,769672,
Vinylshakerz,One Night In Bangkok (Klass Act Remix),Big Tunes X-Rated,2006,Ministry Of Sound,769672,
Fallen Angels (3),City Life (Hi_Tack Remix),Big Tunes X-Rated,2006,Ministry Of Sound,769672,
DJ Jose,Stepping To The Beat (Dave McDonald Remix),Big Tunes X-Rated,2006,Ministry Of Sound,769672,
Cascada,I Need A Miracle (S.A.D. Remix),Big Tunes X-Rated,2006,Ministry Of Sound,769672,
D.H.T.,Someone (Furious F Extended Mix),Big Tunes X-Rated,2006,Ministry Of Sound,769672,
Sy & Unknown,Rescue Me (Cheeky Trax Remix),Big Tunes X-Rated,2006,Ministry Of Sound,769672,
Squad-E,Lost Without You (Hypasonic Mix),Big Tunes X-Rated,2006,Ministry Of Sound,769672,
Morgane,Everytime We Touch,Big Tunes X-Rated,2006,Ministry Of Sound,769672,
Onyx (2),Right In The Night (Alex Megane Remix),Big Tunes X-Rated,2006,Ministry Of Sound,769672,
Dark Monks,Insane,Big Tunes X-Rated,2006,Ministry Of Sound,769672,
"Urban Cookie Collective, Dizzy Deejays",Feels Like Heaven,Big Tunes X-Rated,2006,Ministry Of Sound,769672,
Crush On,Real Shy (Angel City Remix),Big Tunes X-Rated,2006,Ministry Of Sound,769672,
Cubic 22,Night In Motion (Northstarz Naughty Naughty Bootleg Mix),Big Tunes X-Rated,2006,Ministry Of Sound,769672,
Rocco,I Don't Know (Tune Up! Remix),Big Tunes X-Rated,2006,Ministry Of Sound,769672,
Yom Trax,The Sound (Verano's Hope & Glory Remix),Big Tunes X-Rated,2006,Ministry Of Sound,769672,
Test Pilots,Wap Bam Bootie,Big Tunes X-Rated,2006,Ministry Of Sound,769672,
DJ Schwede,Soldier Of Fortune,Big Tunes X-Rated,2006,Ministry Of Sound,769672,
"Bellringer, Benny Bugs, DJ Wiggy",I Laid Back… (Wiggy Laid Back Smash Up),Big Tunes X-Rated,2006,Ministry Of Sound,769672,
Elektro Stance,Crazy,Big Tunes X-Rated,2006,Ministry Of Sound,769672,
My Digital Enemy,Wasted,Judgement Sundays - The Mix 2007,2007,Ministry Of Sound,974766,4:31
Jamie Anderson,Time Is Now,Judgement Sundays - The Mix 2007,2007,Ministry Of Sound,974766,3:15
Henrik B,Soul Heaven,Judgement Sundays - The Mix 2007,2007,Ministry Of Sound,974766,4:30
"Robbie Craig, The Audiofreaks",Freak,Judgement Sundays - The Mix 2007,2007,Ministry Of Sound,974766,3:44
Sterling Void,It's Alright (Digital Dog Remix),Judgement Sundays - The Mix 2007,2007,Ministry Of Sound,974766,4:18
Hardrox,Feel The Hard Rock (Heiko & Maiko Mix),Judgement Sundays - The Mix 2007,2007,Ministry Of Sound,974766,3:58
Get-Far,Shining Star,Judgement Sundays - The Mix 2007,2007,Ministry Of Sound,974766,4:00
"Solid Groove, Sinden",Red Hot,Judgement Sundays - The Mix 2007,2007,Ministry Of Sound,974766,3:14
"Wally Lopez, René Amesz & Peter Gelderblom",Strike Me Down,Judgement Sundays - The Mix 2007,2007,Ministry Of Sound,974766,5:03
René Amesz & Peter Gelderblom,Snap!,Judgement Sundays - The Mix 2007,2007,Ministry Of Sound,974766,3:56
Robbie Rivera,The Shout (Marco V Reconstruction Mix),Judgement Sundays - The Mix 2007,2007,Ministry Of Sound,974766,4:03
Judge Jules,Master Breaker,Judgement Sundays - The Mix 2007,2007,Ministry Of Sound,974766,5:36
Sébastien Léger,Hit Girl,Judgement Sundays - The Mix 2007,2007,Ministry Of Sound,974766,4:39
Richard Durand,Ricochet,Judgement Sundays - The Mix 2007,2007,Ministry Of Sound,974766,4:12
"Sander van Doorn, MC Pryme",By Any Demand,Judgement Sundays - The Mix 2007,2007,Ministry Of Sound,974766,2:58
Judge Jules,Judge Jules Interview,Judgement Sundays - The Mix 2007,2007,Ministry Of Sound,974766,
Judge Jules,Judge Jules DJ Footage,Judgement Sundays - The Mix 2007,2007,Ministry Of Sound,974766,
Minimalistix,Whistling Drive (Filterheadz Remix),Judgement Sundays - The Mix 2007,2007,Ministry Of Sound,974766,4:50
K-System,Samba 69,Judgement Sundays - The Mix 2007,2007,Ministry Of Sound,974766,3:46
Judge Jules,Laid Bare,Judgement Sundays - The Mix 2007,2007,Ministry Of Sound,974766,5:29
Albert Vorne,Formentera What (Gareth Emery Remix),Judgement Sundays - The Mix 2007,2007,Ministry Of Sound,974766,4:54
Yves Deruyter,Feel Free (Elektrokid vs. Yves Deruyter Remix),Judgement Sundays - The Mix 2007,2007,Ministry Of Sound,974766,4:56
Judge Jules,Diversion (Dale Corderoy Remix),Judgement Sundays - The Mix 2007,2007,Ministry Of Sound,974766,5:48
Super8 & Tab,Needs To Feel (Wippenberg Remix),Judgement Sundays - The Mix 2007,2007,Ministry Of Sound,974766,4:36
"Lost Witness, Miguel Sassot",Sin Mas,Judgement Sundays - The Mix 2007,2007,Ministry Of Sound,974766,5:17
"Warrior, Imogen Bailey",If You Want Me (Paul Webster Remix),Judgement Sundays - The Mix 2007,2007,Ministry Of Sound,974766,5:47
"Lost Witness, Vicky Fee",Dreams,Judgement Sundays - The Mix 2007,2007,Ministry Of Sound,974766,4:23
"Judge Jules, BK",Sickness,Judgement Sundays - The Mix 2007,2007,Ministry Of Sound,974766,4:04
Vincent De Moor,Flowtation (Signum Signal Remix),Judgement Sundays - The Mix 2007,2007,Ministry Of Sound,974766,4:30
Substate (2),Release,Judgement Sundays - The Mix 2007,2007,Ministry Of Sound,974766,5:23
Chanel,Dance (Fish & Chips Radio Edit),The Rush,2008,Ministry Of Sound,3022941,3:45
Tim Deluxe,It Just Won't Go,The Rush,2008,Ministry Of Sound,3022941,3:45
Faithless,Salvea Mea,The Rush,2008,Ministry Of Sound,3022941,4:11
X-Press 2,Muzikizum,The Rush,2008,Ministry Of Sound,3022941,3:37
"Eric Prydz, Pink Floyd",Proper Education (Sebastien Leger Remix),The Rush,2008,Ministry Of Sound,3022941,4:16
"Delerium, Sarah McLachlan",Silence (DJ Tiesto Remix),The Rush,2008,Ministry Of Sound,3022941,4:27
Scott Grooves,Mothership Reconnection (Daft Punk Remix),The Rush,2008,Ministry Of Sound,3022941,3:06
DJ Hazard,Killers Don't Die,Innovation (The Album),2008,Ministry Of Sound,1407945,3:55
Shy Fx,Bambaata (Break Remix),Innovation (The Album),2008,Ministry Of Sound,1407945,1:25
Original Sin (2),Don't Be Silly,Innovation (The Album),2008,Ministry Of Sound,1407945,1:25
Chase & Status,Judgement (Informer),Innovation (The Album),2008,Ministry Of Sound,1407945,3:55
Lynx (7),Disco Dodo,Innovation (The Album),2008,Ministry Of Sound,1407945,2:51
Shy Fx,Plastic Soul (D Bridge Remix),Innovation (The Album),2008,Ministry Of Sound,1407945,2:28
Amit,Suicide Bomber,Innovation (The Album),2008,Ministry Of Sound,1407945,2:08
Sub Focus,Timewarp,Innovation (The Album),2008,Ministry Of Sound,1407945,2:29
DJ Friction & Nu Balance,Robocop (Taxman Remix),Innovation (The Album),2008,Ministry Of Sound,1407945,1:46
"Distorted Minds, Dirty Harry (12)",Ho Bass,Innovation (The Album),2008,Ministry Of Sound,1407945,1:45
Wots My Code,Dubplate (2007 ReRub),Innovation (The Album),2008,Ministry Of Sound,1407945,2:08
"Roughcut, Scheme (4), MC Foxy",F Off (Vapour Remix),Innovation (The Album),2008,Ministry Of Sound,1407945,2:34
Commix,Talk To Frank (Break Remix),Innovation (The Album),2008,Ministry Of Sound,1407945,1:46
"MCD, Myesha, The Ragga Twins",Alright (Benny Page Digital Soundboy Remix),Innovation (The Album),2008,Ministry Of Sound,1407945,2:29
Taxman (2),The Circle,Innovation (The Album),2008,Ministry Of Sound,1407945,3:33
Break,Destiny Comes Ringing,Innovation (The Album),2008,Ministry Of Sound,1407945,1:25
DJ Vapour,Brain & Body,Innovation (The Album),2008,Ministry Of Sound,1407945,2:34
System (9),Mystic Relaxation,Innovation (The Album),2008,Ministry Of Sound,1407945,4:30
"Jonny L, Instra:mental",Output 1-2,Innovation (The Album),2008,Ministry Of Sound,1407945,1:46
Jonny L,Harry,Innovation (The Album),2008,Ministry Of Sound,1407945,2:08
Distorted Minds,Ghost Town,Innovation (The Album),2008,Ministry Of Sound,1407945,1:46
DJ Hazard,Trouble Maker,Innovation (The Album),2008,Ministry Of Sound,1407945,2:29
Modified Motion,Last Breath,Innovation (The Album),2008,Ministry Of Sound,1407945,1:20
System (9),Near Miss,Innovation (The Album),2008,Ministry Of Sound,1407945,2:13
"DJ Hazard, Distorted Minds",Mr Happy,Innovation (The Album),2008,Ministry Of Sound,1407945,2:08
D. Kay,It's On The Way,Innovation (The Album),2008,Ministry Of Sound,1407945,2:18
D. Kay,Dubplate,Innovation (The Album),2008,Ministry Of Sound,1407945,1:57
Shy Fx & T Power,Feelings (Nu Tone Remix),Innovation (The Album),2008,Ministry Of Sound,1407945,3:12
Jenna Gibbons,In Love,Innovation (The Album),2008,Ministry Of Sound,1407945,3:33
Jonny L,Oh Yeah,Innovation (The Album),2008,Ministry Of Sound,1407945,3:22
Alix Perez,Crooklyn,Innovation (The Album),2008,Ministry Of Sound,1407945,1:57
Chase & Status,Take Me Away,Innovation (The Album),2008,Ministry Of Sound,1407945,1:36
High Contrast,If We Ever,Innovation (The Album),2008,Ministry Of Sound,1407945,2:18
Calibre,Leave Me,Innovation (The Album),2008,Ministry Of Sound,1407945,1:57
DJ Friction,3rd Degree Gurns VIP,Innovation (The Album),2008,Ministry Of Sound,1407945,2:06
Breakage,Clarendon (VIP Mix),Innovation (The Album),2008,Ministry Of Sound,1407945,6:17
Krust,Set Speed,Innovation (The Album),2008,Ministry Of Sound,1407945,1:52
P-Funk,P-Funk Era,Innovation (The Album),2008,Ministry Of Sound,1407945,3:01
Andy C & Shimon,Night Flight,Innovation (The Album),2008,Ministry Of Sound,1407945,3:43
Conquering Lion,Code Red,Innovation (The Album),2008,Ministry Of Sound,1407945,2:11
A-Zone,Calling The People,Innovation (The Album),2008,Ministry Of Sound,1407945,2:14
"Remarc, Lewi",Ricky,Innovation (The Album),2008,Ministry Of Sound,1407945,2:14
DJ Rap,Spiritual Aura,Innovation (The Album),2008,Ministry Of Sound,1407945,3:09
"Prizna, Demolition Man",Fire (Urban Shakedown Mix),Innovation (The Album),2008,Ministry Of Sound,1407945,2:25
Andy C,Roll On,Innovation (The Album),2008,Ministry Of Sound,1407945,2:58
Firefox,Buck Rogers,Innovation (The Album),2008,Ministry Of Sound,1407945,1:29
DJ SS,Black,Innovation (The Album),2008,Ministry Of Sound,1407945,4:51
Roni Size,Snapshot,Innovation (The Album),2008,Ministry Of Sound,1407945,6:10
Above & Beyond,Far From In Love,Judgement Sundays - The Mix 2008,2008,Ministry Of Sound,1363518,
Arnej,They Always Come Back,Judgement Sundays - The Mix 2008,2008,Ministry Of Sound,1363518,
MOS,Emotional Distortion (Popof Remix),Judgement Sundays - The Mix 2008,2008,Ministry Of Sound,1363518,
JDS,Scorpio,Judgement Sundays - The Mix 2008,2008,Ministry Of Sound,1363518,
Judge Jules,Electronic Snare,Judgement Sundays - The Mix 2008,2008,Ministry Of Sound,1363518,
Heatbeat (2),Push Over,Judgement Sundays - The Mix 2008,2008,Ministry Of Sound,1363518,
Veracocha,Carte Blanche (Cosmic Gate Remix),Judgement Sundays - The Mix 2008,2008,Ministry Of Sound,1363518,
A&N Project,Just When I Think There's An Answer (DJ Mog & Phil Crawf Remix),Judgement Sundays - The Mix 2008,2008,Ministry Of Sound,1363518,
"Triballa, Andrew Force",Nothing Ever,Judgement Sundays - The Mix 2008,2008,Ministry Of Sound,1363518,
Björn Åkesson,Sunchaser,Judgement Sundays - The Mix 2008,2008,Ministry Of Sound,1363518,
Global Warming,Far & Away (Wandii Remix),Judgement Sundays - The Mix 2008,2008,Ministry Of Sound,1363518,
Ernesto vs. Bastian,Super Jupiter,Judgement Sundays - The Mix 2008,2008,Ministry Of Sound,1363518,
Kamui,Electro Slut,Judgement Sundays - The Mix 2008,2008,Ministry Of Sound,1363518,
Future Disciple,28 Tracks Later,Judgement Sundays - The Mix 2008,2008,Ministry Of Sound,1363518,
Miles Dyson,Anthem,Judgement Sundays - The Mix 2008,2008,Ministry Of Sound,1363518,
Mojado,Free Our Mind (Filthy Rich Remix),Judgement Sundays - The Mix 2008,2008,Ministry Of Sound,1363518,
"Jukey (2), Sway",The Way We Go (Laidback Luke Remix),Judgement Sundays - The Mix 2008,2008,Ministry Of Sound,1363518,
Ruff Driverz,Don't Stop (Kissdafunk Remix),Judgement Sundays - The Mix 2008,2008,Ministry Of Sound,1363518,
"Tommy Trash, Patsy Galore",Lover Lover (Dabruck & Klein Remix),Judgement Sundays - The Mix 2008,2008,Ministry Of Sound,1363518,
Haji & Emanuel,Take Me Away (2008),Judgement Sundays - The Mix 2008,2008,Ministry Of Sound,1363518,
Inhaler (3),Something About You (Filthy Rich Remix),Judgement Sundays - The Mix 2008,2008,Ministry Of Sound,1363518,
Noel Sinner,Pull Over,Judgement Sundays - The Mix 2008,2008,Ministry Of Sound,1363518,
Donna Giles,And I'm Telling You (Acappella),Judgement Sundays - The Mix 2008,2008,Ministry Of Sound,1363518,
"Marc Leaf, Hollywood Hills",I Might Be Leavin U,Judgement Sundays - The Mix 2008,2008,Ministry Of Sound,1363518,
Steve Angello & Sebastian Ingrosso,555,Judgement Sundays - The Mix 2008,2008,Ministry Of Sound,1363518,
"Sebastian Ingrosso, Laidback Luke",Chaa Chaa,Judgement Sundays - The Mix 2008,2008,Ministry Of Sound,1363518,
"Sebastian Ingrosso, Laidback Luke",Be,Judgement Sundays - The Mix 2008,2008,Ministry Of Sound,1363518,
"Rob Tissera, Vinylgroover & The Red Hed",Stay (KissDaFunk Project Remix),Judgement Sundays - The Mix 2008,2008,Ministry Of Sound,1363518,
"Romain Curtis, Awa (4)",I'm A Soldier (Filthy Rich's 'Full Metal Jacket' Remix),Judgement Sundays - The Mix 2008,2008,Ministry Of Sound,1363518,
Kariya,Let Me Love You For Tonight (Acappella),Judgement Sundays - The Mix 2008,2008,Ministry Of Sound,1363518,
Dawn Penn,You Don't Love Me (No No No),Essential Reggae,2009,Ministry Of Sound,2915569,3:30
Aswad,Shine (Beatmasters Mix),Essential Reggae,2009,Ministry Of Sound,2915569,3:38
"Sean Kingston, Jonathan ""J.R."" Rotem",Beautiful Girls,Essential Reggae,2009,Ministry Of Sound,2915569,3:46
"Shabba Ranks, Chevelle Franklyn",Mr. Loverman,Essential Reggae,2009,Ministry Of Sound,2915569,3:37
Beenie Man,Who Am I (Zim Zimma),Essential Reggae,2009,Ministry Of Sound,2915569,3:17
"Super Cat (2), Jack Radics",My Girl Josephine,Essential Reggae,2009,Ministry Of Sound,2915569,3:39
Snow (2),Informer,Essential Reggae,2009,Ministry Of Sound,2915569,4:02
Sean Paul,Bouce It Right Here,Essential Reggae,2009,Ministry Of Sound,2915569,2:58
Wayne Wonder,No Letting Go,Essential Reggae,2009,Ministry Of Sound,2915569,3:23
Mr. Vegas,Heads High,Essential Reggae,2009,Ministry Of Sound,2915569,3:31
Dillinger,Cocaine In My Brain,Essential Reggae,2009,Ministry Of Sound,2915569,5:10
Half Pint (3),Substitute Lover,Essential Reggae,2009,Ministry Of Sound,2915569,3:49
Wayne Smith,Under Me Sleng Teng,Essential Reggae,2009,Ministry Of Sound,2915569,4:08
Black Uhuru,African Love,Essential Reggae,2009,Ministry Of Sound,2915569,3:40
"Natural Ites, The Realistics",Picture On The Wall,Essential Reggae,2009,Ministry Of Sound,2915569,4:36
The Paragons,Blackbirds Singing,Essential Reggae,2009,Ministry Of Sound,2915569,2:29
Phyllis Dillon,Woman Of The Ghetto,Essential Reggae,2009,Ministry Of Sound,2915569,3:20
Gregory Isaacs,Red Rose For Gregory,Essential Reggae,2009,Ministry Of Sound,2915569,4:10
Bob Marley & The Wailers,Trenchtown Rock,Essential Reggae,2009,Ministry Of Sound,2915569,2:56
Bob Marley & The Wailers,Lively Up Yourself,Essential Reggae,2009,Ministry Of Sound,2915569,2:49
Desmond Dekker,Israelites,Essential Reggae,2009,Ministry Of Sound,2915569,2:45
Toots & The Maytals,54-46 (Was My Number),Essential Reggae,2009,Ministry Of Sound,2915569,3:25
The Paragons,The Tide Is High,Essential Reggae,2009,Ministry Of Sound,2915569,2:41
Joya Landis,Angel Of The Morning,Essential Reggae,2009,Ministry Of Sound,2915569,3:02
Dennis Brown,Money In My Pocket,Essential Reggae,2009,Ministry Of Sound,2915569,3:40
Freddie McGregor,Just Don't Wanna Be Lonely,Essential Reggae,2009,Ministry Of Sound,2915569,3:35
Sugar Minott,Good Thing Going (We've Got A Good Thing Going),Essential Reggae,2009,Ministry Of Sound,2915569,4:14
Tippa Irie,Hello Darlin',Essential Reggae,2009,Ministry Of Sound,2915569,3:34
Peter Tosh,Get Up Stand Up,Essential Reggae,2009,Ministry Of Sound,2915569,3:24
Gregory Isaacs,Rumours,Essential Reggae,2009,Ministry Of Sound,2915569,3:20
Barrington Levy,Here I Come (Broader Than Broadway),Essential Reggae,2009,Ministry Of Sound,2915569,3:46
Tenor Saw,Ring The Alarm,Essential Reggae,2009,Ministry Of Sound,2915569,3:12
Yellowman,"Nobody Move, Nobody Get Hurt",Essential Reggae,2009,Ministry Of Sound,2915569,3:41
Clint Eastwood And General Saint,Stop That Train,Essential Reggae,2009,Ministry Of Sound,2915569,5:07
Eek-A-Mouse,Wa Do Dem,Essential Reggae,2009,Ministry Of Sound,2915569,3:53
Frankie Paul,Pass The Tu Shen Peng,Essential Reggae,2009,Ministry Of Sound,2915569,3:29
Byron Lee And The Dragonaires,Cherry Oh Baby,Essential Reggae,2009,Ministry Of Sound,2915569,2:38
The Dynamics (3),Whole Lotta Love,Essential Reggae,2009,Ministry Of Sound,2915569,4:21
Alton Ellis,La La Means I Love You,Essential Reggae,2009,Ministry Of Sound,2915569,2:56
Jon Hopkins,Second Sense,Odyssey,2010,Ministry Of Sound,2111799,5:14
Ben Onono,Tatouage Bleu,Odyssey,2010,Ministry Of Sound,2111799,3:59
Gavin Friday,Angel,Odyssey,2010,Ministry Of Sound,2111799,4:18
William Orbit,G155,Odyssey,2010,Ministry Of Sound,2111799,4:17
Blank & Jones,Desire (Ambient Mix),Odyssey,2010,Ministry Of Sound,2111799,6:53
Laurie Mayer,Flung (Variation),Odyssey,2010,Ministry Of Sound,2111799,2:27
Skye (6),Love Show,Odyssey,2010,Ministry Of Sound,2111799,3:39
Robbie Williams,Stand Your Ground,Odyssey,2010,Ministry Of Sound,2111799,2:33
John Barry,Wednesday's Child,Odyssey,2010,Ministry Of Sound,2111799,2:12
Dusted,"Always Remember To Respect And Honour Your Mother (Part 1) (7"" Mix)",Odyssey,2010,Ministry Of Sound,2111799,3:52
All Saints,Black Coffee,Odyssey,2010,Ministry Of Sound,2111799,4:49
Bassomatic,Fascinating Rhythm,Odyssey,2010,Ministry Of Sound,2111799,4:19
William Orbit,Where Do You Go (Instrumental),Odyssey,2010,Ministry Of Sound,2111799,3:49
Little Dragon,Twice,Odyssey,2010,Ministry Of Sound,2111799,3:07
William Orbit,Sea Green,Odyssey,2010,Ministry Of Sound,2111799,6:20
Boozoo Bajou,Yoruba Road,Odyssey,2010,Ministry Of Sound,2111799,5:31
Crazy Penis,Cruising,Odyssey,2010,Ministry Of Sound,2111799,6:04
Freestylers,So Fine,Odyssey,2010,Ministry Of Sound,2111799,4:32
School Of Seven Bells,Chain,Odyssey,2010,Ministry Of Sound,2111799,4:23
"Couture (2), Rachelle",Afterglow (Trafik Edit),Odyssey,2010,Ministry Of Sound,2111799,3:41
Stereo MC's,Sofisticated,Odyssey,2010,Ministry Of Sound,2111799,4:15
Eddie Harris,It's All Right Now,Odyssey,2010,Ministry Of Sound,2111799,3:54
Amadou & Mariam,Sabali (Paul Epworth Mix),Odyssey,2010,Ministry Of Sound,2111799,2:48
"Baby Bash, Frankie J. (3)",Suga Suga,Odyssey,2010,Ministry Of Sound,2111799,3:59
"Eric Krasno, Neal Evans",Miss Leslie (Instrumental),Odyssey,2010,Ministry Of Sound,2111799,4:36
Chromeo,Woman Friend,Odyssey,2010,Ministry Of Sound,2111799,3:46
Kraak & Smaak,No Sun In The Sky (Henrik Schwarz Remix),Odyssey,2010,Ministry Of Sound,2111799,6:59
Sasha,Wavy Gravy,Odyssey,2010,Ministry Of Sound,2111799,5:59
"DJ Kharma, Juliet Diamond",Hymn (Orbit Remix),Odyssey,2010,Ministry Of Sound,2111799,5:49
Trentemøller,Sunstroke,Odyssey,2010,Ministry Of Sound,2111799,5:39
"Dizzee Rascal, Calvin Harris, Chrome (13)",Dance Wiv Me (Dirty Vegas Remix),Odyssey,2010,Ministry Of Sound,2111799,4:55
Sound Diffusion,Girls Like Hi Hats (Uto Karem’s Boys Like Bass Mix),Odyssey,2010,Ministry Of Sound,2111799,6:21
Larry Tee,I Love U (Bart B More Secured Dub),Odyssey,2010,Ministry Of Sound,2111799,6:00
Jiri.ceiver,Loom1,Odyssey,2010,Ministry Of Sound,2111799,4:07
Terry Lynn,Kingstonlogic (Greenmoney Houselogic Remix),Odyssey,2010,Ministry Of Sound,2111799,4:09
Deadmau5,The Reward Is Cheese,Odyssey,2010,Ministry Of Sound,2111799,3:33
WTF?,Chicken,Odyssey,2010,Ministry Of Sound,2111799,4:04
"Benassi Bros., Violeta",I Love My Sex,Odyssey,2010,Ministry Of Sound,2111799,3:34
"Stanton Warriors, Twista",Pop Your Cork,Odyssey,2010,Ministry Of Sound,2111799,4:54
"William Orbit, Beth Orton",Water From A Vine Leaf (Xylem Flow Mix),Odyssey,2010,Ministry Of Sound,2111799,11:31
"William Orbit, Beth Orton",Water From A Vine Leaf (Cromer Chroma Mix),Odyssey,2010,Ministry Of Sound,2111799,
Boddhi Satva,"Soul Heaven, The Roots Of London",10 Years Of Soul Heaven,2010,Ministry Of Sound,2125450,3:50
Len Faki,My Black Sheep (Radio Slave Remix),10 Years Of Soul Heaven,2010,Ministry Of Sound,2125450,2:32
Dennis Ferrer,Hey Hey (Instrumental),10 Years Of Soul Heaven,2010,Ministry Of Sound,2125450,
"Madame X (9), Anané",You're So Sweet (Antonello Coghe / Filipe Narciso Mix),10 Years Of Soul Heaven,2010,Ministry Of Sound,2125450,4:08
Sister Pearl,Bang The Drum (Manoo Remix),10 Years Of Soul Heaven,2010,Ministry Of Sound,2125450,5:39
Anané,Let's Get High (Louie Vega EOL Mix),10 Years Of Soul Heaven,2010,Ministry Of Sound,2125450,4:19
Fabio Genito,Marenostrum (Organic Mix),10 Years Of Soul Heaven,2010,Ministry Of Sound,2125450,2:55
Fabrizio Ortella,Into You,10 Years Of Soul Heaven,2010,Ministry Of Sound,2125450,4:34
"Bah Samba, Joseph Philogene",Em Bo La (Antonello Coghe / Filipe Narciso Mix),10 Years Of Soul Heaven,2010,Ministry Of Sound,2125450,2:53
"Mzee, Malatji",Ancestral Calling (Rancido Deep Journey Mix),10 Years Of Soul Heaven,2010,Ministry Of Sound,2125450,4:50
Boddhi Satva,Punch Koko (Boddhi Satva Remix),10 Years Of Soul Heaven,2010,Ministry Of Sound,2125450,5:28
"Boddhi Satva, Yuba",Ayele (Manoo Remix),10 Years Of Soul Heaven,2010,Ministry Of Sound,2125450,4:34
"Jephté Guillaume, Erol Josué",Papa Loko (Jephté's Extended Loko Voka Mix),10 Years Of Soul Heaven,2010,Ministry Of Sound,2125450,4:25
"DJ Rocco, Phumeza Dlwati",Poem,10 Years Of Soul Heaven,2010,Ministry Of Sound,2125450,4:04
"Boddhi Satva, Fredy Massamba",Warrior Of Africa,10 Years Of Soul Heaven,2010,Ministry Of Sound,2125450,6:00
"Joe T. Vannelli, Csilla",Play With The Voice (MAW In Your Face Dub),10 Years Of Soul Heaven,2010,Ministry Of Sound,2125450,1:01
SoulFricans,Sex In Africa,10 Years Of Soul Heaven,2010,Ministry Of Sound,2125450,
"Gilles Peterson's Havana Cultura Band, Mayra Caridad Valdes",Roforofo Fight (Louie Vega Remix),10 Years Of Soul Heaven,2010,Ministry Of Sound,2125450,4:43
"Jay ""Sinister"" Sealée, Louie Vega, Julie McKnight",Bittersweet Love Affair,10 Years Of Soul Heaven,2010,Ministry Of Sound,2125450,7:23
"N'dinga Gaba, Scotty P.",Queen (Ricanstruction Vocal),10 Years Of Soul Heaven,2010,Ministry Of Sound,2125450,4:50
"Elements Of Life (3), Lisa Fischer, Cindy Mizelle",Into My Life (You Brought The Sunshine) (Roots Mix),10 Years Of Soul Heaven,2010,Ministry Of Sound,2125450,5:08
Jovonn,First Night To Love,10 Years Of Soul Heaven,2010,Ministry Of Sound,2125450,3:09
"Louie Vega, Johnny Dangerous",London Roots (Roots Dub / Main Mix),10 Years Of Soul Heaven,2010,Ministry Of Sound,2125450,4:26
Mr. V (4),Circle Track,10 Years Of Soul Heaven,2010,Ministry Of Sound,2125450,2:46
"Jovonn, Carole Sylvan",Feelin' Better (Jovonn Next Moov Club Mix),10 Years Of Soul Heaven,2010,Ministry Of Sound,2125450,3:07
Agev Munsen,Alien Conversations 1,10 Years Of Soul Heaven,2010,Ministry Of Sound,2125450,2:39
"Ralf GUM, Monique Bingham",Little W. 12th St. (DJ Spinna Galactic Soul Remix),10 Years Of Soul Heaven,2010,Ministry Of Sound,2125450,4:43
DJN Project,Take You Away (Glenn Underground Rewerk Tribute Mix),10 Years Of Soul Heaven,2010,Ministry Of Sound,2125450,3:51
"Julio ""Deuce"" Martinez",Just As Long,10 Years Of Soul Heaven,2010,Ministry Of Sound,2125450,2:24
Lil' Louis,Feels Good Just To Feel,10 Years Of Soul Heaven,2010,Ministry Of Sound,2125450,4:15
"Fanatix (2), Alison Crockett, Nathan Haines",Fly,10 Years Of Soul Heaven,2010,Ministry Of Sound,2125450,4:04
Roots Orchestra,Child Like,10 Years Of Soul Heaven,2010,Ministry Of Sound,2125450,2:48
"Alex Finkin & Reverend P, Jocelyn Mathieu",Those Days Are Gone,10 Years Of Soul Heaven,2010,Ministry Of Sound,2125450,2:49
"Elements Of Life (3), Lisa Fischer",Love Will Know (Roots Demo Mix),10 Years Of Soul Heaven,2010,Ministry Of Sound,2125450,4:44
"Nathan Adams (2), Zepherin Saint",Circles (Vocal Mix),10 Years Of Soul Heaven,2010,Ministry Of Sound,2125450,3:12
"Alton Miller, Amp Fiddler",When The Morning Comes (Kyle Hall & Amp Fiddler Remix),10 Years Of Soul Heaven,2010,Ministry Of Sound,2125450,3:20
"DJ Man-X, Albert ""Sterling"" Menendez, Josh Milan",Consequences (Man-X's Sunset Nights Vocal Mix),10 Years Of Soul Heaven,2010,Ministry Of Sound,2125450,3:53
"Elements Of Life (3), Lisa Fischer, Cindy Mizelle",Into My Life (You Brought The Sunshine) (Vamp Mix),10 Years Of Soul Heaven,2010,Ministry Of Sound,2125450,5:08
"Georg Levin, Clara Hill",(I Got) Somebody New,10 Years Of Soul Heaven,2010,Ministry Of Sound,2125450,5:23
Kimara Lovelace,Misery (Lil' Louis Extended Club Mix),10 Years Of Soul Heaven,2010,Ministry Of Sound,2125450,9:43
Trackheadz,Our Music,10 Years Of Soul Heaven,2010,Ministry Of Sound,2125450,5:48
"The Deep, Fred Melosax",Dom Dom Jump,10 Years Of Soul Heaven,2010,Ministry Of Sound,2125450,6:40
Kentphonik,Sunday Showers,10 Years Of Soul Heaven,2010,Ministry Of Sound,2125450,7:03
"Mood II Swing, Carole Sylvan",Closer (King Street Moody Club),10 Years Of Soul Heaven,2010,Ministry Of Sound,2125450,6:18
Sara Devine,Special (Louie Vega EOL Mix),10 Years Of Soul Heaven,2010,Ministry Of Sound,2125450,8:07
Soul Central,Song For Sharma,10 Years Of Soul Heaven,2010,Ministry Of Sound,2125450,7:33
"Louie Vega, Arnold Jarvis",Life Goes On,10 Years Of Soul Heaven,2010,Ministry Of Sound,2125450,8:20
Len Faki,My Black Sheep (Radio Slave Mix),10 Years Of Soul Heaven,2010,Ministry Of Sound,12761858,
Bah Samba,Em Bo La (Antonello Coghe / Filipe Narciso Mix),10 Years Of Soul Heaven,2010,Ministry Of Sound,12761858,
"Gilles Peterson's Havana Cultura Band, Mayra Caridad Valdes",Roforofo Fight,10 Years Of Soul Heaven,2010,Ministry Of Sound,12761858,
"Louie Vega, Johnny Dangerous",London Roots,10 Years Of Soul Heaven,2010,Ministry Of Sound,12761858,
"Alton Miller, Amp Fiddler",When The Morning Comes (Main Vocal Mix),10 Years Of Soul Heaven,2010,Ministry Of Sound,12761858,
Nathan Fake,Outhouse,The Gallery: 15 Years,2010,Ministry Of Sound,3034836,5:22
Sander Van Doorn,Ninety,The Gallery: 15 Years,2010,Ministry Of Sound,3034836,5:35
Sander van Doorn,Punk'd (S.V.D. Mix),The Gallery: 15 Years,2010,Ministry Of Sound,3034836,5:05
Purple Haze (2),Adrenaline,The Gallery: 15 Years,2010,Ministry Of Sound,3034836,6:51
Filterfunk,S.O.S. (Message In A Bottle) (Sander Van Doorn Remix),The Gallery: 15 Years,2010,Ministry Of Sound,3034836,7:17
Randy Katana,In Silence,The Gallery: 15 Years,2010,Ministry Of Sound,3034836,6:06
Grooveyard,Mary Go W!ld! (Ron Van Den Beuken Remix),The Gallery: 15 Years,2010,Ministry Of Sound,3034836,7:47
DJ Remy & Roland Klinkenberg,Till Ya Drop!,The Gallery: 15 Years,2010,Ministry Of Sound,3034836,4:50
Vitalic,LA Rock '01,The Gallery: 15 Years,2010,Ministry Of Sound,3034836,3:55
"Dave Audé, Tall Paul",Common Ground,The Gallery: 15 Years,2010,Ministry Of Sound,3034836,4:54
Durango 95,5.55,The Gallery: 15 Years,2010,Ministry Of Sound,3034836,4:51
"DT8 Project, Andrea Britton",Winter (Max Graham's Sidechain Remix),The Gallery: 15 Years,2010,Ministry Of Sound,3034836,5:27
Solarstone,The Calling (Still Waters Mix),The Gallery: 15 Years,2010,Ministry Of Sound,3034836,6:09
Deux,Sun Rising Up,The Gallery: 15 Years,2010,Ministry Of Sound,3034836,6:19
"Tall Paul, INXS",Precious Heart,The Gallery: 15 Years,2010,Ministry Of Sound,3034836,3:59
Gavyn Mytchel,Turnmills,The Gallery: 15 Years,2010,Ministry Of Sound,3034836,0:50
Luzon,The Baguio Track,The Gallery: 15 Years,2010,Ministry Of Sound,3034836,3:34
Three Drives,Greece 2000 (Miro Vocal Mix),The Gallery: 15 Years,2010,Ministry Of Sound,3034836,4:47
"Matt Darey, Marcella Woods",Liberation (Fly Like An Angel),The Gallery: 15 Years,2010,Ministry Of Sound,3034836,3:05
Plastic Boy,Silver Bath,The Gallery: 15 Years,2010,Ministry Of Sound,3034836,4:12
"Rufus, Chaka Khan",Ain't Nobody,80s Groove,2010,Ministry Of Sound,2769477,
Chic,I Want Your Love,80s Groove,2010,Ministry Of Sound,2769477,
The Jacksons,Can You Feel It,80s Groove,2010,Ministry Of Sound,2769477,
Aretha Franklin,Who's Zoomin Who,80s Groove,2010,Ministry Of Sound,2769477,
Keni Burke,Rising To The Top,80s Groove,2010,Ministry Of Sound,2769477,
Michael Wycoff,Looking Up To You,80s Groove,2010,Ministry Of Sound,2769477,
Mantronix,Got To Have Your Love (Club Edit),80s Groove,2010,Ministry Of Sound,2769477,
Lisa Lisa & Cult Jam,I Wonder If I Take You Home,80s Groove,2010,Ministry Of Sound,2769477,
Dexter Wansel,Life On Mars,80s Groove,2010,Ministry Of Sound,2769477,
Joyce Sims,(You Are My) All And All,80s Groove,2010,Ministry Of Sound,2769477,
"Stock, Aitken & Waterman",Roadblock,80s Groove,2010,Ministry Of Sound,2769477,
Jean Carn,Don't Let It Go To Your Head,80s Groove,2010,Ministry Of Sound,2769477,
"Earth, Wind & Fire",Fantasy,80s Groove,2010,Ministry Of Sound,2769477,
Odyssey (2),Native New Yorker,80s Groove,2010,Ministry Of Sound,2769477,
Luther Vandross,Give Me The Reason,80s Groove,2010,Ministry Of Sound,2769477,
Billy Ocean,Caribbean Queen (No More Love On The Run),80s Groove,2010,Ministry Of Sound,2769477,
Surface,Happy,80s Groove,2010,Ministry Of Sound,2769477,
James Brown,How Do You Stop,80s Groove,2010,Ministry Of Sound,2769477,
Sly & The Family Stone,Family Affair,80s Groove,2010,Ministry Of Sound,2769477,
Bill Withers,Lovely Day,80s Groove,2010,Ministry Of Sound,2769477,
Tinie Tempah,Pass Out,This Is UK MCs,2010,Ministry Of Sound,3053245,4:28
"Naughty Boy (3), Wiley (2), Emeli Sandé",Never Be Your Woman,This Is UK MCs,2010,Ministry Of Sound,3053245,2:23
"Professor Green, Ed Drewett",I Need You Tonight,This Is UK MCs,2010,Ministry Of Sound,3053245,3:23
Chipmunk,Chip Diddy Chip,This Is UK MCs,2010,Ministry Of Sound,3053245,3:26
Fugative,Supafly,This Is UK MCs,2010,Ministry Of Sound,3053245,3:20
Boy Better Know,Goin' In,This Is UK MCs,2010,Ministry Of Sound,3053245,2:43
"Doctor P, P Money",Sweet Shop,This Is UK MCs,2010,Ministry Of Sound,3053245,3:29
"Jammer, Boy Better Know",10 Man Roll,This Is UK MCs,2010,Ministry Of Sound,3053245,3:43
Kano (4),Rock N Roller,This Is UK MCs,2010,Ministry Of Sound,3053245,3:27
"The Bug, Killa P, Flow Dan",Skeng,This Is UK MCs,2010,Ministry Of Sound,3053245,4:06
"Swindle (2), Skibadee",Woi (AKA Airmiles),This Is UK MCs,2010,Ministry Of Sound,3053245,3:32
Ghetts,Don't Phone Me,This Is UK MCs,2010,Ministry Of Sound,3053245,2:44
"Wiley (2), Chipmunk, JME (2), Skepta",No Qualms (Revox),This Is UK MCs,2010,Ministry Of Sound,3053245,2:59
Pay As You Go Cartel,Champagne Dance (Da Sticky Lick),This Is UK MCs,2010,Ministry Of Sound,3053245,5:11
"The Wideboys, Majestic MC, MC B-Live, Boy Better Know",In The V.I.P,This Is UK MCs,2010,Ministry Of Sound,3053245,3:26
Fr3e,Tribal Skank,This Is UK MCs,2010,Ministry Of Sound,3053245,3:26
"Crazy Cousinz, MC Versatile",Funky Anthem,This Is UK MCs,2010,Ministry Of Sound,3053245,3:26
Trilla Jermaine Trilloski,Who Are Ya,This Is UK MCs,2010,Ministry Of Sound,3053245,3:28
Lethal Bizzle,Pow,This Is UK MCs,2010,Ministry Of Sound,3053245,2:50
"JME (2), Tempa T",CD Is Dead,This Is UK MCs,2010,Ministry Of Sound,3053245,2:15
Devlin (2),Take Me Away,This Is UK MCs,2010,Ministry Of Sound,3053245,3:20
Giggs (2),Look What The Cat Dragged In,This Is UK MCs,2010,Ministry Of Sound,3053245,2:30
Smiler (7),Enza,This Is UK MCs,2010,Ministry Of Sound,3053245,3:02
Gracious K,Migraine Skank,This Is UK MCs,2010,Ministry Of Sound,3053245,3:00
Footsie,Where's My Scrilla,This Is UK MCs,2010,Ministry Of Sound,3053245,2:50
Wretch 32,Superhero,This Is UK MCs,2010,Ministry Of Sound,3053245,3:12
Akala (2),XXL,This Is UK MCs,2010,Ministry Of Sound,3053245,3:46
"Bashy, Loick Essien",When The Sky Falls,This Is UK MCs,2010,Ministry Of Sound,3053245,3:24
Donae'o,Riot Music,This Is UK MCs,2010,Ministry Of Sound,3053245,3:04
"Sway, Akon",Silver & Gold,This Is UK MCs,2010,Ministry Of Sound,3053245,3:51
"Ty, Sarina Leah, Shaun Escoffery",Emotions,This Is UK MCs,2010,Ministry Of Sound,3053245,3:57
G FrSH,Black Batman,This Is UK MCs,2010,Ministry Of Sound,3053245,3:44
"Skandal, Klashnekoff, P Money",Kill 'Em Wit' The Flow,This Is UK MCs,2010,Ministry Of Sound,3053245,4:10
Envy (6),Normal,This Is UK MCs,2010,Ministry Of Sound,3053245,3:27
"Baby Blue (2), Wretch 32",Run,This Is UK MCs,2010,Ministry Of Sound,3053245,3:58
Nicolas Jaar,Time For Us,Underground Disco,2011,Ministry Of Sound,2677301,4:25
New Mjøndalen Disco Swingers,Eurodans,Underground Disco,2011,Ministry Of Sound,2677301,3:58
Tinpong,New Religion (Marcus Marr Mix),Underground Disco,2011,Ministry Of Sound,2677301,6:06
Toby Tobias,Macasu (MCDE Remix),Underground Disco,2011,Ministry Of Sound,2677301,4:52
Alphabet City,Turn Me Up,Underground Disco,2011,Ministry Of Sound,2677301,4:21
I:Cube,Falling,Underground Disco,2011,Ministry Of Sound,2677301,4:49
Robbie Williams,Last Days Of Disco (Still Going Dub),Underground Disco,2011,Ministry Of Sound,2677301,5:40
IKE (4),Diskadenz,Underground Disco,2011,Ministry Of Sound,2677301,5:48
Still Going,Spaghetti Circus,Underground Disco,2011,Ministry Of Sound,2677301,5:37
Cobblestone Jazz,Traffic Jam,Underground Disco,2011,Ministry Of Sound,2677301,5:21
Azari & III,Reckless (With Your Love) (Tensnake Remix),Underground Disco,2011,Ministry Of Sound,2677301,4:54
DJ Ringardos,Was Better In 88,Underground Disco,2011,Ministry Of Sound,2677301,5:28
Hercules & Love Affair,Blind (Frankie Knuckles Remix),Underground Disco,2011,Ministry Of Sound,2677301,6:40
"Onra, Reggie B",High Hopes,Underground Disco,2011,Ministry Of Sound,2677301,4:07
Dam-Funk,10 West,Underground Disco,2011,Ministry Of Sound,2677301,4:23
Social Disco Club,By The Way You Move (Greg Wilson Mix),Underground Disco,2011,Ministry Of Sound,2677301,5:44
Toby Tobias,The Feeling,Underground Disco,2011,Ministry Of Sound,2677301,6:36
Space Dimension Controller,Transatlantic Landing Bay,Underground Disco,2011,Ministry Of Sound,2677301,4:44
Gala Drop,Drop,Underground Disco,2011,Ministry Of Sound,2677301,5:40
Mario Basanov,Caribbean Girl,Underground Disco,2011,Ministry Of Sound,2677301,6:29
Das Volt,Fantasy,Underground Disco,2011,Ministry Of Sound,2677301,3:50
Visti & Meyland,Stars (Time & Space Mix),Underground Disco,2011,Ministry Of Sound,2677301,3:10
Caribou,Odessa,Underground Disco,2011,Ministry Of Sound,2677301,4:58
"MAVIS (5), Candi Staton",Revolution (Darkstarr Remix),Underground Disco,2011,Ministry Of Sound,2677301,5:46
I:Cube,Vacuum Jackers (Maurice Fulton Remix),Underground Disco,2011,Ministry Of Sound,2677301,5:36
DJ Nature,Destiny Reprise,Underground Disco,2011,Ministry Of Sound,2677301,4:26
Ray Mang,Look Into My Eyes,Underground Disco,2011,Ministry Of Sound,2677301,5:36
Sombrero Galaxy (2),Journey To The Centre Of The Sun,Underground Disco,2011,Ministry Of Sound,2677301,7:18
Electric Light Orchestra,Sweet Talkin' Woman,Guilty Pleasures,2011,Ministry Of Sound,3098456,3:49
Daryl Hall & John Oates,Private Eyes,Guilty Pleasures,2011,Ministry Of Sound,3098456,3:36
Steve Miller Band,Abracadabra,Guilty Pleasures,2011,Ministry Of Sound,3098456,3:40
Laura Branigan,Self Control,Guilty Pleasures,2011,Ministry Of Sound,3098456,4:04
John Farnham,You're The Voice,Guilty Pleasures,2011,Ministry Of Sound,3098456,3:57
Toto,Africa,Guilty Pleasures,2011,Ministry Of Sound,3098456,4:21
"Dolly Parton, Kenny Rogers",Islands In The Stream,Guilty Pleasures,2011,Ministry Of Sound,3098456,4:10
Dionne Warwick,Heartbreaker,Guilty Pleasures,2011,Ministry Of Sound,3098456,4:16
"Bill Medley, Jennifer Warnes",(I've Had) The Time Of My Life,Guilty Pleasures,2011,Ministry Of Sound,3098456,4:48
Owen Paul,My Favourite Waste Of Time,Guilty Pleasures,2011,Ministry Of Sound,3098456,3:26
Wax (6),Bridge To Your Heart,Guilty Pleasures,2011,Ministry Of Sound,3098456,4:12
The Maisonettes,Heartache Avenue,Guilty Pleasures,2011,Ministry Of Sound,3098456,2:55
Matthew Wilder,Break My Stride,Guilty Pleasures,2011,Ministry Of Sound,3098456,3:03
Rick Springfield,Jessie's Girl,Guilty Pleasures,2011,Ministry Of Sound,3098456,3:14
Roachford,Cuddly Toy,Guilty Pleasures,2011,Ministry Of Sound,3098456,3:48
Boy Meets Girl,Waiting For A Star To Fall,Guilty Pleasures,2011,Ministry Of Sound,3098456,4:28
Mr. Mister,Broken Wings,Guilty Pleasures,2011,Ministry Of Sound,3098456,4:36
Bangles,Eternal Flame,Guilty Pleasures,2011,Ministry Of Sound,3098456,3:56
Bonnie Tyler,Total Eclipse Of The Heart,Guilty Pleasures,2011,Ministry Of Sound,3098456,4:28
Deniece Williams,Let's Hear It For The Boy,Guilty Pleasures,2011,Ministry Of Sound,3098456,4:22
Irene Cara,Flashdance…What A Feeling,Guilty Pleasures,2011,Ministry Of Sound,3098456,3:56
Dolly Parton,9 To 5,Guilty Pleasures,2011,Ministry Of Sound,3098456,2:45
The Belle Stars,Sign Of The Times,Guilty Pleasures,2011,Ministry Of Sound,3098456,2:53
Fox (3),S-S-S-Single Bed,Guilty Pleasures,2011,Ministry Of Sound,3098456,3:49
Kiki Dee,Star,Guilty Pleasures,2011,Ministry Of Sound,3098456,3:14
Bellamy Brothers,Let Your Love Flow,Guilty Pleasures,2011,Ministry Of Sound,3098456,3:15
Sutherland Brothers,Arms Of Mary,Guilty Pleasures,2011,Ministry Of Sound,3098456,2:37
REO Speedwagon,Can't Fight This Feeling,Guilty Pleasures,2011,Ministry Of Sound,3098456,3:45
Air Supply,All Out Of Love,Guilty Pleasures,2011,Ministry Of Sound,3098456,3:52
"Patrick Swayze, Wendy Fraser",She's Like The Wind,Guilty Pleasures,2011,Ministry Of Sound,3098456,3:52
Starship (2),Sara,Guilty Pleasures,2011,Ministry Of Sound,3098456,4:18
Foreigner,Waiting For A Girl Like You,Guilty Pleasures,2011,Ministry Of Sound,3098456,4:33
Boston,More Than A Feeling,Guilty Pleasures,2011,Ministry Of Sound,3098456,3:23
Journey,Don't Stop Believin',Guilty Pleasures,2011,Ministry Of Sound,3098456,4:11
Doctor P,Black Books,Example & DJ Wire Present The Playlist,2011,Ministry Of Sound,3151079,0:41
Example,Changed The Way You Kiss Me (Tom Starr Remix),Example & DJ Wire Present The Playlist,2011,Ministry Of Sound,3151079,1:47
Example,Kickstarts (BAR9 Remix),Example & DJ Wire Present The Playlist,2011,Ministry Of Sound,3151079,2:16
Rusko,Woo Boost,Example & DJ Wire Present The Playlist,2011,Ministry Of Sound,3151079,4:03
Danny Byrd,We Can Have It All,Example & DJ Wire Present The Playlist,2011,Ministry Of Sound,3151079,2:23
"Don Diablo, Example",Hooligans (VIP Mix),Example & DJ Wire Present The Playlist,2011,Ministry Of Sound,3151079,3:15
Nero (5),Me & You (Dirtyphonics Mix),Example & DJ Wire Present The Playlist,2011,Ministry Of Sound,3151079,2:02
Example,Girl Can't Dance (Chase & Status Remix),Example & DJ Wire Present The Playlist,2011,Ministry Of Sound,3151079,1:06
Doctor P,Sweet Shop (Friction Vs Camo & Krooked Mix),Example & DJ Wire Present The Playlist,2011,Ministry Of Sound,3151079,2:23
Kasabian,Fire,Example & DJ Wire Present The Playlist,2011,Ministry Of Sound,3151079,3:47
The Drums (2),Lets Go Surfing,Example & DJ Wire Present The Playlist,2011,Ministry Of Sound,3151079,2:54
Collie Buddz,Come Around,Example & DJ Wire Present The Playlist,2011,Ministry Of Sound,3151079,3:41
Tesla Boy,Spirit Of The Night,Example & DJ Wire Present The Playlist,2011,Ministry Of Sound,3151079,4:53
Super Cat (2),Don Dada,Example & DJ Wire Present The Playlist,2011,Ministry Of Sound,3151079,3:26
The Selecter,Out On The Streets,Example & DJ Wire Present The Playlist,2011,Ministry Of Sound,3151079,4:30
Mystery Jets,Young Love,Example & DJ Wire Present The Playlist,2011,Ministry Of Sound,3151079,3:22
White Lies (2),Bigger Than Us,Example & DJ Wire Present The Playlist,2011,Ministry Of Sound,3151079,4:43
Example,Won't Believe The Fools,Example & DJ Wire Present The Playlist,2011,Ministry Of Sound,3151079,4:50
Michael Jackson,Billie Jean,80s Groove Volume II,2011,Ministry Of Sound,3701350,4:53
Hot Streak,Body Work,80s Groove Volume II,2011,Ministry Of Sound,3701350,4:13
Pointer Sisters,Jump (For My Love),80s Groove Volume II,2011,Ministry Of Sound,3701350,4:25
Class Action,Weekend,80s Groove Volume II,2011,Ministry Of Sound,3701350,4:33
The Emotions,Best Of My Love,80s Groove Volume II,2011,Ministry Of Sound,3701350,3:37
Rodney Franklin,The Groove,80s Groove Volume II,2011,Ministry Of Sound,3701350,4:56
Luther Vandross,I Really Didn't Mean It,80s Groove Volume II,2011,Ministry Of Sound,3701350,4:28
The Jacksons,Shake Your Body (Down To The Ground),80s Groove Volume II,2011,Ministry Of Sound,3701350,3:45
"Earth, Wind & Fire",Boogie Wonderland,80s Groove Volume II,2011,Ministry Of Sound,3701350,4:48
Gladys Knight And The Pips,"Bourgie', Bourgie",80s Groove Volume II,2011,Ministry Of Sound,3701350,3:31
Thelma Houston,If You Feel It,80s Groove Volume II,2011,Ministry Of Sound,3701350,5:49
Viola Wills,Gonna Get Along Without You Now,80s Groove Volume II,2011,Ministry Of Sound,3701350,5:19
Aretha Franklin,Jump To It,80s Groove Volume II,2011,Ministry Of Sound,3701350,4:15
Sharon Brown,I Specialize In Love,80s Groove Volume II,2011,Ministry Of Sound,3701350,3:39
The O'Jays,Put Our Heads Together,80s Groove Volume II,2011,Ministry Of Sound,3701350,5:40
The Pasadenas,Tribute (Right On),80s Groove Volume II,2011,Ministry Of Sound,3701350,4:25
Terence Trent D'Arby,Sign Your Name,80s Groove Volume II,2011,Ministry Of Sound,3701350,4:34
"Earth, Wind & Fire",After The Love Has Gone,80s Groove Volume II,2011,Ministry Of Sound,3701350,3:55
Mai Tai,History,80s Groove Volume II,2011,Ministry Of Sound,3701350,3:49
Marvin Gaye,Turn On Some Music,80s Groove Volume II,2011,Ministry Of Sound,3701350,5:04
Teddy Pendergrass,Love T.K.O,80s Groove Volume II,2011,Ministry Of Sound,3701350,4:58
Champaign,How 'Bout Us,80s Groove Volume II,2011,Ministry Of Sound,3701350,3:20
Glen Goldsmith,Dreaming,80s Groove Volume II,2011,Ministry Of Sound,3701350,4:08
Billy Griffin,Hold Me Tighter In The Rain,80s Groove Volume II,2011,Ministry Of Sound,3701350,3:38
Charme (2),Georgy Porgy,80s Groove Volume II,2011,Ministry Of Sound,3701350,7:20
Heatwave,Always And Forever,80s Groove Volume II,2011,Ministry Of Sound,3701350,3:34
Billy Ocean,Suddenly,80s Groove Volume II,2011,Ministry Of Sound,3701350,3:51
Luther Vandross,Stop To Love,80s Groove Volume II,2011,Ministry Of Sound,3701350,4:21
The Isley Brothers,Summer Breeze,80s Groove Volume II,2011,Ministry Of Sound,3701350,3:07
Submotion Orchestra,All Yours (Jack Sparrow Mix),Wax Da Beach,2011,Ministry Of Sound,3109303,3:12
Marcel,Backstreet Blues,Wax Da Beach,2011,Ministry Of Sound,3109303,3:41
Nightmares On Wax,Soul Purpose,Wax Da Beach,2011,Ministry Of Sound,3109303,3:11
"Shirley Bassey, Nightmares On Wax",Easy Thing To Do (Nightmares On Wax Mix),Wax Da Beach,2011,Ministry Of Sound,3109303,5:17
Guts,Nightmare Of Paris,Wax Da Beach,2011,Ministry Of Sound,3109303,2:07
Andreya Triana,Lost Where I Belong,Wax Da Beach,2011,Ministry Of Sound,3109303,4:53
Loose Ends,A Little Spice,Wax Da Beach,2011,Ministry Of Sound,3109303,5:50
The Planty Herbs,Amoroso,Wax Da Beach,2011,Ministry Of Sound,3109303,7:07
Deadbeats,Heaven,Wax Da Beach,2011,Ministry Of Sound,3109303,4:36
Cloud Nine,Realgoneturniton,Wax Da Beach,2011,Ministry Of Sound,3109303,4:44
"Will I Am, Terry Dexter",Lay Me Down,Wax Da Beach,2011,Ministry Of Sound,3109303,4:00
"DJ Devastate, Segerfalk",Dont Stop,Wax Da Beach,2011,Ministry Of Sound,3109303,2:33
George Duke,Dukey Stick,Wax Da Beach,2011,Ministry Of Sound,3109303,6:40
Father's Children,Hollywood Dreaming,Wax Da Beach,2011,Ministry Of Sound,3109303,4:50
Phazed Groove,Soul Steppin',Wax Da Beach,2011,Ministry Of Sound,3109303,3:40
Erykah Badu,"Gone Baby, Don't Be Long",Wax Da Beach,2011,Ministry Of Sound,3109303,4:44
Sivuca,Ain't No Sunshine,Wax Da Beach,2011,Ministry Of Sound,3109303,5:10
"K'Bonus, J to the C",Dance Baby Dance,Wax Da Beach,2011,Ministry Of Sound,3109303,6:17
Amalia Townsend,All The Funk I Need (AtJazz Love Soul Remix),Wax Da Beach,2011,Ministry Of Sound,3109303,5:36
Negghead,Build It Up (Break It Down),Wax Da Beach,2011,Ministry Of Sound,3109303,4:45
DJ Center,Center's Groove,Wax Da Beach,2011,Ministry Of Sound,3109303,3:41
"Holland & Dozier, Lamont Dozier",Don’t Leave Me (Instrumental),Wax Da Beach,2011,Ministry Of Sound,3109303,3:06
Convertion,Let’s Do It,Wax Da Beach,2011,Ministry Of Sound,3109303,8:01
Jean Carn,Don’t Let It Go To Your Head,Wax Da Beach,2011,Ministry Of Sound,3109303,5:38
Gelka,Eau Rouge Pt. 1,Wax Da Beach,2011,Ministry Of Sound,3109303,5:11
"Larry Heard, Chad White",You Rock Me,Wax Da Beach,2011,Ministry Of Sound,3109303,6:13
George Michael,Fastlove (Part 1),90s Groove,2012,Ministry Of Sound,3641554,
Lisa Stansfield,All Around The World,90s Groove,2012,Ministry Of Sound,3641554,
Sade,No Ordinary Love,90s Groove,2012,Ministry Of Sound,3641554,
Des'ree,You Gotta Be,90s Groove,2012,Ministry Of Sound,3641554,
Arrested Development,Mr Wendal,90s Groove,2012,Ministry Of Sound,3641554,
Aswad,Shine (Beatmasters 7” Mix),90s Groove,2012,Ministry Of Sound,3641554,
"C + C Music Factory, Freedom Williams",Things That Make You Go Hmmmm....,90s Groove,2012,Ministry Of Sound,3641554,
Sabrina Johnston,Peace (In The Valley) (Brothers In Rhythm Mix),90s Groove,2012,Ministry Of Sound,3641554,
Sybil,When I'm Good And Ready,90s Groove,2012,Ministry Of Sound,3641554,
Degrees Of Motion,Shine On,90s Groove,2012,Ministry Of Sound,3641554,
Jay-Z,Hard Knock Life,90s Groove,2012,Ministry Of Sound,3641554,
"Coolio, 40 Thevz",C U When U Get There,90s Groove,2012,Ministry Of Sound,3641554,
Usher,You Make Me Wanna,90s Groove,2012,Ministry Of Sound,3641554,
En Vogue,Hold On,90s Groove,2012,Ministry Of Sound,3641554,
Michelle Gayle,Sweetness,90s Groove,2012,Ministry Of Sound,3641554,
Eternal (2),Just A Step From Heaven,90s Groove,2012,Ministry Of Sound,3641554,
Shola Ama,You're The One I Love,90s Groove,2012,Ministry Of Sound,3641554,
"Run-DMC, Jason Nevins",It's Like That (Drop The Break Radio Edit),90s Groove,2012,Ministry Of Sound,3641554,
"Fire Island, Mark Anthoni",If You Should Need A Friend,90s Groove,2012,Ministry Of Sound,3641554,
Gusto,Disco’s Revenge (UK Vocal Mix),90s Groove,2012,Ministry Of Sound,3641554,
"Masters At Work, India",To Be In Love (Full Intention Vocal Edit),90s Groove,2012,Ministry Of Sound,3641554,
Frankie Goes To Hollywood,Welcome To The Pleasuredome,Jaguar Skills & His Amazing Friends Vol 1,2012,Ministry Of Sound,3854146,
Delta Heavy,Get By (Delta 174 Mix),Jaguar Skills & His Amazing Friends Vol 1,2012,Ministry Of Sound,3854146,
"Crookers, Soulwax, Mixhell",We Love Animals,Jaguar Skills & His Amazing Friends Vol 1,2012,Ministry Of Sound,3854146,
Fresh,Arkanoid,Jaguar Skills & His Amazing Friends Vol 1,2012,Ministry Of Sound,3854146,
High Rankin,I Make Bass (Instrumental Mix),Jaguar Skills & His Amazing Friends Vol 1,2012,Ministry Of Sound,3854146,
"Feadz, Kito (5)",Wettex,Jaguar Skills & His Amazing Friends Vol 1,2012,Ministry Of Sound,3854146,
Tantrum Desire,Reach (Dubstep Tease),Jaguar Skills & His Amazing Friends Vol 1,2012,Ministry Of Sound,3854146,
DJ Q (3),Dibby Dibby Sound,Jaguar Skills & His Amazing Friends Vol 1,2012,Ministry Of Sound,3854146,
High Rankin,F*** You Virtual DJ (Acapella),Jaguar Skills & His Amazing Friends Vol 1,2012,Ministry Of Sound,3854146,
"DJ Muggs, Dizzee Rascal, Bambu (6)",Snap Ya Neck Back (Acapella),Jaguar Skills & His Amazing Friends Vol 1,2012,Ministry Of Sound,3854146,
601,Rage,Jaguar Skills & His Amazing Friends Vol 1,2012,Ministry Of Sound,3854146,
SLK (2),Hype! Hype! (Acapella),Jaguar Skills & His Amazing Friends Vol 1,2012,Ministry Of Sound,3854146,
Pixel Fist,Skanka,Jaguar Skills & His Amazing Friends Vol 1,2012,Ministry Of Sound,3854146,
Hadouken!,Bad Signal (The Prototypes Remix),Jaguar Skills & His Amazing Friends Vol 1,2012,Ministry Of Sound,3854146,
"Zeds Dead, Mavado",Undah Yuh Skirt,Jaguar Skills & His Amazing Friends Vol 1,2012,Ministry Of Sound,3854146,
"Camo & Krooked, T.C. (2)",Get Dirty (Smooth Remix),Jaguar Skills & His Amazing Friends Vol 1,2012,Ministry Of Sound,3854146,
Noisia,Tryhard,Jaguar Skills & His Amazing Friends Vol 1,2012,Ministry Of Sound,3854146,
"DJ Chuckie, GLOWINTHEDARK",Electro Dude,Jaguar Skills & His Amazing Friends Vol 1,2012,Ministry Of Sound,3854146,
AC Slater,Sidewinder,Jaguar Skills & His Amazing Friends Vol 1,2012,Ministry Of Sound,3854146,
"Jacob Plant, Majestic MC",Mosh Pit,Jaguar Skills & His Amazing Friends Vol 1,2012,Ministry Of Sound,3854146,
"Laidback Luke, DJ Chuckie, Martin Solveig",1234,Jaguar Skills & His Amazing Friends Vol 1,2012,Ministry Of Sound,3854146,
"Don Diablo, Example",Hooligans (Acapella),Jaguar Skills & His Amazing Friends Vol 1,2012,Ministry Of Sound,3854146,
Bassnectar,The Matrix (Andy C Remix),Jaguar Skills & His Amazing Friends Vol 1,2012,Ministry Of Sound,3854146,
RuN RiOT,London Riots,Jaguar Skills & His Amazing Friends Vol 1,2012,Ministry Of Sound,3854146,
T.C. (2),New Style,Jaguar Skills & His Amazing Friends Vol 1,2012,Ministry Of Sound,3854146,
Terravita,Freak Out,Jaguar Skills & His Amazing Friends Vol 1,2012,Ministry Of Sound,3854146,
Loadstar,Second Skin (Pixel Fist Acapella),Jaguar Skills & His Amazing Friends Vol 1,2012,Ministry Of Sound,3854146,
Example,Dirty Face (Acapella),Jaguar Skills & His Amazing Friends Vol 1,2012,Ministry Of Sound,3854146,
Daan,Housewife (KG & Erb-N-Dub Mix),Jaguar Skills & His Amazing Friends Vol 1,2012,Ministry Of Sound,3854146,
"Emalkay, Rod Azlan",Flesh & Bone (Delta Heavy Remix),Jaguar Skills & His Amazing Friends Vol 1,2012,Ministry Of Sound,3854146,
High Rankin,I Make Bass,Jaguar Skills & His Amazing Friends Vol 1,2012,Ministry Of Sound,3854146,
Loadstar,Passenger,Jaguar Skills & His Amazing Friends Vol 1,2012,Ministry Of Sound,3854146,
"Seven Lions, Shaz Sparks",Polarized,Jaguar Skills & His Amazing Friends Vol 1,2012,Ministry Of Sound,3854146,
Future Bound,Blind Cobblers Thumb (Tantrum Desire Remix),Jaguar Skills & His Amazing Friends Vol 1,2012,Ministry Of Sound,3854146,
"Virus Syndicate, Mark Instinct",Venom (Acapella),Jaguar Skills & His Amazing Friends Vol 1,2012,Ministry Of Sound,3854146,
"Yasmin (3), Shy FX, Ms. Dynamite",Light Up (The World) (MJ Cole Instrumental),Jaguar Skills & His Amazing Friends Vol 1,2012,Ministry Of Sound,3854146,
"Utah Saints, Drumsound & Simon ""Bassline"" Smith",What Can You Do For Me (Acapella),Jaguar Skills & His Amazing Friends Vol 1,2012,Ministry Of Sound,3854146,
Nneka,Shining Star (Joe Goddard Mix),Jaguar Skills & His Amazing Friends Vol 1,2012,Ministry Of Sound,3854146,
"Jaguar Skills, Urban Knights (3)",Steel Riddim,Jaguar Skills & His Amazing Friends Vol 1,2012,Ministry Of Sound,3854146,
Sterling Void,It's Alright (Hoxton Whores Mix),Jaguar Skills & His Amazing Friends Vol 1,2012,Ministry Of Sound,3854146,
Delta Heavy,End Of Days,Jaguar Skills & His Amazing Friends Vol 1,2012,Ministry Of Sound,3854146,
"Goldie, Natalie Duncan",Freedom,Jaguar Skills & His Amazing Friends Vol 1,2012,Ministry Of Sound,3854146,
Calvertron,Battleface,Jaguar Skills & His Amazing Friends Vol 1,2012,Ministry Of Sound,3854146,
Will Bailey,Interlude,Jaguar Skills & His Amazing Friends Vol 1,2012,Ministry Of Sound,3854146,
Calvertron,Subterrania,Jaguar Skills & His Amazing Friends Vol 1,2012,Ministry Of Sound,3854146,
Will Bailey,Eat My Lazer,Jaguar Skills & His Amazing Friends Vol 1,2012,Ministry Of Sound,3854146,
"Calvertron, Qalvr",Raw 2 Da Floor (Calvertron Mix),Jaguar Skills & His Amazing Friends Vol 1,2012,Ministry Of Sound,3854146,
B.R.E.E.D,Atomic Cafe,Jaguar Skills & His Amazing Friends Vol 1,2012,Ministry Of Sound,3854146,
"Calvertron, Messinian",Prototype,Jaguar Skills & His Amazing Friends Vol 1,2012,Ministry Of Sound,3854146,
"Calvertron, Lex One, Ill Phil (2)",The Freshness,Jaguar Skills & His Amazing Friends Vol 1,2012,Ministry Of Sound,3854146,
"Extra Curricular (2), Doorly",Last Day,Jaguar Skills & His Amazing Friends Vol 1,2012,Ministry Of Sound,3854146,
"Doorly, Laura McLure",Close Enough,Jaguar Skills & His Amazing Friends Vol 1,2012,Ministry Of Sound,3854146,
"Doorly, Soraya",Rush,Jaguar Skills & His Amazing Friends Vol 1,2012,Ministry Of Sound,3854146,
"Doorly, Reverend And The Makers",Skype @ Night,Jaguar Skills & His Amazing Friends Vol 1,2012,Ministry Of Sound,3854146,
"Doorly, Reverend And The Makers",Skype @ Night (Mak Remix),Jaguar Skills & His Amazing Friends Vol 1,2012,Ministry Of Sound,3854146,
"Beardyman, Doorly",Vampire Skank,Jaguar Skills & His Amazing Friends Vol 1,2012,Ministry Of Sound,3854146,
DJ@War,Hotbox,Jaguar Skills & His Amazing Friends Vol 1,2012,Ministry Of Sound,3854146,
"DJ@War, Dynamite MC",Pinball,Jaguar Skills & His Amazing Friends Vol 1,2012,Ministry Of Sound,3854146,
DJ@War,Reach,Jaguar Skills & His Amazing Friends Vol 1,2012,Ministry Of Sound,3854146,
"DJ@War, Pivotal (2)",Opus,Jaguar Skills & His Amazing Friends Vol 1,2012,Ministry Of Sound,3854146,
"DJ@War, Pivotal (2), Amat Amas Amo, Gaika, Murkage Dave",Prodigal Son,Jaguar Skills & His Amazing Friends Vol 1,2012,Ministry Of Sound,3854146,
DJ@War,Ha Ha,Jaguar Skills & His Amazing Friends Vol 1,2012,Ministry Of Sound,3854146,
"Tom Piper, DJ@War",Conamoure,Jaguar Skills & His Amazing Friends Vol 1,2012,Ministry Of Sound,3854146,
Murkage,Prismic,Jaguar Skills & His Amazing Friends Vol 1,2012,Ministry Of Sound,3854146,
Murkage,Torches (Star One Remix),Jaguar Skills & His Amazing Friends Vol 1,2012,Ministry Of Sound,3854146,
Murkage,The Door (Queenie Remix),Jaguar Skills & His Amazing Friends Vol 1,2012,Ministry Of Sound,3854146,
Murkage,In The Jungle (Wonky Ninja Remix),Jaguar Skills & His Amazing Friends Vol 1,2012,Ministry Of Sound,3854146,
Murkage,Paperweight,Jaguar Skills & His Amazing Friends Vol 1,2012,Ministry Of Sound,3854146,
Michael Jackson,Wanna Be Startin' Somethin',80s Groove Volume III,2012,Ministry Of Sound,3860987,
Lionel Richie,All Night Long (All Night),80s Groove Volume III,2012,Ministry Of Sound,3860987,
Alyson Williams,Sleep Talk,80s Groove Volume III,2012,Ministry Of Sound,3860987,
Donna Allen,Serious,80s Groove Volume III,2012,Ministry Of Sound,3860987,
Shakatak,Down On The Street,80s Groove Volume III,2012,Ministry Of Sound,3860987,
Change,Searching,80s Groove Volume III,2012,Ministry Of Sound,3860987,
George Benson,Never Give Up On A Good Thing,80s Groove Volume III,2012,Ministry Of Sound,3860987,
The Temptations,Treat Her Like A Lady,80s Groove Volume III,2012,Ministry Of Sound,3860987,
The S.O.S. Band,Just Be Good To Me,80s Groove Volume III,2012,Ministry Of Sound,3860987,
Rick James,Super Freak (Part 1),80s Groove Volume III,2012,Ministry Of Sound,3860987,
The Jacksons,Walk Right Now,80s Groove Volume III,2012,Ministry Of Sound,3860987,
D-Train,Music,80s Groove Volume III,2012,Ministry Of Sound,3860987,
Heatwave,Gangsters Of The Groove,80s Groove Volume III,2012,Ministry Of Sound,3860987,
Luther Vandross,So Amazing,80s Groove Volume III,2012,Ministry Of Sound,3860987,
Sade,The Sweetest Taboo,80s Groove Volume III,2012,Ministry Of Sound,3860987,
"Cherrelle, Alexander O'Neal",Saturday Love,80s Groove Volume III,2012,Ministry Of Sound,3860987,
Anita Baker,Sweet Love,80s Groove Volume III,2012,Ministry Of Sound,3860987,
Gladys Knight And The Pips,Taste Of Bitter Love,80s Groove Volume III,2012,Ministry Of Sound,3860987,
Jermaine Jackson,Do What You Do,80s Groove Volume III,2012,Ministry Of Sound,3860987,
Imagination,Music And Lights,80s Groove Volume III,2012,Ministry Of Sound,3860987,
Hi-Gloss,You'll Never Know,80s Groove Volume III,2012,Ministry Of Sound,3860987,
Skipworth & Turner,Thinking About Your Love,80s Groove Volume III,2012,Ministry Of Sound,3860987,
Sharon Redd,Never Give You Up,80s Groove Volume III,2012,Ministry Of Sound,3860987,
The Pasadenas,Riding On A Train,80s Groove Volume III,2012,Ministry Of Sound,3860987,
Billy Ocean,"Get Outta My Dreams, Get Into My Car",80s Groove Volume III,2012,Ministry Of Sound,3860987,
DeBarge,Rhythm Of The Night,80s Groove Volume III,2012,Ministry Of Sound,3860987,
"David Guetta, Nicky Romero",Metropolis,DJ Mag Top 100 DJs,2012,Ministry Of Sound,4213038,4:59
Deadmau5,Ghosts N Stuff,DJ Mag Top 100 DJs,2012,Ministry Of Sound,4213038,3:22
Hardwell,Three Triangles,DJ Mag Top 100 DJs,2012,Ministry Of Sound,4213038,4:00
"Eric Prydz, Andreas Postl",Mighty Love (Instrumental),DJ Mag Top 100 DJs,2012,Ministry Of Sound,4213038,3:44
"Axwell, Errol Reid",Nothing But Love (Remode),DJ Mag Top 100 DJs,2012,Ministry Of Sound,4213038,5:31
Eddie Halliwell,Neon,DJ Mag Top 100 DJs,2012,Ministry Of Sound,4213038,3:46
"Armin van Buuren, Ana Criado",Suddenly Summer,DJ Mag Top 100 DJs,2012,Ministry Of Sound,4213038,4:48
"Dash Berlin, Jonathan Mendelsohn",World Falls Apart,DJ Mag Top 100 DJs,2012,Ministry Of Sound,4213038,3:52
"Above & Beyond, Richard Bedford",On My Way To Heaven (Above & Beyond Club Mix),DJ Mag Top 100 DJs,2012,Ministry Of Sound,4213038,3:23
Gareth Emery,Tokyo,DJ Mag Top 100 DJs,2012,Ministry Of Sound,4213038,3:38
"Lange, Stine Grove",Crossroads,DJ Mag Top 100 DJs,2012,Ministry Of Sound,4213038,5:06
Cosmic Gate,The Theme,DJ Mag Top 100 DJs,2012,Ministry Of Sound,4213038,3:30
Arty (2),Open Space,DJ Mag Top 100 DJs,2012,Ministry Of Sound,4213038,4:00
"Mat Zo, Linnea Schössow",The Sky (Extended Mix),DJ Mag Top 100 DJs,2012,Ministry Of Sound,4213038,4:50
"Moonbeam, Leusin",Daydream,DJ Mag Top 100 DJs,2012,Ministry Of Sound,4213038,2:47
"Richard Durand, Bobina",Last Train To Moscow,DJ Mag Top 100 DJs,2012,Ministry Of Sound,4213038,3:26
Matt Darey,Hold On,DJ Mag Top 100 DJs,2012,Ministry Of Sound,4213038,3:16
"Tritonal, Fisher (2)",Slave,DJ Mag Top 100 DJs,2012,Ministry Of Sound,4213038,4:04
"Aly & Fila, Jwaydan",Coming Home,DJ Mag Top 100 DJs,2012,Ministry Of Sound,4213038,6:27
Super8 & Tab,Awakenings,DJ Mag Top 100 DJs,2012,Ministry Of Sound,4213038,3:07
Ørjan Nilsen,Legions,DJ Mag Top 100 DJs,2012,Ministry Of Sound,4213038,3:52
W&W,Shotgun,DJ Mag Top 100 DJs,2012,Ministry Of Sound,4213038,3:56
Kyau & Albert,Made Of Sun (Stoneface & Terminal Remix),DJ Mag Top 100 DJs,2012,Ministry Of Sound,4213038,3:31
Mason,Animat,Headliners,2012,Ministry Of Sound,4017714,4:18
Umek,It's Simple But It Works Like Fcuk,Headliners,2012,Ministry Of Sound,4017714,2:45
"Olav Basoski, Kookie (3)",U R My High,Headliners,2012,Ministry Of Sound,4017714,4:15
Cryogenix,Fire Like This (Daddy's Groove Re-Beats),Headliners,2012,Ministry Of Sound,4017714,3:52
Rune,Teacup,Headliners,2012,Ministry Of Sound,4017714,5:14
Alvaro (9),Voodoo People,Headliners,2012,Ministry Of Sound,4017714,5:34
Martin Garrix,Keygen,Headliners,2012,Ministry Of Sound,4017714,4:22
Carl Tricks,Exterminate,Headliners,2012,Ministry Of Sound,4017714,3:53
Saint Liz,Utopia,Headliners,2012,Ministry Of Sound,4017714,5:00
Inpetto,Shhhh! (Sander van Doorn Edit),Headliners,2012,Ministry Of Sound,4017714,3:52
Koen Groeneveld,Superjet,Headliners,2012,Ministry Of Sound,4017714,3:29
Sander van Doorn,PCM,Headliners,2012,Ministry Of Sound,4017714,4:15
Hard Rock Sofa,Kaleidoscope,Headliners,2012,Ministry Of Sound,4017714,3:52
"Masters At Work, India",To Be In Love (Full Intention Vocal),XX Volume 2,2012,Ministry Of Sound,4305240,
Wildchild,Renegade Master,XX Volume 2,2012,Ministry Of Sound,4305240,
Lisa Marie Experience,Keep On Jumpin' (Bizarre Inc Mix),XX Volume 2,2012,Ministry Of Sound,4305240,
"Bobby D'Ambrosio, Michelle Weeks",Moment Of My Life,XX Volume 2,2012,Ministry Of Sound,4305240,
Barbara Tucker,Beautiful People,XX Volume 2,2012,Ministry Of Sound,4305240,
Nuyorican Soul,Runaway (Mongoloids In Space),XX Volume 2,2012,Ministry Of Sound,4305240,
Rosie Gaines,Closer Than Close (Mentor Club Mix),XX Volume 2,2012,Ministry Of Sound,4305240,
Kristine Blond,Love Shy (Tuff Jam Mix),XX Volume 2,2012,Ministry Of Sound,4305240,
Kim English,Nite Life (The Armand Van Helden Remix),XX Volume 2,2012,Ministry Of Sound,4305240,
Zack Toms,Bring Me Down (Stanton Warriors Remix),XX Volume 2,2012,Ministry Of Sound,4305240,
M Dubs,Bump 'N' Grind,XX Volume 2,2012,Ministry Of Sound,4305240,
Kosheen,Hide U (John Creamer & Stephane K Remix Radio Edit),XX Volume 2,2012,Ministry Of Sound,4305240,
PNAU,Solid Ground (Hackman Remix),XX Volume 2,2012,Ministry Of Sound,4305240,
Satsuma,Manua Kea,Club.,2010,Ministry Of Sound,2143720,2:27
"Homero Espinosa, DJ Denise",U Wanna,Club.,2010,Ministry Of Sound,2143720,2:52
André Lodemann,Where Are You Now,Club.,2010,Ministry Of Sound,2143720,0:58
SOS (6),Changing Your Mind (Dub Club Instrumental),Club.,2010,Ministry Of Sound,2143720,3:54
Stereofunk (2),Folksong,Club.,2010,Ministry Of Sound,2143720,3:54
Worthy & Yankee Zulu,Concumbia (No Vox Edit),Club.,2010,Ministry Of Sound,2143720,1:02
DJ Sprinkles,Grand Central (Part 1) (MCDE Bassline Dub),Club.,2010,Ministry Of Sound,2143720,1:02
Silver City,Pendulo (Pete Herbert Edit),Club.,2010,Ministry Of Sound,2143720,2:44
Pat Legato,Time Is Running Out,Club.,2010,Ministry Of Sound,2143720,3:17
"Alex Gomez, Bias (3)",Pitch Noise,Club.,2010,Ministry Of Sound,2143720,1:28
Bushwacka!,Show Of Hands,Club.,2010,Ministry Of Sound,2143720,3:11
Lissat & Voltaxx,Sunrise Over Mali (D-Nox & Beckers Remix),Club.,2010,Ministry Of Sound,2143720,2:32
Audio Soul Project,Reality Check (Vincenzo Remix),Club.,2010,Ministry Of Sound,2143720,1:57
Seulo,Overcast,Club.,2010,Ministry Of Sound,2143720,2:00
"Glimpse, Jay Shepheard",Colours,Club.,2010,Ministry Of Sound,2143720,3:54
Omid '16B' Nourizadeh,Sequential 003 (Epic Instrumental Dub),Club.,2010,Ministry Of Sound,2143720,4:27
Scope (12),It's The Funk,Club.,2010,Ministry Of Sound,2143720,4:56
Okain,Where Is Monday,Club.,2010,Ministry Of Sound,2143720,2:51
Hardrive,Deep Inside (Acappella),Club.,2010,Ministry Of Sound,2143720,2:59
"Luca Guerrieri, Stefano Scalzi (2)",Sunshine,Club.,2010,Ministry Of Sound,2143720,2:36
Luther Miek,Shakin' Music,Club.,2010,Ministry Of Sound,2143720,2:04
"Alex Whitcombe, Simon Duffy",Abacus,Club.,2010,Ministry Of Sound,2143720,1:41
Christopher Groove,B.O.W.,Club.,2010,Ministry Of Sound,2143720,2:52
Blacktron,Emergency Exit,Club.,2010,Ministry Of Sound,2143720,2:59
Albin Myers,Times Like These (Dub Mix),Club.,2010,Ministry Of Sound,2143720,6:20
SOS (6),Patient Release,Club.,2010,Ministry Of Sound,2143720,3:36
Omid '16B' Nourizadeh,Can't Deny The Three,Club.,2010,Ministry Of Sound,2143720,5:40
Omid '16B' Nourizadeh,Lilly And Poppy,Club.,2010,Ministry Of Sound,2143720,7:35
"Da Billa, Omid '16B' Nourizadeh",After All These Years (Dub),Club.,2010,Ministry Of Sound,2143720,4:42
SOS (6),Best Things In A Very Short Time,Club.,2010,Ministry Of Sound,2143720,4:40
Barnabun,For My Love,Club.,2010,Ministry Of Sound,2143720,2:23
Omid '16B' Nourizadeh,We Always Meet Again,Club.,2010,Ministry Of Sound,2143720,3:48
Latenta Project,Beach Combers (SOS Edit),Club.,2010,Ministry Of Sound,2143720,3:27
Omid '16B' Nourizadeh,Sequential 002 (Same As You Saxophone Reprise Dub),Club.,2010,Ministry Of Sound,2143720,8:00
Wainscott,Keys 2 My House,Club.,2010,Ministry Of Sound,2143720,2:56
"Renato Cohen, Technasia",Acida,Club.,2010,Ministry Of Sound,2143720,2:20
Darkpunk,A.L.E.C.H.A.O.S,Club.,2010,Ministry Of Sound,2143720,1:56
Michael Woods,Front Line,Ministry Of Sound Club: Residents Michael Woods,2011,Ministry Of Sound,3178654,
Michael Woods,What's What,Ministry Of Sound Club: Residents Michael Woods,2011,Ministry Of Sound,3178654,
"Ginuwine, Timbaland, Missy Elliott",Get Involved (Michael Woods Dub Mix),Ministry Of Sound Club: Residents Michael Woods,2011,Ministry Of Sound,3178654,
Michael Woods,Burned You Away,Ministry Of Sound Club: Residents Michael Woods,2011,Ministry Of Sound,3178654,
Michael Woods,Midnight Run,Ministry Of Sound Club: Residents Michael Woods,2011,Ministry Of Sound,3178654,
"Martin Solveig, Dragonette",Hello (Michael Woods Remix),Ministry Of Sound Club: Residents Michael Woods,2011,Ministry Of Sound,3178654,
"Chris Lake, Michael Woods",Domino's,Ministry Of Sound Club: Residents Michael Woods,2011,Ministry Of Sound,3178654,
Michael Woods,Nitro,Ministry Of Sound Club: Residents Michael Woods,2011,Ministry Of Sound,3178654,
Michael Woods,Dropzone (2010 Remix),Ministry Of Sound Club: Residents Michael Woods,2011,Ministry Of Sound,3178654,
Moguai,Oyster (Michael Woods Remix),Ministry Of Sound Club: Residents Michael Woods,2011,Ministry Of Sound,3178654,
La Roux,In For The Kill (Michael Woods Remix),Ministry Of Sound Club: Residents Michael Woods,2011,Ministry Of Sound,3178654,
Michael Woods,Front Line (Original Mix),Ministry Of Sound Club: Residents Michael Woods,2011,Ministry Of Sound,2898520,6:38
Michael Woods,First Aid (Original Mix),Ministry Of Sound Club: Residents Michael Woods,2011,Ministry Of Sound,2898520,6:11
Michael Woods,What's What (Original Mix),Ministry Of Sound Club: Residents Michael Woods,2011,Ministry Of Sound,2898520,7:09
Michael Woods,VMS (Original Mix),Ministry Of Sound Club: Residents Michael Woods,2011,Ministry Of Sound,2898520,6:44
Michael Woods,Burned You Away (Original Mix),Ministry Of Sound Club: Residents Michael Woods,2011,Ministry Of Sound,2898520,6:59
Michael Woods,Midnight Run (Original Mix),Ministry Of Sound Club: Residents Michael Woods,2011,Ministry Of Sound,2898520,7:53
"Chris Lake, Michael Woods",Domino's (Original Mix),Ministry Of Sound Club: Residents Michael Woods,2011,Ministry Of Sound,2898520,8:42
Michael Woods,Nitro (Original Mix),Ministry Of Sound Club: Residents Michael Woods,2011,Ministry Of Sound,2898520,7:09
Michael Woods,Dynamik (Original Mix),Ministry Of Sound Club: Residents Michael Woods,2011,Ministry Of Sound,2898520,7:02
"Mark Knight, Michael Woods",Banger (Original Mix),Ministry Of Sound Club: Residents Michael Woods,2011,Ministry Of Sound,2898520,9:45
Clashback,Outset (Michael Woods Remix),Ministry Of Sound Club: Residents Michael Woods,2011,Ministry Of Sound,2898520,7:10
Michael Woods,Ministry Of Sound Club: Residents Michael Woods (DJ Mix),Ministry Of Sound Club: Residents Michael Woods,2011,Ministry Of Sound,2898520,75:09
Black Strobe,Paris Acid City (Original Mix),Sound Of The City - Paris,2011,Ministry Of Sound,2898546,7:05
Home & Garden,A Tribute To Paranoia (Tim Shumaker Mix),Sound Of The City - Paris,2011,Ministry Of Sound,2898546,7:15
Johnny Dangerous,Dear Father In Heaven (Repercussion Mix Edit),Sound Of The City - Paris,2011,Ministry Of Sound,2898546,3:31
BT,Remember (Mood II Swing Dub),Sound Of The City - Paris,2011,Ministry Of Sound,2898546,6:19
Billy Sprockets,Dancefloor 101 (Edit),Sound Of The City - Paris,2011,Ministry Of Sound,2898546,3:14
Nightsource,To Be Free (Original Mix),Sound Of The City - Paris,2011,Ministry Of Sound,2898546,6:23
Soldiers Of Twilight,Mainfloor (Original Mix),Sound Of The City - Paris,2011,Ministry Of Sound,2898546,8:20
Soha,Eve (Original Mix),Sound Of The City - Paris,2011,Ministry Of Sound,2898546,7:07
Didier Sinclair,Funky Taste (Original Mix),Sound Of The City - Paris,2011,Ministry Of Sound,2898546,6:27
Lance DeSardi,Rememberance (Original Mix),Sound Of The City - Paris,2011,Ministry Of Sound,2898546,7:26
"Jovonn, DJ Deep",Back In The Dark (Edit),Sound Of The City - Paris,2011,Ministry Of Sound,2898546,5:08
"Mustafa, Natalia",Circles (The Master Mix),Sound Of The City - Paris,2011,Ministry Of Sound,2898546,3:19
Audio Clash,Live And Die (Wild Pitch Mix),Sound Of The City - Paris,2011,Ministry Of Sound,2898546,9:26
"Layo & Bushwacka!, Robert Owens",Low Life (Love From San Francisco Remix),Sound Of The City - Paris,2011,Ministry Of Sound,2898546,7:33
"Chris Carrier, Warrio Deangeli, Guillaume Berard",Encense's Road (Original Mix),Sound Of The City - Paris,2011,Ministry Of Sound,2898546,8:46
Boo Williams,Mars,Sound Of The City - Paris,2011,Ministry Of Sound,2898546,5:59
Gemini,Where Do I Go (1997 Mix),Sound Of The City - Paris,2011,Ministry Of Sound,2898546,6:07
Children Of Planet Earth,You Are The Future (Guiro Remix),Sound Of The City - Paris,2011,Ministry Of Sound,2898546,7:18
Krikor Kouchian,Sometimes Sweet Susan (Original Mix),Sound Of The City - Paris,2011,Ministry Of Sound,2898546,7:37
The Persuader,"What Is The Time, Mr Templar (Original Mix)",Sound Of The City - Paris,2011,Ministry Of Sound,2898546,5:13
Phil Weeks,It Put Me Well (Fred Everything Remix),Sound Of The City - Paris,2011,Ministry Of Sound,2898546,7:31
D Grinders,Koka (Original Mix),Sound Of The City - Paris,2011,Ministry Of Sound,2898546,4:56
"Phil Weeks, Dan Ghenacia",First Step (Original Mix),Sound Of The City - Paris,2011,Ministry Of Sound,2898546,6:30
DJ Bertrand,Fuckin' Filter (Ivan's Cube Cleaning Dub),Sound Of The City - Paris,2011,Ministry Of Sound,2898546,6:54
Crispin J. Glover,The Beat Goes On (Original Mix),Sound Of The City - Paris,2011,Ministry Of Sound,2898546,7:19
"Llorca, Lady Bird",My Precious Thing (Llorca Old Skool Mix),Sound Of The City - Paris,2011,Ministry Of Sound,2898546,3:22
Touloulou,Theme Of Guts (The Rug's Underground Club Mix),Sound Of The City - Paris,2011,Ministry Of Sound,2898546,6:24
"Cassio Ware, The OG's, Chip E.",I Wanna See You Freak (Like Dis) (Kenny Dope Remix Edit),Sound Of The City - Paris,2011,Ministry Of Sound,2898546,5:12
Dan Ghenacia,Dan Ghenacia's Sound Of The City - Paris (Mix 1),Sound Of The City - Paris,2011,Ministry Of Sound,2898546,77:53
Dan Ghenacia,Dan Ghenacia's Sound Of The City - Paris (Mix 2),Sound Of The City - Paris,2011,Ministry Of Sound,2898546,74:46
"David Morales, The Face (3), Juliet Rogers",Needin' U (2001 Main Anthem Mix),XX Twenty Years,2011,Ministry Of Sound,3461356,3:18
"The Todd Terry Project, Class Action",Weekend (Wam Bam Mix),XX Twenty Years,2011,Ministry Of Sound,3461356,5:47
Tori Amos,Professional Widow (Armand's Star Trunk Funk Mix),XX Twenty Years,2011,Ministry Of Sound,3461356,8:06
"Somore, Damon Trueitt",I Refuse (What You Want) (Industry Standard Remix),XX Twenty Years,2011,Ministry Of Sound,3461356,6:48
Danny J Lewis,Spend The Night (H-Man Mix),XX Twenty Years,2011,Ministry Of Sound,3461356,7:14
"Scott Garcia, MC Styles",It’s A London Thing,XX Twenty Years,2011,Ministry Of Sound,3461356,3:51
Dreem Teem,The Theme,XX Twenty Years,2011,Ministry Of Sound,3461356,5:27
Agnelli & Nelson,Everyday (Alex Gold 2002 12” Inst),XX Twenty Years,2011,Ministry Of Sound,3461356,7:30
Various,XX Twenty Years Rulin Mix,XX Twenty Years,2011,Ministry Of Sound,3461356,79:08
Various,XX Twenty Years Smoove Mix,XX Twenty Years,2011,Ministry Of Sound,3461356,77:36
Various,XX Twenty Years Trance Nation Mix,XX Twenty Years,2011,Ministry Of Sound,3461356,79:08
Various,XX Twenty Years Chillout Session Mix,XX Twenty Years,2011,Ministry Of Sound,3461356,75:21
Jessie Ware,Running,Future Bass,2012,Ministry Of Sound,5299836,5:17
Disclosure (3),Control,Future Bass,2012,Ministry Of Sound,5299836,4:49
Maya Jane Coles,Not Listening,Future Bass,2012,Ministry Of Sound,5299836,6:31
"Drumsound & Simon ""Bassline"" Smith",Through The Night,Future Bass,2012,Ministry Of Sound,5299836,6:07
Fur Coat,Space Ballad,Future Bass,2012,Ministry Of Sound,5299836,6:06
Mosca (2),Accidentally,Future Bass,2012,Ministry Of Sound,5299836,6:45
Bwana (2),Baby Let Me Finish,Future Bass,2012,Ministry Of Sound,5299836,5:49
George Fitzgerald,Child,Future Bass,2012,Ministry Of Sound,5299836,6:36
Broken Youth,Dreamer,Future Bass,2012,Ministry Of Sound,5299836,5:20
Hostage (4),Creep,Future Bass,2012,Ministry Of Sound,5299836,4:20
Pusherman (3),Still Feel,Future Bass,2012,Ministry Of Sound,5299836,5:56
Mosca (2),Eva Mendes,Future Bass,2012,Ministry Of Sound,5299836,6:10
Jacques Greene,Arrow,Future Bass,2012,Ministry Of Sound,5299836,9:00
Maribou State,The Look,Future Bass,2012,Ministry Of Sound,5299836,4:15
Slap In The Bass,Tapa,Future Bass,2012,Ministry Of Sound,5299836,4:08
Porter Robinson,Language (Extended Mix),Headliners,2012,Ministry Of Sound,5266969,6:08
"Sander van Doorn, Mayaeni",Nothing Inside (Extended Mix),Headliners,2012,Ministry Of Sound,5266969,5:08
"Nicky Romero, ZROQ",WTF!? (Edit),Headliners,2012,Ministry Of Sound,5266969,2:35
Inpetto,Shhhh! (Sander van Doorn Edited Edit),Headliners,2012,Ministry Of Sound,5266969,2:24
Sander van Doorn,PCM (Edit),Headliners,2012,Ministry Of Sound,5266969,2:56
Various,Headliners (Continuous DJ Mix 1),Headliners,2012,Ministry Of Sound,5266969,72:59
Various,Headliners (Continuous DJ Mix 2),Headliners,2012,Ministry Of Sound,5266969,62:16
Various,XX Twenty Years Vol.2 Rulin Mix (Continuous DJ Mix),XX Volume 2,2012,Ministry Of Sound,4659823,79:11
Various,XX Twenty Years Vol.2 Smoove Mix (Continuous DJ Mix),XX Volume 2,2012,Ministry Of Sound,4659823,78:58
Various,XX Twenty Years Vol.2 Trance Nation Mix (Continuous DJ Mix),XX Volume 2,2012,Ministry Of Sound,4659823,79:07
Various,XX Twenty Years Vol.2 Chillout Session Mix (Continuous DJ Mix),XX Volume 2,2012,Ministry Of Sound,4659823,77:49
Hoxton Whores,Friday Saturday Love (Instrumental),Nightlife,2008,Ministry Of Sound,3000566,4:30
Enur,Calabria 2007 (Hoxton Whores Remix),Nightlife 2,2008,Ministry Of Sound,4939846,
7th Heaven,Aint Nothin' Goin' On But The Rent (Fonzerelli Club Mix),Nightlife 2,2008,Ministry Of Sound,4939846,
Johnny Crockett,Theme From Shout (Hi-Tack Mix),Nightlife 2,2008,Ministry Of Sound,4939846,
Booka Shade,Trespass,Kink Vol. 2,2006,Ministry Of Sound,957411,5:26
Leopold Gregori,Renaissance,Kink Vol. 2,2006,Ministry Of Sound,957411,4:24
Etienne De Crécy,Fuck,Kink Vol. 2,2006,Ministry Of Sound,957411,3:45
Teamsters,Feels Like Love (King Unique Mix),Kink Vol. 2,2006,Ministry Of Sound,957411,4:22
Malente,Killer Applikation (Aston Shuffle Badonkadonk Remix),Kink Vol. 2,2006,Ministry Of Sound,957411,4:50
"Sugiurumn, Miyuki Hatakeyama",Star Baby (Axwell Mix),Kink Vol. 2,2006,Ministry Of Sound,957411,3:45
Björn Mandry,Phantom,Kink Vol. 2,2006,Ministry Of Sound,957411,5:14
Audiojack,Robot,Kink Vol. 2,2006,Ministry Of Sound,957411,2:46
"Damon Jee, Olivier Giacomotto",Walking On The Moog,Kink Vol. 2,2006,Ministry Of Sound,957411,4:43
WhoMadeWho,Out The Door (Superdiscount Remix),Kink Vol. 2,2006,Ministry Of Sound,957411,5:04
Fedde Le Grand,Put Your Hands Up For Detroit (DJ Delicious & Till West Mix),Kink Vol. 2,2006,Ministry Of Sound,957411,4:49
"Carlitto, Chonzales",Mood,Kink Vol. 2,2006,Ministry Of Sound,957411,7:05
"Guy J, Sahar Zangilevich",Hazui (Gui Boratto Remix),Kink Vol. 2,2006,Ministry Of Sound,957411,5:27
Phonique,What I Play,Kink Vol. 2,2006,Ministry Of Sound,957411,4:55
T. Time,Mama Ti,Kink Vol. 2,2006,Ministry Of Sound,957411,5:12
"Rodamaal, Cláudia Franco",Insomnia (Âme Remix),Kink Vol. 2,2006,Ministry Of Sound,957411,7:40
Loco Dice,Flight LB 7475,Kink Vol. 2,2006,Ministry Of Sound,957411,4:51
Stephan Bodzin,Silhouette,Kink Vol. 2,2006,Ministry Of Sound,957411,4:22
Gavin Herlihy,Machine Ate My Homework,Kink Vol. 2,2006,Ministry Of Sound,957411,6:06
Nick Holder,Erotic Illusions (TTR Mix By Steve Bug & Martin Landsky),Kink Vol. 2,2006,Ministry Of Sound,957411,5:48
Radio Slave,Secret Base,Kink Vol. 2,2006,Ministry Of Sound,957411,4:22
Sharam Jey,When The Dogs Bite (Loulou Players Remix),Kink Vol. 2,2006,Ministry Of Sound,957411,4:28
Klee,Für Immer,Zwischen Himmel Und Erde - Limited Deluxe Edition,2006,Ministry Of Sound,1716743,
Klee,Die Stadt,Zwischen Himmel Und Erde - Limited Deluxe Edition,2006,Ministry Of Sound,1716743,
Klee,Nicht Ein Wort,Zwischen Himmel Und Erde - Limited Deluxe Edition,2006,Ministry Of Sound,1716743,
Klee,Dieser Fehler,Zwischen Himmel Und Erde - Limited Deluxe Edition,2006,Ministry Of Sound,1716743,
Klee,Zu Anderen Ufern,Zwischen Himmel Und Erde - Limited Deluxe Edition,2006,Ministry Of Sound,1716743,
Klee,Unsere Liebe,Zwischen Himmel Und Erde - Limited Deluxe Edition,2006,Ministry Of Sound,1716743,
Klee,Mit Deinen Augen,Zwischen Himmel Und Erde - Limited Deluxe Edition,2006,Ministry Of Sound,1716743,
Klee,Liebe Mich Leben,Zwischen Himmel Und Erde - Limited Deluxe Edition,2006,Ministry Of Sound,1716743,
Klee,Ich Vermiss Dich,Zwischen Himmel Und Erde - Limited Deluxe Edition,2006,Ministry Of Sound,1716743,
Klee,Der Größte Moment,Zwischen Himmel Und Erde - Limited Deluxe Edition,2006,Ministry Of Sound,1716743,
Klee,Bis An Den Rand Der Klippen,Zwischen Himmel Und Erde - Limited Deluxe Edition,2006,Ministry Of Sound,1716743,
Klee,Am Ende Der Liebe,Zwischen Himmel Und Erde - Limited Deluxe Edition,2006,Ministry Of Sound,1716743,
Klee,Tausendfach,Zwischen Himmel Und Erde - Limited Deluxe Edition,2006,Ministry Of Sound,1716743,
Klee,Unsinkbar,Zwischen Himmel Und Erde - Limited Deluxe Edition,2006,Ministry Of Sound,1716743,
Klee,Gold,Zwischen Himmel Und Erde - Limited Deluxe Edition,2006,Ministry Of Sound,1716743,
Klee,Für Alle Die,Zwischen Himmel Und Erde - Limited Deluxe Edition,2006,Ministry Of Sound,1716743,
Klee,Der Grösste Moment,Zwischen Himmel Und Erde - Limited Deluxe Edition,2006,Ministry Of Sound,1716743,
Picco,Back To Hawaii (Elektro Radio Edit),Back To Hawaii,2006,Ministry Of Sound,1726230,3:20
Picco,Back To Hawaii (Funky Radio Edit),Back To Hawaii,2006,Ministry Of Sound,1726230,3:18
Picco,Back To Hawaii (Elektro Club Mix),Back To Hawaii,2006,Ministry Of Sound,1726230,5:48
Picco,Back To Hawaii (Funky Club Mix),Back To Hawaii,2006,Ministry Of Sound,1726230,5:51
Tigerskin,Carlos Thoughts,Sound Of Berlin 8,2010,Ministry Of Sound,2831847,7:38
"Chopstick & Johnjon, Fritz Kalkbrenner",Keep On Keepin' On,Sound Of Berlin 8,2010,Ministry Of Sound,2831847,8:01
Daniel Nitsch,Room To Room (Wareika Remix),Sound Of Berlin 8,2010,Ministry Of Sound,2831847,12:11
Gunnar Stiller,Manaus Madness,Sound Of Berlin 8,2010,Ministry Of Sound,2831847,6:57
"Andreas Henneberg, Simon²",Taiga Wutz,Sound Of Berlin 8,2010,Ministry Of Sound,2831847,7:12
Der Dritte Raum,Rosa Rausch,Sound Of Berlin 8,2010,Ministry Of Sound,2831847,6:02
Phil Kieran,Blood Of Barcelona,Sound Of Berlin 8,2010,Ministry Of Sound,2831847,6:51
Alfred Heinrichs,I Don't Know (Sascha Braemer Remix),Sound Of Berlin 8,2010,Ministry Of Sound,2831847,7:07
Luna City Express,Mr. Jack (Catz 'N Dogz Remix),Sound Of Berlin 8,2010,Ministry Of Sound,2831847,5:38
Solomun,Sisi,Sound Of Berlin 8,2010,Ministry Of Sound,2831847,9:21
"DJ Derezon, Jason Caesar, Caramel (21), Natasha (21)",Let U Go (Rock Wit U) (Niels von Geyer & Derezon Dub Mix),Sound Of Berlin 8,2010,Ministry Of Sound,2831847,5:31
Channel X (2),We Love The X (Original Version),Sound Of Berlin 8,2010,Ministry Of Sound,2831847,6:19
Daniel Steinberg,Crisp It,Sound Of Berlin 8,2010,Ministry Of Sound,2831847,6:45
Miss Jools,Don't Know You,Sound Of Berlin 8,2010,Ministry Of Sound,2831847,6:34
Sebrok & Tassilo,Feel It,Sound Of Berlin 8,2010,Ministry Of Sound,2831847,8:52
Toktok,12:34 PM (Smash TV Remix),Sound Of Berlin 8,2010,Ministry Of Sound,2831847,6:48
"Aka Aka, Umami (4)",Ich & Du (Original Version),Sound Of Berlin 8,2010,Ministry Of Sound,2831847,7:33
Niko Schwind,Midnightfunk (Original Version),Sound Of Berlin 8,2010,Ministry Of Sound,2831847,8:09
Here Today (2),Satisfy (Mujava's Tantric Mix),Sound Of Berlin 8,2010,Ministry Of Sound,2831847,5:52
Fritz Kalkbrenner,Philadelphia,Sound Of Berlin 7,2010,Ministry Of Sound,3100721,7:10
Miss Jools,Pixie In The Fridge (Carrier Remix),Sound Of Berlin 7,2010,Ministry Of Sound,3100721,6:27
Mikroboy,Vom Leben Und Verstehen (Seelenluft Remix) (Dub Mix),Sound Of Berlin 7,2010,Ministry Of Sound,3100721,5:06
Chopstick & Johnjon,Infidelity,Sound Of Berlin 7,2010,Ministry Of Sound,3100721,6:57
Dapayk Solo,This Is The... (Orginal Version),Sound Of Berlin 7,2010,Ministry Of Sound,3100721,8:05
Gunnar Stiller,Chelios,Sound Of Berlin 7,2010,Ministry Of Sound,3100721,7:39
Marquez Ill,Komma Klar,Sound Of Berlin 7,2010,Ministry Of Sound,3100721,7:14
Jakob Hildenbrand,Ground N Pound,Sound Of Berlin 7,2010,Ministry Of Sound,3100721,7:08
Nadja Lind,Pancake,Sound Of Berlin 7,2010,Ministry Of Sound,3100721,6:09
Deepchild,Death Panel My Ass Ms Palin,Sound Of Berlin 7,2010,Ministry Of Sound,3100721,6:55
Klartraum,Yipyipyip,Sound Of Berlin 7,2010,Ministry Of Sound,3100721,6:55
Monoblock (2),Shouting Nonsense Out The Window,Sound Of Berlin 7,2010,Ministry Of Sound,3100721,6:58
andhim,Quetschkommode,Sound Of Berlin 7,2010,Ministry Of Sound,3100721,6:28
"Marcel Knopf, Camara (3)",Crazy About,Sound Of Berlin 7,2010,Ministry Of Sound,3100721,7:16
Mario Aureo,Sliding Years,Sound Of Berlin 7,2010,Ministry Of Sound,3100721,8:35
"James Flavour, Sasse",Who's In The House (Yosa Remix),Sound Of Berlin 7,2010,Ministry Of Sound,3100721,7:45
Niko Schwind,Hangover,Sound Of Berlin 7,2010,Ministry Of Sound,3100721,7:22
"Ian Pooley, Tim Fuller",What  I Got,In Other Words,2008,Ministry Of Sound,3194960,5:35
"Ian Pooley, Robert Owens",Learn,In Other Words,2008,Ministry Of Sound,3194960,5:54
William Orbit,Unmixed,Odyssey,2010,Ministry Of Sound,3438247,61:56
William Orbit,Mixed,Odyssey,2010,Ministry Of Sound,3438247,70:04
Wretch 32,Breath (Sha La La),Black And White - The Album,2011,Ministry Of Sound,3473984,3:53
"Ginuwine, Timbaland, Missy Elliott",Get Involved (Club Mix),Get Involved,2010,Ministry Of Sound,4040313,
"Ginuwine, Timbaland, Missy Elliott",Get Involved (Adam F & Herve's Stadium Kaos Vocal Remix),Get Involved,2010,Ministry Of Sound,4208990,4:24
"Ginuwine, Timbaland, Missy Elliott",Get Involved (Adam F & Herve's Stadium Kaos Dub),Get Involved,2010,Ministry Of Sound,4208990,4:35
Snap!,Welcome To Tomorrow,The Power Greatest Hits - Condensed Album Sampler (Remixes),2009,Ministry Of Sound,4231385,2:26
Snap!,World In My Hands,The Power Greatest Hits - Condensed Album Sampler (Remixes),2009,Ministry Of Sound,4231385,2:12
Snap!,Rhythm Is A Dancer (U Can Feel It) (2009 Club Mix),The Power Greatest Hits - Condensed Album Sampler (Remixes),2009,Ministry Of Sound,4231385,2:13
Snap!,Rhythm Is Dancer (Armand Van Helden Remix),The Power Greatest Hits - Condensed Album Sampler (Remixes),2009,Ministry Of Sound,4231385,3:21
Snap!,Exterminate (Tom Novy Remix),The Power Greatest Hits - Condensed Album Sampler (Remixes),2009,Ministry Of Sound,4231385,2:55
Snap!,Welcome To Tomorrow (Tocadisco Remix),The Power Greatest Hits - Condensed Album Sampler (Remixes),2009,Ministry Of Sound,4231385,2:21
Snap!,Do You See The Light (Thomas Gold Remix),The Power Greatest Hits - Condensed Album Sampler (Remixes),2009,Ministry Of Sound,4231385,3:15
Snap!,The Cult Of SNAP! (Matrix & Futurebound Remix),The Power Greatest Hits - Condensed Album Sampler (Remixes),2009,Ministry Of Sound,4231385,2:47
Snap!,The First The Last Eternity (Till The End) (Bass Slammers Remix),The Power Greatest Hits - Condensed Album Sampler (Remixes),2009,Ministry Of Sound,4231385,3:01
Snap!,Exterminate (Michael Gray Remix),The Power Greatest Hits - Condensed Album Sampler (Remixes),2009,Ministry Of Sound,4231385,2:38
Snap!,Rhythm Is A Dancer (Jens Kindervater 09 Remix),The Power Greatest Hits - Condensed Album Sampler (Remixes),2009,Ministry Of Sound,4231385,3:42
Snap!,Megamix 2009,The Power Greatest Hits - Condensed Album Sampler (Remixes),2009,Ministry Of Sound,4231385,3:21
Adé,Change The World (X-Genetics Mix),Moments In House,2008,Ministry Of Sound,4642304,
Seven Grand Housing Authority,The Question (Terrence Parker's Original Version),Moments In House,2008,Ministry Of Sound,4642304,
Masters At Work,I Can't Get No Sleep (Ken Lou 12''),Moments In House,2008,Ministry Of Sound,4642304,
Yo Yo Honey,Groove On (DJ Pierre Dub),Moments In House,2008,Ministry Of Sound,4642304,
The Daou,Surrender Yourself (Ballroom Revisited),Moments In House,2008,Ministry Of Sound,4642304,
Lindy Layton,We Got The Love (Essential New Mix),Moments In House,2008,Ministry Of Sound,4642304,
The Aloof,Purity (Heller & Farley Mix),Moments In House,2008,Ministry Of Sound,4642304,
Freedom Williams,Voice Of Freedom,Moments In House,2008,Ministry Of Sound,4642304,
Glenn Underground,Future Shock (Real Space),Moments In House,2008,Ministry Of Sound,4642304,
The Good Men,Make Up Your Mind,Moments In House,2008,Ministry Of Sound,4642304,
X-Press 2,London Express (The Journey Continues),Moments In House,2008,Ministry Of Sound,4642304,
Mr. Monday,Future,Moments In House,2008,Ministry Of Sound,4642304,
Sagat,(Why Is It) Funk Dat,Moments In House,2008,Ministry Of Sound,4642304,
Martha Wash,Leave A Light On (The Basement Boys Remix),Moments In House,2008,Ministry Of Sound,4642304,
Key Tronics Ensemble,Calypso Of House (Tony Loreto Edit),Moments In House,2008,Ministry Of Sound,4642304,
Romanthony,Falling From Grace (Tony Humphries Mix),Moments In House,2008,Ministry Of Sound,4642304,
"Mozie B Project, LaTasha Spencer",Free (Tee's Freeze Mix),Moments In House,2008,Ministry Of Sound,4642304,
C + C Music Factory,I Found Love (C & C Club Mix),Moments In House,2008,Ministry Of Sound,4642304,
"Sublevel, Donnell Rush",Time To Celebrate (Original Demo Mix),Moments In House,2008,Ministry Of Sound,4642304,
"DJ Duke, Aries (9)",Moon Over Egypt,Moments In House,2008,Ministry Of Sound,4642304,
Althea McQueen,Changes (JK Edit),Moments In House,2008,Ministry Of Sound,4642304,
The Reese Project,"I Believe (Kevin's 12"" Vocal Mix)",Moments In House,2008,Ministry Of Sound,4642304,
Kamar,I Need You (Mad Vocal),Moments In House,2008,Ministry Of Sound,4642304,
"Romanthony, The Trojan Horse",Bring U Up (Alt Mix),Moments In House,2008,Ministry Of Sound,4642304,
"Kid Cudi, Crookers",Day 'N' Nite (Bimbo Jones Vocal Mix),Ministry Of Sound Presents The Remixes Vol 2,2009,Ministry Of Sound,7242609,8:11
Freaks,The Creeps (Get On The Dancefloor) (Micky Slim Remix),Ministry Of Sound Presents The Remixes Vol 2,2009,Ministry Of Sound,7242609,6:16
Nightcrawlers,Push The Feeling On (Kurtis Mantronik Remix),Ministry Of Sound Presents The Remixes Vol 2,2009,Ministry Of Sound,7242609,6:01
Eric Prydz,Pjanoo (Guy J Remix),Ministry Of Sound Presents The Remixes Vol 2,2009,Ministry Of Sound,7242609,7:43
Shinichi Osawa,Star Guitar (Japanese Popstars Remix),Ministry Of Sound Presents The Remixes Vol 2,2009,Ministry Of Sound,7242609,8:04
"Hervé, Plastic Little, Ny",Cheap Thrills (Armand Van Helden Remix),Ministry Of Sound Presents The Remixes Vol 2,2009,Ministry Of Sound,7242609,5:26
Kate Ryan,UR (My Love),Different,2009,Ministry Of Sound,7674265,3:46
Kate Ryan,In Your Eyes,Different,2009,Ministry Of Sound,7674265,3:10
Kate Ryan,Ne Baisse Pas La Tete,Different,2009,Ministry Of Sound,7674265,4:10
"David Morales, The Face (3), Juliet Roberts",Needin' U (Vocal Version),Cream - 15 Years,2008,Ministry Of Sound,8738522,2:54
Reel 2 Real,Jazz It Up (Erick 'More' Morillo Club Mix),Cream - 15 Years,2008,Ministry Of Sound,8738522,3:31
Pulse (3),The Lover That You Are (The Club Vocal Mix),Cream - 15 Years,2008,Ministry Of Sound,8738522,4:51
De'Lacy,Hideaway (Dubfire Needs To Score),Cream - 15 Years,2008,Ministry Of Sound,8738522,3:32
"Sol Brothers, Kathy Brown",Turn Me Out (Turn To Sugar),Cream - 15 Years,2008,Ministry Of Sound,8738522,4:57
X-Press 2,London Xpress,Cream - 15 Years,2008,Ministry Of Sound,8738522,3:27
Lil Mo' Yin Yang,Reach (Lil' More Mix),Cream - 15 Years,2008,Ministry Of Sound,8738522,2:46
Sam Ellis,Club Lonely (Luv Dup Remix),Cream - 15 Years,2008,Ministry Of Sound,8738522,4:57
Atlantic Ocean,"Waterfall (12"" Original Netherlands Mix)",Cream - 15 Years,2008,Ministry Of Sound,8738522,3:32
Subliminal Cuts,Le Voie Le Soleil,Cream - 15 Years,2008,Ministry Of Sound,8738522,2:58
Bump,I'm Rushin' (Martian Mix),Cream - 15 Years,2008,Ministry Of Sound,8738522,4:16
Cygnus X,The Orange Theme (Moonmans Mix),Cream - 15 Years,2008,Ministry Of Sound,8738522,4:43
Pulser,Cloudwalking,Cream - 15 Years,2008,Ministry Of Sound,8738522,3:40
Ambassador,The Fade,Cream - 15 Years,2008,Ministry Of Sound,8738522,3:54
"Darren Tate, Blue Amazon",The Other Love,Classic Euphoria Level 2,2006,Ministry Of Sound,8837362,
Li Kwan,Point Zero (Li Kwan 2004 Remake),Classic Euphoria Level 2,2006,Ministry Of Sound,8837362,
Chicane,Saltwater (Tomski Vs Disco Citizens Remix),Classic Euphoria Level 2,2006,Ministry Of Sound,8837362,
Tilt,I Dream (Tilt's Resurrection Mix),Classic Euphoria Level 2,2006,Ministry Of Sound,8837362,
Lost Tribe,Angel (Four Four Mix),Classic Euphoria Level 2,2006,Ministry Of Sound,8837362,
C.M.,Dream Universe (Tilt's Eastern Storm Mix),Classic Euphoria Level 2,2006,Ministry Of Sound,8837362,
"Riva, Dannii Minogue",Who Do You Love Now (Stringer) (Monoboy Remix),Classic Euphoria Level 2,2006,Ministry Of Sound,8837362,
"CRW, Veronika",Like A Cat (Tillmann Uhrmacher Remix),Classic Euphoria Level 2,2006,Ministry Of Sound,8837362,
The Lost Brothers,Cry Little Sister (I Need You Now) (Club Mix),Classic Euphoria Level 2,2006,Ministry Of Sound,8837362,
Des Mitchell,Welcome To The Dance (Part 2),Classic Euphoria Level 2,2006,Ministry Of Sound,8837362,
Lost Tribe,Under The Red Sea,Classic Euphoria Level 2,2006,Ministry Of Sound,8837362,
Stewart and Bradley James,The Wheat (The Theme From Gladiator),Classic Euphoria Level 2,2006,Ministry Of Sound,8837362,
Cass & Slide,Perception (Vocal Mix),Classic Euphoria Level 2,2006,Ministry Of Sound,8837362,
"Ruff Driverz, Arrola",Dreaming (Lange Remix),Classic Euphoria Level 2,2006,Ministry Of Sound,8837362,
Agnelli & Nelson,Hudson Street (New York Mix),Classic Euphoria Level 2,2006,Ministry Of Sound,8837362,
"Tillmann Uhrmacher, Peter Ries",Bass Fly,Classic Euphoria Level 2,2006,Ministry Of Sound,8837362,
Mansun,Wide Open Space (Perfecto Mix),Classic Euphoria Level 2,2006,Ministry Of Sound,8837362,
Age Of Love,Age Of Love (Jam & Spoon's Watch Out For Stella Mix),Classic Euphoria Level 2,2006,Ministry Of Sound,8837362,
Coyote,Spirits Dancing,Classic Euphoria Level 2,2006,Ministry Of Sound,8837362,
Solarstone,Seven Cities (Solar Stone's Atlantis Mix),Classic Euphoria Level 2,2006,Ministry Of Sound,8837362,
Pete Lazonby,Sacred Cycles,Classic Euphoria Level 2,2006,Ministry Of Sound,8837362,
JEC,We Can Be Like They Are (John '00' Fleming Remix),Classic Euphoria Level 2,2006,Ministry Of Sound,8837362,
Ozone (18),Xpand,Classic Euphoria Level 2,2006,Ministry Of Sound,8837362,
Sinéad O'Connor,Troy (Pheonix From The Flame) (Schiller Xtended Mix),Classic Euphoria Level 2,2006,Ministry Of Sound,8837362,
Breeder,Twilo Thunder (Stoked Up Mix),Classic Euphoria Level 2,2006,Ministry Of Sound,8837362,
Lasgo,Something (Mirco De Govia Remix),Classic Euphoria Level 2,2006,Ministry Of Sound,8837362,
DJ Sakin & Friends,Protect Your Mind (For The Love Of A Princess) (Lange Remix),Classic Euphoria Level 2,2006,Ministry Of Sound,8837362,
Sash!,Encore Un Fois (The Powerplant Toke On This Mix),Classic Euphoria Level 2,2006,Ministry Of Sound,8837362,
The Digital Blonde,Mooga (Mandrake Remix),Classic Euphoria Level 2,2006,Ministry Of Sound,8837362,
Synergy (6),Pacifier (Original Mix),Classic Euphoria Level 2,2006,Ministry Of Sound,8837362,
BT,Flaming June (BT And PVD Mix),Classic Euphoria Level 2,2006,Ministry Of Sound,8837362,
"Cloudkickers, Marcus Farrar",Bring On The Night (Rocco TroDeep Remix),Sizeism,2007,Ministry Of Sound,10324887,
Agoria,Les Violons Ivres,Sizeism,2007,Ministry Of Sound,10324887,
Pier Bucci,Hay Consuelo (Samim Remix),Sizeism,2007,Ministry Of Sound,10324887,
Oxia,Not Sure,Sizeism,2007,Ministry Of Sound,10324887,
Steve Angello & Sebastian Ingrosso,Yo Yo Kidz (FPU Remix),Sizeism,2007,Ministry Of Sound,10324887,
"Michel De Hey, Grooveyard",Compound (Peter Horrevorts Remix),Sizeism,2007,Ministry Of Sound,10324887,
Joris Voorn,The Deep,Sizeism,2007,Ministry Of Sound,10324887,
"Robyn, Kleerup",With Every Heartbeat (Steve Angello Mix),Sizeism,2007,Ministry Of Sound,10324887,
Julian Jeweil,Air Conditionne' (Original Mix),Sizeism,2007,Ministry Of Sound,10324887,
"Larry Heard, Chad White",The Sun Can't Compare,Sizeism,2007,Ministry Of Sound,10324887,
Gregor Tresher,A Thousand Nights (Part1),Sizeism,2007,Ministry Of Sound,10324887,
Steve Angello & Sebastian Ingrosso,Umbrella (Original Mix),Sizeism,2007,Ministry Of Sound,10324887,
Aril Brikha,Winter,Sizeism,2007,Ministry Of Sound,10324887,
Claude VonStroke,Who's Afraid Of Detroit (Original Mix),Sizeism,2007,Ministry Of Sound,10324887,
Nathan Fake,Dinamo (Dominik Eulberg Remix),Sizeism,2007,Ministry Of Sound,10324887,
"Hardwell, DJ Chuckie",Guess What,Sizeism,2007,Ministry Of Sound,10324887,
"Axwell, Steve Angello, Sebastian Ingrosso, Laidback Luke",Get Dumb (Mark Knights Dex Ray Dub),Sizeism,2007,Ministry Of Sound,10324887,
Pryda,Ironman,Sizeism,2007,Ministry Of Sound,10324887,
Gabriel Ananda,Trommelstunde,Sizeism,2007,Ministry Of Sound,10324887,
"Innersphere (2), Shinedoe",Phunk (Steve Angello Remix),Sizeism,2007,Ministry Of Sound,10324887,
Oxia,Domino,Sizeism,2007,Ministry Of Sound,10324887,
Gino's & Snake Plissken,Red Moon,Sizeism,2007,Ministry Of Sound,10324887,
Swoop (3),Black Market (Butch Remix),Sizeism,2007,Ministry Of Sound,10324887,
Nathan Fake,Outhouse (Valentino Kanzyani Remix),Sizeism,2007,Ministry Of Sound,10324887,
Who's Who?,Klack (Promo Version),Sizeism,2007,Ministry Of Sound,10324887,
Steve Angello,Trix (Promo Version),Sizeism,2007,Ministry Of Sound,10324887,
Wyclef Jean,Stayin' Alive,Revival,2010,Ministry Of Sound,11971730,
Gorillaz,Feel Good Inc.,Revival,2010,Ministry Of Sound,11971730,
Green Day,I Fought The Law,Revival,2010,Ministry Of Sound,11971730,
Bob Dylan,A Hard Rain's A Gonna Fall,Revival,2010,Ministry Of Sound,11971730,
Bebe,Smells Like Teen Spirit,Revival,2010,Ministry Of Sound,11971730,
Afriqué,Yele Daya (Football Crazy),Revival,2010,Ministry Of Sound,11971730,
Franz Ferdinand,The Dark Of The Matinee,Revival,2010,Ministry Of Sound,11971730,
KT Tunstall,Somebody To Love,Revival,2010,Ministry Of Sound,11971730,
"Coldplay, El Lele De Los Van Van",Clocks/Relojes,Revival,2010,Ministry Of Sound,11971730,
Shanade,Chain Of Fools,Revival,2010,Ministry Of Sound,11971730,
Augusto Enriquez,Under The Boardwalk,Revival,2010,Ministry Of Sound,11971730,
Zucchero,Baila,Revival,2010,Ministry Of Sound,11971730,
Enur,Calabria (Club Mix),Beck's Fusions,2008,Ministry Of Sound,12642224,
"Eddie Thoneick, Female Deejays, Chelonis R. Jones",If Only (Funkerman Remix),Beck's Fusions,2008,Ministry Of Sound,12642224,
"Blaze, Underground Dance Artists United For Life, Barbara Tucker",Most Precious Love (DF Future 3000 Mix),Beck's Fusions,2008,Ministry Of Sound,12642224,
M.A.N.D.Y. vs. Booka Shade,Body Language (Original Mix),Beck's Fusions,2008,Ministry Of Sound,12642224,
Hook n Sling,Green,Beck's Fusions,2008,Ministry Of Sound,12642224,
"Hook N Sling, Kid Kenobi",The Bump (Original Mix),Contains An Exclusive DJ Mix By Tommy Trash ,2007,Ministry Of Sound,13046448,
Milke,She Says (Dylan Rhymes Remix),Contains An Exclusive DJ Mix By Tommy Trash ,2007,Ministry Of Sound,13046448,
Poxy Music,She Bites (Lips Together) (Poxy & Goodwill Alexandria Remix),Contains An Exclusive DJ Mix By Tommy Trash ,2007,Ministry Of Sound,13046448,
Bedroom Walls,In Anticipation Of Your Suicide,All Good Dreamers Pass This Way,2008,Ministry Of Sound,17354008,
Bedroom Walls,Who's Been Driving Round For Days,All Good Dreamers Pass This Way,2008,Ministry Of Sound,17354008,
Bedroom Walls,Kathy In Her Bedroom,All Good Dreamers Pass This Way,2008,Ministry Of Sound,17354008,
Bedroom Walls,Six Weeks In The Imperial Gardens,All Good Dreamers Pass This Way,2008,Ministry Of Sound,17354008,
Bedroom Walls,Mandy,All Good Dreamers Pass This Way,2008,Ministry Of Sound,17354008,
Bedroom Walls,"Hello, Mrs. Jones",All Good Dreamers Pass This Way,2008,Ministry Of Sound,17354008,
Bedroom Walls,Somewhere In Newhall,All Good Dreamers Pass This Way,2008,Ministry Of Sound,17354008,
Bedroom Walls,Then The Narrator Smiles,All Good Dreamers Pass This Way,2008,Ministry Of Sound,17354008,
Bedroom Walls,Do The Buildings And Cops Make You Smile?,All Good Dreamers Pass This Way,2008,Ministry Of Sound,17354008,
Bedroom Walls,A Succession Of White Days,All Good Dreamers Pass This Way,2008,Ministry Of Sound,17354008,
Bedroom Walls,If The Storm Breaks And You're At Home,All Good Dreamers Pass This Way,2008,Ministry Of Sound,17354008,
Ali Love,Love Harder,Love Harder,2010,Ministry Of Sound,30607930,
Ali Love,Done The Dirty,Love Harder,2010,Ministry Of Sound,30607930,
Ali Love,Moscow Girl,Love Harder,2010,Ministry Of Sound,30607930,
Ali Love,Smoke & Mirrors,Love Harder,2010,Ministry Of Sound,30607930,
Ali Love,Show Me,Love Harder,2010,Ministry Of Sound,30607930,
Ali Love,Dark Star,Love Harder,2010,Ministry Of Sound,30607930,
Ali Love,Talk To Tokyo,Love Harder,2010,Ministry Of Sound,30607930,
Ali Love,Love N' Darkness,Love Harder,2010,Ministry Of Sound,30607930,
Ali Love,The Night,Love Harder,2010,Ministry Of Sound,30607930,
Les Rythmes Digitales,Jacques Your Body (Make Me Sweat) [Club Mix],Bitesize - Electro Beats,2009,Ministry Of Sound,33112077,6:25
Freaks,The Creeps (Get On The Dancefloor) [Micky Slim Dub Mix],Bitesize - Electro Beats,2009,Ministry Of Sound,33112077,6:16
"Les Rythmes Digitales, Freaks, Bart B More, Walter Phillips, Coburn",Bitesize - Electro Beats Mix,Bitesize - Electro Beats,2009,Ministry Of Sound,33112077,
Nemesi,Jurassico,Nu Balearica Promo Mix,2008,Ministry Of Sound,1478276,5:55
Hatchback,White Diamond (Prins Thomas Miks Del 1& 2),Nu Balearica Promo Mix,2008,Ministry Of Sound,1478276,5:03
Bogdan Irkük a.k.a. Bulgari,Space Reflecting On The Bosporos,Nu Balearica Promo Mix,2008,Ministry Of Sound,1478276,1:51
Bonar Bradberry,Beat The Bed,Nu Balearica Promo Mix,2008,Ministry Of Sound,1478276,5:11
Badly Drawn Boy,Promises (A Mountain Of One Version),Nu Balearica Promo Mix,2008,Ministry Of Sound,1478276,3:27
Cro-Magnon,Eclipse,Nu Balearica Promo Mix,2008,Ministry Of Sound,1478276,3:28
Dutch Rhythm Combo,"Bonaire (Al Usher 12"" Remix)",Nu Balearica Promo Mix,2008,Ministry Of Sound,1478276,5:29
Reverso 68,Piece Together (Part 2),Nu Balearica Promo Mix,2008,Ministry Of Sound,1478276,4:07
"Felix Dickinson, Toby Tobias, The Mythical Beasts",Magical Creatures,Nu Balearica Promo Mix,2008,Ministry Of Sound,1478276,4:33
Professor Genius,Across The Spree,Nu Balearica Promo Mix,2008,Ministry Of Sound,1478276,6:22
Blackbelt Andersen,Sirup,Nu Balearica Promo Mix,2008,Ministry Of Sound,1478276,4:16
Wallis Bird,Counting To Sleep (Reverso 68 Remix),Nu Balearica Promo Mix,2008,Ministry Of Sound,1478276,5:38
In Flagranti,Additional Alpha Blocker,Nu Balearica,2008,Ministry Of Sound,1416173,4:13
Antena,On The Boat (Rubber Room's Disco Devil Remix),Nu Balearica,2008,Ministry Of Sound,1416173,6:03
Sasse,Mount Juneau,Nu Balearica,2008,Ministry Of Sound,1416173,5:47
Studio (2),Life's A Beach! (Prins Thomas Remix),Nu Balearica,2008,Ministry Of Sound,1416173,4:12
Lullabies In The Dark,Code 7429,Nu Balearica,2008,Ministry Of Sound,1416173,4:07
Mock & Toof,Big Hands For A Lady,Nu Balearica,2008,Ministry Of Sound,1416173,5:59
DJ Disse,Spanish Reggae,Nu Balearica,2008,Ministry Of Sound,1416173,4:07
Tracey Thorn,Raise The Roof (Beyond The Wizard's Sleeve Re-Animation),Nu Balearica,2008,Ministry Of Sound,1416173,6:13
Mugwump,Boutade (Miseridub),Nu Balearica,2008,Ministry Of Sound,1416173,6:36
Lexx,Axis Shift,Nu Balearica,2008,Ministry Of Sound,1416173,6:30
Kuniyuki Takahashi,Flying Music,Nu Balearica,2008,Ministry Of Sound,1416173,6:00
Mudd,Speilplatz (Quiet Village Deep Space Remix),Nu Balearica,2008,Ministry Of Sound,1416173,4:34
Hot Coins,Norway Man,Nu Balearica,2008,Ministry Of Sound,1416173,5:45
Real Ones,Outlaw (Beyond The Wizard's Sleeve Re-Animation),Nu Balearica,2008,Ministry Of Sound,1416173,4:26
The Yellow Moon Band,Entangled,Nu Balearica,2008,Ministry Of Sound,1416173,2:07
Lindstrøm,The Contemporary Fix (Bjørn Torske Remix),Nu Balearica,2008,Ministry Of Sound,1416173,6:43
Diskjokke,Some Signs Are Good,Nu Balearica,2008,Ministry Of Sound,1416173,3:19
Bent,Donkeys In Heaven,Downloaded For Love,2011,Ministry Of Sound,4355425,4:25
Bent,Your Smile In My Eyes,Downloaded For Love,2011,Ministry Of Sound,4355425,3:19
Bent,Safety Net,Downloaded For Love,2011,Ministry Of Sound,4355425,3:44
Bent,Pussycats,Downloaded For Love,2011,Ministry Of Sound,4355425,4:39
Bent,Love Is In The Air,Downloaded For Love,2011,Ministry Of Sound,4355425,3:48
Bent,Beauty & The Beast,Downloaded For Love,2011,Ministry Of Sound,4355425,3:26
Bent,Bewitched As I Am,Downloaded For Love,2011,Ministry Of Sound,4355425,4:42
Bent,Gardening Time,Downloaded For Love,2011,Ministry Of Sound,4355425,3:16
Bent,Plaisir,Downloaded For Love,2011,Ministry Of Sound,4355425,3:37
Bent,The Boy Who,Downloaded For Love,2011,Ministry Of Sound,4355425,2:05
Jenn Cuneta,Come Rain Or Shine,Remix Heaven 2006 - Volume 01,2006,Ministry Of Sound,2078741,
Andy J (2),Tilt My Hat,Remix Heaven 2006 - Volume 01,2006,Ministry Of Sound,2078741,
"T-Funk (3), Inaya Day",The Glamorous Life (T-Funk Radio Edit),Remix Heaven 2006 - Volume 01,2006,Ministry Of Sound,2078741,
"Paris Avenue, Robin One",I Want You,Remix Heaven 2006 - Volume 01,2006,Ministry Of Sound,2078741,
Flat Pack,Sweet Child O' Mine (Mylo Radio Edit),Remix Heaven 2006 - Volume 01,2006,Ministry Of Sound,2078741,
The Boogie Pimps,The Music In Me,Remix Heaven 2006 - Volume 01,2006,Ministry Of Sound,2078741,
Nasty Tales,Come On-A My House (Big '60's Radio Edit),Remix Heaven 2006 - Volume 01,2006,Ministry Of Sound,2078741,
Global Deejays,The Sound Of San Francisco (Progressive Short Mix),Remix Heaven 2006 - Volume 01,2006,Ministry Of Sound,2078741,
Royal Gigolos,Somebody's Watching Me (Single 2005),Remix Heaven 2006 - Volume 01,2006,Ministry Of Sound,2078741,
Louie Austen,Heaven Is The Back Seat Of My Cadillac (Malente Remix),Remix Heaven 2006 - Volume 01,2006,Ministry Of Sound,2078741,
"The Chosen Few (2), Tears For Fears",Everybody Wants To Rule The World,Remix Heaven 2006 - Volume 01,2006,Ministry Of Sound,2078741,
Divided,Easy Lover,Remix Heaven 2006 - Volume 01,2006,Ministry Of Sound,2078741,
Club House,Speed Of Sound,Remix Heaven 2006 - Volume 01,2006,Ministry Of Sound,2078741,
Meck (2),Thunder In My Heart Again (Radio Edit),Remix Heaven 2006 - Volume 02,2006,Ministry Of Sound,2078565,
Alphaville,Forever Young (Hamel Album Mix),Remix Heaven 2006 - Volume 02,2006,Ministry Of Sound,2078565,
Beatfreakz,Somebody's Watching Me (Radio Edit),Remix Heaven 2006 - Volume 02,2006,Ministry Of Sound,2078565,
Supafly,Moving Too Fast (Radio Edit),Remix Heaven 2006 - Volume 02,2006,Ministry Of Sound,2078565,
Supermode,Tell Me Why (Radio Edit),Remix Heaven 2006 - Volume 02,2006,Ministry Of Sound,2078565,
Rogue Traders,Watching You (Original Radio Edit),Remix Heaven 2006 - Volume 02,2006,Ministry Of Sound,2078565,
"Dirty South (2), Evermore",Its Too Late (Dirty South Mix),Remix Heaven 2006 - Volume 02,2006,Ministry Of Sound,2078565,
"Mousse T., The Dandy Warhols",Horny As A Dandy (Mousse T.'s Nu Radio Mix),Remix Heaven 2006 - Volume 02,2006,Ministry Of Sound,2078565,
"Dannii Minogue, Soul Seekerz",Perfection (Radio Edit),Remix Heaven 2006 - Volume 02,2006,Ministry Of Sound,2078565,
Young Divas,This Time I Know It's For Real (Radio Version),Remix Heaven 2006 - Volume 02,2006,Ministry Of Sound,2078565,
"Sami Dee, Freddy Jones, Crystal Waters",Gypsy Woman 2006 (Da Big Room Radio Edit),Remix Heaven 2006 - Volume 02,2006,Ministry Of Sound,2078565,
Hi_Tack,Say Say Say (Waiting For You) (Radio Edit),Remix Heaven 2006 - Volume 02,2006,Ministry Of Sound,2078565,
Vandalism (2),Never Say Never (Original Radio Edit),Remix Heaven 2006 - Volume 02,2006,Ministry Of Sound,2078565,
"Eddie Thoneick, Kurd Maverick",Love Sensation (Eddie Thoneick's Sensation Radio Mix),Remix Heaven 2006 - Volume 02,2006,Ministry Of Sound,2078565,
Toby Neal,Do You Really (Want My Love?) (Radio Edit),Remix Heaven 2006 - Volume 02,2006,Ministry Of Sound,2078565,
Filterfunk,SOS (Message In A Bottle) (Hi_Tack Edit),Remix Heaven 2006 - Volume 02,2006,Ministry Of Sound,2078565,
"LMC, New Radicals",You Get What You Give (Radio Edit),Remix Heaven 2006 - Volume 02,2006,Ministry Of Sound,2078565,
Mind Electric,Dirty Cash (Money Talks) (Radio Edit),Remix Heaven 2006 - Volume 02,2006,Ministry Of Sound,2078565,
"Stafford Brothers, Peter Millwood",More Than A Feeling (Radio Edit),Remix Heaven 2006 - Volume 02,2006,Ministry Of Sound,2078565,
Ferry Corsten,Fire (Radio Edit),Remix Heaven 2006 - Volume 02,2006,Ministry Of Sound,2078565,
Carnival (2),Not Over Yet (Antillas Steel Drum Edit),Remix Heaven 2006 - Volume 02,2006,Ministry Of Sound,2078565,
Pitbull,I Know You Want Me (Calle Ocho) (Alex Gaudino &​ Jason Rooney Remix),Remix Heaven 2009,2009,Ministry Of Sound,14107473,
Black Eyed Peas,Boom Boom Guetta (David Guetta's Electro Hop Remix),Remix Heaven 2009,2009,Ministry Of Sound,14107473,
"Freemasons, Sophie Ellis-Bextor",Heartbreak (Make Me A Dancer) (Full Length Club Mix),Remix Heaven 2009,2009,Ministry Of Sound,14107473,
Cascada,Evacuate The Dancefloor (Wideboys Remix),Remix Heaven 2009,2009,Ministry Of Sound,14107473,
Lady Gaga,Love Game (Dave Aude Radio Edit),Remix Heaven 2009,2009,Ministry Of Sound,14107473,
Jessica Mauboy,Been Waiting (Champion Lovers Remix),Remix Heaven 2009,2009,Ministry Of Sound,14107473,
"Klaas, Haddaway",What Is Love 2K9 (Klaas Clubmix),Remix Heaven 2009,2009,Ministry Of Sound,14107473,
Orangez,I Gotta Feeling (Felix Grey Radio Edit),Remix Heaven 2009,2009,Ministry Of Sound,14107473,
The Pussycat Dolls,I Hate This Part (Digital Dog Remix - Club Edit),Remix Heaven 2009,2009,Ministry Of Sound,14107473,
Lily Allen,Not Fair (Di Angelis &​ Dobie 'Circus' Remix),Remix Heaven 2009,2009,Ministry Of Sound,14107473,
Rivendell (2),When Love Takes Over (House Nation Electro Radio Mix),Remix Heaven 2009,2009,Ministry Of Sound,14107473,
"Global Deejays, Rozalla",Everybody's Free (Klaas Radio Edit),Remix Heaven 2009,2009,Ministry Of Sound,14107473,
"House Daddiez, Dee James",Love Lockdown,Remix Heaven 2009,2009,Ministry Of Sound,14107473,
"Guru Josh Project, Mind Electric",Infinity 2008 (Club Mix),Remix Heaven 2009,2009,Ministry Of Sound,14107473,
"Sharam (2), Daniel Bedingfield",The One (Vocal Mix),Remix Heaven 2009,2009,Ministry Of Sound,14107473,
1plus1,Off The Wall (Enjoy Yourself) (Extended Mix),Remix Heaven 2009,2009,Ministry Of Sound,14107473,
"Sean Quinn, Gus Cullen",Getting Away With It (All Messed Up),Remix Heaven 2009,2009,Ministry Of Sound,14107473,
N.A.S.A. (4),Gifted (The Aston Shuffle Remix),Remix Heaven 2009,2009,Ministry Of Sound,14107473,
"Ruff Loaderz, Scott Giles, Baby D",Let Me Be Your Fantasy (Bart B More Remix),Remix Heaven 2009,2009,Ministry Of Sound,14107473,
Oliver Twizt,You're Not Alone (Mobin Master Remix),Remix Heaven 2009,2009,Ministry Of Sound,14107473,
"The Face (3), Mark Brown, Adam Shaw","Needin U (Original 12"" Mix)",Remix Heaven 2009,2009,Ministry Of Sound,14107473,
"Criss Sol, John Foster (6)","Every You, Every Me (Radio Edit)",Remix Heaven 2009,2009,Ministry Of Sound,14107473,
Hook N Sling,The Best Thing (2008),Remix Heaven 2009,2009,Ministry Of Sound,14107473,
Vincent Thomas,Feeling For You (Club Mix),Remix Heaven 2009,2009,Ministry Of Sound,14107473,
Rustler,Around The World (Extended Guitar Mix),Remix Heaven 2009,2009,Ministry Of Sound,14107473,
Mark Knight & Funkagenda,Good Times (Vocal Mix),Remix Heaven 2009,2009,Ministry Of Sound,14107473,
Cube Guys,Be Free (The Cube Guys Vocal Mix),Remix Heaven 2009,2009,Ministry Of Sound,14107473,
Kurd Maverick,Blue Monday,Remix Heaven 2009,2009,Ministry Of Sound,14107473,
"Katy Perry, Snoop Dogg",California Gurls (Manhattan Clique Radio Edit),Remix Heaven 2010,2010,Ministry Of Sound,14120432,
Dan Bălan,Chica Bomb,Remix Heaven 2010,2010,Ministry Of Sound,14120432,
The Potbelleez,Hello (Sneaker Fox Remix),Remix Heaven 2010,2010,Ministry Of Sound,14120432,
"Taio Cruz, Ludacris",Break Your Heart (Wideboys Radio Edit),Remix Heaven 2010,2010,Ministry Of Sound,14120432,
Lady Gaga,Alejandro (Bimbo Jones Radio Edit Remix),Remix Heaven 2010,2010,Ministry Of Sound,14120432,
Black Eyed Peas,Rock That Body (Chris Lake Remix),Remix Heaven 2010,2010,Ministry Of Sound,14120432,
Rihanna,Rude Boy (Low Sunday Radio Edit),Remix Heaven 2010,2010,Ministry Of Sound,14120432,
Kesha,TiK ToK (Tom Neville's Crunk & Med Mix),Remix Heaven 2010,2010,Ministry Of Sound,14120432,
Britney Spears,3 (Wolfgang Gartner Radio Edit),Remix Heaven 2010,2010,Ministry Of Sound,14120432,
Inna,Hot (Cahill Club Edit),Remix Heaven 2010,2010,Ministry Of Sound,14120432,
Other Ego,Love The Way You Lie (Amsterdam Cupcakes Remix),Remix Heaven 2010,2010,Ministry Of Sound,14120432,
"Meck (2), Dino Lenny",Feels Like A Prayer (Club Mix),Remix Heaven 2010,2010,Ministry Of Sound,14120432,
N-Finity,Getting Over You (Gordon & Doyle Electro - Gettin' Over Remix),Remix Heaven 2010,2010,Ministry Of Sound,14120432,
Edward Maya,Stereo Love (Dave Ramone Remix),Remix Heaven 2010,2010,Ministry Of Sound,14120432,
Jessica Mauboy,Up/Down (Nufirm Remix),Remix Heaven 2010,2010,Ministry Of Sound,14120432,
Où Est Le Swimming Pool,Dance The Way I Feel (Blue Eyed Remix),Remix Heaven 2010,2010,Ministry Of Sound,14120432,
"Analog People In A Digital World, Tim Deluxe, Sam Obernik",It Just Won't Do (Warren Clarke Remix),Remix Heaven 2010,2010,Ministry Of Sound,14120432,
"Richard ""Humpty"" Vission, Static Revenger, Luciana Caporaso",I Like That (Angger Dimas Remix),Remix Heaven 2010,2010,Ministry Of Sound,14120432,
"DJ Dee Kline, Tim Healey, Babe Ruth",The Mexican (Deekline & Tim Healy Remix),Remix Heaven 2010,2010,Ministry Of Sound,14120432,
Neon Stereo,I See You Baby (Vandalism Remix),Remix Heaven 2010,2010,Ministry Of Sound,14120432,
Will Reckless,Heaven Scent (Vandalism Remix),Remix Heaven 2010,2010,Ministry Of Sound,14120432,
Hitmeister D,Looking Out For Love,Remix Heaven 2010,2010,Ministry Of Sound,14120432,
Example,Changed The Way You Kiss Me (Steve Smart & Westfunk Remix),Remix Heaven 2011,2011,Ministry Of Sound,3787259,
Fresh,Louder (7th Heaven Remix),Remix Heaven 2011,2011,Ministry Of Sound,3787259,
Jason Born,Give Me Everything (Bbop & Rocksteadi Remix),Remix Heaven 2011,2011,Ministry Of Sound,3787259,
Lady Gaga,Born This Way (Bimbo Jones Radio Remix),Remix Heaven 2011,2011,Ministry Of Sound,3787259,
"Elen Levon, Israel Cruz",Naughty (Vandalism V8 Remix),Remix Heaven 2011,2011,Ministry Of Sound,3787259,
LMFAO,Shots,Remix Heaven 2011,2011,Ministry Of Sound,3787259,
Spankers,Everyone's A DJ (Paolo Ortelli Vs Degree Remix),Remix Heaven 2011,2011,Ministry Of Sound,3787259,
Jason Born,Don't Wanna Go Home (Gordon & Doyle Organ Remix),Remix Heaven 2011,2011,Ministry Of Sound,3787259,
Marvin Priest,Own This Club,Remix Heaven 2011,2011,Ministry Of Sound,3787259,
"Justice Crew, Flo Rida",Dance With Me,Remix Heaven 2011,2011,Ministry Of Sound,3787259,
Alexandra Stan,Mr Saxobeat,Remix Heaven 2011,2011,Ministry Of Sound,3787259,
E-Type,Back 2 Life (Ali Payami Remix),Remix Heaven 2011,2011,Ministry Of Sound,3787259,
Justin Shave,Change Your Heart,Remix Heaven 2011,2011,Ministry Of Sound,3787259,
Luciana Caporaso,I'm Still Hot (Dave Aude Remix),Remix Heaven 2011,2011,Ministry Of Sound,3787259,
Wynter Gordon,Till Death (Denzal Park Extended Remix),Remix Heaven 2011,2011,Ministry Of Sound,3787259,
"Syke 'n' Sugarstarr, Cosmo Klein",No Satisfaction,Remix Heaven 2011,2011,Ministry Of Sound,3787259,
"The Partysquad, When Harry Met Sally (2), Caprice (10)",For Your Love (Olav Basoski Remix),Remix Heaven 2011,2011,Ministry Of Sound,3787259,
Sgt. Slick,Thats What Love Is,Remix Heaven 2011,2011,Ministry Of Sound,3787259,
Mind Electric,The Night (Bombs Away Remix),Remix Heaven 2011,2011,Ministry Of Sound,3787259,
"Ian Carey, Snoop Dogg, Bobby Anthony",Last Night (Extended Mix),Remix Heaven 2011,2011,Ministry Of Sound,3787259,
"Coolio, Kylian Mash, Rico Bernasconi",Gangsta's Paradise 2010 (Bernasconi & Farenthide Remix),Remix Heaven 2011,2011,Ministry Of Sound,3787259,
Dane Rumble,Cruel (Silver Sneakerz Vocal Mix),Remix Heaven 2011,2011,Ministry Of Sound,3787259,
Luke Chable,I Still Haven't Found What I'm Looking For,Remix Heaven 2011,2011,Ministry Of Sound,3787259,
Flo Rida,Whistle (Jakob Lido Remix),Remix Heaven 2012 ,2012,Ministry Of Sound,13459917,3:33
Tuff Rider,Pound The Alarm (Red D3vils Remix),Remix Heaven 2012 ,2012,Ministry Of Sound,13459917,3:04
Rihanna,Where Have You Been (Hardwell Edit),Remix Heaven 2012 ,2012,Ministry Of Sound,13459917,3:39
"Maroon 5, Christina Aguilera",Moves Like Jagger (Soul Seekerz Radio Edit),Remix Heaven 2012 ,2012,Ministry Of Sound,13459917,3:17
"Lil' Jon, LMFAO",Drink (Lazy Jay Remix),Remix Heaven 2012 ,2012,Ministry Of Sound,13459917,3:15
Love Junkeez,How We Do (Party) (Wings & Rider Remix),Remix Heaven 2012 ,2012,Ministry Of Sound,13459917,4:08
Elen Levon,Dancing To The Same Song (Oskar Remix),Remix Heaven 2012 ,2012,Ministry Of Sound,13459917,3:15
"Fun., Janelle Monáe",We Are Young (Alvin Risk Remix),Remix Heaven 2012 ,2012,Ministry Of Sound,13459917,4:00
"Alyssa Reid, Jump Smokers",Alone Again,Remix Heaven 2012 ,2012,Ministry Of Sound,13459917,3:45
Monster Party (3),Good Time (Wings & Rider Remix),Remix Heaven 2012 ,2012,Ministry Of Sound,13459917,4:00
"RLP, Barbara Tucker",R.E.S.P.E.C.T.,Remix Heaven 2012 ,2012,Ministry Of Sound,13459917,2:34
"La La Land, Тимати, Timbaland, Grooya",Not All About The Money,Remix Heaven 2012 ,2012,Ministry Of Sound,13459917,2:45
Sound Blasterz,This Is Love (Wings & Rider Remix),Remix Heaven 2012 ,2012,Ministry Of Sound,13459917,3:39
Lana Del Rey,National Anthem (Westfunk & Steve Smart Remix),Remix Heaven 2012 ,2012,Ministry Of Sound,13459917,2:30
"R.I.O, U-Jean",Animal,Remix Heaven 2012 ,2012,Ministry Of Sound,13459917,4:32
"Gotye, Kimbra",Somebody That I Used To Know (4FRNT Remix),Remix Heaven 2012 ,2012,Ministry Of Sound,13459917,5:13
"Elton John, Pnau",Good Morning To The Night (Cahill Re-Rub),Remix Heaven 2012 ,2012,Ministry Of Sound,13459917,4:49
"Afrojack, Shermanology",Can't Stop (Tiësto Remix),Remix Heaven 2012 ,2012,Ministry Of Sound,13459917,2:44
Eva Simons,I Don't Like You (Nicky Romero Remix),Remix Heaven 2012 ,2012,Ministry Of Sound,13459917,5:35
Fragma,Toca's Miracle (Inpetto 2012 Update),Remix Heaven 2012 ,2012,Ministry Of Sound,13459917,4:38
LMFAO,Sorry For Party Rocking (R3hab Remix),Remix Heaven 2012 ,2012,Ministry Of Sound,13459917,5:14
"Vandalism (2), iKid",Coming Alive (Interceptor Mix),Remix Heaven 2012 ,2012,Ministry Of Sound,13459917,3:20
DubVision,All By Myself,Remix Heaven 2012 ,2012,Ministry Of Sound,13459917,2:49
Cedric Gervais,Molly (Danny Howard Remix),Remix Heaven 2012 ,2012,Ministry Of Sound,13459917,2:30
Justin Bieber,Boyfriend (Dada Life Radio Edit),Remix Heaven 2012 ,2012,Ministry Of Sound,13459917,3:15
Black Legend,You See The Trouble With Me (Krunk Remix),Remix Heaven 2012 ,2012,Ministry Of Sound,13459917,3:30
Hot Flush,Sweet Harlem,Remix Heaven 2012 ,2012,Ministry Of Sound,13459917,2:35
D*Note,Shed My Skin (Laurent Wéry Remix),Remix Heaven 2012 ,2012,Ministry Of Sound,13459917,4:10
Laura LaRue,Un Deux Trois (Laidback Luke Remix),Remix Heaven 2012 ,2012,Ministry Of Sound,13459917,3:59
Showtek,Fuck The System,Fuck The System,2010,Ministry Of Sound,6734986,5:27
"Showtek, MC Stretch",Beats Of Life,Fuck The System,2010,Ministry Of Sound,6734986,7:02
Dutch Master,Million Miles Away,Fuck The System,2010,Ministry Of Sound,6734986,7:24
"DJ Isaac, Wildstylez",Lost In Music,Fuck The System,2010,Ministry Of Sound,6734986,3:29
Scaler,Spectral,Fuck The System,2010,Ministry Of Sound,6734986,5:39
Marcel Woods,The Bottle (Showtek Remix),Fuck The System,2010,Ministry Of Sound,6734986,6:02
Showtek,F-Track,Fuck The System,2010,Ministry Of Sound,6734986,7:37
DJ Zany,Pure (Brennan Heart Remix),Fuck The System,2010,Ministry Of Sound,6734986,5:58
"Nitrouz, Toneshifterz",Tha BiDniZ,Fuck The System,2010,Ministry Of Sound,6734986,5:29
Brennan Heart,Till U Believe It,Fuck The System,2010,Ministry Of Sound,6734986,3:11
Hardstyle Masterz,Les Phases,Fuck The System,2010,Ministry Of Sound,6734986,5:37
"Lisa Lashes, BRK3",F33L,Fuck The System,2010,Ministry Of Sound,6734986,6:39
System F,Out Of The Blue (Showtek Remix),Fuck The System,2010,Ministry Of Sound,6734986,6:49
Projekt.Tek,Odd Ball,Fuck The System,2010,Ministry Of Sound,6734986,7:10
Technoboy,We Need Protection,Fuck The System,2010,Ministry Of Sound,6734986,6:52
"Showtek, MC DV8",Electronic Stereophonic,Fuck The System,2010,Ministry Of Sound,6734986,5:16
Wildstylez,In & Out,Fuck The System,2010,Ministry Of Sound,6734986,5:48
Twilight Forces,Leg Die Drum Ein,Fuck The System,2010,Ministry Of Sound,6734986,5:56
Max Enforcer,Gold,Fuck The System,2010,Ministry Of Sound,6734986,5:26
Ivan Carsten,The Vision,Fuck The System,2010,Ministry Of Sound,6734986,4:31
Abyss & Judge,Hardstyle Preacher,Fuck The System,2010,Ministry Of Sound,6734986,5:25
DJ Zany,Psychedelic Trip,Fuck The System,2010,Ministry Of Sound,6734986,3:10
Pradera,Call On You,Fuck The System,2010,Ministry Of Sound,6734986,6:13
"Toneshifterz, Nitrouz",Origins Of Life,Fuck The System,2010,Ministry Of Sound,6734986,1:58
A-Lusion,Veritas (DJ Zany Remix),Fuck The System,2010,Ministry Of Sound,6734986,5:22
Showtek,Fuck The System - Mix 1 (Continuous DJ Mix),Fuck The System,2010,Ministry Of Sound,6734986,76:24
Showtek,Fuck The System - Mix 2 (Continuous DJ Mix),Fuck The System,2010,Ministry Of Sound,6734986,66:41
King Amir,Samir's Theme (Madskillz Miami Bass Remix),Not Another Mixtape,2009,Ministry Of Sound,5276118,
"Sharam Tayebi, Kid Cudi",She Came Along (Doorly Remix),Not Another Mixtape,2009,Ministry Of Sound,5276118,
Martin Solveig,C'est La Vie (The Bloody Beetroots Remix),Not Another Mixtape,2009,Ministry Of Sound,5276118,
"Laidback Luke, Steve Angello, Robin S.",Show Me Love (Afrojack Remix),Not Another Mixtape,2009,Ministry Of Sound,5276118,
Gathania,Blame It On You (Sidechains Remix),Not Another Mixtape,2009,Ministry Of Sound,5276118,
"Steve Miller Band, Gauzz",Abracadabra (Round 'N' Round) (Boy 8-Bit Remix),Not Another Mixtape,2009,Ministry Of Sound,5276118,
Frontier (10),Change The World (Pirate Soundsystem Remix),Not Another Mixtape,2009,Ministry Of Sound,5276118,
Platnum (3),Trippin' (Redline X-Ray Remix),Not Another Mixtape,2009,Ministry Of Sound,5276118,
"Green Valvet, Walter Phillips",Shake And Pop,Not Another Mixtape,2009,Ministry Of Sound,5276118,
"Jukey (2), Sway",The Way We Go (Hervé's Remix),Not Another Mixtape,2009,Ministry Of Sound,5276118,
"Lazee, Neverstore",Hold On (Matrix & Futurebound's Reincarnation Mix),Not Another Mixtape,2009,Ministry Of Sound,5276118,
Example,Watch The Sun Come Up (Blame Remix),Not Another Mixtape,2009,Ministry Of Sound,5276118,
Trafik,Neoteric Suite (Live Edit),Not Another Mixtape,2009,Ministry Of Sound,5276118,
Trafik,Get Down,Not Another Mixtape,2009,Ministry Of Sound,5276118,
Trafik,Precog,Not Another Mixtape,2009,Ministry Of Sound,5276118,
Trafik,Ascension,Not Another Mixtape,2009,Ministry Of Sound,5276118,
Anil Chawla & Dale Anderson,Jazzy Good Times,Not Another Mixtape,2009,Ministry Of Sound,5276118,
Anil Chawla & Dale Anderson,The Mash,Not Another Mixtape,2009,Ministry Of Sound,5276118,
"Paul Thomas (2), Funkagenda, PTFA",Gornal (Original Upper Mix),Not Another Mixtape,2009,Ministry Of Sound,5276118,
Jiro Vega,Salina Cruz (Edit),Not Another Mixtape,2009,Ministry Of Sound,5276118,
Rouge Audio,Help Me To Help You (Instrumental),Not Another Mixtape,2009,Ministry Of Sound,5276118,
Anil Chawla & Dale Anderson,Leftorium (Ambient Edit),Not Another Mixtape,2009,Ministry Of Sound,5276118,
Steve Lawler,Viva Intro Part 1,Viva,2006,Ministry Of Sound,841508,
Chelonis R. Jones,Deer In The Headlights (Lawler Edit),Viva,2006,Ministry Of Sound,841508,
Vibe Dealers,Vibe Di Laine,Viva,2006,Ministry Of Sound,841508,
Livio & Roby,Break (Lawler Edit),Viva,2006,Ministry Of Sound,841508,
Oliver Huntemann,50.1,Viva,2006,Ministry Of Sound,841508,
David Lara,My Definition Of D (Digital Zoo Mix),Viva,2006,Ministry Of Sound,841508,
Ceramix,Don't Stop (Lawler Edit),Viva,2006,Ministry Of Sound,841508,
Pete Heller,Simpler (Lawler Edit),Viva,2006,Ministry Of Sound,841508,
Mark Knight & Martijn ten Velden,Acid Test,Viva,2006,Ministry Of Sound,841508,
Audiofly,Inside The Beat (DJ Remo Mix),Viva,2006,Ministry Of Sound,841508,
Alex Dolby,Smokin Mountain,Viva,2006,Ministry Of Sound,841508,
Dark Globe,Break My World (Swain No Vox Mix),Viva,2006,Ministry Of Sound,841508,
Steve Lawler,Viva Intro Part 2,Viva,2006,Ministry Of Sound,841508,
Anthony Collins,Amanda,Viva,2006,Ministry Of Sound,841508,
Jamie Jones (2),Amazon,Viva,2006,Ministry Of Sound,841508,
Ekkohaus,Down With The Boys (Original Mix),Viva,2006,Ministry Of Sound,841508,
Desktop Prostitutes,Average,Viva,2006,Ministry Of Sound,841508,
Saschco,Feelo,Viva,2006,Ministry Of Sound,841508,
Tom Parris,Play On (Original Mix) (Lawler Edit),Viva,2006,Ministry Of Sound,841508,
Marc O'Tool,Pink Is The New Black,Viva,2006,Ministry Of Sound,841508,
Lk-Pro,Romper Stomper,Viva,2006,Ministry Of Sound,841508,
M.A.N.D.Y.,Jah (Jona Mix),Viva,2006,Ministry Of Sound,841508,
Trick & Kubic,Easy (Misc Mix),Viva,2006,Ministry Of Sound,841508,
Mic-Line,Call Me Later (Psycho Radio Mix) (Lawler's Dub Edit),Viva,2006,Ministry Of Sound,841508,
Lindstrøm,I Feel Space (Tomba Spezial Space - Tiefschwarzturntablerockeredit),Viva,2006,Ministry Of Sound,841508,
Steve Lawler,Viva Intro Part 3,Viva,2006,Ministry Of Sound,841508,
Mike Shannon,Bathing In Microwaves,Viva,2006,Ministry Of Sound,841508,
Closer Musik,One Two Three (No Gravity) (Ewan Pearson 2004 Remix) (Steve Lawler Edit),Viva,2006,Ministry Of Sound,841508,
Métrika,Time (Original Mix),Viva,2006,Ministry Of Sound,841508,
Mint (5),Life In Widescreen,Viva,2006,Ministry Of Sound,841508,
Subside,Home To An Empty House,Viva,2006,Ministry Of Sound,841508,
Lostep,Theme From A Fairytale,Viva,2006,Ministry Of Sound,841508,
Circlesquare,You Missed The Fireworks,Viva,2006,Ministry Of Sound,841508,
Circlesquare,Flight Sounds Part 3,Viva,2006,Ministry Of Sound,841508,
Circlesquare,Flight Sounds Part 1,Viva,2006,Ministry Of Sound,841508,
Marc O'Tool,Der 13. Track,Viva,2006,Ministry Of Sound,841508,
Headset,Dunno,Viva,2006,Ministry Of Sound,841508,
Master Margherita,El Assouar,Viva,2006,Ministry Of Sound,841508,
Vigo Monroe,Theme 2045 (Original Mix),Viva,2006,Ministry Of Sound,841508,
The Professionist,0007 Mistery Theme (Original Mix),Viva,2006,Ministry Of Sound,841508,
Max Sedgley,Celebrity (Part 1),Viva,2006,Ministry Of Sound,841508,
Billy Dalessandro,The Interview,Viva,2006,Ministry Of Sound,841508,
Tube-Tech,The End (Kopfhorer Chillout Mix),Viva,2006,Ministry Of Sound,841508,
"Darius Syrossian, Mundyke",Caspian Man (Paul Woolford's String Theory Remix),We Love Space 08,2008,Ministry Of Sound,1392045,10:51
Didier Sinclair,Lovely Flight,We Love Space 08,2008,Ministry Of Sound,1392045,4:31
Sui Generis,Remarkable,We Love Space 08,2008,Ministry Of Sound,1392045,2:05
Paul Woolford,Utopia,We Love Space 08,2008,Ministry Of Sound,1392045,7:31
Rocha & Lewinger,Eco Doppler,We Love Space 08,2008,Ministry Of Sound,1392045,2:00
John Tejada,Labyrinth,We Love Space 08,2008,Ministry Of Sound,1392045,4:01
51 Days,Tracktion,We Love Space 08,2008,Ministry Of Sound,1392045,7:05
Paul Woolford,Bring The Noid,We Love Space 08,2008,Ministry Of Sound,1392045,6:32
Matt John,Olga Dancekowski (Audion's Paradise Café Remix),We Love Space 08,2008,Ministry Of Sound,1392045,7:02
Chymera,Hundulu (Soul Designer Remix),We Love Space 08,2008,Ministry Of Sound,1392045,6:23
Francesco Tristano,The Melody (Carl Craig's Beatless Remix),We Love Space 08,2008,Ministry Of Sound,1392045,0:32
"Marcus Worgull, Chad White",Spellbound (Acappella),We Love Space 08,2008,Ministry Of Sound,1392045,5:20
Africanism,"""Edony"" Clap Your Hands",We Love Space 08,2008,Ministry Of Sound,1392045,5:46
Brothers' Vibe,Bongoso,We Love Space 08,2008,Ministry Of Sound,1392045,5:34
Ramirez,Hablando (Original Accordeon Mix),We Love Space 08,2008,Ministry Of Sound,1392045,5:22
Mathias Kaden,Swahili,We Love Space 08,2008,Ministry Of Sound,1392045,5:36
Scott Grooves,The Journey,We Love Space 08,2008,Ministry Of Sound,1392045,7:40
"Henrik Schwarz, Amampondo",I Exist Because Of You (Henrik Schwarz Live Version),We Love Space 08,2008,Ministry Of Sound,1392045,6:32
"Eric Kupper, K-Scope (2)",Deepest Desire,We Love Space 08,2008,Ministry Of Sound,1392045,6:43
Kreon & Lemos,Lookooshere,We Love Space 08,2008,Ministry Of Sound,1392045,6:16
Solution,Feels So Right (96 Edit),We Love Space 08,2008,Ministry Of Sound,1392045,5:53
Layo & Bushwacka!,Things Change,We Love Space 08,2008,Ministry Of Sound,1392045,6:31
Robyn,Indestructible (A-Trak Remix),Vicious Cuts 2011,2011,Ministry Of Sound,15437083,
"Martin Solveig, Dragonette",Hello (Dada Life Remix),Vicious Cuts 2011,2011,Ministry Of Sound,15437083,
Deadmau5,Sofi Needs A Ladder (Radio Edit),Vicious Cuts 2011,2011,Ministry Of Sound,15437083,
"Vandalism (2), Static Revenger",Vegas (Vandalism vs. Angger Dimas Mashup),Vicious Cuts 2011,2011,Ministry Of Sound,15437083,
"DJ Chuckie, Gregori Klosman",Mutfaka (Original Mix),Vicious Cuts 2011,2011,Ministry Of Sound,15437083,
Dan Castro,Eastern Ensemble (Original Mix),Vicious Cuts 2011,2011,Ministry Of Sound,15437083,
Mason,Runaway (Original Mix),Vicious Cuts 2011,2011,Ministry Of Sound,15437083,
"Static Revenger, Angger Dimas",Long Time 2010 (LAZRtag Mashup),Vicious Cuts 2011,2011,Ministry Of Sound,15437083,
Afrojack,Replica (Original Mix),Vicious Cuts 2011,2011,Ministry Of Sound,15437083,
"Vandalism (2), Angger Dimas",She Got It (Acapella),Vicious Cuts 2011,2011,Ministry Of Sound,15437083,
Laidback Luke,Timebomb (Swanky Tunes Remix),Vicious Cuts 2011,2011,Ministry Of Sound,15437083,
"The Cut (3), Mind Electric",Louder (Original Mix),Vicious Cuts 2011,2011,Ministry Of Sound,15437083,
"Angger Dimas, Tommy Trash",Big Ucking House (Original Mix),Vicious Cuts 2011,2011,Ministry Of Sound,15437083,
Tai Jason,Rockin The Set (Gianni Marino Remix),Vicious Cuts 2011,2011,Ministry Of Sound,15437083,
Tom Staar,Klear (Original Mix),Vicious Cuts 2011,2011,Ministry Of Sound,15437083,
Nicky Romero,Growl (Original Mix),Vicious Cuts 2011,2011,Ministry Of Sound,15437083,
Angger Dimas,Are You Ready (Mahesa Utara Remix),Vicious Cuts 2011,2011,Ministry Of Sound,15437083,
"Steve Aoki, Sidney Samson",Wake Up Call (Original Mix),Vicious Cuts 2011,2011,Ministry Of Sound,15437083,
Lazrtag,Red Vs Blue (Original Mix),Vicious Cuts 2011,2011,Ministry Of Sound,15437083,
Butterbox (2),Cups (Peking Duk Remix),Vicious Cuts 2011,2011,Ministry Of Sound,15437083,
"Ian Carey, Snoop Dogg, Bobby Anthony",Last Night (Original Edit),Vicious Cuts 2011,2011,Ministry Of Sound,15437083,
Ian Carey,Hoodrat Stuff (Original Mix),Vicious Cuts 2011,2011,Ministry Of Sound,15437083,
Avicii,Street Dancer (Original Mix),Vicious Cuts 2011,2011,Ministry Of Sound,15437083,
"René Amesz, Baggi Begovic",Smells Like Teen Spirit (Original),Vicious Cuts 2011,2011,Ministry Of Sound,15437083,
Dimitri Vegas & Like Mike,Dope Demand (Original Mix),Vicious Cuts 2011,2011,Ministry Of Sound,15437083,
Dimitri Vegas & Like Mike,Under The Water (Sneaker Fox Remix),Vicious Cuts 2011,2011,Ministry Of Sound,15437083,
"Axwell, Errol Reid",Nothing But Love (Axwell Vs. Daddy's Groove Remix),Vicious Cuts 2011,2011,Ministry Of Sound,15437083,
Alex Gaudino,I'm In Love (I Wanna Do It) (Neon Stereo Mix),Vicious Cuts 2011,2011,Ministry Of Sound,15437083,
"Afrojack, Eva Simons",Take Over Control (Ian Carey Remix),Vicious Cuts 2011,2011,Ministry Of Sound,15437083,
Miami Horror,Holidays (Dcup Remix),Vicious Cuts 2011,2011,Ministry Of Sound,15437083,
Russ Yallop,Rock Me (Original Mix),Vicious Cuts 2011,2011,Ministry Of Sound,15437083,
Itch-E & Scratch-E,Back To The Jack (Mr Ho Remix),Vicious Cuts 2011,2011,Ministry Of Sound,15437083,
"Copyright, Imaani",Nobody (Main Mix),Vicious Cuts 2011,2011,Ministry Of Sound,15437083,
Basto!,Gregory's Theme (Extended Mix),Vicious Cuts 2011,2011,Ministry Of Sound,15437083,
Fancybeat,Fat &​ Slap (Original Mix),Vicious Cuts 2011,2011,Ministry Of Sound,15437083,
Milton Jackson,Breath (Roy Rosenfeld Remix),Vicious Cuts 2011,2011,Ministry Of Sound,15437083,
"Steve Hart (10), Melinda Appleby",Change (Chardy Remix),Vicious Cuts 2011,2011,Ministry Of Sound,15437083,
"Freemasons, Wynter Gordon",Believer (Club Mix),Vicious Cuts 2011,2011,Ministry Of Sound,15437083,
Will Reckless,Ma Ma Alle (Slappin Plastic Mix),Vicious Cuts 2011,2011,Ministry Of Sound,15437083,
Luc Ringeisen,Les Trobonnes Du Caire,Thinking Out Loud Asia Presents Shanghai - Attica,2008,Ministry Of Sound,15795451,5:08
Kamisshake,Dark Beat (Deadmau5 Vocal Remix),Thinking Out Loud Asia Presents Shanghai - Attica,2008,Ministry Of Sound,15795451,3:35
Matthias Heilbronn,Jungle In The City,Thinking Out Loud Asia Presents Shanghai - Attica,2008,Ministry Of Sound,15795451,6:24
4Tune 500,You Gotta Believe (Dub),Thinking Out Loud Asia Presents Shanghai - Attica,2008,Ministry Of Sound,15795451,5:22
Gabriel Ananda,Doppelwhipper (Rocco Branco & Tobias Becker Rmx),Thinking Out Loud Asia Presents Shanghai - Attica,2008,Ministry Of Sound,15795451,8:26
"Martin Eyerer, Stephan Hinz",Tucan (Nic Fanciulli Rmx),Thinking Out Loud Asia Presents Shanghai - Attica,2008,Ministry Of Sound,15795451,6:04
"Jürgen Paape, Boy Schaufler",We Love,Thinking Out Loud Asia Presents Shanghai - Attica,2008,Ministry Of Sound,15795451,4:48
Patrick Lindsey,Wanton Mood,Thinking Out Loud Asia Presents Shanghai - Attica,2008,Ministry Of Sound,15795451,4:59
Josh Wink,Thick As Thieves,Thinking Out Loud Asia Presents Shanghai - Attica,2008,Ministry Of Sound,15795451,9:20
Shenoda,True,Thinking Out Loud Asia Presents Shanghai - Attica,2008,Ministry Of Sound,15795451,5:58
"Milton Jackson, Sei A",Glasgow Kiss,Thinking Out Loud Asia Presents Shanghai - Attica,2008,Ministry Of Sound,15795451,7:03
Andy Cato,Cosmic Force (Francois Dubois Rmx),Thinking Out Loud Asia Presents Shanghai - Attica,2008,Ministry Of Sound,15795451,6:33
"Rob Pearson, Robert Owens",Escape From The Madness (Timewriter Rmx),Thinking Out Loud Asia Presents Shanghai - Attica,2008,Ministry Of Sound,15795451,6:17
Cozzy D,Cheese Dreams (Original Extra Mature Mix),Thinking Out Loud Asia Presents Shanghai - Attica,2008,Ministry Of Sound,15795451,6:32
Three Drives,Greece 2000 (Matt Samuels Rmx),Thinking Out Loud Asia Presents Shanghai - Attica,2008,Ministry Of Sound,15795451,6:42
Spektre,Myst,Thinking Out Loud Asia Presents Shanghai - Attica,2008,Ministry Of Sound,15795451,9:04
Rob Mooney,Toothpick,Thinking Out Loud Asia Presents Shanghai - Attica,2008,Ministry Of Sound,15795451,6:47
Peter Jürgens,Love It,Thinking Out Loud Asia Presents Shanghai - Attica,2008,Ministry Of Sound,15795451,6:10
Nick Muir,G Platz (Pig & Dan Rmx),Thinking Out Loud Asia Presents Shanghai - Attica,2008,Ministry Of Sound,15795451,5:43
Trick & Kubic,Trip (Club Mix),Thinking Out Loud Asia Presents Shanghai - Attica,2008,Ministry Of Sound,15795451,5:40
"Simone Giudici, Place (2)",Freemove (Ursin & Benew Rmx),Thinking Out Loud Asia Presents Shanghai - Attica,2008,Ministry Of Sound,15795451,5:40
Thievery Corporation,Sol Tapado,Sinners Lounge (The Latin Sessions),2006,Ministry Of Sound Recordings,784069,3:58
Astrud Gilberto,Who Needs Forever? (Thievery Corporation Remix),Sinners Lounge (The Latin Sessions),2006,Ministry Of Sound Recordings,784069,4:12
Pauline London,Vibraçao,Sinners Lounge (The Latin Sessions),2006,Ministry Of Sound Recordings,784069,5:08
"CR Project, Leila Pantel",Energia,Sinners Lounge (The Latin Sessions),2006,Ministry Of Sound Recordings,784069,5:46
Ian Pooley,Me Leve,Sinners Lounge (The Latin Sessions),2006,Ministry Of Sound Recordings,784069,6:28
Turntablerocker,No Melody (Trüby Trio Treatment),Sinners Lounge (The Latin Sessions),2006,Ministry Of Sound Recordings,784069,6:02
Koop,Summer Sun (Markus Enochson Remix),Sinners Lounge (The Latin Sessions),2006,Ministry Of Sound Recordings,784069,5:08
Intuit,Crianca Das Ondas,Sinners Lounge (The Latin Sessions),2006,Ministry Of Sound Recordings,784069,6:36
Jardin Botanico,Papaver Orientale,Sinners Lounge (The Latin Sessions),2006,Ministry Of Sound Recordings,784069,4:12
Room Service,Coast To Coast,Sinners Lounge (The Latin Sessions),2006,Ministry Of Sound Recordings,784069,5:28
Panaman (2),South Of Order,Sinners Lounge (The Latin Sessions),2006,Ministry Of Sound Recordings,784069,3:53
Nicola Conte,Bossa Per Due,Sinners Lounge (The Latin Sessions),2006,Ministry Of Sound Recordings,784069,5:52
Jazzamor,Sai Das Trevas,Sinners Lounge (The Latin Sessions),2006,Ministry Of Sound Recordings,784069,3:02
Boozoo Bajou,Under My Sensi (Thievery Corporation Mix),Sinners Lounge (The Latin Sessions),2006,Ministry Of Sound Recordings,784069,4:22
Mo' Horizons,Como E O Ar (Easy Rhodes Remix),Sinners Lounge (The Latin Sessions),2006,Ministry Of Sound Recordings,784069,5:21
Audio Lotion,Lagoa,Sinners Lounge (The Latin Sessions),2006,Ministry Of Sound Recordings,784069,6:02
S-Tone Inc.,Entre O Ceus E A Terra,Sinners Lounge (The Latin Sessions),2006,Ministry Of Sound Recordings,784069,3:33
The Funky Lowlives,Saturn Return,Sinners Lounge (The Latin Sessions),2006,Ministry Of Sound Recordings,784069,5:55
Rosalia De Souza,Maria Moita,Sinners Lounge (The Latin Sessions),2006,Ministry Of Sound Recordings,784069,5:09
FragmentOrchestra,Sambita,Sinners Lounge (The Latin Sessions),2006,Ministry Of Sound Recordings,784069,6:23
The Dining Rooms,La Città Nuda (Soulpatrol Afrolicious Mix),Sinners Lounge (The Latin Sessions),2006,Ministry Of Sound Recordings,784069,6:32
Dos Dynamicos!,A Night At The Tropicana,Sinners Lounge (The Latin Sessions),2006,Ministry Of Sound Recordings,784069,4:49
Dublex Inc.,Tocame,Sinners Lounge (The Latin Sessions),2006,Ministry Of Sound Recordings,784069,3:28
Trio Elétrico,Return Of The Coconut Groove (Raw Deal Remix),Sinners Lounge (The Latin Sessions),2006,Ministry Of Sound Recordings,784069,4:42
Kate The Cat,I Was Made For Lovin' You (Made In Brazil),Sinners Lounge (The Latin Sessions),2006,Ministry Of Sound Recordings,784069,3:42
Paco Fernandez,Sal Y Sol,Sinners Lounge (The Latin Sessions),2006,Ministry Of Sound Recordings,784069,6:53
"Axwell, Steve Edwards",Watch The Sunrise (Axwell Re-Mode),Space Annual #1 (UnMixed DJ Format),2006,Ministry Of Sound Recordings,904046,7:50
Deux,Xpand,Space Annual #1 (UnMixed DJ Format),2006,Ministry Of Sound Recordings,904046,7:40
A Studio,S.O.S (M Factor Remix),Space Annual #1 (UnMixed DJ Format),2006,Ministry Of Sound Recordings,904046,7:45
Fonzerelli,Moonlight Party (Original Mix),Space Annual #1 (UnMixed DJ Format),2006,Ministry Of Sound Recordings,904046,6:57
Pete Heller,Simpler,Space Annual #1 (UnMixed DJ Format),2006,Ministry Of Sound Recordings,904046,7:50
Thomas Schumacher,High On You,Space Annual #1 (UnMixed DJ Format),2006,Ministry Of Sound Recordings,904046,7:15
John Dahlbäck,Ooh Oh I E (Sebo K Remix),Space Annual #1 (UnMixed DJ Format),2006,Ministry Of Sound Recordings,904046,7:35
Gabriel Ananda,Doppelwhipper (Live),Space Annual #1 (UnMixed DJ Format),2006,Ministry Of Sound Recordings,904046,6:57
The Knife,We Share Our Mother's Health (Trentemoller Remix),Space Annual #1 (UnMixed DJ Format),2006,Ministry Of Sound Recordings,904046,7:40
"Henrik Schwarz, Dixon, Âme, Derrick Carter",Where We At,Space Annual #1 (UnMixed DJ Format),2006,Ministry Of Sound Recordings,904046,7:15
Rita Ora,Facemelt,ORA,2012,Ministry Of Sound Recordings,3834788,1:32
Rita Ora,Roc' The Life,ORA,2012,Ministry Of Sound Recordings,3834788,4:01
"Rita Ora, Tinie Tempah",R.I.P.,ORA,2012,Ministry Of Sound Recordings,3834788,3:48
Rita Ora,Radioactive,ORA,2012,Ministry Of Sound Recordings,3834788,4:11
Rita Ora,Shine Ya Light,ORA,2012,Ministry Of Sound Recordings,3834788,3:30
Rita Ora,Love And War,ORA,2012,Ministry Of Sound Recordings,3834788,3:35
Rita Ora,Uneasy,ORA,2012,Ministry Of Sound Recordings,3834788,3:02
"Rita Ora, Will I Am",Fall In Love,ORA,2012,Ministry Of Sound Recordings,3834788,4:13
Rita Ora,Been Lying,ORA,2012,Ministry Of Sound Recordings,3834788,3:44
Rita Ora,"Hello, Hi, Goodbye",ORA,2012,Ministry Of Sound Recordings,3834788,3:58
Rita Ora,Roc The Life,ORA,2012,Ministry Of Sound Recordings,4091492,4:01
"Rita Ora, J. Cole",Love And War,ORA,2012,Ministry Of Sound Recordings,4091492,3:35
Rita Ora,How We Do [Party] (Acoustic),ORA,2012,Ministry Of Sound Recordings,8076539,4:20
Rita Ora,How We Do (Papercha$er Radio Mix),ORA,2012,Ministry Of Sound Recordings,8076539,3:55
"Rita Ora, Tinie Tempah",R.I.P. (Delta Heavy Dubstep Remix),ORA,2012,Ministry Of Sound Recordings,8076539,4:15
Simply Red,Something Got Me Started,Redder (Greatest Hits Collection),2008,Ministry Of Sound Recordings,12560549,
Simply Red,Stars,Redder (Greatest Hits Collection),2008,Ministry Of Sound Recordings,12560549,
Simply Red,Wonderland,Redder (Greatest Hits Collection),2008,Ministry Of Sound Recordings,12560549,
Simply Red,Thrill Me,Redder (Greatest Hits Collection),2008,Ministry Of Sound Recordings,12560549,
Simply Red,The Air That I Breathe,Redder (Greatest Hits Collection),2008,Ministry Of Sound Recordings,12560549,
Simply Red,So Not Over You,Redder (Greatest Hits Collection),2008,Ministry Of Sound Recordings,12560549,
Simply Red,So Beautiful,Redder (Greatest Hits Collection),2008,Ministry Of Sound Recordings,12560549,
Simply Red,For Your Babies,Redder (Greatest Hits Collection),2008,Ministry Of Sound Recordings,12560549,
Simply Red,Holding Back The Years,Redder (Greatest Hits Collection),2008,Ministry Of Sound Recordings,12560549,
Simply Red,Lady Godiva's Room,Redder (Greatest Hits Collection),2008,Ministry Of Sound Recordings,12560549,
Simply Red,Fairground,Redder (Greatest Hits Collection),2008,Ministry Of Sound Recordings,12560549,
Simply Red,Angel,Redder (Greatest Hits Collection),2008,Ministry Of Sound Recordings,12560549,
Simply Red,Never Never Love,Redder (Greatest Hits Collection),2008,Ministry Of Sound Recordings,12560549,
Simply Red,If You Don't Know Me By Now,Redder (Greatest Hits Collection),2008,Ministry Of Sound Recordings,12560549,
"Alex Gaudino, Shena",Watch Out (Radio Edit),The Mixer - The First Videomix,2008,Ministry Of Sound Recordings,30531871,
Out Of Office,Hands Up (Radio Edit),The Mixer - The First Videomix,2008,Ministry Of Sound Recordings,30531871,
Funkerman,Speed Up (Radio Mix),The Mixer - The First Videomix,2008,Ministry Of Sound Recordings,30531871,
"Ian Oliver, Shantel",Bucovina (Markus Gardeweg Remix),The Mixer - The First Videomix,2008,Ministry Of Sound Recordings,30531871,
Samim (2),Heater (Radio Edit),The Mixer - The First Videomix,2008,Ministry Of Sound Recordings,30531871,
"Bob Sinclar, Steve Edwards",Together (Teo Moss & Fredelux Remix),The Mixer - The First Videomix,2008,Ministry Of Sound Recordings,30531871,
Freaks,The Creeps (Get On The Dancefloor Mix) (Thomas Gold Remix),The Mixer - The First Videomix,2008,Ministry Of Sound Recordings,30531871,
Uniting Nations,Do It Yourself (Go Out And Get It) (Groove Cutter Remix),The Mixer - The First Videomix,2008,Ministry Of Sound Recordings,30531871,
"T2 (5), Jodie Aysha",Heartbroken (Wawa Edit),The Mixer - The First Videomix,2008,Ministry Of Sound Recordings,30531871,
DJ Jean,The Launch Reloaded (Radio Edit),The Mixer - The First Videomix,2008,Ministry Of Sound Recordings,30531871,
"Ida Corr, Fedde Le Grand",Let Me Think About It (MBK Radio Edit),The Mixer - The First Videomix,2008,Ministry Of Sound Recordings,30531871,
Activ (2),Under My Skin (Radio Edit),The Mixer - The First Videomix,2008,Ministry Of Sound Recordings,30531871,
"Tom Boxer, Anca Parghel, Fly Project",Brasil (Tom Boxer Original Mix),The Mixer - The First Videomix,2008,Ministry Of Sound Recordings,30531871,
"Crush (3), Alexandra Ungureanu",Hello (DJ Andi Remix),The Mixer - The First Videomix,2008,Ministry Of Sound Recordings,30531871,
"Zero (40), Marius Moga",Come This Way (AK Remix),The Mixer - The First Videomix,2008,Ministry Of Sound Recordings,30531871,
"Se:Sa, Sharon Phillips",Like This Like That (Padman & Navajo Remix),The Mixer - The First Videomix,2008,Ministry Of Sound Recordings,30531871,
September,Until I Die,The Mixer - The First Videomix,2008,Ministry Of Sound Recordings,30531871,
Fly Project,Tasha (Radio Edit),The Mixer - The First Videomix,2008,Ministry Of Sound Recordings,30531871,
Gummibär,Jag År En Gummibjorn (Swedish Version),I'm Your Gummybear - The Album,2007,Ministry Of Sound Recordings,32566248,3:13
Gummibär,Touch Me (Gummy Bear),I'm Your Gummybear - The Album,2007,Ministry Of Sound Recordings,32566248,3:19
Gummibär,Don't Do That,I'm Your Gummybear - The Album,2007,Ministry Of Sound Recordings,32566248,3:04
Gummibär,Le Mambo Du Decalco,I'm Your Gummybear - The Album,2007,Ministry Of Sound Recordings,32566248,3:26
Gummibär,I Am A Gummy Bear (The Gummy Bear Song),I'm Your Gummybear - The Album,2007,Ministry Of Sound Recordings,32566248,3:12
Gummibär,Itt Van A Gummimaci (The Gummy Bear Song) Hungarian,I'm Your Gummybear - The Album,2007,Ministry Of Sound Recordings,32566248,3:10
Goleo VI,Intro Bamboo,Presents His 2006 FIFA World Cup™ Hits,2006,Ministry Of Sound Recordings,7085099,0:22
"Goleo VI, Pachanga",Hip Hop Hooray 06,Presents His 2006 FIFA World Cup™ Hits,2006,Ministry Of Sound Recordings,7085099,3:30
Goleo VI,All Together Now (Strong Together),Presents His 2006 FIFA World Cup™ Hits,2006,Ministry Of Sound Recordings,7085099,3:10
Goleo VI,Bamboo (Goleo VI's 2006 FIFA World Cup Dance™ Mix),Presents His 2006 FIFA World Cup™ Hits,2006,Ministry Of Sound Recordings,7085099,3:10
Goleo VI,Bamboo Trailer,Presents His 2006 FIFA World Cup™ Hits,2006,Ministry Of Sound Recordings,7085099,0:19
Goleo VI,Excl. Bamboo FIFA Video,Presents His 2006 FIFA World Cup™ Hits,2006,Ministry Of Sound Recordings,7085099,3:10
Goleo VI,Bamboo (Goleo VI's 2006 FIFA World Cup™ Dance Mix),Presents His 2006 FIFA World Cup™ Hits,2006,Ministry Of Sound Recordings,2383387,3:10
Bent,Swollen (Francois K Vocal Mix) [Edit],Best Of (Remixes),2011,Ministry Of Sound Recordings,5387801,7:10
Bent,Comin' Back (Reverso 68 Dub),Best Of (Remixes),2011,Ministry Of Sound Recordings,5387801,7:14
Bent,Leavin' Me (Pilooski Mix),Best Of (Remixes),2011,Ministry Of Sound Recordings,5387801,5:32
Bent,Waiting For You (Nightmoves Mix),Best Of (Remixes),2011,Ministry Of Sound Recordings,5387801,7:54
Bent,Non Perrier,Best Of (Remixes),2011,Ministry Of Sound Recordings,5387801,2:46
Bent,Exercise 6,Best Of (Remixes),2011,Ministry Of Sound Recordings,5387801,4:45
Bent,To Be Loved (Soulchild Mix),Best Of (Remixes),2011,Ministry Of Sound Recordings,5387801,7:18
Bent,Far Behind,Best Of (Remixes),2011,Ministry Of Sound Recordings,5387801,6:55
Bent,Harlequin Bitch,Best Of (Remixes),2011,Ministry Of Sound Recordings,5387801,3:23
Bent,Bone Idol,Best Of (Remixes),2011,Ministry Of Sound Recordings,5387801,5:07
Bent,Comin' Back (Serge Santiágo Dub),Best Of (Remixes),2011,Ministry Of Sound Recordings,5387801,7:32
